fy,sheet,row,code,account_code,list_no,seq,ward_col,work_name,project_cost_rs,provision_rs,prabhag_list,prabhag_nums,n_prabhag,prabhag_primary,prabhag_sub,ward_col_num,ward_col_sub
2016-17,CapitalListA,2487,CE20E101/F1-1,CE20E101,F1,1,,"पुणे शहरातील पावसाळी पाण्याच्या व्यवस्थापनासाठी नाला सुधारणा कामे, कल्व्हर्टस व पावसाळी लाईन टाकणे (पथ)",,20500000.0,[],[],0,,,,
2016-17,CapitalListA,2490,CE20E101/F1-2,CE20E101,F1,2,,नाला विकसित करणे,,245202000.0,[],[],0,,,,
2016-17,CapitalListA,2491,CE20E101/F1-3,CE20E101,F1,3,,कल्व्हर्ट बांधणे,,91293000.0,[],[],0,,,,
2016-17,CapitalListA,2492,CE20E101/F1-4,CE20E101,F1,4,,पावसाळी लाईन टाकणे,,136010000.0,[],[],0,,,,
2016-17,CapitalListA,2493,CE20E101/F1-5,CE20E101,F1,5,,"प्रकल्प व्यवस्थापन करणे, सल्लागार फी व तद्‌नुषंगिक कामे",,6995000.0,[],[],0,,,,
2016-17,CapitalListA,2522,CE20E101/SF1-1,CE20E101,SF1,1,1,प्रभाग क्र. १ ब (धानोरी) मधील विविध ठिकाणी पावसाळी लाईन टाकणे,,2000000.0,"[(1, 'ब')]",[1],1,1.0,ब,1.0,
2016-17,CapitalListA,2523,CE20E101/SF1-2,CE20E101,SF1,2,3,प्रभाग क्र. ३ ब मधील विविध ठिकाणी पावसाळी लाईन टाकणे,,2000000.0,"[(3, 'ब')]",[3],1,3.0,ब,3.0,
2016-17,CapitalListA,2524,CE20E101/SF1-3,CE20E101,SF1,3,4,"प्रभाग क्र. ४अ, मधील विविध ठिक़ाणी पावसाळी लाईन टाकणे.",,2000000.0,"[(4, 'अ')]",[4],1,4.0,अ,4.0,
2016-17,CapitalListA,2525,CE20E101/SF1-4,CE20E101,SF1,4,7,प्र.क्र.७अ मध्ये विविध ठिकाणी पावसाळी लाईन टाकणे व पावसाळी चेंबर्सची दुरुस्ती करणे.,,2500000.0,"[(7, 'अ')]",[7],1,7.0,अ,7.0,
2016-17,CapitalListA,2526,CE20E101/SF1-5,CE20E101,SF1,5,7,"प्रभाग क्र. ७ ब मध्ये कोटकर लेन , एकतानगर पावसाळी लाईन टाकणे",,1000000.0,"[(7, 'ब')]",[7],1,7.0,ब,7.0,
2016-17,CapitalListA,2527,CE20E101/SF1-6,CE20E101,SF1,6,9,"प्रभाग क्र.९ब, बाणेर अॅन्जोर सोसायटी येथे पावसाळी लाईन टाकणे",,2000000.0,"[(9, 'ब')]",[9],1,9.0,ब,9.0,
2016-17,CapitalListA,2528,CE20E101/SF1-7,CE20E101,SF1,7,10,प्रभाग क्र.१० अ सुतारवाडी सुसरोड भागामध्ये विविध ठिकाणी पावसाळी लाईन टाकणे,,1000000.0,"[(10, 'अ')]",[10],1,10.0,अ,10.0,
2016-17,CapitalListA,2529,CE20E101/SF1-8,CE20E101,SF1,8,12,प्रभाग क्र. १२ ब मध्ये फिरोदिया लेन मागील बाजूस पावसाळी लार्इन टाकणे,,1000000.0,"[(12, 'ब')]",[12],1,12.0,ब,12.0,
2016-17,CapitalListA,2530,CE20E101/SF1-9,CE20E101,SF1,9,13,प्रभाग क्र. १३ ब मध्ये विविध ठिकाणी पावसाळी लाईन टाकणे,,3000000.0,"[(13, 'ब')]",[13],1,13.0,ब,13.0,
2016-17,CapitalListA,2531,CE20E101/SF1-10,CE20E101,SF1,10,17,प्रभाग क्र १७ अ मधील विविध ठिकाणी पावसाळी लाईन टाकणे,,1000000.0,"[(17, 'अ')]",[17],1,17.0,अ,17.0,
2016-17,CapitalListA,2532,CE20E101/SF1-11,CE20E101,SF1,11,18,प्र.क्र.१८अ मध्ये विविध ठिकाणी पावसाळी लाईन टाकणे.,,1000000.0,"[(18, 'अ')]",[18],1,18.0,अ,18.0,
2016-17,CapitalListA,2533,CE20E101/SF1-12,CE20E101,SF1,12,22,प्र.क्र. २२अ मध्ये विविध ठिकाणी पावसाळी लाईन खराब झालेले दुरूस्ती करणे व तदनुषंगीक कामे करणे.,,1500000.0,"[(22, 'अ')]",[22],1,22.0,अ,22.0,
2016-17,CapitalListA,2534,CE20E101/SF1-13,CE20E101,SF1,13,22,प्रभाग क्र.२२ ब मध्ये पत्राचाळ येथे लेन क्र.१ च्या अलीकडून ते लेन क्र.१५ पर्यंतच्या मुख्य रस्त्यावर विविध ठिकाणी पावसाळी लाईन टाकणे व मुख्य नाल्यास जोडणे,,1500000.0,"[(22, 'ब')]",[22],1,22.0,ब,22.0,
2016-17,CapitalListA,2535,CE20E101/SF1-14,CE20E101,SF1,14,24,प्र.क्र. २४ अ मध्ये विविध ठिकाणी पावसाळी लाईन टाकणे.,,1000000.0,"[(24, 'अ')]",[24],1,24.0,अ,24.0,
2016-17,CapitalListA,2536,CE20E101/SF1-15,CE20E101,SF1,15,26,प्रभाग क्र. २६ अ मध्ये झोपडपट्टीमध्ये विविध ठिकाणच्या पावसाळी लाईन बदलणे,,1500000.0,"[(26, 'अ')]",[26],1,26.0,अ,26.0,
2016-17,CapitalListA,2537,CE20E101/SF1-16,CE20E101,SF1,16,26,प्रभाग क्र. २६ ब मधील विविध ठिकाणी मोठया व्यासाच्या पावसाळी लाईन टाकणे,,3000000.0,"[(26, 'ब')]",[26],1,26.0,ब,26.0,
2016-17,CapitalListA,2538,CE20E101/SF1-17,CE20E101,SF1,17,27,प्रभाग क्र. २७ अ मध्ये जयभवानीनगर येथे पावसाळी गटर लाईन टाकणे,,2000000.0,"[(27, 'अ')]",[27],1,27.0,अ,27.0,
2016-17,CapitalListA,2539,CE20E101/SF1-18,CE20E101,SF1,18,29,प्रभाग क्र. २९ अ मध्ये भुसारी कॉलनी येथे विविध ठिकाणी पावसाळी लाईन टाकणे,,2500000.0,"[(29, 'अ')]",[29],1,29.0,अ,29.0,
2016-17,CapitalListA,2540,CE20E101/SF1-19,CE20E101,SF1,19,29,प्रभाग क्र. २९ अ मध्ये बावधन येथे विविध ठिकाणी पावसाळी लाईन टाकणे,,2500000.0,"[(29, 'अ')]",[29],1,29.0,अ,29.0,
2016-17,CapitalListA,2541,CE20E101/SF1-20,CE20E101,SF1,20,29,प्रभाग क्र. २९ ब मध्ये पावसाळी लार्इन विकसित करणे,,2500000.0,"[(29, 'ब')]",[29],1,29.0,ब,29.0,
2016-17,CapitalListA,2542,CE20E101/SF1-21,CE20E101,SF1,21,30,प्रभाग क्र.३० अ मध्ये विविध ठिकाणी पावसाळी लाईन टाकणे.,,1500000.0,"[(30, 'अ')]",[30],1,30.0,अ,30.0,
2016-17,CapitalListA,2543,CE20E101/SF1-22,CE20E101,SF1,22,32,प्रभाग क्र.३२ अ मध्ये पावसाळी लाईन दुरूस्त करणे व चेंबर वर उचलून घेणे,,1000000.0,"[(32, 'अ')]",[32],1,32.0,अ,32.0,
2016-17,CapitalListA,2544,CE20E101/SF1-23,CE20E101,SF1,23,32,प्रभाग क्र. ३२ ब मध्ये पावसाळी लार्इन व चेंबरची साफसफार्इ करणे,,1000000.0,"[(32, 'ब')]",[32],1,32.0,ब,32.0,
2016-17,CapitalListA,2545,CE20E101/SF1-24,CE20E101,SF1,24,33,प्रभाग क्र. ३३ अ स्वराली सोसायटी ते तेजस हॉल पावसाळी लाईन करणे,,2000000.0,"[(33, 'अ')]",[33],1,33.0,अ,33.0,
2016-17,CapitalListA,2546,CE20E101/SF1-25,CE20E101,SF1,25,33,प्रभाग क्र. ३३ अ श्रीराम पार्क परिसर येथे पावसाळी लाईन करणे,,2000000.0,"[(33, 'अ')]",[33],1,33.0,अ,33.0,
2016-17,CapitalListA,2547,CE20E101/SF1-26,CE20E101,SF1,26,33,प्रभाग क्र. ३३ अ गणंजय सोसायटी येथे पावसाळी लाईन करणे,,2000000.0,"[(33, 'अ')]",[33],1,33.0,अ,33.0,
2016-17,CapitalListA,2548,CE20E101/SF1-27,CE20E101,SF1,27,35,"प्रभाग क्र.३५ अ गोमती, शरयु, राधानंद, सोसा. येथे पावसाळी लार्इन टाकणे",,1000000.0,"[(35, 'अ')]",[35],1,35.0,अ,35.0,
2016-17,CapitalListA,2549,CE20E101/SF1-28,CE20E101,SF1,28,35,प्रभाग क्र.३५ अ विविध ठिकाणी पावसाळी लार्इन टाकणे,,1000000.0,"[(35, 'अ')]",[35],1,35.0,अ,35.0,
2016-17,CapitalListA,2550,CE20E101/SF1-29,CE20E101,SF1,29,36,प्रभाग क्र.३६ ब मध्ये भोंडे कॉलनी येथे पावसाळी लार्इन टाकणे,,1000000.0,"[(36, 'ब')]",[36],1,36.0,ब,36.0,
2016-17,CapitalListA,2551,CE20E101/SF1-30,CE20E101,SF1,30,37,"प्रभाग क्र.३७ ब केळकर रस्ता, माणकेशवर विष्णु चौक ते अप्पा बळवंत चौक रस्त्यावर पावसाळी गटारे करणे",,5000000.0,"[(37, 'ब')]",[37],1,37.0,ब,37.0,
2016-17,CapitalListA,2552,CE20E101/SF1-31,CE20E101,SF1,31,39,प्रभाग क्र.३९ अ मध्ये ३११ रास्ता पेठ ते ३२३ रास्ता पेठ लक्ष्मी सुगंधालय येथे पावसाळी लाईन टाकणे.,,1000000.0,"[(39, 'अ')]",[39],1,39.0,अ,39.0,
2016-17,CapitalListA,2553,CE20E101/SF1-32,CE20E101,SF1,32,39,प्र.क्र. ३९ ब मध्ये के.ई.एम. हॉस्पिटल ते जिवा महाले चौक मुख्य रस्त्यावर पावसाळी लाईन टाकणे व तदनुषंगीक कामे करणे.,,2000000.0,"[(39, 'ब')]",[39],1,39.0,ब,39.0,
2016-17,CapitalListA,2554,CE20E101/SF1-33,CE20E101,SF1,33,39,प्र.क्र. ३९ ब मध्ये रास्ते वाडा चौक ते क्रांतिवीर नानासाहेब पाटील चौक सोमवार पेठ पावसाळी लाईन टाकणे व तदनुषंगीक कामे करणे.,,2000000.0,"[(39, 'ब')]",[39],1,39.0,ब,39.0,
2016-17,CapitalListA,2555,CE20E101/SF1-34,CE20E101,SF1,34,40,प्रभाग क्र. ४० अ मध्ये ४३३ जुनी जिल्हा परिषद ते नरपतगीरी चौक पावसाळी लाईन टाकणे व तदनुषंगीक कामे करणे,,2000000.0,"[(40, 'अ')]",[40],1,40.0,अ,40.0,
2016-17,CapitalListA,2556,CE20E101/SF1-35,CE20E101,SF1,35,40,प्रभाग क्र. ४० अ मध्ये विविध ठिकाणी पावसाळी लाईन साफ करणे,,1000000.0,"[(40, 'अ')]",[40],1,40.0,अ,40.0,
2016-17,CapitalListA,2557,CE20E101/SF1-36,CE20E101,SF1,36,40,प्रभाग क्र.४० ब मध्ये रमेश फर्निचर ते वाय.एम.सी.ए. पर्यत पावसाळी लाईन टाकणे.,,2000000.0,"[(40, 'ब')]",[40],1,40.0,ब,40.0,
2016-17,CapitalListA,2558,CE20E101/SF1-37,CE20E101,SF1,37,40,प्रभाग क्र.४० ब मध्ये पॉवर हाऊस ते कादरभाई चौक पावसाळी लाईन टाकणे.,,1000000.0,"[(40, 'ब')]",[40],1,40.0,ब,40.0,
2016-17,CapitalListA,2559,CE20E101/SF1-38,CE20E101,SF1,38,41,प्रभाग क्र.४१ अ विविध ठिकाणी पावसाळी लाईन टाकणे,,2000000.0,"[(41, 'अ')]",[41],1,41.0,अ,41.0,
2016-17,CapitalListA,2560,CE20E101/SF1-39,CE20E101,SF1,39,42,प्रभाग क्र. ४२ अ मध्ये गरूड वस्ती मध्ये पावसाळी लाईन टाकणे,,2000000.0,"[(42, 'अ')]",[42],1,42.0,अ,42.0,
2016-17,CapitalListA,2561,CE20E101/SF1-40,CE20E101,SF1,40,43,प्रभाग क्र. ४३ अ मध्ये पंधरा नंबर सावंताच्या घरापासून पावसाळी लाईन विकसित करणे,,1000000.0,"[(43, 'अ')]",[43],1,43.0,अ,43.0,
2016-17,CapitalListA,2562,CE20E101/SF1-41,CE20E101,SF1,41,46,प्रभाग क्र. ४६ अ रामटेकडी येथील पावसाळी लाईन दुरुस्ती करणे व चेंबर साफ करणे,,1000000.0,"[(46, 'अ')]",[46],1,46.0,अ,46.0,
2016-17,CapitalListA,2563,CE20E101/SF1-42,CE20E101,SF1,42,47,प्रभाग क्र. ४७ ब विविध ठिकाणी पावसाळी लाईन टाकणे.,,1500000.0,"[(47, 'ब')]",[47],1,47.0,ब,47.0,
2016-17,CapitalListA,2564,CE20E101/SF1-43,CE20E101,SF1,43,48,प्रभाग क्र. ४८ अ मध्ये विविध ठिकाणी पावसाळी लाईन टाकणे,,3000000.0,"[(48, 'अ')]",[48],1,48.0,अ,48.0,
2016-17,CapitalListA,2565,CE20E101/SF1-44,CE20E101,SF1,44,48,प्रभाग क्र. ४८ ब मध्ये विविध ठिकाणी पावसाळी लाईन टाकणे,,1000000.0,"[(48, 'ब')]",[48],1,48.0,ब,48.0,
2016-17,CapitalListA,2566,CE20E101/SF1-45,CE20E101,SF1,45,49,प्रभाग क्र.४९ अ मध्ये विविध ठिकाणी पावसाळी लाईन टाकणे.,,3000000.0,"[(49, 'अ')]",[49],1,49.0,अ,49.0,
2016-17,CapitalListA,2567,CE20E101/SF1-46,CE20E101,SF1,46,50,प्रभाग क्र. ५० अ मध्ये शुक्रवार पेठ शिंदे आळी चौक ते उमरदंड चौक या ठिकाणी पावसाळी लार्इन टाकणे,,1000000.0,"[(50, 'अ')]",[50],1,50.0,अ,50.0,
2016-17,CapitalListA,2568,CE20E101/SF1-47,CE20E101,SF1,47,50,प्रभाग क्र. ५० अ मध्ये बुधवार पेठ परिसरात पावसाळी लार्इन टाकणे,,1000000.0,"[(50, 'अ')]",[50],1,50.0,अ,50.0,
2016-17,CapitalListA,2569,CE20E101/SF1-48,CE20E101,SF1,48,50,प्रभाग क्र. ५० अ मध्ये सदाशिव पेठ काटे बाग गल्ली या ठिकाणी पावसाळी लार्इन टाकणे,,500000.0,"[(50, 'अ')]",[50],1,50.0,अ,50.0,
2016-17,CapitalListA,2570,CE20E101/SF1-49,CE20E101,SF1,49,50,"प्रभाग क्र. ५० अ मध्ये सदाशिव पेठ नागनाथ पार, रिध्दी सिध्दी गणपती ते लज्जत हॉटेल या ठिकाणी पावसाळी लार्इन टाकणे",,1000000.0,"[(50, 'अ')]",[50],1,50.0,अ,50.0,
2016-17,CapitalListA,2571,CE20E101/SF1-50,CE20E101,SF1,50,52,प्रभाग क्र.५२ अ विविध ठिकाणी पावसाळी लाईनचे चेंबर दुरूस्ती व बदलणे,,1000000.0,"[(52, 'अ')]",[52],1,52.0,अ,52.0,
2016-17,CapitalListA,2572,CE20E101/SF1-51,CE20E101,SF1,51,53,प्रभाग क्र. ५३ ब मध्ये विविध ठिकाणी पावसाळी लाईन टाकणे,,1500000.0,"[(53, 'ब')]",[53],1,53.0,ब,53.0,
2016-17,CapitalListA,2573,CE20E101/SF1-52,CE20E101,SF1,52,53,"प्रभाग क्र. ५३ ब मध्ये सरितानगरी, नवश्या मारुती परिसरात विविध ठिकाणी पावसाळी लाईन टाकणे",,1500000.0,"[(53, 'ब')]",[53],1,53.0,ब,53.0,
2016-17,CapitalListA,2574,CE20E101/SF1-53,CE20E101,SF1,53,54,प्रभाग क्र.५४ अ मध्ये पावसाळी लाईन टाकणे.,,1500000.0,"[(54, 'अ')]",[54],1,54.0,अ,54.0,
2016-17,CapitalListA,2575,CE20E101/SF1-54,CE20E101,SF1,54,58,प्रभाग क्र. ५८ अ मधील शुक्रवार पेठेमध्ये सुभाषनगर परिसरामध्ये पावसाळी लाईन टाकणे.,,2000000.0,"[(58, 'अ')]",[58],1,58.0,अ,58.0,
2016-17,CapitalListA,2576,CE20E101/SF1-55,CE20E101,SF1,55,58,प्रभाग क्र. ५८ ब हिराबाग चौक ते देशमुख हॉस्पिटल रस्ता पावसाळी लाईन टाकणे.,,1000000.0,"[(58, 'ब')]",[58],1,58.0,ब,58.0,
2016-17,CapitalListA,2577,CE20E101/SF1-56,CE20E101,SF1,56,59,प्रभाग क्र.५९ ब मध्ये बंद पडलेली पावसाळी लार्इन विविध ठिकाणी नवीन टाकणे व दुरूस्ती विषयक कामे करणे,,1000000.0,"[(59, 'ब')]",[59],1,59.0,ब,59.0,
2016-17,CapitalListA,2578,CE20E101/SF1-57,CE20E101,SF1,57,61,"प्रभाग क्र. ६१अ सह्याद्री पार्क, आनंद पुरम इ. परिसरात पावसाळी नलिका विकसित करणे",,3000000.0,"[(61, 'अ')]",[61],1,61.0,अ,61.0,
2016-17,CapitalListA,2579,CE20E101/SF1-58,CE20E101,SF1,58,62,"प्रभाग क्र. ६२ अ कोंढवा बु! मध्ये,विविध ठिकाणी पावसाळी लाईन टकाणे.",,1000000.0,"[(62, 'अ')]",[62],1,62.0,अ,62.0,
2016-17,CapitalListA,2580,CE20E101/SF1-59,CE20E101,SF1,59,62,प्रभाग क्र.62 ब कोंढवा बु.मधील परिसरात विविध ठिकाणी पावसाळी लार्इन टाकणे,,2000000.0,"[(62, 'ब')]",[62],1,62.0,ब,62.0,
2016-17,CapitalListA,2581,CE20E101/SF1-60,CE20E101,SF1,60,63,प्रभाग क्र. ६३ अ मध्ये चेंबर दुरूस्ती व पावसाळी लाईन दुरूस्ती करणे,,1000000.0,"[(63, 'अ')]",[63],1,63.0,अ,63.0,
2016-17,CapitalListA,2582,CE20E101/SF1-61,CE20E101,SF1,61,63,प्रभाग क्र. ६३ अ मध्ये कुमार पृथ्वी ते युनिटी पार्क येथे पावसाळी लाईन टाकणे,,1000000.0,"[(63, 'अ')]",[63],1,63.0,अ,63.0,
2016-17,CapitalListA,2583,CE20E101/SF1-62,CE20E101,SF1,62,63,प्रभाग क्र.६३ ब मध्ये विविध ठिकाणी पावसाळी लाईन टाकणे,,2000000.0,"[(63, 'ब')]",[63],1,63.0,ब,63.0,
2016-17,CapitalListA,2584,CE20E101/SF1-63,CE20E101,SF1,63,64,प्र.क्र. ६४ ब मध्ये गोल्डन बेकरी ते पुनावाला गार्डन पावसाळी लाईन दुरूस्ती करणे.,,1000000.0,"[(64, 'ब')]",[64],1,64.0,ब,64.0,
2016-17,CapitalListA,2585,CE20E101/SF1-64,CE20E101,SF1,64,65,प्रभाग क्र. ६५ अ मनपा कॉलनी क्र. ८ व ९ मध्ये पावसाळी ड्रेनेज लाईन टाकणे,,1000000.0,"[(65, 'अ')]",[65],1,65.0,अ,65.0,
2016-17,CapitalListA,2586,CE20E101/SF1-65,CE20E101,SF1,65,67,प्रभाग क्रं.६७ अ सारंग सोसायटी येथे पावसाळी लाईन टाकणे.,,1000000.0,"[(67, 'अ')]",[67],1,67.0,अ,67.0,
2016-17,CapitalListA,2587,CE20E101/SF1-66,CE20E101,SF1,66,67,प्रभाग क्र.६७ ब मध्ये विविध ठिकाणी पावसाळी लाईन टाकणे,,4000000.0,"[(67, 'ब')]",[67],1,67.0,ब,67.0,
2016-17,CapitalListA,2588,CE20E101/SF1-67,CE20E101,SF1,67,67,प्रभाग क्र.६७ ब मध्ये शिवदर्शन परिसरात पावसाळी लाईन टाकणे,,1000000.0,"[(67, 'ब')]",[67],1,67.0,ब,67.0,
2016-17,CapitalListA,2589,CE20E101/SF1-68,CE20E101,SF1,68,69,प्रभाग क्र. ६९ ब मध्ये विविध ठिकाणी पावसाळी लाईन विषयक कामे करणे,,1500000.0,"[(69, 'ब')]",[69],1,69.0,ब,69.0,
2016-17,CapitalListA,2590,CE20E101/SF1-69,CE20E101,SF1,69,69,प्रभाग क्र. ६९ ब मध्ये पांचाळ वस्ती भागामध्ये ड्रेनेज व पावसाळी लाईन टाकणे,,1500000.0,"[(69, 'ब')]",[69],1,69.0,ब,69.0,
2016-17,CapitalListA,2591,CE20E101/SF1-70,CE20E101,SF1,70,69,प्रभाग क्र. ६९ ब मध्ये विविध ठिकाणी पावसाळी लाईन टाकणे,,2000000.0,"[(69, 'ब')]",[69],1,69.0,ब,69.0,
2016-17,CapitalListA,2592,CE20E101/SF1-71,CE20E101,SF1,71,70,प्रभाग क्र.७० ब मध्ये विविध ठिकाणी पावसाळी लाईन टाकणे.,,1000000.0,"[(70, 'ब')]",[70],1,70.0,ब,70.0,
2016-17,CapitalListA,2593,CE20E101/SF1-72,CE20E101,SF1,72,71,प्रभाग क्र. ७१ ब मध्ये संगम सोसायटीत पावसाळी लाईन टाकणे,,1000000.0,"[(71, 'ब')]",[71],1,71.0,ब,71.0,
2016-17,CapitalListA,2594,CE20E101/SF1-73,CE20E101,SF1,73,71,प्रभाग क्र. ७१ ब बिबवेवाडी ओटा येथे पावसाळी लाईन टाकणे,,1000000.0,"[(71, 'ब')]",[71],1,71.0,ब,71.0,
2016-17,CapitalListA,2595,CE20E101/SF1-74,CE20E101,SF1,74,72,प्रभाग क्र. ७२ अ निलसागर सोसायटी मेन रोड वरील पावसाळी लाईन टाकणे,,1000000.0,"[(72, 'अ')]",[72],1,72.0,अ,72.0,
2016-17,CapitalListA,2596,CE20E101/SF1-75,CE20E101,SF1,75,72,प्रभाग क्र. ७२ अ चिंतामणी ते महेश सोसायटी चौक पावसाळी लाईन टाकणे,,1000000.0,"[(72, 'अ')]",[72],1,72.0,अ,72.0,
2016-17,CapitalListA,2597,CE20E101/SF1-76,CE20E101,SF1,76,72,प्रभाग क्र. ७२ अ व्हि.आय.टी. कॉलेज ते २७६ ओटा पावसाळी लाईन टाकणे,,1000000.0,"[(72, 'अ')]",[72],1,72.0,अ,72.0,
2016-17,CapitalListA,2598,CE20E101/SF1-77,CE20E101,SF1,77,72,प्रभाग क्र. ७२ अ विविध ठिकाणी पावसाळी लाईन टाकणे,,1000000.0,"[(72, 'अ')]",[72],1,72.0,अ,72.0,
2016-17,CapitalListA,2599,CE20E101/SF1-78,CE20E101,SF1,78,73,प्रभाग क्र. ७३ ब मध्ये विविध ठिकाणी पावसाळी लाईन टाकणे व झाकणे बदलणे,,2000000.0,"[(73, 'ब')]",[73],1,73.0,ब,73.0,
2016-17,CapitalListA,2600,CE20E101/SF1-79,CE20E101,SF1,79,74,प्रभाग क्र.७४ अ विविध ठिकाणी पावसाळी लाईन टाकणे व दुरूस्ती करणे,,2000000.0,"[(74, 'अ')]",[74],1,74.0,अ,74.0,
2016-17,CapitalListA,2601,CE20E101/SF1-80,CE20E101,SF1,80,75,प्रभाग क्र. ७५ अ मध्ये विविध ठिकाणी पावसाळी लाईन टाकणे,,1000000.0,"[(75, 'अ')]",[75],1,75.0,अ,75.0,
2016-17,CapitalListA,2602,CE20E101/SF1-81,CE20E101,SF1,81,76,प्रभाग क्र. ७६ अ मधील सुखसागर नगर येथे स्ट्रॉम वॉटर लाईन टाकणे,,1000000.0,"[(76, 'अ')]",[76],1,76.0,अ,76.0,
2016-17,CapitalListA,2603,CE20E101/SF1-82,CE20E101,SF1,82,76,प्रभाग क्र. ७६ ब मध्ये वरखडेनगर ते प्रशांत फाटे यांच्या दुकानापर्यंत डोंगराच्या कडेने पावसाळी लार्इन टाकणे,,1000000.0,"[(76, 'ब')]",[76],1,76.0,ब,76.0,
2016-17,CapitalListA,2604,CE20E101/SF1-83,CE20E101,SF1,83,13,प्रभाग क्र. १३ ब मधील संगमवाडी मध्ये पावसाळी लाईन टाकणे,,5000000.0,"[(13, 'ब')]",[13],1,13.0,ब,13.0,
2016-17,CapitalListA,2605,CE20E101/SF1-84,CE20E101,SF1,84,13,प्रभाग क्र. १३ ब मध्ये नरवीर तानाजी वाडी येथे पावसाळी लाईन टाकणे,,3000000.0,"[(13, 'ब')]",[13],1,13.0,ब,13.0,
2017-18,A_Capital_List,2940,CE20E101/F1-6,CE20E101,F1,6,,पुणे शहराचे स्ट्रॉम वॉटर ड्रेनेज प्रकल्पातील एकोणीस बेसीनमध्ये तातडीने करावयाची कामे,,700000000.0,[],[],0,,,,
2017-18,A_Capital_List,2941,CE20E101/F1-7,CE20E101,F1,7,,"प्रकल्प व्यवस्थापन करणे, सल्लागार फी व तद्‌नुषंगिक कामे करणे.",,10000000.0,[],[],0,,,,
2017-18,A_Capital_List,2942,CE20E101/F1-8,CE20E101,F1,8,,एन.डी.ए.येथे शिवणे गावाकडे जाणार्‍या रस्त्यावर गणपती माथा वारजे येथे कल्व्हर्ट बांधणे.,,6400000.0,[],[],0,,,,
2017-18,A_Capital_List,2947,CE20E101/F1-2,CE20E101,F1,2,,नाला विकसित करणे,,100000000.0,[],[],0,,,,
2017-18,A_Capital_List,2948,CE20E101/F1-3,CE20E101,F1,3,,कल्व्हर्ट बांधणे,,40000000.0,[],[],0,,,,
2017-18,A_Capital_List,2949,CE20E101/F1-4,CE20E101,F1,4,,पावसाळी लाईन टाकणे,,155000000.0,[],[],0,,,,
2017-18,A_Capital_List,2950,CE20E101/F1-5,CE20E101,F1,5,,"प्रकल्प व्यवस्थापन करणे, सल्लागार फी व तद्‌नुषंगिक कामे",,5000000.0,[],[],0,,,,
2017-18,A_Capital_List,2978,CE20E101/SF1-101,CE20E101,SF1,101,,"प्रभाग क्र.1 अ,कळस धानोरी मध्ये विविध ठिकाणी पावसाळी लाईन दुरुस्ती करणे व साफसफाई करणे.",,1000000.0,"[(1, 'अ')]",[1],1,1.0,अ,,
2017-18,A_Capital_List,2979,CE20E101/SF1-102,CE20E101,SF1,102,,प्रभाग क्र. 1 ड (कळस-धानोरी) मधील मुंजाबावस्ती परिसरात पावसाळी लाईन टाकणे,,1000000.0,"[(1, 'ड')]",[1],1,1.0,ड,,
2017-18,A_Capital_List,2980,CE20E101/SF1-103,CE20E101,SF1,103,,प्रभाग क्र. 1 ड (कळस-धानोरी) मधील भैरवनगर परिसरात पावसाळी लाईन टाकणे,,1000000.0,"[(1, 'ड')]",[1],1,1.0,ड,,
2017-18,A_Capital_List,2981,CE20E101/SF1-104,CE20E101,SF1,104,,प्रभाग क्र. 1 ड (कळस-धानोरी) मधील धानोरी परिसरात पावसाळी लाईन टाकणे,,1000000.0,"[(1, 'ड')]",[1],1,1.0,ड,,
2017-18,A_Capital_List,2982,CE20E101/SF1-105,CE20E101,SF1,105,,प्रभाग क्र. 1 ड (कळस-धानोरी) मधील विश्रांतवाडी परिसरात पावसाळी लाईन टाकणे,,1000000.0,"[(1, 'ड')]",[1],1,1.0,ड,,
2017-18,A_Capital_List,2983,CE20E101/SF1-106,CE20E101,SF1,106,,प्रभाग क्र. 1 ड (कळस-धानोरी) मधील कळस परिसरात पावसाळी लाईन टाकणे,,1000000.0,"[(1, 'ड')]",[1],1,1.0,ड,,
2017-18,A_Capital_List,2984,CE20E101/SF1-107,CE20E101,SF1,107,,प्रभाग क्र. 1 ड (कळस-धानोरी) मध्ये विविध ठिकाणी पावसाळी लाईन टाकणे,,1000000.0,"[(1, 'ड')]",[1],1,1.0,ड,,
2017-18,A_Capital_List,2985,CE20E101/SF1-108,CE20E101,SF1,108,,"प्रभाग क्र.2 ब मधील चंद्रमानगरर,पंचशिलनगर,हिरामण मोझे नगर, इंदिरानगर येथील पावसाळी लाईन दुरुस्ती व साफसफाई करणे",,1000000.0,"[(2, 'ब')]",[2],1,2.0,ब,,
2017-18,A_Capital_List,2986,CE20E101/SF1-109,CE20E101,SF1,109,,प्रभाग क्र.3 क विविध ठिकाणी पावसाळी लाईन टाकणे,,1000000.0,"[(3, 'क')]",[3],1,3.0,क,,
2017-18,A_Capital_List,2987,CE20E101/SF1-110,CE20E101,SF1,110,,प्रभाग क्र 5 अ मधील वाडेश्वर नगर गल्ली नं.3 जॉन फर्नाडीस यांचे घरापासून ते जुना मुंढवा रस्त्यापर्यत पावसाळी लाईन टाकणे,,1000000.0,"[(5, 'अ')]",[5],1,5.0,अ,,
2017-18,A_Capital_List,2988,CE20E101/SF1-111,CE20E101,SF1,111,,प्रभाग क्र 5 क आनंदपार्क बस स्टॉप ते जुना मुंढवा रस्ता व विविध ठिकाणी पावसाळी लाईन टाकणे,,2000000.0,"[(5, 'क')]",[5],1,5.0,क,,
2017-18,A_Capital_List,2989,CE20E101/SF1-112,CE20E101,SF1,112,,प्रभाग क्र 5 ड आनंदपार्क बस स्टॉप ते जुना मुंढवा रस्ता पावसाळी लाईन टाकणे,,1000000.0,"[(5, 'ड')]",[5],1,5.0,ड,,
2017-18,A_Capital_List,2990,CE20E101/SF1-113,CE20E101,SF1,113,,प्रभाग क्र 6 क मधील क्रांतीवीर लहूजी वस्ताद सभागृह ते लक्ष्मीनगर पोलीस चौकी पर्यत पावसाळी लाईन बदलणे,,1000000.0,"[(6, 'क')]",[6],1,6.0,क,,
2017-18,A_Capital_List,2991,CE20E101/SF1-114,CE20E101,SF1,114,,प्रभाग क्र.7 ब मध्ये सकाळनगर व बाणेर रोड परिसरात पावसाळी लाईन टाकणे,,1000000.0,"[(7, 'ब')]",[7],1,7.0,ब,,
2017-18,A_Capital_List,2992,CE20E101/SF1-115,CE20E101,SF1,115,,प्रभाग क्र.7 ब मध्ये न.ता.वाडी परिसरात पावसाळी लाईन टाकणे.,,1000000.0,"[(7, 'ब')]",[7],1,7.0,ब,,
2017-18,A_Capital_List,2993,CE20E101/SF1-116,CE20E101,SF1,116,,प्रभाग क्र.7 ब मध्ये पाटील इस्टेट झोपडपट्टी आणि अश्विनीनगर परिसरात पावसाळी लाईन टाकणे.,,1000000.0,"[(7, 'ब')]",[7],1,7.0,ब,,
2017-18,A_Capital_List,2994,CE20E101/SF1-117,CE20E101,SF1,117,,प्रभाग क्र.7 क मध्ये विविध ठिकाणी पावसाळी लाईन टाकणे,,1000000.0,"[(7, 'क')]",[7],1,7.0,क,,
2017-18,A_Capital_List,2995,CE20E101/SF1-118,CE20E101,SF1,118,,"प्रभाग क्र. 8 अ भाऊ पाटील चाळ, गोपी चाळ येथे पावसाळी लाईन टाकणे",,1000000.0,"[(8, 'अ')]",[8],1,8.0,अ,,
2017-18,A_Capital_List,2996,CE20E101/SF1-119,CE20E101,SF1,119,,प्रभाग क्र.10 अ मध्ये विविध ठिकाणी पावसाळी लाईन टाकणे,,1000000.0,"[(10, 'अ')]",[10],1,10.0,अ,,
2017-18,A_Capital_List,2997,CE20E101/SF1-120,CE20E101,SF1,120,,प्रभाग क्र.10 ब मध्ये विविध ठिकाणी पावसाळी लाईन टाकणे,,2000000.0,"[(10, 'ब')]",[10],1,10.0,ब,,
2017-18,A_Capital_List,2998,CE20E101/SF1-121,CE20E101,SF1,121,,प्रभाग क्र.10 ब मध्ये जिजाई गार्डन परिसरात पावसाळी लाईन टाकणे,,1000000.0,"[(10, 'ब')]",[10],1,10.0,ब,,
2017-18,A_Capital_List,2999,CE20E101/SF1-122,CE20E101,SF1,122,,"प्रभाग क्र.11अ, मध्ये झोपडपट्टी परिसरात विविध ठिकाणी मोठया व्यासाच्या पावसाळी लाईन टाकणे.",,1000000.0,"[(11, 'अ')]",[11],1,11.0,अ,,
2017-18,A_Capital_List,3000,CE20E101/SF1-123,CE20E101,SF1,123,,"प्रभाग क्र.11अ, मध्ये सोसायट्या परिसरात विविध ठिकाणी मोठया व्यासाच्या पावसाळी लाईन टाकणे.",,1000000.0,"[(11, 'अ')]",[11],1,11.0,अ,,
2017-18,A_Capital_List,3001,CE20E101/SF1-124,CE20E101,SF1,124,,"प्रभाग क्र.11 ब, जयभवानीनगर येथे मुख्य रस्ता पावसाळी गटार लाईन टाकणे",,1000000.0,"[(11, 'ब')]",[11],1,11.0,ब,,
2017-18,A_Capital_List,3002,CE20E101/SF1-125,CE20E101,SF1,125,,"प्रभाग क्र.11 ब, मध्ये पावसाळी गटार लाईन दुरूस्तीविषयक कामे करणे.",,1000000.0,"[(11, 'ब')]",[11],1,11.0,ब,,
2017-18,A_Capital_List,3003,CE20E101/SF1-126,CE20E101,SF1,126,,"प्रभाग क्र.11 ड, मधील विविध ठिकाणच्या पावसाळी लाईन साफ करणे तसेच डोंगरभागातील वाहून आलेला राडारोडा उचलणे.",,1000000.0,"[(11, 'ड')]",[11],1,11.0,ड,,
2017-18,A_Capital_List,3004,CE20E101/SF1-127,CE20E101,SF1,127,,"प्रभाग क्र12 अ, मध्ये विविध ठिकाणच्या पावसाळी गटारांची साफसफाई करणे.",,1000000.0,"[(12, 'अ')]",[12],1,12.0,अ,,
2017-18,A_Capital_List,3005,CE20E101/SF1-128,CE20E101,SF1,128,,प्रभाग क्र12 ब मध्ये विविध ठिकाणची पावसाळी लाईन साफसफाई करणे.,,500000.0,"[(12, 'ब')]",[12],1,12.0,ब,,
2017-18,A_Capital_List,3006,CE20E101/SF1-129,CE20E101,SF1,129,,प्रभाग क्रं.12 क मध्ये विविध ठिकाणी पावसाळी पाण्याची लाईन टाकणे,,4000000.0,"[(12, 'क')]",[12],1,12.0,क,,
2017-18,A_Capital_List,3007,CE20E101/SF1-130,CE20E101,SF1,130,,प्रभाग क्रं.12 क मध्ये लक्ष्मीनगर येथे पावसाळी लाईन टाकणे.,,3000000.0,"[(12, 'क')]",[12],1,12.0,क,,
2017-18,A_Capital_List,3008,CE20E101/SF1-131,CE20E101,SF1,131,,प्रभाग क्रं.12 क मध्ये गुजरात कॉलनी शास्त्रीनगर भागात पावसाळी पाण्याची लाईन टाकणे,,3000000.0,"[(12, 'क')]",[12],1,12.0,क,,
2017-18,A_Capital_List,3009,CE20E101/SF1-132,CE20E101,SF1,132,,प्रभाग क्र.१३अ मध्ये विविध ठिकाणी पावसाळी लाईन पावसाळ्यापूर्वी जेटिंग मशीनच्या सहाय्याने स्वच्छ करणे व तदनुषंगिक कामे करणे.,,1000000.0,"[(13, 'अ')]",[13],1,13.0,अ,,
2017-18,A_Capital_List,3010,CE20E101/SF1-133,CE20E101,SF1,133,,"प्रभाग क्र.13ड, विविध ठिकाणी पावसाळी गटारे बांधणे.",,2000000.0,"[(13, 'ड')]",[13],1,13.0,ड,,
2017-18,A_Capital_List,3011,CE20E101/SF1-134,CE20E101,SF1,134,,"प्रभाग क्र.13ड, हॅपी कॉलनी लेन नं.1 ते 4 पावसाळी गटारे बांधणे",,500000.0,"[(13, 'ड')]",[13],1,13.0,ड,,
2017-18,A_Capital_List,3012,CE20E101/SF1-135,CE20E101,SF1,135,,"प्रभाग क्र.14क, मधील हनुमान टेकडी तसेच इतर टेकडी परिसराच्या जागी पावसाळी पाणी वाया जाऊ नये म्हणून रेन वॉटर हार्वेस्टींग प्रकल्प राबविणे.",,1000000.0,"[(14, 'क')]",[14],1,14.0,क,,
2017-18,A_Capital_List,3013,CE20E101/SF1-136,CE20E101,SF1,136,,"प्रभाग क्र.14ड, मध्ये विविध ठिकाणी पावसाळी लाईन टाकणे",,1000000.0,"[(14, 'ड')]",[14],1,14.0,ड,,
2017-18,A_Capital_List,3014,CE20E101/SF1-137,CE20E101,SF1,137,,"प्रभाग क्र.14ड, मध्ये दीप बंगला चौक ते थोरात चौक पावसाळी लाईन टाकणे",,1000000.0,"[(14, 'ड')]",[14],1,14.0,ड,,
2017-18,A_Capital_List,3015,CE20E101/SF1-138,CE20E101,SF1,138,,"प्रभाग क्र.14ड, मधील आपटे रोड परिसरामध्ये पावसाळी लाईन टाकणे.",,1000000.0,"[(14, 'ड')]",[14],1,14.0,ड,,
2017-18,A_Capital_List,3016,CE20E101/SF1-139,CE20E101,SF1,139,,"प्रभाग क्र.15अ, मध्ये शनिवार पेठ परिसरात व प्रभागात इतरत्र पावसाळी लाईन देखभाल दुरूस्ती विषयक कामे करणे व नव्याने लाईन टाकणे",,1000000.0,"[(15, 'अ')]",[15],1,15.0,अ,,
2017-18,A_Capital_List,3017,CE20E101/SF1-140,CE20E101,SF1,140,,"प्रभाग क्र.15अ, मध्ये शुक्रवार पेठ परिसरात व प्रभागात इतरत्र पावसाळी लाईन देखभाल दुरूस्ती विषयक कामे करणे व नव्याने लाईन टाकणे",,1000000.0,"[(15, 'अ')]",[15],1,15.0,अ,,
2017-18,A_Capital_List,3018,CE20E101/SF1-141,CE20E101,SF1,141,,"प्रभाग क्र.15अ, मध्ये बुधवार पेठ परिसरात व प्रभागात इतरत्र पावसाळी लाईन देखभाल दुरूस्ती विषयक कामे करणे व नव्याने लाईन टाकणे",,1000000.0,"[(15, 'अ')]",[15],1,15.0,अ,,
2017-18,A_Capital_List,3019,CE20E101/SF1-142,CE20E101,SF1,142,,"प्रभाग क्र.15अ, मध्ये सुभाषनगर पेठ परिसरात व प्रभागात इतरत्र पावसाळी लाईन देखभाल दुरूस्ती विषयक कामे करणे व नव्याने लाईन टाकणे",,1000000.0,"[(15, 'अ')]",[15],1,15.0,अ,,
2017-18,A_Capital_List,3020,CE20E101/SF1-143,CE20E101,SF1,143,,"प्रभाग क्र.15ब, मध्ये नारायण पेठ परिसरात व प्रभागात इतरत्र पावसाळी लाईन देखभाल दुरूस्ती विषयक कामे करणे व नव्याने लाईन टाकणे.",,1000000.0,"[(15, 'ब')]",[15],1,15.0,ब,,
2017-18,A_Capital_List,3021,CE20E101/SF1-144,CE20E101,SF1,144,,"प्रभाग क्र.15ब, मध्ये सदाशिव पेठ परिसरात व प्रभागात इतरत्र पावसाळी लाईन देखभाल दुरूस्ती विषयक कामे करणे व नव्याने लाईन टाकणे.",,1000000.0,"[(15, 'ब')]",[15],1,15.0,ब,,
2017-18,A_Capital_List,3022,CE20E101/SF1-145,CE20E101,SF1,145,,"प्रभाग क्र.15ब, मध्ये शनिवार पेठ परिसरात व प्रभागात इतरत्र पावसाळी लाईन देखभाल दुरूस्ती विषयक कामे करणे व नव्याने लाईन टाकणे.",,1000000.0,"[(15, 'ब')]",[15],1,15.0,ब,,
2017-18,A_Capital_List,3023,CE20E101/SF1-146,CE20E101,SF1,146,,"प्रभाग क्र.15ब, मध्ये शुक्रवार पेठ परिसरात व प्रभागात इतरत्र पावसाळी लाईन देखभाल दुरूस्ती विषयक कामे करणे व नव्याने लाईन टाकणे.",,1000000.0,"[(15, 'ब')]",[15],1,15.0,ब,,
2017-18,A_Capital_List,3024,CE20E101/SF1-147,CE20E101,SF1,147,,"प्रभाग क्र.15ब, मध्ये बुधवार पेठ परिसरात व प्रभागात इतरत्र पावसाळी लाईन देखभाल दुरूस्ती विषयक कामे करणे व नव्याने लाईन टाकणे.",,1000000.0,"[(15, 'ब')]",[15],1,15.0,ब,,
2017-18,A_Capital_List,3025,CE20E101/SF1-148,CE20E101,SF1,148,,"प्रभाग क्र.15ब, मध्ये सुभाषनगर परिसरात व प्रभागात इतरत्र पावसाळी लाईन देखभाल दुरूस्ती विषयक कामे करणे व नव्याने लाईन टाकणे.",,1000000.0,"[(15, 'ब')]",[15],1,15.0,ब,,
2017-18,A_Capital_List,3026,CE20E101/SF1-149,CE20E101,SF1,149,,"प्रभाग क्र.16क, पारगे चौक ते हॉटेल पद्मकृष्णा पावसाळी गटार टाकणे",,500000.0,"[(16, 'क')]",[16],1,16.0,क,,
2017-18,A_Capital_List,3027,CE20E101/SF1-150,CE20E101,SF1,150,,"प्रभाग क्र.16ड, मध्ये ड्रेनेज चेंबर व पावसाळी लाईन दुरूस्ती करणे.",,1000000.0,"[(16, 'ड')]",[16],1,16.0,ड,,
2017-18,A_Capital_List,3028,CE20E101/SF1-151,CE20E101,SF1,151,,"प्रभाग क्र.17 अ, मध्ये विविध ठिकाणी पावसाळी लाईन टाकणे.",,1000000.0,"[(17, 'अ')]",[17],1,17.0,अ,,
2017-18,A_Capital_List,3029,CE20E101/SF1-152,CE20E101,SF1,152,,"प्रभाग क्र.17 क, मध्ये विविध ठिकाणी पावसाळी लाईन टाकणे",,1000000.0,"[(17, 'क')]",[17],1,17.0,क,,
2017-18,A_Capital_List,3030,CE20E101/SF1-153,CE20E101,SF1,153,,"प्रभाग क्र.17 ड, मधील विविध ठिकाणी रस्त्यामधील खाली गेलेली पावसाळी गटाराचे चेंबर समपातळीवर उचलणे",,500000.0,"[(17, 'ड')]",[17],1,17.0,ड,,
2017-18,A_Capital_List,3031,CE20E101/SF1-154,CE20E101,SF1,154,,"प्रभाग क्र.18अ, मध्ये जैन मंदिर ते रामोशी गेट पावसाळी लाईन टाकणे.",,2000000.0,"[(18, 'अ')]",[18],1,18.0,अ,,
2017-18,A_Capital_List,3032,CE20E101/SF1-155,CE20E101,SF1,155,,"प्रभाग क्र.18अ, मध्ये कृष्णाहट्टी चौक ते फुलवाला चौक पावसाळी लाईन टाकणे",,2000000.0,"[(18, 'अ')]",[18],1,18.0,अ,,
2017-18,A_Capital_List,3033,CE20E101/SF1-156,CE20E101,SF1,156,,"प्रभाग क्र.18ब, जैन मंदिर ते रामोशी गेट पर्यंत पावसाळी लाईन दुरूस्त करणे किंवा नवीन टाकणे",,1000000.0,"[(18, 'ब')]",[18],1,18.0,ब,,
2017-18,A_Capital_List,3034,CE20E101/SF1-157,CE20E101,SF1,157,,"प्रभाग क्र.18क, घोरपडे पेठ परिसरात विविध ठिकाणी पावसाळी लाईन टाकणे व तद्‌नुषंगिक कामे करणे.",,1000000.0,"[(18, 'क')]",[18],1,18.0,क,,
2017-18,A_Capital_List,3035,CE20E101/SF1-158,CE20E101,SF1,158,,"प्रभाग क्र.18क, गुरूवार पेठ परिसरात विविध ठिकाणी पावसाळी लाईन टाकणे व तद्‌नुषंगिक कामे करणे.",,1000000.0,"[(18, 'क')]",[18],1,18.0,क,,
2017-18,A_Capital_List,3036,CE20E101/SF1-159,CE20E101,SF1,159,,"प्रभाग क्र.19ब, मध्ये क्षेत्रिय कार्यालय ते लडकत पेट्रोल पंप नेहरू रोड पर्यंत पावसाळी लाईन टाकणे व व तद्‌नुषंगिक कामे करणे",,1000000.0,"[(19, 'ब')]",[19],1,19.0,ब,,
2017-18,A_Capital_List,3037,CE20E101/SF1-160,CE20E101,SF1,160,,"प्रभाग क्र.19ब, मध्ये क्षेत्रिय कार्यालयालगत सुलभ शौचालाय नवा रोड ते नेहरू रोड पर्यंत पावसाळी लाईन टाकणे व व तद्‌नुषंगिक कामे करणे",,1000000.0,"[(19, 'ब')]",[19],1,19.0,ब,,
2017-18,A_Capital_List,3038,CE20E101/SF1-161,CE20E101,SF1,161,,"प्रभाग क्र.19ब, मध्ये ए.डी.कॅम्प चौक ते भवानी माता मंदिर चौक पावसाळी लाईन टाकणे व तद्‌नुषंगिक कामे करणे",,1000000.0,"[(19, 'ब')]",[19],1,19.0,ब,,
2017-18,A_Capital_List,3039,CE20E101/SF1-162,CE20E101,SF1,162,,"प्रभाग क्र.19क, पावसाळी जाळ्या बदलणे",,1000000.0,"[(19, 'क')]",[19],1,19.0,क,,
2017-18,A_Capital_List,3040,CE20E101/SF1-163,CE20E101,SF1,163,,"प्रभाग क्र.20 अ, मध्ये विशाल अपार्टमेंट ते जुना मोटार स्टँड चौक पावसाळी लाईन टाकणे",,1000000.0,"[(20, 'अ')]",[20],1,20.0,अ,,
2017-18,A_Capital_List,3041,CE20E101/SF1-164,CE20E101,SF1,164,,"प्रभाग क्र.20 ब, मध्ये विविध ठिकाणी पावसाळी लाईन टाकणे",,1000000.0,"[(20, 'ब')]",[20],1,20.0,ब,,
2017-18,A_Capital_List,3042,CE20E101/SF1-165,CE20E101,SF1,165,,"प्रभाग क्र.21क, बोट क्लब मंडळ रस्त्यावर पावसाळी गटार टाकणे.",,2000000.0,"[(21, 'क')]",[21],1,21.0,क,,
2017-18,A_Capital_List,3043,CE20E101/SF1-166,CE20E101,SF1,166,,"प्रभाग क्र.23 अ, स.नं.311 ससाणेनगर रेल्वे लाईनच्या पूर्व पश्चिम रेल्वे गेट ते डी पी रोड पर्यत पावसाळी 36 इंची लाईन टाकणे",,1000000.0,"[(23, 'अ')]",[23],1,23.0,अ,,
2017-18,A_Capital_List,3044,CE20E101/SF1-167,CE20E101,SF1,167,,"प्रभाग क्र.23 अ, हडपसर गावठाणामध्ये विविध ठिकाणी 24 इंची पावसाळी गटार लाईन टाकणे",,1000000.0,"[(23, 'अ')]",[23],1,23.0,अ,,
2017-18,A_Capital_List,3045,CE20E101/SF1-168,CE20E101,SF1,168,,"प्रभाग क्र.23 अ, ससाणेनगर रोड ते हिंगणेमळा स.नं.81,82 मधील कॅनॉलच्या कडेने 24 इंची पावसाळी गटार लाईन टाकणे",,1000000.0,"[(23, 'अ')]",[23],1,23.0,अ,,
2017-18,A_Capital_List,3046,CE20E101/SF1-169,CE20E101,SF1,169,,"प्रभाग क्र.23 अ, वेताळबाबा झो.पट्टी गाडीतळ याठिकाणी 36 इंची कॅनॉल व ग्लायडिंग सेंटरच्या उत्तर बाबजूने पूर्व पश्चिम पावसाळी लाईन टाकणे",,1000000.0,"[(23, 'अ')]",[23],1,23.0,अ,,
2017-18,A_Capital_List,3047,CE20E101/SF1-170,CE20E101,SF1,170,,प्रभाग क्र.23 ब मध्ये विविध ठिकाणी पावसाळी लाईन टाकणे.,,1000000.0,"[(23, 'ब')]",[23],1,23.0,ब,,
2017-18,A_Capital_List,3048,CE20E101/SF1-171,CE20E101,SF1,171,,"प्रभाग क्र.23 क, काळे पडळ येथे पावसाळी लाईन टाकणे",,4000000.0,"[(23, 'क')]",[23],1,23.0,क,,
2017-18,A_Capital_List,3049,CE20E101/SF1-172,CE20E101,SF1,172,,प्रभाग क्र.23 ड मध्ये विविध ठिकाणी पावसाळी लाईन टाकणे व दुरुस्त करणे,,1000000.0,"[(23, 'ड')]",[23],1,23.0,ड,,
2017-18,A_Capital_List,3050,CE20E101/SF1-173,CE20E101,SF1,173,,प्रभाग क्र.26 क मध्ये विविध ठिकाणी पावसाळी लाईन विकसित करणे,,1000000.0,"[(26, 'क')]",[26],1,26.0,क,,
2017-18,A_Capital_List,3051,CE20E101/SF1-174,CE20E101,SF1,174,,प्रभाग क्र.26 ड उंड्री चौक येथे टकले बिल्डींग जवळ समोरील रस्त्यावर पावसाळी लाईन टाकणे व रोड तयार करणे,,1000000.0,"[(26, 'ड')]",[26],1,26.0,ड,,
2017-18,A_Capital_List,3052,CE20E101/SF1-175,CE20E101,SF1,175,,प्रभाग क्र.27 अ मध्ये विविध ठिकाणी पावसाळी लाईन साफसफाई व दुरुस्ती करणे,,1000000.0,"[(27, 'अ')]",[27],1,27.0,अ,,
2017-18,A_Capital_List,3053,CE20E101/SF1-176,CE20E101,SF1,176,,प्रभाग क्र.27 क मध्ये जे के पार्क व विविध ठिकाणी पावसाळी लाईन टाकणे,,1000000.0,"[(27, 'क')]",[27],1,27.0,क,,
2017-18,A_Capital_List,3054,CE20E101/SF1-177,CE20E101,SF1,177,,"प्रभाग क्र.28ड, मध्ये विविध ठिकाणी पावसाळी लाईन , साफसफाई करणे व दुरूस्ती करणे.",,1000000.0,"[(28, 'ड')]",[28],1,28.0,ड,,
2017-18,A_Capital_List,3055,CE20E101/SF1-178,CE20E101,SF1,178,,"प्रभाग क्र.28ड,ऋतुराज सोसायटीमध्ये गल्ली क्र.1 ते 6 मध्ये पावसाळी लाईन टाकणे",,1000000.0,"[(28, 'ड')]",[28],1,28.0,ड,,
2017-18,A_Capital_List,3056,CE20E101/SF1-179,CE20E101,SF1,179,,"प्रभाग क्र.28ड, मध्ये ऋतुराज सोसायटी मध्ये गल्ली क्र.4 मध्ये पावसाळी लाईन टाकणे",,1000000.0,"[(28, 'ड')]",[28],1,28.0,ड,,
2017-18,A_Capital_List,3057,CE20E101/SF1-180,CE20E101,SF1,180,,"प्रभाग क्र.30 ड, गल्ली क्र.90 ते 100 पावसाळी लाईन टाकणे",,1000000.0,"[(30, 'ड')]",[30],1,30.0,ड,,
2017-18,A_Capital_List,3058,CE20E101/SF1-181,CE20E101,SF1,181,,"प्रभाग क्र.31 ब, समर्थ सोसायटीमध्ये पावसाळी लाईन विकसित करणे.",,1000000.0,"[(31, 'ब')]",[31],1,31.0,ब,,
2017-18,A_Capital_List,3059,CE20E101/SF1-182,CE20E101,SF1,182,,"प्रभाग क्र.31 क, स.नं.5 स्वेदगंगा सोसायटीमधून आलेली पावसाळी लाईन मुख्य रस्ता पावसाळी लाईनला जोडणे.",,1000000.0,"[(31, 'क')]",[31],1,31.0,क,,
2017-18,A_Capital_List,3060,CE20E101/SF1-183,CE20E101,SF1,183,,"प्रभाग क्र.31 क, पावसाळी लाईन सुधारणा करणे व मुख्य लाईनला जोडणे",,1000000.0,"[(31, 'क')]",[31],1,31.0,क,,
2017-18,A_Capital_List,3061,CE20E101/SF1-184,CE20E101,SF1,184,,"प्रभाग क्र.31 क, तिरूपतीनगर, आकाशनगर येथे पावसाळी लाईन कुलकर्णी हॉस्पीटल जवळ लाईनला जोडणे",,1000000.0,"[(31, 'क')]",[31],1,31.0,क,,
2017-18,A_Capital_List,3062,CE20E101/SF1-185,CE20E101,SF1,185,,"प्रभाग क्र.31 क, स.नं.144 व 4 कॅनॉल रस्ता, जनसेवा बेकरी, मोरया हाईटस्‌ येथील पावसाळी लाईन ओढयाला जोडणे.",,1000000.0,"[(31, 'क')]",[31],1,31.0,क,,
2017-18,A_Capital_List,3063,CE20E101/SF1-186,CE20E101,SF1,186,,प्रभाग क्रं.31 ड कर्वेनगर मधील पावसाळी लाईन साफ करणे व चेंबर दुरुस्त करणे,,1000000.0,"[(31, 'ड')]",[31],1,31.0,ड,,
2017-18,A_Capital_List,3064,CE20E101/SF1-187,CE20E101,SF1,187,,प्रभाग क्रं.31 ड कर्वेनगर शाहु कॅालनी येथील पावसाळी लाईन साफ करणे,,1000000.0,"[(31, 'ड')]",[31],1,31.0,ड,,
2017-18,A_Capital_List,3065,CE20E101/SF1-188,CE20E101,SF1,188,,प्रभाग क्रं.31 ड कर्वेनगर हिंगणे होम कॅालनी व इतर परिसरामध्ये पावसाळी लाईन करणे,,1000000.0,"[(31, 'ड')]",[31],1,31.0,ड,,
2017-18,A_Capital_List,3066,CE20E101/SF1-189,CE20E101,SF1,189,,"प्रभाग क्र.32क, विविध ठिकाणी पावसाळी लाईन टाकणे.",,1000000.0,"[(32, 'क')]",[32],1,32.0,क,,
2017-18,A_Capital_List,3067,CE20E101/SF1-190,CE20E101,SF1,190,,"प्रभाग क्रं.33 अ वडगाव बु.निवृत्तीनगर, चरवडवाडी, घुलेनगर, भैरवनगर मंदिर, विविध भागा रेनवॉटर लाईन टाकणे.",,4000000.0,"[(33, 'अ')]",[33],1,33.0,अ,,
2017-18,A_Capital_List,3068,CE20E101/SF1-191,CE20E101,SF1,191,,"प्रभाग क्रं.33 अ वडगाव बुद्रुक जाधवनगर, गोसावी वस्ती, विकासनगर, रायगडनगर, शांतीनगर येथे पावसाळी लाईन टाकणे.",,1000000.0,"[(33, 'अ')]",[33],1,33.0,अ,,
2017-18,A_Capital_List,3069,CE20E101/SF1-192,CE20E101,SF1,192,,"प्रभाग क्रं.33 अ वडगाव बुद्रुक हॅपी कॉलनी, किर्तीनगर, रेणुकानगरी, हगवणेनगर, दांगट गार्डन परिसरात पावसाळी लाईन टाकणे.",,1000000.0,"[(33, 'अ')]",[33],1,33.0,अ,,
2017-18,A_Capital_List,3070,CE20E101/SF1-193,CE20E101,SF1,193,,"प्रभाग क्रं.33 अ वडगाव गावठाण, पाऊजाईनगर, तोरणानगर, यशोदाकृष्ण बंगला परिसरात पावसाळी लाईन विकसित करणे.",,1700000.0,"[(33, 'अ')]",[33],1,33.0,अ,,
2017-18,A_Capital_List,3071,CE20E101/SF1-194,CE20E101,SF1,194,,"प्रभाग क्रं.33 अ जुना हायवे टोलनाका, दांगटपाटीलनगर, पाऊजाई मंदिर मागील भाग, आशिर्वाद हॉटेल परिसर, समर्थनगर परिसरात पावसाळी लाईन विकसित करणे.",,1000000.0,"[(33, 'अ')]",[33],1,33.0,अ,,
2017-18,A_Capital_List,3072,CE20E101/SF1-195,CE20E101,SF1,195,,"प्रभाग क्र.33 ब, वडगांव बु.परिसरात पावसाळी साफसफाई करणे व दुरूस्ती करणे.",,1000000.0,"[(33, 'ब')]",[33],1,33.0,ब,,
2017-18,A_Capital_List,3073,CE20E101/SF1-196,CE20E101,SF1,196,,"प्रभाग क्र.33 ब, अभिरूची मॉल ( भिडेवस्ती ) पावसाळी लाईन टाकणे.",,1000000.0,"[(33, 'ब')]",[33],1,33.0,ब,,
2017-18,A_Capital_List,3074,CE20E101/SF1-197,CE20E101,SF1,197,,"प्रभाग क्र.33 क, मध्ये चरवडवस्ती परिसरात विविध ठिकाणी पावसाळी लाईन टाकणे.",,1000000.0,"[(33, 'क')]",[33],1,33.0,क,,
2017-18,A_Capital_List,3075,CE20E101/SF1-198,CE20E101,SF1,198,,"प्रभाग क्र.33 क, मध्ये कॉलेज रोड परिसरात विविध ठिकाणी पावसाळी लाईन टाकणे",,1000000.0,"[(33, 'क')]",[33],1,33.0,क,,
2017-18,A_Capital_List,3076,CE20E101/SF1-199,CE20E101,SF1,199,,"प्रभाग क्र.33 क, मध्ये वडगाव बु.परिसरातील पावसाळी लाईन साफ करणे व दुरूस्ती करणे",,1000000.0,"[(33, 'क')]",[33],1,33.0,क,,
2017-18,A_Capital_List,3077,CE20E101/SF1-200,CE20E101,SF1,200,,"प्रभाग क्र.33ड, मध्ये भिडेवाडी परिसरात पावसाळी लाईन टाकणे.",,2000000.0,"[(33, 'ड')]",[33],1,33.0,ड,,
2017-18,A_Capital_List,3078,CE20E101/SF1-201,CE20E101,SF1,201,,"प्रभाग क्र.34 अ, हिंगणे चौक ते गोयल गंगा पर्यंत मुख्य रस्त्यावरील व पावसाळी चेंबर दुरूस्त करणे व जाळ्या चेंबर कव्हर बदलणे.",,1000000.0,"[(34, 'अ')]",[34],1,34.0,अ,,
2017-18,A_Capital_List,3079,CE20E101/SF1-202,CE20E101,SF1,202,,प्रभाग क्र.34 क मध्ये स्टार गार्डन ते सौरभ गार्डन परिसरात पावसाळी गटार करणे,,1000000.0,"[(34, 'क')]",[34],1,34.0,क,,
2017-18,A_Capital_List,3080,CE20E101/SF1-203,CE20E101,SF1,203,,प्रभाग क्र.34 क मध्ये विठ्ठल पार्क परिसरात पावसाळी गटार करणे,,1000000.0,"[(34, 'क')]",[34],1,34.0,क,,
2017-18,A_Capital_List,3081,CE20E101/SF1-204,CE20E101,SF1,204,,प्रभाग क्र.34 क मध्ये समर्थ पार्क परिसरात पावसाळी लाईन टाकणे,,1000000.0,"[(34, 'क')]",[34],1,34.0,क,,
2017-18,A_Capital_List,3082,CE20E101/SF1-205,CE20E101,SF1,205,,प्रभाग क्र.34 क मध्ये आनंदनगर परिसरात पावसाळी लाईन विषयक कामे करणे,,1000000.0,"[(34, 'क')]",[34],1,34.0,क,,
2017-18,A_Capital_List,3083,CE20E101/SF1-206,CE20E101,SF1,206,,प्रभाग क्र.34 क मध्ये विविध ठिकाणी पावसाळी लाईन विषयक कामे करणे,,1000000.0,"[(34, 'क')]",[34],1,34.0,क,,
2017-18,A_Capital_List,3084,CE20E101/SF1-207,CE20E101,SF1,207,,"प्रभाग क्र.34 ड, एकतानगरी परिसरामध्ये विविध ठिकाणी पावसाळी लाईन टाकणे",,1000000.0,"[(34, 'ड')]",[34],1,34.0,ड,,
2017-18,A_Capital_List,3085,CE20E101/SF1-208,CE20E101,SF1,208,,"प्रभाग क्र.34 ड, आनंदनगर परिसरामध्ये विविध ठिकाणी पावसाळी लाईन टाकणे",,1000000.0,"[(34, 'ड')]",[34],1,34.0,ड,,
2017-18,A_Capital_List,3086,CE20E101/SF1-209,CE20E101,SF1,209,,"प्रभाग क्र.34 ड, सन एम्पायर परिसरामध्ये विविध ठिकाणी पावसाळी लाईन टाकणे",,1000000.0,"[(34, 'ड')]",[34],1,34.0,ड,,
2017-18,A_Capital_List,3087,CE20E101/SF1-210,CE20E101,SF1,210,,"प्रभाग क्र.34 ड, भाऊसाहेब चरवडनगर परिसरामध्ये विविध ठिकाणी पावसाळी लाईन टाकणे.",,1000000.0,"[(34, 'ड')]",[34],1,34.0,ड,,
2017-18,A_Capital_List,3088,CE20E101/SF1-211,CE20E101,SF1,211,,"प्रभाग क्र.34 ड, शशितारा विहार परिसरामध्ये विविध ठिकाणी पावसाळी लाईन टाकणे.",,1000000.0,"[(34, 'ड')]",[34],1,34.0,ड,,
2017-18,A_Capital_List,3089,CE20E101/SF1-212,CE20E101,SF1,212,,"प्रभाग क्र.34 ड, सुंदर गार्डन, कुदळे पाटील टाऊनशिप परिसरामध्ये विविध ठिकाणी पावसाळी लाईन टाकणे.",,1000000.0,"[(34, 'ड')]",[34],1,34.0,ड,,
2017-18,A_Capital_List,3090,CE20E101/SF1-213,CE20E101,SF1,213,,"प्रभाग क्र.35 अ, विविध ठिकाणी पावसाळी लाईन टाकणे",,2000000.0,"[(35, 'अ')]",[35],1,35.0,अ,,
2017-18,A_Capital_List,3091,CE20E101/SF1-214,CE20E101,SF1,214,,"प्रभाग क्र.36 अ, मध्ये विविध ठिकाणी पावसाळी लाईन टाकणे",,1000000.0,"[(36, 'अ')]",[36],1,36.0,अ,,
2017-18,A_Capital_List,3092,CE20E101/SF1-215,CE20E101,SF1,215,,"प्रभाग क्र.36 क, मध्ये विविध ठिकाणी पावसाळी लाईन टाकणे.",,1000000.0,"[(36, 'क')]",[36],1,36.0,क,,
2017-18,A_Capital_List,3093,CE20E101/SF1-216,CE20E101,SF1,216,,"प्रभाग क्र.36 ड,मध्ये संगम सोसायटी परिसरातील पावसाळी लाईन टाकणे.",,1000000.0,"[(36, 'ड')]",[36],1,36.0,ड,,
2017-18,A_Capital_List,3094,CE20E101/SF1-217,CE20E101,SF1,217,,"प्रभाग क्र.37 अ, पावसाळी लाईनची तद्‌नुषंगिक कामे करणे.",,1000000.0,"[(37, 'अ')]",[37],1,37.0,अ,,
2017-18,A_Capital_List,3095,CE20E101/SF1-218,CE20E101,SF1,218,,"प्रभाग क्र.37 ब, जागडेनगर ते पुष्पम कॉलनी मेनरोड पावसाळी लाईन टाकणे",,1000000.0,"[(37, 'ब')]",[37],1,37.0,ब,,
2017-18,A_Capital_List,3096,CE20E101/SF1-219,CE20E101,SF1,219,,"प्रभाग क्र.37 ब, विविध ठिकाणी मेनरोड पावसाळी लाईन टाकणे",,1000000.0,"[(37, 'ब')]",[37],1,37.0,ब,,
2017-18,A_Capital_List,3097,CE20E101/SF1-220,CE20E101,SF1,220,,"प्रभाग क्र.38 अ, येथे पावसाळी लाईन साफसफाई करणे दुरूस्ती करणे.",,1000000.0,"[(38, 'अ')]",[38],1,38.0,अ,,
2017-18,A_Capital_List,3098,CE20E101/SF1-221,CE20E101,SF1,221,,"प्रभाग क्र.38 अ, विविध ठिकाणी स्ट्रॉम वॉटर लाईन टाकणे",,1000000.0,"[(38, 'अ')]",[38],1,38.0,अ,,
2017-18,A_Capital_List,3099,CE20E101/SF1-222,CE20E101,SF1,222,,"प्रभाग क्र.38 ब, शेलारमळा गुजरवस्ती परिसरात पावसाळी गटार टाकणे",,1000000.0,"[(38, 'ब')]",[38],1,38.0,ब,,
2017-18,A_Capital_List,3100,CE20E101/SF1-223,CE20E101,SF1,223,,"प्रभाग क्र.38 ब, राजस सोसायटी परिसरात पावसाळी गटार टाकणे",,1000000.0,"[(38, 'ब')]",[38],1,38.0,ब,,
2017-18,A_Capital_List,3101,CE20E101/SF1-224,CE20E101,SF1,224,,"प्रभाग क्र.38 ब, उत्कर्ष सोसायटी परिसरात जुने पावसाळी चेंबर काढून नवीन लाईन टाकणे",,1000000.0,"[(38, 'ब')]",[38],1,38.0,ब,,
2017-18,A_Capital_List,3102,CE20E101/SF1-225,CE20E101,SF1,225,,"प्रभाग क्र.38ड, मधील चिंतामणी हॉटेल मागील रस्त्यावर पावसाळी लाईन टाकणे",,1000000.0,"[(38, 'ड')]",[38],1,38.0,ड,,
2017-18,A_Capital_List,3103,CE20E101/SF1-226,CE20E101,SF1,226,,"प्रभाग क्र. 40अ, मध्ये संतोषनगर गल्ली क्र.7 येथे पावसाळी लाईन टाकणे",,500000.0,"[(40, 'अ')]",[40],1,40.0,अ,,
2017-18,A_Capital_List,3104,CE20E101/SF1-227,CE20E101,SF1,227,,"प्रभाग क्र. 40क, दत्तविहार सोसायटी ते धीरज इंजिनिअरींग रोड पावसाळी लाईन टाकणे व तद्‌नुषंगिक कामे करणे.",,1000000.0,"[(40, 'क')]",[40],1,40.0,क,,
2017-18,A_Capital_List,3105,CE20E101/SF1-228,CE20E101,SF1,228,,"प्रभाग क्र. 40ड, अंजलीनगर परिसरात पावसाळी लाईन टाकणे",,5000000.0,"[(40, 'ड')]",[40],1,40.0,ड,,
2017-18,A_Capital_List,3106,CE20E101/SF1-229,CE20E101,SF1,229,,"प्रभाग क्र. 40ड, कात्रज संतोषनगर एम.आय.टी.परिसरात स्ट्रॉम वॉटर लाईन टाकणे",,2000000.0,"[(40, 'ड')]",[40],1,40.0,ड,,
2017-18,A_Capital_List,3107,CE20E101/SF1-230,CE20E101,SF1,230,,"प्रभाग क्र. 40ड, मातोश्री मित्र मंडळ दत्तनगर गवळीवाडा येथे पावसाळी लाईन टाकणे",,2000000.0,"[(40, 'ड')]",[40],1,40.0,ड,,
2017-18,A_Capital_List,3108,CE20E101/SF1-231,CE20E101,SF1,231,,"प्रभाग क्र. 40ड, संतोषनगर अंजलीनगर अमोल बोबे यांच्या घराजवळ स्ट्रॉम वॉटर लाईन टाकणे.",,5000000.0,"[(40, 'ड')]",[40],1,40.0,ड,,
2017-18,A_Capital_List,3109,CE20E101/SF1-232,CE20E101,SF1,232,,"प्रभाग क्र. 41 अ, कोंढवा बु.गोकुळनगर कात्रज परिसरामध्ये विविध ठिकाणी पावसाळी लाईन टाकणे व रस्ते विकसित करणे.",,5000000.0,"[(41, 'अ')]",[41],1,41.0,अ,,
2017-18,A_Capital_List,3110,CE20E101/SF1-233,CE20E101,SF1,233,,"प्रभाग क्रं.10 मध्ये पावसाळी चेंबर्स दुरुस्ती व ड्रेनेज,पावसाळी लाईनची साफसफाई करणे",,1000000.0,"[(10, None)]",[10],1,10.0,,,
2017-18,A_Capital_List,3111,CE20E101/SF1-234,CE20E101,SF1,234,,प्रभाग क्रं.10 मध्ये भुसारी बावधन इ.ठिकाणी पावसाळी लाईन टाकणे,,1000000.0,"[(10, None)]",[10],1,10.0,,,
2017-18,A_Capital_List,3112,CE20E101/SF1-235,CE20E101,SF1,235,,प्रभाग क्रं.10 मध्ये विविध ठिकाणी पावसाळी लाईन टाकणे,,1000000.0,"[(10, None)]",[10],1,10.0,,,
2017-18,A_Capital_List,3113,CE20E101/SF1-236,CE20E101,SF1,236,,प्रभाग क्रं.12 कुमार परिसरामध्ये मधील पावसाळी लाईन साफ करणे व पावसाळी चेंबर्स दुरुस्ती करणे,,1000000.0,"[(12, 'क')]",[12],1,12.0,क,,
2017-18,A_Capital_List,3114,CE20E101/SF1-237,CE20E101,SF1,237,,"प्रभाग क्रं.12 कोथरुड गावठाण मधील पावसाळी लाईन साफ सफाई करणे, ड्रेनेज लाईन दुरुस्ती करणे व चेंबर्स दुरुस्ती करणे",,1000000.0,"[(12, 'क')]",[12],1,12.0,क,,
2018-19,A_Capital_List,3701,CE20E101/F1-11,CE20E101,F1,11,,"पुणे शहरातील वारंवार पूरसदृष्य परिस्थिती निर्माण होणाऱ्या ठिकाणी पावसाळी पाण्याचा निचरा करणेकरिता पावसाळी लाईन टाकणे, नाला सुधारणा कामे करणे, कल्व्हर्ट बांधणे व तद्‌नुषंगिक कामे करणे (टप्पा क्र.3)",,430000000.0,[],[],0,,,,
2018-19,A_Capital_List,3702,CE20E101/F1-12,CE20E101,F1,12,,"प्रकल्प व्यवस्थापन करणे, सल्लागार फी व तद्‌नुषंगिक कामे करणे (टप्पा क्र.3)",,20000000.0,[],[],0,,,,
2018-19,A_Capital_List,3703,CE20E101/F1-13,CE20E101,F1,13,,लोहगाव वाघोली रस्ता मनपा हददीपर्यंत डी.पी.प्रमाणे २४ मीटर रुंदीप्रमाणे ताब्यात घेवून दोन्ही बाजून पावसाळी लाईन टाकून रस्ता डांबरीकरण करणे,,30000000.0,[],[],0,,,,
2018-19,A_Capital_List,3707,CE20E101/F1-6,CE20E101,F1,6,,पुणे शहराचे स्ट्रॉम वॉटर ड्रेनेज प्रकल्पातील एकोणीस बेसीनमध्ये तातडीने करावयाची कामे (टप्पा क्र.2),,445000000.0,[],[],0,,,,
2018-19,A_Capital_List,3708,CE20E101/F1-7,CE20E101,F1,7,,"प्रकल्प व्यवस्थापन करणे, सल्लागार फी व तद्‌नुषंगिक कामे करणे (टप्पा क्र.2)",,5000000.0,[],[],0,,,,
2018-19,A_Capital_List,3719,CE20E101/SF1-301,CE20E101,SF1,301,,"प्रभाग क्र.1ब,मध्ये विश्रांतवाडी येथे विविध ठिकाणी पावसाळी लाईन टाकणे व दुरूस्ती करणे",,1000000.0,"[(1, 'ब')]",[1],1,1.0,ब,,
2018-19,A_Capital_List,3720,CE20E101/SF1-302,CE20E101,SF1,302,,"प्रभाग क्र.1ब,मध्ये धानोरी येथे पावसाळी लाईन टाकणे व दुरूस्ती करणे",,1000000.0,"[(1, 'ब')]",[1],1,1.0,ब,,
2018-19,A_Capital_List,3721,CE20E101/SF1-303,CE20E101,SF1,303,,"प्रभाग क्र.1ब,मध्ये कळस येथे पावसाळी लाईन टाकणे व दुरूस्ती करणे",,1000000.0,"[(1, 'ब')]",[1],1,1.0,ब,,
2018-19,A_Capital_List,3722,CE20E101/SF1-304,CE20E101,SF1,304,,"प्रभाग क्र.3 ब, मधील मोठया व्यासाची पावसाळी लाईन टाकणे व ओपन नाला जेटिंग मशीन व स्पायडर मशिनच्या सहाय्याने साफ करणे.",,1000000.0,"[(3, 'ब')]",[3],1,3.0,ब,,
2018-19,A_Capital_List,3723,CE20E101/SF1-305,CE20E101,SF1,305,,"प्रभाग क्र.5ड,मध्ये जेटींग मशीनच्या सहाय्याने स्पायडर मशीन स्क्रब मशीन सहाय्याने पावसाळी लाईन साफसफाई करणे व मजूर पुरविणे",,1000000.0,"[(5, 'ड')]",[5],1,5.0,ड,,
2018-19,A_Capital_List,3724,CE20E101/SF1-306,CE20E101,SF1,306,,"प्रभाग क्र.6क,मध्ये विविध ठिकाणच्या पावसाळी लाईन,मॅनहोल, चेंबर गाळ काढणे इ.कामे चॅम्पियन मशिन सक्शन मशिन व जेटिंग मशिनच्या सहाय्याने करणे.",,1000000.0,"[(6, 'क')]",[6],1,6.0,क,,
2018-19,A_Capital_List,3725,CE20E101/SF1-307,CE20E101,SF1,307,,"प्रभाग क्र.6क,मध्ये लक्ष्मीनगर, अशोकनगर,जयजवान नगर,मदर तेरेसा परिसरात पावसाळी लाईन मॅनहोल चेंबर गाळ काढणे इ.कामे चॅम्पियन मशिन सक्शन मशिन व जेटिंग मशिनच्या सहाय्याने करणे.",,1000000.0,"[(6, 'क')]",[6],1,6.0,क,,
2018-19,A_Capital_List,3726,CE20E101/SF1-308,CE20E101,SF1,308,,"प्रभाग क्र.7अ,मध्ये आर.सी.सी.पावसाळी झाकण बदलणे व दुरूस्ती करणे.",,1000000.0,"[(7, 'अ')]",[7],1,7.0,अ,,
2018-19,A_Capital_List,3727,CE20E101/SF1-309,CE20E101,SF1,309,,"प्रभाग क्र.8अ,मधील विविध ठिकाणी पावसाळी लाईन दुरूस्ती व साफसफाई करणे.",,1000000.0,"[(8, 'अ')]",[8],1,8.0,अ,,
2018-19,A_Capital_List,3728,CE20E101/SF1-310,CE20E101,SF1,310,,"प्रभाग क्र.8क, औंध बोपोडी परिसरामध्ये पावसाळी लाईन टाकणे",,1000000.0,"[(8, 'क')]",[8],1,8.0,क,,
2018-19,A_Capital_List,3729,CE20E101/SF1-311,CE20E101,SF1,311,,"प्रभाग क्र.8क,मध्ये औंध भागामध्ये विविध ठिकाणी पावसाळी लाईन टाकणे.",,1000000.0,"[(8, 'क')]",[8],1,8.0,क,,
2018-19,A_Capital_List,3730,CE20E101/SF1-312,CE20E101,SF1,312,,"प्रभाग क्र.10ब,हरीप्लाझा सोसायटी ते कृष्णलिला सोसायटी व महात्मा परिसर येथे पावसाळी लाईन टाकणे",,1000000.0,"[(10, 'ब')]",[10],1,10.0,ब,,
2018-19,A_Capital_List,3731,CE20E101/SF1-313,CE20E101,SF1,313,,"प्रभाग क्र.10ब,विविध ठिकाणी पावसाळी लाईन टाकणे",,1000000.0,"[(10, 'ब')]",[10],1,10.0,ब,,
2018-19,A_Capital_List,3732,CE20E101/SF1-314,CE20E101,SF1,314,,"प्रभाग क्र.10क,मध्ये मोकाटेनगर परिसरात पावसाळी लाईन टाकणे",,1000000.0,"[(10, 'क')]",[10],1,10.0,क,,
2018-19,A_Capital_List,3733,CE20E101/SF1-315,CE20E101,SF1,315,,"प्रभाग क्र.10क,मध्ये शांतीबन सोसायटी परिसरात पावसाळी लाईन टाकणे",,1000000.0,"[(10, 'क')]",[10],1,10.0,क,,
2018-19,A_Capital_List,3734,CE20E101/SF1-316,CE20E101,SF1,316,,"प्रभाग क्र.10क,मध्ये वृंदावन सोसायटी परिसरात पावसाळी लाईन टाकणे",,1000000.0,"[(10, 'क')]",[10],1,10.0,क,,
2018-19,A_Capital_List,3735,CE20E101/SF1-317,CE20E101,SF1,317,,"प्रभाग क्र.10ड,बावधन-कोथरूड डेपो अंतर्गत एकलव्य कॉलेज परिसरात पावसाळी लाईन टाकणे",,1000000.0,"[(10, 'ड')]",[10],1,10.0,ड,,
2018-19,A_Capital_List,3736,CE20E101/SF1-318,CE20E101,SF1,318,,प्रभाग क्र. 11 अ मध्ये सोसायट्या परिसरात विविध ठिकाणी मोठ्या व्यासाच्या पावसाळी लाईन टाकणे.,,1000000.0,"[(11, 'अ')]",[11],1,11.0,अ,,
2018-19,A_Capital_List,3737,CE20E101/SF1-319,CE20E101,SF1,319,,"प्रभाग क्र.11 ड,मध्ये विविध ठिकाणी तसेच सुतारदरा मुख्य रस्ता ते क्रांतीसेना कमान तसेच गल्ली क्र.9 व गल्ली क्र.14 येथील पावसाळी लाईन बदलणे.",,1000000.0,"[(11, 'ड')]",[11],1,11.0,ड,,
2018-19,A_Capital_List,3738,CE20E101/SF1-320,CE20E101,SF1,320,,"प्रभाग क्र.11 ड, येथे विविध ठिकाणी तसेच अनंतकृपा सोसायटी परिसरामध्ये पावसाळी लाईन टाकणे व सिमेंट कॉक्रीटीकरण करणे",,1000000.0,"[(11, 'ड')]",[11],1,11.0,ड,,
2018-19,A_Capital_List,3739,CE20E101/SF1-321,CE20E101,SF1,321,,"प्रभाग क्र.12 अ, स.नं.88 येथील पावसाळी लाईन दुरूस्ती करणे व साफसफाई करणे",,1000000.0,"[(12, 'अ')]",[12],1,12.0,अ,,
2018-19,A_Capital_List,3740,CE20E101/SF1-322,CE20E101,SF1,322,,"प्रभाग क्र.12 अ, कोथरूड गावठाण येथे नवीन पावसाळी लाईन टाकणे व साफसफाई करणे",,1000000.0,"[(12, 'अ')]",[12],1,12.0,अ,,
2018-19,A_Capital_List,3741,CE20E101/SF1-323,CE20E101,SF1,323,,"प्रभाग क्र.12 अ, तेजसनगर येथील पावसाळी लाईन देखभाल दुरूस्ती विषयक कामे करणे व नव्याने लाईन टाकणे",,1000000.0,"[(12, 'अ')]",[12],1,12.0,अ,,
2018-19,A_Capital_List,3742,CE20E101/SF1-324,CE20E101,SF1,324,,"प्रभाग क्र.12 अ, विविध ठिकाणी रस्त्यामधील खाली गेलेली पावसाळी चेंबर समपातळीवर उचलणे तसेच चेंबर कव्हर बदलणे",,1000000.0,"[(12, 'अ')]",[12],1,12.0,अ,,
2018-19,A_Capital_List,3743,CE20E101/SF1-325,CE20E101,SF1,325,,प्रभाग क्र. 12 ब मधील विविध ठिकाणच्या पावसाळी लाईन साफ करणे.,,1000000.0,"[(12, 'ब')]",[12],1,12.0,ब,,
2018-19,A_Capital_List,3744,CE20E101/SF1-326,CE20E101,SF1,326,,प्रभाग क्र. 13 ड मधील हॅपी कॉलनी लेन नं 1 ते कोकण एक्सप्रेस येथे पावसाळी गटार करणे.,,1000000.0,"[(13, 'ड')]",[13],1,13.0,ड,,
2018-19,A_Capital_List,3745,CE20E101/SF1-327,CE20E101,SF1,327,,प्रभाग क्र. 13 ड मधील विविध ठिकाणी पावसाळी गटारे बांधणे.,,1000000.0,"[(13, 'ड')]",[13],1,13.0,ड,,
2018-19,A_Capital_List,3746,CE20E101/SF1-328,CE20E101,SF1,328,,प्रभाग क्र. 14 अ मधील विविध ठिकाणी पावसाळी लाईन साफ सफाई करणे.,,1000000.0,"[(14, 'अ')]",[14],1,14.0,अ,,
2018-19,A_Capital_List,3747,CE20E101/SF1-329,CE20E101,SF1,329,,"प्रभाग क्र.14 ड, मध्ये विविध ठिकाणच्या पावसाळी लाईन दुरस्ती विषयक कामे करणे.",,500000.0,"[(14, 'ड')]",[14],1,14.0,ड,,
2018-19,A_Capital_List,3748,CE20E101/SF1-330,CE20E101,SF1,330,,"प्रभाग क्र.15अ,मध्ये नारायण पेठ व प्रभागात विविध ठिकाणी पावसाळी लाईन टाकणे व तद्नुषंगिक कामे करणे.",,1000000.0,"[(15, 'अ')]",[15],1,15.0,अ,,
2018-19,A_Capital_List,3749,CE20E101/SF1-331,CE20E101,SF1,331,,प्रभाग क्र. 15 ब मधील शनिवार पेठ मधील उभा शनिवार रस्ता येथे पावसाळी लाईन टाकणे व तदनुषंगिक कामे करणे.,,1000000.0,"[(15, 'ब')]",[15],1,15.0,ब,,
2018-19,A_Capital_List,3750,CE20E101/SF1-332,CE20E101,SF1,332,,प्रभाग क्र. 15 ब मधील बाजीराव रोड ते वाडीया हॉस्पिटल रस्ता येथे पावसाळी लाईन टाकणे व तदनुषंगिक कामे करणे.,,1000000.0,"[(15, 'ब')]",[15],1,15.0,ब,,
2018-19,A_Capital_List,3751,CE20E101/SF1-333,CE20E101,SF1,333,,प्रभाग क्र. 15 ब मधील पिकॉक हॉटेल ते वाडीया हॉस्पिटल दरम्यान पावसाळी लाईन टाकणे व तदनुषंगिक कामे करणे.,,1000000.0,"[(15, 'ब')]",[15],1,15.0,ब,,
2018-19,A_Capital_List,3752,CE20E101/SF1-334,CE20E101,SF1,334,,प्रभाग क्र. 15 ब मधील सेवा मित्र मंडळ ते चिंचेची तालीम दरम्यान व प्रभागात इतरत्र पावसाळी लाईन टाकणे.,,1000000.0,"[(15, 'ब')]",[15],1,15.0,ब,,
2018-19,A_Capital_List,3753,CE20E101/SF1-335,CE20E101,SF1,335,,प्रभाग क्र. 15 ब मधील सरस्वती विद्या मंदिर ते काळा हौद चौक दरम्यान पावसाळी लाईन टाकणे.,,1000000.0,"[(15, 'ब')]",[15],1,15.0,ब,,
2018-19,A_Capital_List,3754,CE20E101/SF1-336,CE20E101,SF1,336,,प्रभाग क्र. 15 ड मधील नारायण पेठ व प्रभागात विविध ठिकाणी पावसाळी लाईन टाकणे व तदनुषंगिक कामे करणे.,,1000000.0,"[(15, 'ड')]",[15],1,15.0,ड,,
2018-19,A_Capital_List,3755,CE20E101/SF1-337,CE20E101,SF1,337,,प्रभाग क्र. 16 अ मधील जावळे चौक ते श्रीकृष्ण चौक पावसाळी लाईन टाकणे.,,1000000.0,"[(16, 'अ')]",[16],1,16.0,अ,,
2018-19,A_Capital_List,3756,CE20E101/SF1-338,CE20E101,SF1,338,,प्रभाग क्र. 16 क मधील विविध ठिकाणी पावसाळी गटार बांधणे.,,1000000.0,"[(16, 'क')]",[16],1,16.0,क,,
2018-19,A_Capital_List,3757,CE20E101/SF1-339,CE20E101,SF1,339,,प्रभाग क्र. 16 क मधील दारुवाला पूल चौकीसमोर पावसाळी गटार बांधणे.,,200000.0,"[(16, 'क')]",[16],1,16.0,क,,
2018-19,A_Capital_List,3758,CE20E101/SF1-340,CE20E101,SF1,340,,"प्रभाग क्र. 16 क मधील 512 कसबा पेठ, कालभेरव मंदिराशेजारी बोलाट बसविणे, 413 ते 415 कसबा पेठ येथे फरशी बसविणे, दारुवाला पोलिस चौकी समोर पावसाळी गटार करणे.",,400000.0,"[(16, 'क')]",[16],1,16.0,क,,
2018-19,A_Capital_List,3759,CE20E101/SF1-341,CE20E101,SF1,341,,प्रभाग क्र. 17 अ मधील विविध ठिकाणी पावसाळी लाईन टाकणे.,,1000000.0,"[(17, 'अ')]",[17],1,17.0,अ,,
2018-19,A_Capital_List,3760,CE20E101/SF1-342,CE20E101,SF1,342,,प्रभाग क्र. 17 ब मधील स्वामी समर्थ मंदिर ते डावरे चौक परिसरात पावसाळी लाईन टाकणे.,,1000000.0,"[(17, 'ब')]",[17],1,17.0,ब,,
2018-19,A_Capital_List,3761,CE20E101/SF1-343,CE20E101,SF1,343,,प्रभाग क्र. 17 ब मधील तपकीर गल्ली व परिसरात पावसाळी लाईन टाकणे.,,1000000.0,"[(17, 'ब')]",[17],1,17.0,ब,,
2018-19,A_Capital_List,3762,CE20E101/SF1-344,CE20E101,SF1,344,,प्रभाग क्र. 17 ड मधील देवजीबाबा ते दगडी नागोबा पावसाळी लाईन टाकणे.,,1000000.0,"[(17, 'ड')]",[17],1,17.0,ड,,
2018-19,A_Capital_List,3763,CE20E101/SF1-345,CE20E101,SF1,345,,प्रभाग क्र. 18 ब मधील लोहिया नगर पोलिस चौकी ते जानाई मळा पर्यंतचा नवीन पावसाळी लाईन करणे व दुरुस्तीविषयक कामे करणे.,,1000000.0,"[(18, 'ब')]",[18],1,18.0,ब,,
2018-19,A_Capital_List,3764,CE20E101/SF1-346,CE20E101,SF1,346,,प्रभाग क्र. 18 ब मधील लहुजी वस्ताद चौक ते जानाई मळ्यापर्यंतचा नवीन पावसाळी लाईन करणे.,,1000000.0,"[(18, 'ब')]",[18],1,18.0,ब,,
2018-19,A_Capital_List,3765,CE20E101/SF1-347,CE20E101,SF1,347,,"प्रभाग क्र. 18 ब मधील रविवार पेठ, शुक्रवार पेठ परिसरात नवीन पावसाळी लाईन करणे.",,1000000.0,"[(18, 'ब')]",[18],1,18.0,ब,,
2018-19,A_Capital_List,3766,CE20E101/SF1-348,CE20E101,SF1,348,,प्रभाग क्र. 18 क मधील विविध ठिकाणी पावसाळी लाईन टाकणे किंवा दुरुस्ती करणे व कॉंक्रिट करणे व तदनुषंगिक कामे करणे.,,1500000.0,"[(18, 'क')]",[18],1,18.0,क,,
2018-19,A_Capital_List,3767,CE20E101/SF1-349,CE20E101,SF1,349,,प्रभाग क्र. 18 ड मधील पावसाळी लाईन विकसित करणे.,,1500000.0,"[(18, 'ड')]",[18],1,18.0,ड,,
2018-19,A_Capital_List,3768,CE20E101/SF1-350,CE20E101,SF1,350,,प्रभाग क्र. 18 ड मधील पानघंटी चौक ते राष्ट्रभूषण चौकापर्यंत पावसाळी लाईन टाकणे व लोखंडी चेंबर्स बसविणे.,,1500000.0,"[(18, 'ड')]",[18],1,18.0,ड,,
2018-19,A_Capital_List,3769,CE20E101/SF1-351,CE20E101,SF1,351,,प्रभाग क्र. 18 ड मधील सिंहराज मित्र मंडळ व शिवराज मित्र मंडळ येथे पावसाळी लाईन टाकणे व तदनुषंगिक कामे करणे.,,1500000.0,"[(18, 'ड')]",[18],1,18.0,ड,,
2018-19,A_Capital_List,3770,CE20E101/SF1-352,CE20E101,SF1,352,,प्रभाग क्र. 18 ड मधील टिंबर मार्केट परिसरामध्ये पावसाळी लाईन विकसित करणे.,,1000000.0,"[(18, 'ड')]",[18],1,18.0,ड,,
2018-19,A_Capital_List,3771,CE20E101/SF1-353,CE20E101,SF1,353,,प्रभाग क्र. 19 ब मधील विविध ठिकाणी पावसाळी लाईन टाकणे व इतर तदनुषंगिक कामे करणे.,,2000000.0,"[(19, 'ब')]",[19],1,19.0,ब,,
2018-19,A_Capital_List,3772,CE20E101/SF1-354,CE20E101,SF1,354,,प्रभाग क्र. 19 क मधील पावसाळी लोखंडी जाळी बदलणे.,,1000000.0,"[(19, 'क')]",[19],1,19.0,क,,
2018-19,A_Capital_List,3773,CE20E101/SF1-355,CE20E101,SF1,355,,"प्रभाग क्र. 20 अ मधील रास्ता पेठ, नाना पेठ, परिसरातील व विविध ठिकाणी पावसाळी लाईन चेंबर साफसफाई तसेच नाले स्पायडर मशिनच्या सहाय्याने करणे.",,1000000.0,"[(20, 'अ')]",[20],1,20.0,अ,,
2018-19,A_Capital_List,3774,CE20E101/SF1-356,CE20E101,SF1,356,,प्रभाग क्र. 20 ब मधील विविध ठिकाणी पावसाळी लाईन टाकणे.,,1000000.0,"[(20, 'ब')]",[20],1,20.0,ब,,
2018-19,A_Capital_List,3775,CE20E101/SF1-357,CE20E101,SF1,357,,प्रभाग क्र. 20 क मधील विविध ठिकाणी रस्ते विकसित करणे व पावसाळी लाईन टाकणे व तदनुषंगिक कामे करणे.,,1000000.0,"[(20, 'क')]",[20],1,20.0,क,,
2018-19,A_Capital_List,3776,CE20E101/SF1-358,CE20E101,SF1,358,,प्रभाग क्र. 20 डमध्ये प्रगतशील मंडळ ते मैफीलवाडा पर्यंत पावसाळी लाईन टाकणे.,,1000000.0,"[(20, 'ड')]",[20],1,20.0,ड,,
2018-19,A_Capital_List,3777,CE20E101/SF1-359,CE20E101,SF1,359,,प्रभाग क्र. 20 डमध्ये कै.तुकाराम शेठ शिंदे वाहनतळ ते ससून हॉस्पीटल पर्यंत पावसाळी लाईन टाकणे.,,1000000.0,"[(20, 'ड')]",[20],1,20.0,ड,,
2018-19,A_Capital_List,3778,CE20E101/SF1-360,CE20E101,SF1,360,,प्रभाग क्र. 20 ड सेंट्रल बिल्डींग ते हॉटेल वुडलॅंड पर्यंत पावसाळी लाईन टाकणे.,,1000000.0,"[(20, 'ड')]",[20],1,20.0,ड,,
2018-19,A_Capital_List,3779,CE20E101/SF1-361,CE20E101,SF1,361,,"प्रभाग क्र.22अ,पावसाळी लोखंडी जाळ्या बसविणे.",,1000000.0,"[(22, 'अ')]",[22],1,22.0,अ,,
2018-19,A_Capital_List,3780,CE20E101/SF1-362,CE20E101,SF1,362,,"प्रभाग क्र.27अ,विविध ठिकाणी पावसाळी लाईन साफसफाई व दुरूस्ती करणे",,1000000.0,"[(27, 'अ')]",[27],1,27.0,अ,,
2018-19,A_Capital_List,3781,CE20E101/SF1-363,CE20E101,SF1,363,,"प्रभाग क्र.27अ, स.नं.42,43,44,45 मध्ये नवीन पावसाळी लाईन टाकणे",,1000000.0,"[(27, 'अ')]",[27],1,27.0,अ,,
2018-19,A_Capital_List,3782,CE20E101/SF1-364,CE20E101,SF1,364,,"प्रभाग क्र.27क,मध्ये पावसाळी लाईन साफसफाई करणे.",,1000000.0,"[(27, 'क')]",[27],1,27.0,क,,
2018-19,A_Capital_List,3783,CE20E101/SF1-365,CE20E101,SF1,365,,"प्रभाग क्र.28ड,मध्ये अनिल अपार्टमेंट येथे पावसाळी लाईन टाकणे.",,1000000.0,"[(28, 'ड')]",[28],1,28.0,ड,,
2018-19,A_Capital_List,3784,CE20E101/SF1-366,CE20E101,SF1,366,,"प्रभाग क्र.29ब,विविध ठिकाणी पावसाळी लाईन टाकणे",,1000000.0,"[(29, 'ब')]",[29],1,29.0,ब,,
2018-19,A_Capital_List,3785,CE20E101/SF1-367,CE20E101,SF1,367,,"प्रभाग क्र.29ड, विविध ठिकाणी पावसाळी लाईन टाकणे",,1000000.0,"[(29, 'ड')]",[29],1,29.0,ड,,
2018-19,A_Capital_List,3786,CE20E101/SF1-368,CE20E101,SF1,368,,"प्रभाग क्र.30ब,श्रीकृष्ण मंडळ ते गल्ली क्र.108 पर्यंत पावसाळी लाईन टाकणे",,1000000.0,"[(30, 'ब')]",[30],1,30.0,ब,,
2018-19,A_Capital_List,3787,CE20E101/SF1-369,CE20E101,SF1,369,,"प्रभाग क्र.30ब,शंकर मंदिर परिसरात पावसाळी लाईन टाकणे",,1000000.0,"[(30, 'ब')]",[30],1,30.0,ब,,
2018-19,A_Capital_List,3788,CE20E101/SF1-370,CE20E101,SF1,370,,"प्रभाग क्र.30ब,आपला चौक ते गणेश मंडळ पावसाळी लाईन टाकणे",,1000000.0,"[(30, 'ब')]",[30],1,30.0,ब,,
2018-19,A_Capital_List,3789,CE20E101/SF1-371,CE20E101,SF1,371,,"प्रभाग क्र.30ब,गणेश मंडळ ते भाजी मंडई परिसरात पावसाळी लाईन टाकणे",,1000000.0,"[(30, 'ब')]",[30],1,30.0,ब,,
2018-19,A_Capital_List,3790,CE20E101/SF1-372,CE20E101,SF1,372,,"प्रभाग क्र.30ब,राममंदिर परिसरात पावसाचे पाण्यासाठी चैनेलिंग विषयक कामे करणे",,1000000.0,"[(30, 'ब')]",[30],1,30.0,ब,,
2018-19,A_Capital_List,3791,CE20E101/SF1-373,CE20E101,SF1,373,,"प्रभाग क्र.30ब,जनता वसाहत भाजी मंडई ते आपला चौक पावसाळी लाईन टाकणे",,2000000.0,"[(30, 'ब')]",[30],1,30.0,ब,,
2018-19,A_Capital_List,3792,CE20E101/SF1-374,CE20E101,SF1,374,,"प्रभाग क्र.30ड,जनता वसाहत-दत्तवाडी विविध ठिकाणी पावसाळी लाईन टाकणे.",,1000000.0,"[(30, 'ड')]",[30],1,30.0,ड,,
2018-19,A_Capital_List,3793,CE20E101/SF1-375,CE20E101,SF1,375,,प्रभाग क्र. 31 अ मधील विदिशा सोसायटी येथे पावसाळी लाईन टाकणे.,,2000000.0,"[(31, 'अ')]",[31],1,31.0,अ,,
2018-19,A_Capital_List,3794,CE20E101/SF1-376,CE20E101,SF1,376,,प्रभाग क्र. 31 क मधील विविध ठिकाणी पावसाळी लाईन टाकणे व सुधारणा करणे.,,1000000.0,"[(31, 'क')]",[31],1,31.0,क,,
2018-19,A_Capital_List,3795,CE20E101/SF1-377,CE20E101,SF1,377,,प्रभाग क्र. 31 क मधील पावसाळी ओढा साफ करणे व गाळ काढणे.,,1000000.0,"[(31, 'क')]",[31],1,31.0,क,,
2018-19,A_Capital_List,3796,CE20E101/SF1-378,CE20E101,SF1,378,,प्रभाग क्र. 31 ड मधील विविध ठिकाणी पावसाळी लाईन साफ करणे.,,2500000.0,"[(31, 'ड')]",[31],1,31.0,ड,,
2018-19,A_Capital_List,3797,CE20E101/SF1-379,CE20E101,SF1,379,,प्रभाग क्र. 32 अ मधील पॉप्युलरनगर येथे पावसाळी लाईन टाकणे.,,1500000.0,"[(32, 'अ')]",[32],1,32.0,अ,,
2018-19,A_Capital_List,3798,CE20E101/SF1-380,CE20E101,SF1,380,,प्रभाग क्र. 33 अ मधील वडगाव बु. गो-हे यांच्या घरापासून मातोश्री बंगल्यापर्यंत पावसाळी लाईन टाकणे.,,1500000.0,"[(33, 'अ')]",[33],1,33.0,अ,,
2018-19,A_Capital_List,3799,CE20E101/SF1-381,CE20E101,SF1,381,,"प्रभाग क्र. 33 अ मधील वडगाव बु. येथे विविध ठिकाणी विलास दांगट घर गावठाण परिसर, हैप्पी कॉलनी, जाधवनगर, विकासनगर, घुलेनगर, निवृत्ती नगर, हायवे परिसरात पावसाळी लाईन टाकणे, दुरुस्ती करणे, बदलणे.",,2500000.0,"[(33, 'अ')]",[33],1,33.0,अ,,
2018-19,A_Capital_List,3800,CE20E101/SF1-382,CE20E101,SF1,382,,प्रभाग क्र. 33 अ मधील सुवासिनी मंगल कार्यालय परिसरात पावसाळी लाईन टाकणे.,,1500000.0,"[(33, 'अ')]",[33],1,33.0,अ,,
2018-19,A_Capital_List,3801,CE20E101/SF1-383,CE20E101,SF1,383,,प्रभाग क्र. 34 अ मधील पावसाळी लाईनची दुरुस्ती करणे व चेंबर बदलणे.,,1000000.0,"[(34, 'अ')]",[34],1,34.0,अ,,
2018-19,A_Capital_List,3802,CE20E101/SF1-384,CE20E101,SF1,384,,"प्रभाग क्र. 34 अ मधील माणिकबाग, आनंदनगर परिसरात पावसाळी लाईन टाकणे.",,1000000.0,"[(34, 'अ')]",[34],1,34.0,अ,,
2018-19,A_Capital_List,3803,CE20E101/SF1-385,CE20E101,SF1,385,,"प्रभाग क्र.34क,मध्ये विविध ठिकाणी पावसाळी गटारे व तद्नुषंगिक कामे करणे.",,1000000.0,"[(34, 'क')]",[34],1,34.0,क,,
2018-19,A_Capital_List,3804,CE20E101/SF1-386,CE20E101,SF1,386,,"प्रभाग क्र.34क,मध्ये पितृछाया बंगला व आनंदविहार परिसरात पावसाळी गटार व तद्नुषंगिक कामे करणे.",,1000000.0,"[(34, 'क')]",[34],1,34.0,क,,
2018-19,A_Capital_List,3805,CE20E101/SF1-387,CE20E101,SF1,387,,"प्रभाग क्र.34क,मध्ये आनंदनगर परिसरात पावसाळी लाईन विकसित करणे.",,1000000.0,"[(34, 'क')]",[34],1,34.0,क,,
2018-19,A_Capital_List,3806,CE20E101/SF1-388,CE20E101,SF1,388,,प्रभाग क्र. 36 अ मधील विविध ठिकाणी पावसाळी लाईन टाकणे.,,2000000.0,"[(36, 'अ')]",[36],1,36.0,अ,,
2018-19,A_Capital_List,3807,CE20E101/SF1-389,CE20E101,SF1,389,,प्रभाग क्र. 36 अ मधील विविध ठिकाणी पावसाळी लाईन टाकणे.,,1000000.0,"[(36, 'अ')]",[36],1,36.0,अ,,
2018-19,A_Capital_List,3808,CE20E101/SF1-390,CE20E101,SF1,390,,प्रभाग क्र. 38 अ मधील झांबरे वस्ती येथे पावसाळी गटार टाकणे.,,1000000.0,"[(38, 'अ')]",[38],1,38.0,अ,,
2018-19,A_Capital_List,3809,CE20E101/SF1-391,CE20E101,SF1,391,,प्रभाग क्र. 38 अ मधील विविध ठिकाणी स्ट्रॉम वॉटर लाईन टाकणे.,,3000000.0,"[(38, 'अ')]",[38],1,38.0,अ,,
2018-19,A_Capital_List,3810,CE20E101/SF1-392,CE20E101,SF1,392,,"प्रभाग क्र.38ब,राजेश सोसायटी परिसरात पावसाळी लाईन टाकणे",,1000000.0,"[(38, 'ब')]",[38],1,38.0,ब,,
2018-19,A_Capital_List,3811,CE20E101/SF1-393,CE20E101,SF1,393,,"प्रभाग क्र.38ब,उत्कर्ष सोसायटी मधील पावसाळी गटार दुरूस्ती करणे",,1000000.0,"[(38, 'ब')]",[38],1,38.0,ब,,
2018-19,A_Capital_List,3812,CE20E101/SF1-394,CE20E101,SF1,394,,"प्रभाग क्र.38क,सुखसागर भाग 1 अंबामाता चौक व विविध ठिकाणी पावसाळी गटार लाईन टाकणे",,1000000.0,"[(38, 'क')]",[38],1,38.0,क,,
2018-19,A_Capital_List,3813,CE20E101/SF1-395,CE20E101,SF1,395,,"प्रभाग क्र.38क,जोगेश्वरी नगर व विविध ठिकाणी पावसाळी गटार लाईन टाकणे",,1000000.0,"[(38, 'क')]",[38],1,38.0,क,,
2018-19,A_Capital_List,3814,CE20E101/SF1-396,CE20E101,SF1,396,,"प्रभाग क्र.38क,वाघजाई नगर व विविध ठिकाणी पावसाळी गटार लाईन टाकणे",,1000000.0,"[(38, 'क')]",[38],1,38.0,क,,
2018-19,A_Capital_List,3815,CE20E101/SF1-397,CE20E101,SF1,397,,"प्रभाग क्र.38क,उत्कर्ष सोसायटी परीसरामध्ये पावसाळी लाईन साफ करणे व पावसाळई चेंबर दुरूस्ती करणे",,1000000.0,"[(38, 'क')]",[38],1,38.0,क,,
2018-19,A_Capital_List,3816,CE20E101/SF1-398,CE20E101,SF1,398,,"प्रभाग क्र.40अ,मध्ये संतोषनगर परिसरात पावसाळी लाईन टाकणे",,1000000.0,"[(40, 'अ')]",[40],1,40.0,अ,,
2018-19,A_Capital_List,3817,CE20E101/SF1-399,CE20E101,SF1,399,,"प्रभाग क्र.40अ,मध्ये चंद्रभागानगर परिसरात पावसाळी लाईन टाकणे",,1000000.0,"[(40, 'अ')]",[40],1,40.0,अ,,
2018-19,A_Capital_List,3818,CE20E101/SF1-400,CE20E101,SF1,400,,"प्रभाग क्र.40अ,मध्ये दत्तनगर परिसरात पावसाळी लाईन टाकणे",,1000000.0,"[(40, 'अ')]",[40],1,40.0,अ,,
2018-19,A_Capital_List,3819,CE20E101/SF1-401,CE20E101,SF1,401,,"प्रभाग क्र.40अ,मध्ये आगम मंदिर परिसरात पावसाळी लाईन टाकणे",,1000000.0,"[(40, 'अ')]",[40],1,40.0,अ,,
2018-19,A_Capital_List,3820,CE20E101/SF1-402,CE20E101,SF1,402,,प्रभाग क्र.40 क मध्ये विविध ठिकाणी पावसाळी लाईन टाकणे व तदनुषंगिक कामे करणे.,,1000000.0,"[(40, 'क')]",[40],1,40.0,क,,
2018-19,A_Capital_List,3821,CE20E101/SF1-403,CE20E101,SF1,403,,प्रभाग क्र.40 ड मधील भारती विद्यापीठ जिजामाता चौक येथे पावसाळी लाईन टाकणे.,,1000000.0,"[(40, 'ड')]",[40],1,40.0,ड,,
2018-19,A_Capital_List,3822,CE20E101/SF1-404,CE20E101,SF1,404,,प्रभाग क्र. 41 अ मधील विविध ठिकाणी पावसाळी लाईन टाकणे,,3000000.0,"[(41, 'अ')]",[41],1,41.0,अ,,
2018-19,A_Capital_List,3823,CE20E101/SF1-405,CE20E101,SF1,405,,"प्रभाग क्र.41ब, कोंढवा बु.परिसरातील गोकुळनगर, साईनगर, लक्ष्मीनगर,काकडेवस्ती स.नं.5,6 व येवलेवाडी परिसरात पावसाळी लाईन टाकणे",,1000000.0,"[(41, 'ब')]",[41],1,41.0,ब,,
2018-19,A_Capital_List,3824,CE20E101/SF1-406,CE20E101,SF1,406,,प्रभाग क्र. 41 क मधील विविध ठिकाणी पावसाळी लाईन टाकणे.,,3000000.0,"[(41, 'क')]",[41],1,41.0,क,,
2018-19,A_Capital_List,3825,CE20E101/SF1-407,CE20E101,SF1,407,,"प्र.क्र.16, (स्विकृत सदस्य) सोमवार पेठ ड्रेनेज दुरूस्ती चेंबर दुरूस्ती पावसाळी लाईन दुरूस्ती व तद्नुषंगिक कामे करणे (भाग 1)",,1000000.0,"[(16, None)]",[16],1,16.0,,,
2018-19,A_Capital_List,3826,CE20E101/SF1-408,CE20E101,SF1,408,,"प्र.क्र.16, (स्विकृत सदस्य) सोमवार पेठ ड्रेनेज दुरूस्ती चेंबर दुरूस्ती पावसाळी लाईन दुरूस्ती व तद्नुषंगिक कामे करणे (भाग 2)",,1000000.0,"[(16, None)]",[16],1,16.0,,,
2018-19,A_Capital_List,3827,CE20E101/SF1-409,CE20E101,SF1,409,,प्रभाग क्र. 38 ड मधील चिंतामणी हॉटेलमागे पावसाळी लाईन टाकणे.,,1000000.0,"[(38, 'ड')]",[38],1,38.0,ड,,
2018-19,A_Capital_List,3828,CE20E101/SF1-410,CE20E101,SF1,410,,प्रभाग क्र. 12 ड मधील कोथरुड गावठाण परिसरातील पावसाळी लाईन विषयक कामे करणे.,,1000000.0,"[(12, 'ड')]",[12],1,12.0,ड,,
2018-19,A_Capital_List,3829,CE20E101/SF1-411,CE20E101,SF1,411,,प्रभाग क्र. 12 ड मधील शास्त्रीनगर परिसरातील पावसाळी लाईन विषयक कामे करणे.,,1000000.0,"[(12, 'ड')]",[12],1,12.0,ड,,
2018-19,A_Capital_List,3830,CE20E101/SF1-412,CE20E101,SF1,412,,प्रभाग क्र. 12 ड मधील गुजरात कॉलनी परिसरातील पावसाळी लाईन विषयक कामे करणे.,,1000000.0,"[(12, 'ड')]",[12],1,12.0,ड,,
2018-19,A_Capital_List,3831,CE20E101/SF1-413,CE20E101,SF1,413,,रविवार पेठ येथील श्री सत्यनारायण मंदिर ते लोणारआळी येथे पावसाळी लाईन टाकणे,,1000000.0,[],[],0,,,,
2018-19,A_Capital_List,3832,CE20E101/SF1-414,CE20E101,SF1,414,,प्रभाग क्र.18 मध्ये पावसाळी लाईन व तद्नुषंगिक कामे करणे,,500000.0,"[(18, None)]",[18],1,18.0,,,
2019-20,A_Capital_List,3610,CE20E101/F1-11,CE20E101,F1,11,,"पुणे शहरातील वारंवार पूरसदृष्य परिस्थिती निर्माण होणाऱ्या ठिकाणी पावसाळी पाण्याचा निचरा करणेकरिता पावसाळी लाईन टाकणे, नाला सुधारणा कामे करणे, कल्व्हर्ट बांधणे व तद्‌नुषंगिक कामे करणे (टप्पा क्र.3)",,280000000.0,[],[],0,,,,
2019-20,A_Capital_List,3621,CE20E101/SF1-501,CE20E101,SF1,501,,"प्रभाग क्र.3क, मधील विविध परिसरामध्ये पावसाळी लाईन टाकणे",,1000000.0,"[(3, 'क')]",[3],1,3.0,क,,
2019-20,A_Capital_List,3622,CE20E101/SF1-502,CE20E101,SF1,502,,"प्रभाग क्र.३ ड त्रिदलनगर,शांतिरक्षक ते नगररोड पर्यंतच्या पावसाळी नाल्याची दुरुस्ती करणे.",,2000000.0,"[(3, 'ड')]",[3],1,3.0,ड,,
2019-20,A_Capital_List,3623,CE20E101/SF1-503,CE20E101,SF1,503,,"प्रभाग क्र.३ड संजयपार्क,त्रिदलनगर,शांतिरक्षक ते नगररोड पावसाळी नाल्याची दुरुस्ती करणे.",,1000000.0,"[(3, 'ड')]",[3],1,3.0,ड,,
2019-20,A_Capital_List,3624,CE20E101/SF1-504,CE20E101,SF1,504,,प्रभाग क्र.४ब श्रीराम नगर येथे पावसाळी लाईन टाकणे.,,1000000.0,"[(4, 'ब')]",[4],1,4.0,ब,,
2019-20,A_Capital_List,3625,CE20E101/SF1-505,CE20E101,SF1,505,,प्रभाग क्र.६ क मध्ये अहुरा वाईन्स ते गुंजन चौकापर्यत पावसाळी लाईन टाकणे,,1000000.0,"[(6, 'क')]",[6],1,6.0,क,,
2019-20,A_Capital_List,3626,CE20E101/SF1-506,CE20E101,SF1,506,,प्रभाग क्र. ७ ब मध्ये ९० ते ९५ गोखलेनगर चाळीत पावसाळी लाईन टाकणे,,1000000.0,"[(7, 'ब')]",[7],1,7.0,ब,,
2019-20,A_Capital_List,3627,CE20E101/SF1-507,CE20E101,SF1,507,,"प्रभाग क्र.7क,मध्ये विविध ठिकाणी पावसाळी लाईन टाकणे",,1000000.0,"[(7, 'क')]",[7],1,7.0,क,,
2019-20,A_Capital_List,3628,CE20E101/SF1-508,CE20E101,SF1,508,,"प्रभाग क्र.10अ,मधील कोथरूड डेपो परिसर व इतरत्र नवीन पावसाळी लाईन टाकणे व साफसफाई करणे.",,500000.0,"[(10, 'अ')]",[10],1,10.0,अ,,
2019-20,A_Capital_List,3629,CE20E101/SF1-509,CE20E101,SF1,509,,"प्रभाग क्र.10अ,एकलव्य कॉलेज परिसरात पावसाळी लाईन टाकणे",,1000000.0,"[(10, 'अ')]",[10],1,10.0,अ,,
2019-20,A_Capital_List,3630,CE20E101/SF1-510,CE20E101,SF1,510,,"प्रभाग क्र.10अ,मध्ये महात्मा सोसायटी परिसर व इतरत्र पावसाळी लाईन टाकणे",,1000000.0,"[(10, 'अ')]",[10],1,10.0,अ,,
2019-20,A_Capital_List,3631,CE20E101/SF1-511,CE20E101,SF1,511,,"प्रभाग क्र.10ब,मध्ये विविध ठिकाणी पावसाळी लाईन टाकणे",,1000000.0,"[(10, 'ब')]",[10],1,10.0,ब,,
2019-20,A_Capital_List,3632,CE20E101/SF1-512,CE20E101,SF1,512,,"प्रभाग क्र.10क,मधील शास्त्रीनगर व प्रभागात विविध ठिकाणी पावसाळी लाईन टाकणे",,1000000.0,"[(10, 'क')]",[10],1,10.0,क,,
2019-20,A_Capital_List,3633,CE20E101/SF1-513,CE20E101,SF1,513,,"प्रभाग क्र.10ड, बावधन-कोथरूड डेपो अंतर्गत प्रभागातील विविध ठिकाणचे पावसाळी चेंबर साफसफाई करणे.",,1000000.0,"[(10, 'ड')]",[10],1,10.0,ड,,
2019-20,A_Capital_List,3634,CE20E101/SF1-514,CE20E101,SF1,514,,"प्रभाग क्र.11अ,मध्ये सोसायटया परिसरात विविध ठिकाणी मोठ्या व्यासाच्या पावसाळी लाईन टाकणे.",,1000000.0,"[(11, 'अ')]",[11],1,11.0,अ,,
2019-20,A_Capital_List,3635,CE20E101/SF1-515,CE20E101,SF1,515,,"प्रभाग क्र.11क,जयभवानीनगर येथे पावसाळी लाईन दुरूस्ती विषयक कामे करणे.",,1000000.0,"[(11, 'क')]",[11],1,11.0,क,,
2019-20,A_Capital_List,3636,CE20E101/SF1-516,CE20E101,SF1,516,,"प्रभाग क्र.11क,साम्राज्य पेठकर व सुतारदरा परिसरातील पावसाळी लाईन दुरूस्ती विषय़क कामे करणे.",,1000000.0,"[(11, 'क')]",[11],1,11.0,क,,
2019-20,A_Capital_List,3637,CE20E101/SF1-517,CE20E101,SF1,517,,"प्रभाग क्र.11क,मधील विविध ठिकाणी पावसाळी लाईन टाकणे",,1000000.0,"[(11, 'क')]",[11],1,11.0,क,,
2019-20,A_Capital_List,3638,CE20E101/SF1-518,CE20E101,SF1,518,,"प्रभाग क्र.11ड,येथे विविध ठिकाणी तसेच अनंतकृपा सोसायटी परिसरामध्ये पावसाळी लाईन टाकणे व सिमेंट कॉक्रीटीकऱण कऱणे.",,1000000.0,"[(11, 'ड')]",[11],1,11.0,ड,,
2019-20,A_Capital_List,3639,CE20E101/SF1-519,CE20E101,SF1,519,,प्रभाग क्र. 12 अ मधील विविध ठिकाणी रस्त्यामधील खाली गेलेली पावसाळी चेंबर समपातळीत उचलणे व चेंबर कव्हर बदलणे.,,1000000.0,"[(12, 'अ')]",[12],1,12.0,अ,,
2019-20,A_Capital_List,3640,CE20E101/SF1-520,CE20E101,SF1,520,,"प्रभाग क्र. 12 अ मधील गजरात कॉलनी येथील पावसाळी लाईन दुरुस्त करणे, व साफसफाई करणे.",,1000000.0,"[(12, 'अ')]",[12],1,12.0,अ,,
2019-20,A_Capital_List,3641,CE20E101/SF1-521,CE20E101,SF1,521,,प्रभाग क्र. 12 अ मधील विविध ठिकाणी पावसाळी लाईन दुरुस्त करणे व साफसफाई करणे.,,1000000.0,"[(12, 'अ')]",[12],1,12.0,अ,,
2019-20,A_Capital_List,3642,CE20E101/SF1-522,CE20E101,SF1,522,,"प्रभाग क्र.13अ,मध्ये विविध ठिकाणी पावसाळी लाईन टाकणे व चेंबर दुरूस्ती कामे करणे",,1000000.0,"[(13, 'अ')]",[13],1,13.0,अ,,
2019-20,A_Capital_List,3643,CE20E101/SF1-523,CE20E101,SF1,523,,"प्रभाग क्र.13क,मध्ये विविध ठिकाणी पावसाळी लाईन टाकणे.",,1000000.0,"[(13, 'क')]",[13],1,13.0,क,,
2019-20,A_Capital_List,3644,CE20E101/SF1-524,CE20E101,SF1,524,,प्रभाग क्र. १४ अ मध्ये विविध ठिकाणी पावसाळी लाईन साफसफाई करणे .,,1000000.0,"[(14, 'अ')]",[14],1,14.0,अ,,
2019-20,A_Capital_List,3645,CE20E101/SF1-525,CE20E101,SF1,525,,"प्रभाग क्र.15ब,मधील सुभाषनगर पिकॉक हॉटेल ते वाडीया हॉस्पीटल येथे पावसाळी लाईन टाकणे व तदनुषंगिक कामे करणे",,1000000.0,"[(15, 'ब')]",[15],1,15.0,ब,,
2019-20,A_Capital_List,3646,CE20E101/SF1-526,CE20E101,SF1,526,,"प्रभाग क्र.15ब,मधील हिराबाग चौक ते पासलकर चौक दरम्यान पावसाळी लाईन टाकणे",,1000000.0,"[(15, 'ब')]",[15],1,15.0,ब,,
2019-20,A_Capital_List,3647,CE20E101/SF1-527,CE20E101,SF1,527,,"प्रभाग क्र.15ब,मध्ये टिळक रोड व सुभाषऩगर येथे पावसाळी लाईन टाकणे व तदनुषंगिक कामे करणे",,1000000.0,"[(15, 'ब')]",[15],1,15.0,ब,,
2019-20,A_Capital_List,3648,CE20E101/SF1-528,CE20E101,SF1,528,,"प्रभाग क्र.15ड,मध्ये सदाशिव पेठ परिसरात व प्रभागात इतरत्र पावसाळी लाईन टाकणे व तदनुषंगिक कामे करणे.",,1000000.0,"[(15, 'ड')]",[15],1,15.0,ड,,
2019-20,A_Capital_List,3649,CE20E101/SF1-529,CE20E101,SF1,529,,"प्रभाग क्र.15ड,मध्ये नारायण पेठ परिसरात व प्रभागात इतरत्र पावसाळी लाईन टाकणे व तदनुषंगिक कामे करणे.",,1000000.0,"[(15, 'ड')]",[15],1,15.0,ड,,
2019-20,A_Capital_List,3650,CE20E101/SF1-530,CE20E101,SF1,530,,"प्रभाग क्र.15ड,मध्ये बुधवार पेठ परिसरात व प्रभागात इतरत्र पावसाळी लाईन टाकणे व तदनुषंगिक कामे करणे.",,1000000.0,"[(15, 'ड')]",[15],1,15.0,ड,,
2019-20,A_Capital_List,3651,CE20E101/SF1-531,CE20E101,SF1,531,,"प्रभाग क्र.15ड,मध्ये शनिवार पेठ परिसरात व प्रभागात इतरत्र पावसाळी लाईन टाकणे व तदनुषंगिक कामे करणे.",,1000000.0,"[(15, 'ड')]",[15],1,15.0,ड,,
2019-20,A_Capital_List,3652,CE20E101/SF1-532,CE20E101,SF1,532,,"प्रभाग क्र.15ड,मध्ये शुक्रवार पेठ परिसरात व प्रभागात इतरत्र पावसाळी लाईन टाकणे व तदनुषंगिक कामे करणे.",,1000000.0,"[(15, 'ड')]",[15],1,15.0,ड,,
2019-20,A_Capital_List,3653,CE20E101/SF1-533,CE20E101,SF1,533,,"प्रभाग क्र. 16 अ मंगळवार पेठ पारगे चौक ते श्रीकृष्ण चौक, श्रमिकनगर येथे पावसाळी लाईन टाकणे.",,1000000.0,"[(16, 'अ')]",[16],1,16.0,अ,,
2019-20,A_Capital_List,3654,CE20E101/SF1-534,CE20E101,SF1,534,,प्रभाग क्र.16 ड येथे विविध ठिकाणी पावसाळी लाईन टाकणे व तदनुषंगिक कामे करणे.,,1000000.0,"[(16, 'ड')]",[16],1,16.0,ड,,
2019-20,A_Capital_List,3655,CE20E101/SF1-535,CE20E101,SF1,535,,"प्रभाग क्र.१७अ, मध्ये विविध ठिकाणी पावसाळी लाईनीचे विविध विकास कामे करणे.",,1000000.0,"[(17, 'अ')]",[17],1,17.0,अ,,
2019-20,A_Capital_List,3656,CE20E101/SF1-536,CE20E101,SF1,536,,प्रभाग क्र. 17 ब मधील पावसाळी लाईन दुरुस्त करणे,,1000000.0,"[(17, 'ब')]",[17],1,17.0,ब,,
2019-20,A_Capital_List,3657,CE20E101/SF1-537,CE20E101,SF1,537,,प्रभाग क्र. 17 ब मधील रामोशी गेट ते 213 भवानी पेठ या ठिकाणी पावसाळी लाईन टाकणे,,1000000.0,"[(17, 'ब')]",[17],1,17.0,ब,,
2019-20,A_Capital_List,3658,CE20E101/SF1-538,CE20E101,SF1,538,,प्रभाग क्र. 17 ब मधील 213 ते 202 भवानी पेठ या ठिकाणी पावसाळी लाईन टाकणे,,1000000.0,"[(17, 'ब')]",[17],1,17.0,ब,,
2019-20,A_Capital_List,3659,CE20E101/SF1-539,CE20E101,SF1,539,,प्रभाग क्र. 17 ब मधील 202 ते 190 भवानी पेठ या ठिकाणी पावसाळी लाईन टाकणे,,1000000.0,"[(17, 'ब')]",[17],1,17.0,ब,,
2019-20,A_Capital_List,3660,CE20E101/SF1-540,CE20E101,SF1,540,,"प्रभाग क्र.१७ क, मध्ये विविध ठिकाणी पावसाळी लाईन व तद्‌नुषंगीक कामे करणे.",,1000000.0,"[(17, 'क')]",[17],1,17.0,क,,
2019-20,A_Capital_List,3661,CE20E101/SF1-541,CE20E101,SF1,541,,"प्रभाग क्र.18अ,संपूर्ण टिंबर मार्केट परिसरात पावसाळी लाईन टाकणे",,1000000.0,"[(18, 'अ')]",[18],1,18.0,अ,,
2019-20,A_Capital_List,3662,CE20E101/SF1-542,CE20E101,SF1,542,,"प्रभाग क्र.18क,मधील सिंहगड गॅरेज चौक ते 180 वसाहतीपर्यंत रस्ता पावसाळी व ड्रेनेज लाईन टाकून संपूर्ण रस्ता विकसित करणे.",,5000000.0,"[(18, 'क')]",[18],1,18.0,क,,
2019-20,A_Capital_List,3663,CE20E101/SF1-543,CE20E101,SF1,543,,"प्रभाग क्र. 18 ड मध्ये गुरुवार पेठ, कस्तुरी चौक,प्रभाग क्र. 18 ड गंजपेठ परिसरामध्ये पावसाळी लाईन साफसफाई करणे.",,1000000.0,"[(18, 'ड'), (18, 'ड')]",[18],1,18.0,ड,,
2019-20,A_Capital_List,3664,CE20E101/SF1-544,CE20E101,SF1,544,,"प्रभाग क्र. 18 ड मध्ये शुक्रवार पेठ, शिवाजी रोड, स्वारगेट लाईन परिसर,प्रभाग क्र. 18 ड खडकमाळ आळी परिसरामध्ये पावसाळी साफसफाई करणे.",,1000000.0,"[(18, 'ड'), (18, 'ड')]",[18],1,18.0,ड,,
2019-20,A_Capital_List,3665,CE20E101/SF1-545,CE20E101,SF1,545,,प्रभाग क्र. 18 ड मध्ये विविध ठिकाणी पावसाळी लाईन साफसफाई करणे.,,1000000.0,"[(18, 'ड')]",[18],1,18.0,ड,,
2019-20,A_Capital_List,3666,CE20E101/SF1-546,CE20E101,SF1,546,,प्रभाग क्र. 18 ड मध्ये विविध ठिकाणी पावसाळी लाईन टाकणे.,,1000000.0,"[(18, 'ड')]",[18],1,18.0,ड,,
2019-20,A_Capital_List,3667,CE20E101/SF1-547,CE20E101,SF1,547,,प्रभाग क्र.१९ ब लोहियानगर व काशिवाडी परिसरातील पावसाळी लाईन दुरुस्ती व गाळ काढणे,,1000000.0,"[(19, 'ब')]",[19],1,19.0,ब,,
2019-20,A_Capital_List,3668,CE20E101/SF1-548,CE20E101,SF1,548,,प्रभाग क्र.१९ ब हरकानगर व चुडामण तालिम परिसरातील पावसाळी लाईन दुरुस्ती व गाळ काढणे.,,1000000.0,"[(19, 'ब')]",[19],1,19.0,ब,,
2019-20,A_Capital_List,3669,CE20E101/SF1-549,CE20E101,SF1,549,,प्रभाग क्र.१९ ब भवानी पेठ परिसरातील पावसाळी लाईन दुरुस्ती व गाळ काढणे. इतर तदनुषंगिक कामे करणे.,,1000000.0,"[(19, 'ब')]",[19],1,19.0,ब,,
2019-20,A_Capital_List,3670,CE20E101/SF1-550,CE20E101,SF1,550,,प्रभाग क्र.१९ ब एकबोटे कॅालनी परिसरातील पावसाळी लाईन दुरुस्ती व गाळ काढण इतर तदनुषंगिक कामे करणे. इतर तदनुषंगिक कामे करणे.,,1000000.0,"[(19, 'ब')]",[19],1,19.0,ब,,
2019-20,A_Capital_List,3671,CE20E101/SF1-551,CE20E101,SF1,551,,प्रभाग क्र १९ क मध्ये पावसाळी लाईन दुरुस्ती विषयक कामे करणे,,1000000.0,"[(19, 'क')]",[19],1,19.0,क,,
2019-20,A_Capital_List,3672,CE20E101/SF1-552,CE20E101,SF1,552,,प्रभाग क्र १९ क विविध ठिकाणी पावसाळी जाळी बसविणे,,500000.0,"[(19, 'क')]",[19],1,19.0,क,,
2019-20,A_Capital_List,3673,CE20E101/SF1-553,CE20E101,SF1,553,,"प्रभाग क्र. १९ ड, मध्ये पी.एम.सी. कॉलनी क्र १० येथे पावसाळी लाईन टाकणे",,1000000.0,"[(19, 'ड')]",[19],1,19.0,ड,,
2019-20,A_Capital_List,3674,CE20E101/SF1-554,CE20E101,SF1,554,,"प्रभाग क्र. १९ ड, मध्ये जुना मोटार स्टँड ते धम्मा पाल पर्यत पावसाळी लाईन टाकणे",,1000000.0,"[(19, 'ड')]",[19],1,19.0,ड,,
2019-20,A_Capital_List,3675,CE20E101/SF1-555,CE20E101,SF1,555,,"प्रभाग क्र.२० अ मध्ये नानापेठ, मंगळवार पेठ राजेवाडी येथे विविध ठिकाणी पावसाळी लाईन टाकणे.",,1000000.0,"[(20, 'अ')]",[20],1,20.0,अ,,
2019-20,A_Capital_List,3676,CE20E101/SF1-556,CE20E101,SF1,556,,"प्रभाग क्र.20क,मध्ये संत कबीर चौक ते शांताबाई लडकत शाळा या ठिकाणी 18 इंची पावसाळी लाईन टाकणे",,1000000.0,"[(20, 'क')]",[20],1,20.0,क,,
2019-20,A_Capital_List,3677,CE20E101/SF1-557,CE20E101,SF1,557,,प्रभाग क्र.२० ड मध्ये पुणे स्टेशन परिसरात पावसाळी लाईन टाकणे.,,1000000.0,"[(20, 'ड')]",[20],1,20.0,ड,,
2019-20,A_Capital_List,3678,CE20E101/SF1-558,CE20E101,SF1,558,,प्रभाग क्र.२० ड मध्ये ससूण हॉस्पिटल समोर पावसाळी लाईन टाकणे.,,1000000.0,"[(20, 'ड')]",[20],1,20.0,ड,,
2019-20,A_Capital_List,3679,CE20E101/SF1-559,CE20E101,SF1,559,,प्रभाग क्र.२० ड मध्ये पॉवर हाऊस ते कादरभाई चौक पावसाळी लाईन टाकणे.,,1000000.0,"[(20, 'ड')]",[20],1,20.0,ड,,
2019-20,A_Capital_List,3680,CE20E101/SF1-560,CE20E101,SF1,560,,"प्रभाग क्र.22क,मधील मुंढवा स्मशानभूमी रोडला पावसाळी लाईन टाकणे",,1000000.0,"[(22, 'क')]",[22],1,22.0,क,,
2019-20,A_Capital_List,3681,CE20E101/SF1-561,CE20E101,SF1,561,,"प्रभाग क्र.28अ,मध्ये मिरा सोसायटी ते पंजाबी हॉल नाल्यापर्यंत पावसाळी लाईन टाकणे",,1500000.0,"[(28, 'अ')]",[28],1,28.0,अ,,
2019-20,A_Capital_List,3682,CE20E101/SF1-562,CE20E101,SF1,562,,"प्रभाग क्र.28अ,मध्ये डायसप्लॉट चौक ते गोल्डन बेकरी नाल्यापर्यंत पावसाळी लाईन टाकणे",,1000000.0,"[(28, 'अ')]",[28],1,28.0,अ,,
2019-20,A_Capital_List,3683,CE20E101/SF1-563,CE20E101,SF1,563,,प्रभाग क्र. 28 क येथील पुनम टेरेस अपार्टमेंट ते संत नामदेव शाळेपर्यंत पावसाळी लाईन टाकणे.,,1000000.0,"[(28, 'क')]",[28],1,28.0,क,,
2019-20,A_Capital_List,3684,CE20E101/SF1-564,CE20E101,SF1,564,,प्रभाग क्र. 28 क येथे सुपर लॉन्ड्री ते लक्ष्मी मंगल कार्यालय येथे पावसाळी लाईन टाकणे.,,1000000.0,"[(28, 'क')]",[28],1,28.0,क,,
2019-20,A_Capital_List,3685,CE20E101/SF1-565,CE20E101,SF1,565,,प्रभाग क्र. 28 क महर्षीनगर व मुकुंदनगर येथे पावसाळी लाईन व तदनुषंगिक कामे करणे.,,1000000.0,"[(28, 'क')]",[28],1,28.0,क,,
2019-20,A_Capital_List,3686,CE20E101/SF1-566,CE20E101,SF1,566,,"प्रभाग क्र.28ड,मध्ये टि.म.वि.कॉलनीमध्ये व विविध ठिकाणी पावसाळी लाईन टाकणे",,1000000.0,"[(28, 'ड')]",[28],1,28.0,ड,,
2019-20,A_Capital_List,3687,CE20E101/SF1-567,CE20E101,SF1,567,,"प्रभाग क्र.29अ,विविध ठिकाणी पावसाळी लाईन टाकणे",,1000000.0,"[(29, 'अ')]",[29],1,29.0,अ,,
2019-20,A_Capital_List,3688,CE20E101/SF1-568,CE20E101,SF1,568,,प्रभाग क्र. 29 ड- विविध ठिकाणी पावसाळी लाईन टाकणे.,,1000000.0,"[(29, 'ड')]",[29],1,29.0,ड,,
2019-20,A_Capital_List,3689,CE20E101/SF1-569,CE20E101,SF1,569,,"प्रभाग क्र.30ब,मध्ये पावसाळी जाळी बसविणे व दुरूस्ती विषयक कामे करणे.",,1000000.0,"[(30, 'ब')]",[30],1,30.0,ब,,
2019-20,A_Capital_List,3690,CE20E101/SF1-570,CE20E101,SF1,570,,"प्रभाग क्र.30ब,पावसाळी लाईन दुरूस्ती व सफाई करणे",,1000000.0,"[(30, 'ब')]",[30],1,30.0,ब,,
2019-20,A_Capital_List,3691,CE20E101/SF1-571,CE20E101,SF1,571,,"प्रभाग क्र.30क,स.नं.132 पासून दांडेकर पूल चौक पर्यंत मोठ्या व्यासाची पावसाळी लाईन टाकणे",,1000000.0,"[(30, 'क')]",[30],1,30.0,क,,
2019-20,A_Capital_List,3692,CE20E101/SF1-572,CE20E101,SF1,572,,प्रभाग क्र. 31 क पावसाळी ओढा साफ करणे व गाळ काढणे.,,1000000.0,"[(31, 'क')]",[31],1,31.0,क,,
2019-20,A_Capital_List,3693,CE20E101/SF1-573,CE20E101,SF1,573,,प्रभाग क्र. 31 ड मधील चिंतामणी सोसायटी परिसरात रस्ता पावसाळी लाईन टाकणे.,,2500000.0,"[(31, 'ड')]",[31],1,31.0,ड,,
2019-20,A_Capital_List,3694,CE20E101/SF1-574,CE20E101,SF1,574,,प्रभाग क्र. 31 ड मधील विविध ठिकाणी पावसाळी लाईन साफ करणे.,,1000000.0,"[(31, 'ड')]",[31],1,31.0,ड,,
2019-20,A_Capital_List,3695,CE20E101/SF1-575,CE20E101,SF1,575,,"प्रभाग क्र.32अ,पॉप्युलरनगर येथे पावसाळी लाईन टाकणे",,1500000.0,"[(32, 'अ')]",[32],1,32.0,अ,,
2019-20,A_Capital_List,3696,CE20E101/SF1-576,CE20E101,SF1,576,,"प्रभाग क्र.33अ,मधील वडगाव बुद्रुक विविध ठिकाणी पावसाळी लाईन टाकणे, दुरूस्त करणे व इतर विविध कामे करणे",,1000000.0,"[(33, 'अ')]",[33],1,33.0,अ,,
2019-20,A_Capital_List,3697,CE20E101/SF1-577,CE20E101,SF1,577,,"प्रभाग क्र.33अ,मधील धबाडी,वडगाव बुद्रुक, आंबेगाव बुद्रुक परिसरात विविध ठिकाणी पावसाळी लाईन टाकणे, दुरूस्त करणे व इतर विविध कामे करणे.",,1000000.0,"[(33, 'अ')]",[33],1,33.0,अ,,
2019-20,A_Capital_List,3698,CE20E101/SF1-578,CE20E101,SF1,578,,प्रभाग क्र.३३ब वडगाव व धायरी परिसरात पावसाळी लाईन विषयक कामे करणे.,,1000000.0,"[(33, 'ब')]",[33],1,33.0,ब,,
2019-20,A_Capital_List,3699,CE20E101/SF1-579,CE20E101,SF1,579,,"प्रभाग क्र.34क,मध्ये हिंगणे खु व माणिकबाग परिसरात पावसाळी लाईन टाकणे.",,1000000.0,"[(34, 'क')]",[34],1,34.0,क,,
2019-20,A_Capital_List,3700,CE20E101/SF1-580,CE20E101,SF1,580,,"प्रभाग क्र.34क,मध्ये आनंदनगर व सनसिटी परिसरात विविध ठिकाणी पावसाळी लाईन टाकणे.",,1000000.0,"[(34, 'क')]",[34],1,34.0,क,,
2019-20,A_Capital_List,3701,CE20E101/SF1-581,CE20E101,SF1,581,,"प्रभाग क्र.35अ,सहकारनगर नं.2 येथे विविध ठिकाणी पावसाळी लाईन टाकणे",,1000000.0,"[(35, 'अ')]",[35],1,35.0,अ,,
2019-20,A_Capital_List,3702,CE20E101/SF1-582,CE20E101,SF1,582,,प्रभाग क्र.36ड मध्ये गणेश स्वीट ते पापळ वस्ती पावसाळी लाईन टाकणे.,,1000000.0,"[(36, 'ड')]",[36],1,36.0,ड,,
2019-20,A_Capital_List,3703,CE20E101/SF1-583,CE20E101,SF1,583,,प्रभाग क्र. 37 अ मध्ये विघ्नहर्ता नगर येथे विविध ठिकाणी पावसाळी लाईन टाकणे.,,1000000.0,"[(37, 'अ')]",[37],1,37.0,अ,,
2019-20,A_Capital_List,3704,CE20E101/SF1-584,CE20E101,SF1,584,,प्रभाग क्र. 37 अ मध्ये विविध ठिकाणी पावसाळी लाईन टाकणे.,,1000000.0,"[(37, 'अ')]",[37],1,37.0,अ,,
2019-20,A_Capital_List,3705,CE20E101/SF1-585,CE20E101,SF1,585,,"प्रभाग क्र.38अ,मध्ये विविध ठिकाणी स्ट्रॉम वॉटर लाईन टाकणे",,2000000.0,"[(38, 'अ')]",[38],1,38.0,अ,,
2019-20,A_Capital_List,3706,CE20E101/SF1-586,CE20E101,SF1,586,,"प्रभाग क्र. 38 ब शालिनी सोसायटी समोरील रोड मध्ये पावसाळी लाईन करणे.,",,1000000.0,"[(38, 'ब')]",[38],1,38.0,ब,,
2019-20,A_Capital_List,3707,CE20E101/SF1-587,CE20E101,SF1,587,,"प्रभाग क्र.38क,मोरेवस्ती व प्रभागात विविध ठिकाणी पावसाळी लाईन टाकणे",,1000000.0,"[(38, 'क')]",[38],1,38.0,क,,
2019-20,A_Capital_List,3708,CE20E101/SF1-588,CE20E101,SF1,588,,"प्रभाग क्र.38क,राजीव गांधीनगर व प्रभागात विविध ठिकाणी पावसाळी लाईन टाकणे",,1000000.0,"[(38, 'क')]",[38],1,38.0,क,,
2019-20,A_Capital_List,3709,CE20E101/SF1-589,CE20E101,SF1,589,,प्रभाग क्र.३८ड मध्ये विविध ठिकाणी पावसाळी लाईन टाकणे,,1000000.0,"[(38, 'ड')]",[38],1,38.0,ड,,
2019-20,A_Capital_List,3710,CE20E101/SF1-590,CE20E101,SF1,590,,प्रभाग क्र. 40 अ मध्ये भारती विद्यापीठ परिसरात विविध ठिकाणी पावसाळी लाईन टाकणे.,,1000000.0,"[(40, 'अ')]",[40],1,40.0,अ,,
2019-20,A_Capital_List,3711,CE20E101/SF1-591,CE20E101,SF1,591,,"प्रभाग क्र.40क,मध्ये विविध ठिकाणी पावसाळी लाईन टाकणे व तदनुषंगिक कामे करणे.",,1000000.0,"[(40, 'क')]",[40],1,40.0,क,,
2019-20,A_Capital_List,3712,CE20E101/SF1-592,CE20E101,SF1,592,,प्रभाग क्र. 41 अ मध्ये विविध ठिकाणी पावसाळी लाईन टाकणे.,,1000000.0,"[(41, 'अ')]",[41],1,41.0,अ,,
2019-20,A_Capital_List,3713,CE20E101/SF1-593,CE20E101,SF1,593,,"प्रभाग क्र. 41ब, मध्ये विविध परिसरात पावसाळी लाईन टाकणे.",,1000000.0,"[(41, 'ब')]",[41],1,41.0,ब,,
2019-20,A_Capital_List,3714,CE20E101/SF1-594,CE20E101,SF1,594,,"प्रभाग क्र. 41ब,मध्ये विविध परिसरात पावसाळी लाईन टाकणे",,1000000.0,"[(41, 'ब')]",[41],1,41.0,ब,,
2019-20,A_Capital_List,3715,CE20E101/SF1-595,CE20E101,SF1,595,,"प्रभाग क्र. 41ब, मध्ये विविध ठिकाणी पावसाळी लाईन दुरुस्ती करणे व तदनुषंगिक कामे करणे.",,1000000.0,"[(41, 'ब')]",[41],1,41.0,ब,,
2019-20,A_Capital_List,3716,CE20E101/SF1-596,CE20E101,SF1,596,,प्रभाग क्र. 41 क मध्ये विविध ठिकाणी पावसाळी लाईन टाकणे करणे.,,1000000.0,"[(41, 'क')]",[41],1,41.0,क,,
2019-20,A_Capital_List,3717,CE20E101/SF1-597,CE20E101,SF1,597,,"प्रभाग क्र.१८ (स्विकृत) मध्ये शुक्रवार पेठ, गुरूवार पेठ परिसर व विविध ठिकाणच्या पावसाळी लाईन साफ करणे.",,1000000.0,"[(18, None)]",[18],1,18.0,,,
2020-21,A_Capital_List,3927,CE20E101/F1-12,CE20E101,F1,12,G,"प्रकल्प व्यवस्थापन करणे, सल्लागार फी व तद्नुषंगिक कामे करणे. (पुढील टप्यासाठी)",,12000000.0,[],[],0,,,,G
2020-21,A_Capital_List,3930,CE20E101/F1-11,CE20E101,F1,11,G,"पुणे शहरातील वारंवार पूरसदृष्य परिस्थिती निर्माण होणाऱ्या ठिकाणी पावसाळी पाण्याचा निचरा करणेकरिता पावसाळी लाईन टाकणे, नाला सुधारणा कामे करणे, कल्व्हर्ट बांधणे व तद्‌नुषंगिक कामे करणे (टप्पा क्र.3)",,320000000.0,[],[],0,,,,G
2020-21,A_Capital_List,3941,CE20E101/SF1-1,CE20E101,SF1,1,1A,प्रभाग क्र.1अ मध्ये विविध ठिकाणी पावसाळी लाईन टाकणे,,1000000.0,"[(1, 'अ')]",[1],1,1.0,अ,1.0,A
2020-21,A_Capital_List,3942,CE20E101/SF1-2,CE20E101,SF1,2,2A,"प्रभाग क्र.2अ, मध्ये 509 चौक ते गार्डरूम येथे नव्याने रस्त्याच्या कडेने पावसाळी गटारे करणे",,5000000.0,"[(2, 'अ')]",[2],1,2.0,अ,2.0,A
2020-21,A_Capital_List,3943,CE20E101/SF1-3,CE20E101,SF1,3,2C,"प्रभाग क्र.2क,स्व.माजी महापौर भारत सावंत पाम उदयान शेजारी पावसाळी लाईन टाकणे",,1000000.0,"[(2, 'क')]",[2],1,2.0,क,2.0,C
2020-21,A_Capital_List,3944,CE20E101/SF1-4,CE20E101,SF1,4,2C,"प्रभाग क्र.2क,विविध ठिकाणी पावसाळी लाईन टाकणे",,1000000.0,"[(2, 'क')]",[2],1,2.0,क,2.0,C
2020-21,A_Capital_List,3945,CE20E101/SF1-5,CE20E101,SF1,5,5B,"प्रभाग क्र.5ब,मध्ये विविध ठिकाणी पावसाळी लाईन टाकणे",,1000000.0,"[(5, 'ब')]",[5],1,5.0,ब,5.0,B
2020-21,A_Capital_List,3946,CE20E101/SF1-6,CE20E101,SF1,6,5C,प्रभाग क्र.5 क मध्ये वडगावशेरी मध्ये पावसाळी लाईन टाकणे,,1000000.0,"[(5, 'क')]",[5],1,5.0,क,5.0,C
2020-21,A_Capital_List,3947,CE20E101/SF1-7,CE20E101,SF1,7,5C,प्रभाग क्र.5 क मध्ये वडगावशेरी व परिसरात पावसाळी लाईन टाकणे व सुधारणा कामे करणे,,1000000.0,"[(5, 'क')]",[5],1,5.0,क,5.0,C
2020-21,A_Capital_List,3948,CE20E101/SF1-8,CE20E101,SF1,8,7B,"प्रभाग क्र.7ब,मधील जनवाडी वसाहत ते निलज्योती एम.आय.जी.पावसाळी लाईन दुरूस्त करणे",,1000000.0,"[(7, 'ब')]",[7],1,7.0,ब,7.0,B
2020-21,A_Capital_List,3949,CE20E101/SF1-9,CE20E101,SF1,9,9B,"प्रभाग क्र.9ब, मध्ये विविध ठिकाणी पावसाळी लाईन टाकणे",,1000000.0,"[(9, 'ब')]",[9],1,9.0,ब,9.0,B
2020-21,A_Capital_List,3950,CE20E101/SF1-10,CE20E101,SF1,10,10A,"प्रभाग क्र.10अ, मध्ये शांतीबन चौक परिसर व इतरत्र पावसाळी लाईन टाकणे",,1000000.0,"[(10, 'अ')]",[10],1,10.0,अ,10.0,A
2020-21,A_Capital_List,3951,CE20E101/SF1-11,CE20E101,SF1,11,10B,"प्रभाग क्र.10ब, मध्ये विविध ठिकाणी पावसाळी लाईन टाकणे",,1000000.0,"[(10, 'ब')]",[10],1,10.0,ब,10.0,B
2020-21,A_Capital_List,3952,CE20E101/SF1-12,CE20E101,SF1,12,10D,प्रभाग क्र.10ड अंतर्गत प्रभागातील विविध ठिकाणी पावसाळी लाईन टाकणे,,1000000.0,"[(10, 'ड')]",[10],1,10.0,ड,10.0,D
2020-21,A_Capital_List,3953,CE20E101/SF1-13,CE20E101,SF1,13,11A,"प्रभाग क्र.11 अ, मध्ये सोसायट्या परिसरात विविध ठिकाणी मोठया व्यासाच्या पावसाळी लाईन टाकणे.",,1000000.0,"[(11, 'अ')]",[11],1,11.0,अ,11.0,A
2020-21,A_Capital_List,3954,CE20E101/SF1-14,CE20E101,SF1,14,12A,"प्रभाग क्र. 12 अ, मध्ये कोथरूड गावठाण परिसरात पावसाळी लाईन टाकणे व दुरुस्ती विषयक कामे करणे.",,1000000.0,"[(12, 'अ')]",[12],1,12.0,अ,12.0,A
2020-21,A_Capital_List,3955,CE20E101/SF1-15,CE20E101,SF1,15,12A,"प्रभाग क्र. 12 अ, मध्ये लक्ष्मीनगर डहाणूकर कॉलनी परिसरात पावसाळी लाईन टाकणे व दुरुस्ती विषयक कामे करणे.",,1000000.0,"[(12, 'अ')]",[12],1,12.0,अ,12.0,A
2020-21,A_Capital_List,3956,CE20E101/SF1-16,CE20E101,SF1,16,12A,"प्रभाग क्र. 12 अ, मध्ये गुजरात कॉलनी परिसरात पावसाळी लाईन टाकणे व दुरुस्ती विषयक कामे करणे.",,1000000.0,"[(12, 'अ')]",[12],1,12.0,अ,12.0,A
2020-21,A_Capital_List,3957,CE20E101/SF1-17,CE20E101,SF1,17,12A,"प्रभाग क्र. 12 अ, मध्ये विवेकानंद कॉलनी परिसरात पावसाळी लाईन टाकणे व दुरुस्ती विषयक कामे करणे.",,1000000.0,"[(12, 'अ')]",[12],1,12.0,अ,12.0,A
2020-21,A_Capital_List,3958,CE20E101/SF1-18,CE20E101,SF1,18,12A,"प्रभाग क्र. 12 अ, मध्ये गणेश कॉलनी परिसरात पावसाळी लाईन टाकणे व दुरुस्ती विषयक कामे करणे.",,1000000.0,"[(12, 'अ')]",[12],1,12.0,अ,12.0,A
2020-21,A_Capital_List,3959,CE20E101/SF1-19,CE20E101,SF1,19,13A,"प्रभाग क्र. 13 अ, मध्ये अनुरेखा सोसायटी येथे पावसाळी लाईन टाकणे.",,1000000.0,"[(13, 'अ')]",[13],1,13.0,अ,13.0,A
2020-21,A_Capital_List,3960,CE20E101/SF1-20,CE20E101,SF1,20,13A,"प्रभाग क्र. 13 अ, मध्ये शैलेश सोसायटी ते पेगसेस चौक येथे व विविध ठिकाणी पावसाळी लाईन टाकणे.",,1000000.0,"[(13, 'अ')]",[13],1,13.0,अ,13.0,A
2020-21,A_Capital_List,3961,CE20E101/SF1-21,CE20E101,SF1,21,13A,"प्रभाग क्र. 13 अ, मध्ये 7 चाळ परिसरात पावसाळी लाईन टाकणे.",,1000000.0,"[(13, 'अ')]",[13],1,13.0,अ,13.0,A
2020-21,A_Capital_List,3962,CE20E101/SF1-22,CE20E101,SF1,22,13C,"प्रभाग क्र. 13 क, मध्ये विविध ठिकाणी पावसाळी लाईन टाकणे.",,1000000.0,"[(13, 'क')]",[13],1,13.0,क,13.0,C
2020-21,A_Capital_List,3963,CE20E101/SF1-23,CE20E101,SF1,23,13D,"प्रभाग क्र. 13 ड, मध्ये शैलेश सोसायटी येथे पावसाळी गटार (French Drainage) बांधणे.",,2000000.0,"[(13, 'ड')]",[13],1,13.0,ड,13.0,D
2020-21,A_Capital_List,3964,CE20E101/SF1-24,CE20E101,SF1,24,15B,"प्रभाग क्र. 15 ब, मध्ये सदाशिव पेठ परिसरात व प्रभागात पावसाळी लाईन टाकणे व तदनुषंगिक कामे करणे.",,1000000.0,"[(15, 'ब')]",[15],1,15.0,ब,15.0,B
2020-21,A_Capital_List,3965,CE20E101/SF1-25,CE20E101,SF1,25,15B,"प्रभाग क्र. 15 ब, मध्ये नारायण पेठ परिसरात व प्रभागात पावसाळी लाईन टाकणे व तदनुषंगिक कामे करणे.",,1000000.0,"[(15, 'ब')]",[15],1,15.0,ब,15.0,B
2020-21,A_Capital_List,3966,CE20E101/SF1-26,CE20E101,SF1,26,15D,"प्रभाग क्र. 15 ड, मध्ये सदाशिव पेठ परिसरात व प्रभागात पावसाळी लाईन टाकणे व तदनुषंगिक कामे करणे.",,1000000.0,"[(15, 'ड')]",[15],1,15.0,ड,15.0,D
2020-21,A_Capital_List,3967,CE20E101/SF1-27,CE20E101,SF1,27,15D,"प्रभाग क्र. 15 ड, मध्ये नारायण पेठ परिसरात व प्रभागात पावसाळी लाईन टाकणे व तदनुषंगिक कामे करणे.",,1000000.0,"[(15, 'ड')]",[15],1,15.0,ड,15.0,D
2020-21,A_Capital_List,3968,CE20E101/SF1-28,CE20E101,SF1,28,16C,"प्रभाग क्र. 16 क, मध्ये 15 ऑगस्ट चौक ते हॉटेल पद्माकृष्णा पारगे चौक पावसाळी गटार करणे. (भाग 1)",,500000.0,"[(16, 'क')]",[16],1,16.0,क,16.0,C
2020-21,A_Capital_List,3969,CE20E101/SF1-29,CE20E101,SF1,29,17B,"प्रभाग क्र. 17 ब, मध्ये 246 गणेश पेठ ते मौलाना अब्दुल कलम आजाद पावसाळी लाइन टाकणे.",,1000000.0,"[(17, 'ब')]",[17],1,17.0,ब,17.0,B
2020-21,A_Capital_List,3970,CE20E101/SF1-30,CE20E101,SF1,30,17B,"प्रभाग क्र. 17 ब, मध्ये पांगुळ आळी परिसरात जी.के.ट्रेडर्स गणेश पेठ या ठिकाणी पावसाळी लाइन टाकणे.",,1000000.0,"[(17, 'ब')]",[17],1,17.0,ब,17.0,B
2020-21,A_Capital_List,3971,CE20E101/SF1-31,CE20E101,SF1,31,18B,"प्रभाग क्र.18ब,मधील जैन मंदिर ते सुभानशा दर्गा पावसाळी/ड्रेनेज लाईन टाकणे",,1000000.0,"[(18, 'ब')]",[18],1,18.0,ब,18.0,B
2020-21,A_Capital_List,3972,CE20E101/SF1-32,CE20E101,SF1,32,18D,"प्रभाग क्र. 18 ड, मध्ये विविध ठिकाणी पावसाळी लाईन टाकणे",,1000000.0,"[(18, 'ड')]",[18],1,18.0,ड,18.0,D
2020-21,A_Capital_List,3973,CE20E101/SF1-33,CE20E101,SF1,33,20C,"प्रभाग क्र. 20 क, मध्ये विविध ठिकाणी रस्ते विकसित करणे व पावसाळी लाईन टाकणे व तदनुषंगिक कामे करणे.",,1000000.0,"[(20, 'क')]",[20],1,20.0,क,20.0,C
2020-21,A_Capital_List,3974,CE20E101/SF1-34,CE20E101,SF1,34,20D,प्रभाग क्र. 20 ड मध्ये सेंट मिराज स्कूल समोर पावसाळी लाईन टाकणे.,,1000000.0,"[(20, 'ड')]",[20],1,20.0,ड,20.0,D
2020-21,A_Capital_List,3975,CE20E101/SF1-35,CE20E101,SF1,35,20D,प्रभाग क्र. 20 ड मध्ये विविध ठिकाणी पावसाळी लाईन टाकणे.,,1000000.0,"[(20, 'ड')]",[20],1,20.0,ड,20.0,D
2020-21,A_Capital_List,3976,CE20E101/SF1-36,CE20E101,SF1,36,21C,"प्रभाग क्र.21क,हडपसर औद्योगिक वसाहत पावसाळी गटारे करणे",,1000000.0,"[(21, 'क')]",[21],1,21.0,क,21.0,C
2020-21,A_Capital_List,3977,CE20E101/SF1-37,CE20E101,SF1,37,22B,प्रभाग क्र.22ब मध्ये विविध ठिकाणी पावसाळी लाईन विषयक कामे करणे व तदनुषंगिक कामे करणे,,1000000.0,"[(22, 'ब')]",[22],1,22.0,ब,22.0,B
2020-21,A_Capital_List,3978,CE20E101/SF1-38,CE20E101,SF1,38,23C,प्रभाग क्र. 23 क मध्ये स.नं. 34 दगडखाणी मधील पावसाचे पाणी बाहेर काढण्यासाठी पावसाळी लाईन मारणे.,,3000000.0,"[(23, 'क')]",[23],1,23.0,क,23.0,C
2020-21,A_Capital_List,3979,CE20E101/SF1-39,CE20E101,SF1,39,25B,"प्रभाग क्र.25ब,मध्ये विविध ठिकाणी ड्रेनेज चेंबर समपातळीत करणे व पावसाळी जाळ्या बसविणे",,1000000.0,"[(25, 'ब')]",[25],1,25.0,ब,25.0,B
2020-21,A_Capital_List,3980,CE20E101/SF1-40,CE20E101,SF1,40,27A,"प्रभाग क्र. 27 अ, मध्ये साईबाबा नगर व विविध परिसरात नवीन पावसाळी लाईन टाकणे.",,1000000.0,"[(27, 'अ')]",[27],1,27.0,अ,27.0,A
2020-21,A_Capital_List,3981,CE20E101/SF1-41,CE20E101,SF1,41,27A,"प्रभाग क्र. 27 अ, मध्ये विविध ठिकाणी नवीन पावसाळी लाईन टाकणे.",,1000000.0,"[(27, 'अ')]",[27],1,27.0,अ,27.0,A
2020-21,A_Capital_List,3982,CE20E101/SF1-42,CE20E101,SF1,42,28A,प्रभाग क्र.२८ अ मधील मीरा आनंद परिसरात पावसाळी लाईन टाकणे.,,1000000.0,"[(28, 'अ')]",[28],1,28.0,अ,28.0,A
2020-21,A_Capital_List,3983,CE20E101/SF1-43,CE20E101,SF1,43,28B,"प्रभाग क्र.28ब, मध्ये धनुर्धारी सोसायटी ते हाईड पार्क सोसायटी परिसरात पावसाळी लाईन टाकणे व तदनुषंगिक कामे करणे",,1000000.0,"[(28, 'ब')]",[28],1,28.0,ब,28.0,B
2020-21,A_Capital_List,3984,CE20E101/SF1-44,CE20E101,SF1,44,28B,"प्रभाग क्र.28ब, मध्ये धनुर्धारी सोसायटी परिसरामध्ये पावसाळी लाईन टाकणे व तदनुषंगिक कामे करणे",,1000000.0,"[(28, 'ब')]",[28],1,28.0,ब,28.0,B
2020-21,A_Capital_List,3985,CE20E101/SF1-45,CE20E101,SF1,45,28C,प्रभाग क्र.28क महर्षीनगर येथे विविध ठिकाणी पावसाळी लाईन टाकणे,,1000000.0,"[(28, 'क')]",[28],1,28.0,क,28.0,C
2020-21,A_Capital_List,3986,CE20E101/SF1-46,CE20E101,SF1,46,28C,प्रभाग क्र.28क मुकुंदनगर येथे विविध ठिकाणी पावसाळी लाईन टाकणे,,1000000.0,"[(28, 'क')]",[28],1,28.0,क,28.0,C
2020-21,A_Capital_List,3987,CE20E101/SF1-47,CE20E101,SF1,47,28D,प्रभाग क्र.28ड मध्ये विविध ठिकाणी पावसाळी लाईन टाकणे व तदनुषंगिक कामे करणे,,1000000.0,"[(28, 'ड')]",[28],1,28.0,ड,28.0,D
2020-21,A_Capital_List,3988,CE20E101/SF1-48,CE20E101,SF1,48,29A,प्रभाग क्र. 29 अ मध्ये पर्वती ब्रिज ते निलायम टॉकीजच्या दोन्ही बाजूस पावसाळी लाईन टाकणे,,4000000.0,"[(29, 'अ')]",[29],1,29.0,अ,29.0,A
2020-21,A_Capital_List,3989,CE20E101/SF1-49,CE20E101,SF1,49,29A,प्रभाग क्र. 29 अ मध्ये विविध ठिकाणच्या पावसाळी लाईन दुरूस्त करणे,,1000000.0,"[(29, 'अ')]",[29],1,29.0,अ,29.0,A
2020-21,A_Capital_List,3990,CE20E101/SF1-50,CE20E101,SF1,50,29A,प्रभाग क्र. 29 अ मध्ये मित्र मंडळ कॉलनी मध्ये पावसाळी लाईनचे काम करणे,,1000000.0,"[(29, 'अ')]",[29],1,29.0,अ,29.0,A
2020-21,A_Capital_List,3991,CE20E101/SF1-51,CE20E101,SF1,51,29A,प्रभाग क्र. 29 अ मध्ये पर्वती गावामध्ये पावसाळी लाईन टाकणे,,1000000.0,"[(29, 'अ')]",[29],1,29.0,अ,29.0,A
2020-21,A_Capital_List,3992,CE20E101/SF1-52,CE20E101,SF1,52,29A,प्रभाग क्र. 29 अ मध्ये दादावाडी मध्ये पावसाळी लाईनची दुरूस्ती करणे,,1000000.0,"[(29, 'अ')]",[29],1,29.0,अ,29.0,A
2020-21,A_Capital_List,3993,CE20E101/SF1-53,CE20E101,SF1,53,31A,प्रभाग क्र. 31 अ मध्ये विविध भागात पावसाळी लाईन टाकणे.,,1000000.0,"[(31, 'अ')]",[31],1,31.0,अ,31.0,A
2020-21,A_Capital_List,3994,CE20E101/SF1-54,CE20E101,SF1,54,31C,प्रभाग क्र. 31 क येथे विविध ठिकाणी पावसाळी चेंबर सफाई करणे.,,1000000.0,"[(31, 'क')]",[31],1,31.0,क,31.0,C
2020-21,A_Capital_List,3995,CE20E101/SF1-55,CE20E101,SF1,55,31C,प्रभाग क्र. 31 क येथे विविध ठिकाणी नवीन पावसाळी लाईन टाकणे.,,1000000.0,"[(31, 'क')]",[31],1,31.0,क,31.0,C
2020-21,A_Capital_List,3996,CE20E101/SF1-56,CE20E101,SF1,56,31C,प्रभाग क्र. 31 क येथे विविध ठिकाणी पावसाळी लाईन टाकणे.,,2000000.0,"[(31, 'क')]",[31],1,31.0,क,31.0,C
2020-21,A_Capital_List,3997,CE20E101/SF1-57,CE20E101,SF1,57,31C,प्रभाग क्र. 31 क येथे श्रीराम सोसायटी परिसरामध्ये पावसाळी लाईन टाकणे.,,1000000.0,"[(31, 'क')]",[31],1,31.0,क,31.0,C
2020-21,A_Capital_List,3998,CE20E101/SF1-58,CE20E101,SF1,58,31D,प्रभाग क्र. 31 ड मध्ये पावसाळी लाईन दुरुस्ती करणे.,,1000000.0,"[(31, 'ड')]",[31],1,31.0,ड,31.0,D
2020-21,A_Capital_List,3999,CE20E101/SF1-59,CE20E101,SF1,59,31D,प्रभाग क्र. 31 ड मध्ये पावसाळी लाईन टाकणे.,,1000000.0,"[(31, 'ड')]",[31],1,31.0,ड,31.0,D
2020-21,A_Capital_List,4000,CE20E101/SF1-60,CE20E101,SF1,60,32A,प्रभाग क्र. 32 अ मध्ये वारजे हायवे चौक ते सह्याद्री स्कुल पर्य़ंत पावसाळी लाईन टाकणे.,,1000000.0,"[(32, 'अ')]",[32],1,32.0,अ,32.0,A
2020-21,A_Capital_List,4001,CE20E101/SF1-61,CE20E101,SF1,61,32C,प्रभाग क्र. 32 क मध्ये राजयोग सोसायटी परिसरात पावसाळी लाईन टाकणे.,,1000000.0,"[(32, 'क')]",[32],1,32.0,क,32.0,C
2020-21,A_Capital_List,4002,CE20E101/SF1-62,CE20E101,SF1,62,32C,प्रभाग क्र. 32 क मध्ये विविध ठिकाणी मुख्य रस्त्यावर पावसाळी लाईन टाकणे.,,2500000.0,"[(32, 'क')]",[32],1,32.0,क,32.0,C
2020-21,A_Capital_List,4003,CE20E101/SF1-63,CE20E101,SF1,63,32C,प्रभाग क्र. 32 क मध्ये नादब्रम्ह सोसायटी शेजारील पुणे मनपाच्या राखीव जागेत पावसाळी लाईन टाकणे.,,2000000.0,"[(32, 'क')]",[32],1,32.0,क,32.0,C
2020-21,A_Capital_List,4004,CE20E101/SF1-64,CE20E101,SF1,64,32C,प्रभाग क्र. 32 क मध्ये डिपी रस्त्यालगत पावसाळी लाईन टाकणे.,,3000000.0,"[(32, 'क')]",[32],1,32.0,क,32.0,C
2020-21,A_Capital_List,4005,CE20E101/SF1-65,CE20E101,SF1,65,33A,"प्रभाग क्र. 33 अ मधील वडगाव बुद्रुक, वडगाव खुर्द, धायरी विविध ठिकाणी पावसाळी लाईन विकसित करणे, दुरुस्त करणे व इतर तदनुषंगिक कामे करणे.",,1000000.0,"[(33, 'अ')]",[33],1,33.0,अ,33.0,A
2020-21,A_Capital_List,4006,CE20E101/SF1-66,CE20E101,SF1,66,34D,प्रभाग क्र. 34 ड मध्ये विविध ठिकाणी पावसाळी लाईन टाकणे.,,2500000.0,"[(34, 'ड')]",[34],1,34.0,ड,34.0,D
2020-21,A_Capital_List,4007,CE20E101/SF1-67,CE20E101,SF1,67,35A,"प्रभाग क्र. 35 अ, मध्ये सहकार नगर नं.2 व परिसरात पावसाळी लाईन विषयक कामे करणे.",,1000000.0,"[(35, 'अ')]",[35],1,35.0,अ,35.0,A
2020-21,A_Capital_List,4008,CE20E101/SF1-68,CE20E101,SF1,68,35B,प्रभाग क्र. 35 ब मधील शिवदर्शन येथील चाळ नं. 133 ते 130 पर्यंत पावसाळी लाईन टाकणे.,,1000000.0,"[(35, 'ब')]",[35],1,35.0,ब,35.0,B
2020-21,A_Capital_List,4009,CE20E101/SF1-69,CE20E101,SF1,69,35B,प्रभाग क्र. 35 ब मधील शिवदर्शन चौक ते बौध्द विहार येथे पावसाळी लाईन टाकणे.,,1000000.0,"[(35, 'ब')]",[35],1,35.0,ब,35.0,B
2020-21,A_Capital_List,4010,CE20E101/SF1-70,CE20E101,SF1,70,35B,प्रभाग क्र. 35 ब मधील राजीव गांधी शाळेमागील बाजूस समज्योता मित्र मंडळपर्यंत पावसाळी लाईन टाकणे.,,1000000.0,"[(35, 'ब')]",[35],1,35.0,ब,35.0,B
2020-21,A_Capital_List,4011,CE20E101/SF1-71,CE20E101,SF1,71,37A,प्रभाग क्र. 37 अ मध्ये विविध ठिकाणी पावसाळी लाईन टाकणे.,,1000000.0,"[(37, 'अ')]",[37],1,37.0,अ,37.0,A
2020-21,A_Capital_List,4012,CE20E101/SF1-72,CE20E101,SF1,72,37A,प्रभाग क्र. 37 अ मध्ये पी.एम.टी. कॉलनी ते गॅस गोडाऊन पर्यंत पावसाळी लाईन टाकणे.,,1000000.0,"[(37, 'अ')]",[37],1,37.0,अ,37.0,A
2020-21,A_Capital_List,4013,CE20E101/SF1-73,CE20E101,SF1,73,37B,प्रभाग क्र. 37 ब मध्ये पी.एम.टी. कॉलनी येथे पावसाळी लाईन टाकणे.,,1000000.0,"[(37, 'ब')]",[37],1,37.0,ब,37.0,B
2020-21,A_Capital_List,4014,CE20E101/SF1-74,CE20E101,SF1,74,37B,प्रभाग क्र. 37 ब मध्ये विविध ठिकाणी पावसाळी लाईन टाकणे.,,1000000.0,"[(37, 'ब')]",[37],1,37.0,ब,37.0,B
2020-21,A_Capital_List,4015,CE20E101/SF1-75,CE20E101,SF1,75,38A,प्रभाग क्र. 38 अ बालाजीनगर-राजीव गांधीनगर मध्ये विविध ठिकाणी स्ट्रॉम वॉटर लाईन टाकणे.,,1000000.0,"[(38, 'अ')]",[38],1,38.0,अ,38.0,A
2020-21,A_Capital_List,4016,CE20E101/SF1-76,CE20E101,SF1,76,38C,प्रभाग क्र. 38 क मध्ये वाघजाईनगर व प्रभागात विविध ठिकाणी कल्व्हर्ट विकसित करणे.,,2500000.0,"[(38, 'क')]",[38],1,38.0,क,38.0,C
2020-21,A_Capital_List,4017,CE20E101/SF1-77,CE20E101,SF1,77,38C,प्रभाग क्र. 38 क मध्ये गुजरवस्ती येथे व प्रभागात विविध ठिकाणी कल्व्हर्ट विकसित करणे.,,1500000.0,"[(38, 'क')]",[38],1,38.0,क,38.0,C
2020-21,A_Capital_List,4018,CE20E101/SF1-78,CE20E101,SF1,78,40C,प्रभाग क्र. 40 क मधील विविध ठिकाणी पावसाळी लाईन टाकणे व तदनुषंगिक कामे करणे.,,1000000.0,"[(40, 'क')]",[40],1,40.0,क,40.0,C
2020-21,A_Capital_List,4019,CE20E101/SF1-79,CE20E101,SF1,79,40C,प्रभाग क्र. 40 क मधील दत्तनगर परिसर व विविध ठिकाणी पावसाळी लाईन टाकणे व तदनुषंगिक कामे करणे.,,1000000.0,"[(40, 'क')]",[40],1,40.0,क,40.0,C
2020-21,A_Capital_List,4020,CE20E101/SF1-80,CE20E101,SF1,80,40D,प्रभाग क्र. 40 ड मध्ये नॅन्सी लेक होम येथे पावसाळी लाईन टाकणे.,,1000000.0,"[(40, 'ड')]",[40],1,40.0,ड,40.0,D
2020-21,A_Capital_List,4021,CE20E101/SF1-81,CE20E101,SF1,81,41A,प्रभाग क्र. 41 अ मध्ये कोंढवा बु. विविध ठिकाणी पावसाळी लाईन टाकणे.,,1000000.0,"[(41, 'अ')]",[41],1,41.0,अ,41.0,A
2020-21,A_Capital_List,4022,CE20E101/SF1-82,CE20E101,SF1,82,41B,प्रभाग क्र. 41 ब मध्ये विविध ठिकाणी पावसाळी लाईन दुरुस्ती करणे व तदनुषंगिक कामे करणे.,,1000000.0,"[(41, 'ब')]",[41],1,41.0,ब,41.0,B
2020-21,A_Capital_List,4023,CE20E101/SF1-83,CE20E101,SF1,83,68S,प्रभाग क्र.68 मध्ये तळजाई झोपडपट्टी म्हसोबा मंदिर येथे पावसाळी लाईन टाकणे.,,1000000.0,"[(68, None)]",[68],1,68.0,,68.0,S
2020-21,A_Capital_List,4024,CE20E101/SF1-84,CE20E101,SF1,84,17,"प्रभाग क्र. 17, मध्ये सत्यनारायण मंदिर, रविवार पेठ ते लोणार आळी पावसाळी गटार लाईन टाकणे.",,1500000.0,"[(17, None)]",[17],1,17.0,,17.0,
2020-21,A_Capital_List,4025,CE20E101/SF1-85,CE20E101,SF1,85,,"जय तुळजाभवानी सोसायटी, पीएमटी कॉलनी, बिबवेवाडी येथे पावसाळी लाईन टाकणे.",,2500000.0,[],[],0,,,,
2020-21,A_Capital_List,4026,CE20E101/SF1-86,CE20E101,SF1,86,15A,"प्रभाग क्र.15 अ, मध्ये शिवाजी रस्ता येथे पावसाळी लाईन टाकणे व प्रभागामध्ये तदनुषंगिक कामे करणे",,2000000.0,"[(15, 'अ')]",[15],1,15.0,अ,15.0,A
2020-21,A_Capital_List,4027,CE20E101/SF1-87,CE20E101,SF1,87,15A,"प्रभाग क्र.15 अ, मध्ये लक्ष्मी रस्ता येथे पावसाळी लाईन टाकणे व प्रभागामध्ये तदनुषंगिक कामे करणे",,1000000.0,"[(15, 'अ')]",[15],1,15.0,अ,15.0,A
2020-21,A_Capital_List,4028,CE20E101/SF1-88,CE20E101,SF1,88,15A,"प्रभाग क्र.15 अ, मध्ये टिळक रस्ता ते पेरुगेट पोलीस चौकी पावसाळी लाईन टाकणे व प्रभागामध्ये तदनुषंगिक कामे करणे.",,2000000.0,"[(15, 'अ')]",[15],1,15.0,अ,15.0,A
2020-21,A_Capital_List,4029,CE20E101/SF1-89,CE20E101,SF1,89,15A,"प्रभाग क्र.15 अ, मध्ये केळकर रस्ता येथे पावसाळी लाईन टाकणे व प्रभागामध्ये तदनुषंगिक कामे करणे.",,1000000.0,"[(15, 'अ')]",[15],1,15.0,अ,15.0,A
2020-21,A_Capital_List,4030,CE20E101/SF1-90,CE20E101,SF1,90,15A,"प्रभाग क्र.15 अ, मध्ये टिळक रस्ता येथे पावसाळी लाईन टाकणे.",,1000000.0,"[(15, 'अ')]",[15],1,15.0,अ,15.0,A
2020-21,A_Capital_List,4031,CE20E101/SF1-91,CE20E101,SF1,91,15A,"प्रभाग क्र.15 अ, मध्ये फरासखाना चौक ते अप्पा बळवंत चौक पावसाळी लाईन टाकणे.",,1000000.0,"[(15, 'अ')]",[15],1,15.0,अ,15.0,A
2020-21,A_Capital_List,4032,CE20E101/SF1-92,CE20E101,SF1,92,36D,"प्रभाग क्र. 36 ड, मध्ये गुरुगणेश सोसायटी पावसाळी लाईन टाकणे.",,2000000.0,"[(36, 'ड')]",[36],1,36.0,ड,36.0,D
2020-21,A_Capital_List,4033,CE20E101/SF1-93,CE20E101,SF1,93,36D,"प्रभाग क्र. 36 ड, मध्ये संत एकनाथ नगर मध्ये पावसाळी लाईन टाकणे.",,2000000.0,"[(36, 'ड')]",[36],1,36.0,ड,36.0,D
2020-21,A_Capital_List,4034,CE20E101/SF1-94,CE20E101,SF1,94,29D,प्रभाग क्र. 29 ड – विविध ठिकाणी पावसाळी लाईन टाकणे.,,2000000.0,"[(29, 'ड')]",[29],1,29.0,ड,29.0,D
2020-21,A_Capital_List,4035,CE20E101/SF1-95,CE20E101,SF1,95,,बिबवेवाडी मुख्य रस्त्यावरील ड्रेनेज व पावसाळी लाईन स्थलांतरित करणे,,30000000.0,[],[],0,,,,
2021-22,list21,4329,CE20E101/F1-21,CE20E101,F1,21,G,"पुणे शहरातील वारंवार पूरसदृष्य परिस्थिती निर्माण होणाऱ्या ठिकाणी पावसाळी पाण्याचा निचरा करणेकरिता पावसाळी लाईन टाकणे, नाला सुधारणा कामे करणे, कल्व्हर्ट बांधणे व तद्‌नुषंगिक कामे करणे (टप्पा क्र.3 उर्वरित कामे)",,700000000.0,[],[],0,,,,G
2021-22,list21,4330,CE20E101/F1-22,CE20E101,F1,22,G,"प्रकल्प व्यवस्थापन करणे, सल्लागार फी व तद्नुषंगिक कामे करणे. (टप्पा क्र.3 उर्वरित कामे)",,10500000.0,[],[],0,,,,G
2021-22,list21,4331,CE20E101/F1-23,CE20E101,F1,23,32,प्र क्र ३२ वारजे माळवाडी मध्ये डुकर खिंड ते वारजे हायवे चौक हायवे लागत असलेल्या सर्विस रस्त्यावर पावसाळी लाईन टाकणे,,7000000.0,[],[],0,,,32.0,
2021-22,list21,4334,CE20E101/F1-11,CE20E101,F1,11,G,"पुणे शहरातील वारंवार पूरसदृष्य परिस्थिती निर्माण होणाऱ्या ठिकाणी पावसाळी पाण्याचा निचरा करणेकरिता पावसाळी लाईन टाकणे, नाला सुधारणा कामे करणे, कल्व्हर्ट बांधणे व तद्‌नुषंगिक कामे करणे (टप्पा क्र.3)",,280000000.0,[],[],0,,,,G
2021-22,list21,4345,CE20E101/SF1-101,CE20E101,SF1,101,2C,"प्रभाग क्र.2क, विविध ठिकाणी पावसाळी लाईन टाकणे",,1000000.0,"[(2, 'क')]",[2],1,2.0,क,2.0,C
2021-22,list21,4346,CE20E101/SF1-102,CE20E101,SF1,102,3D,प्रभाग क्र.३ ड मधील म.गांधीनगर ते कोणार्क टेरेस व जयप्रकाश नगरकडून येवून नगररोड क्रॉस पावसाळी बंदिस्त नाल्यापर्यंत साधारण ९०० एमएमची पावसाळी लाईन टाकणे.,,10000000.0,"[(3, 'ड')]",[3],1,3.0,ड,3.0,D
2021-22,list21,4347,CE20E101/SF1-103,CE20E101,SF1,103,4B,"प्रभाग क्र.4ब, साईनगरी येथील गल्ली नं.14 व 15 येथील पावसाळी लाईन टाकणे",,1000000.0,"[(4, 'ब')]",[4],1,4.0,ब,4.0,B
2021-22,list21,4348,CE20E101/SF1-104,CE20E101,SF1,104,7C,"प्रभाग क्र.7क, मध्ये विविध ठिकाणी पावसाळी लाईन टाकणे",,1000000.0,"[(7, 'क')]",[7],1,7.0,क,7.0,C
2021-22,list21,4349,CE20E101/SF1-105,CE20E101,SF1,105,9B,"प्रभाग क्र.9ब, मध्ये विविध ठिकाणी पावसाळी लाईन टाकणे",,1000000.0,"[(9, 'ब')]",[9],1,9.0,ब,9.0,B
2021-22,list21,4350,CE20E101/SF1-106,CE20E101,SF1,106,10C,प्रभाग क्र. 10 क मधील विविध ठिकाणी पावसाळी लाईन टाकणे.,,1000000.0,"[(10, 'क')]",[10],1,10.0,क,10.0,C
2021-22,list21,4351,CE20E101/SF1-107,CE20E101,SF1,107,12A,"प्रभाग क्र. 12 अ, मध्ये विविध ठिकाणी पावसाळी लाईन टाकणे व दुरूस्ती विषयक कामे करणे",,1000000.0,"[(12, 'अ')]",[12],1,12.0,अ,12.0,A
2021-22,list21,4352,CE20E101/SF1-108,CE20E101,SF1,108,12A,"प्रभाग क्र. 12 अ, मध्ये आझादनगर परिसर पावसाळी लाईन टाकणे व दुरूस्ती विषयक कामे करणे",,1000000.0,"[(12, 'अ')]",[12],1,12.0,अ,12.0,A
2021-22,list21,4353,CE20E101/SF1-109,CE20E101,SF1,109,12A,"प्रभाग क्र. 12 अ, मध्ये विवेकानंद कॉलनी परिसर पावसाळी लाईन टाकणे व दुरूस्ती विषयक कामे करणे",,1000000.0,"[(12, 'अ')]",[12],1,12.0,अ,12.0,A
2021-22,list21,4354,CE20E101/SF1-110,CE20E101,SF1,110,12A,"प्रभाग क्र. 12 अ, मध्ये लक्ष्मीनगर डहाणूकर कॉलनी पावसाळी लाईन टाकणे व दुरूस्ती विषयक कामे कऱणे",,1000000.0,"[(12, 'अ')]",[12],1,12.0,अ,12.0,A
2021-22,list21,4355,CE20E101/SF1-111,CE20E101,SF1,111,12A,"प्रभाग क्र. 12 अ, मध्ये गुजरात कॉलनी परिसर पावसाळी लाईन टाकणे व दुरूस्ती विषयक कामे करणे",,1000000.0,"[(12, 'अ')]",[12],1,12.0,अ,12.0,A
2021-22,list21,4356,CE20E101/SF1-112,CE20E101,SF1,112,13B,"प्रभाग क्र. 13 ब, मध्ये ड्रेनेज व पावसाळी लाईनचे काम झाले असल्याने खराब झालेला, भोंडे कॉलनीतील प्राईम फर्निशिंग चौक मास्टिक करणे",,2000000.0,"[(13, 'ब')]",[13],1,13.0,ब,13.0,B
2021-22,list21,4357,CE20E101/SF1-113,CE20E101,SF1,113,13C,"प्रभाग क्र. 13 क, हॅपी कॉलनी एरंडवणे येथे विविध ठिकाणी पावसाळी लाईन टाकणे",,1500000.0,"[(13, 'क')]",[13],1,13.0,क,13.0,C
2021-22,list21,4358,CE20E101/SF1-114,CE20E101,SF1,114,13D,"प्रभाग क्र. 13 ड, 3 चाळ पूरग्रस्त वसाहत येथे पावसाळी ड्रेनेज बांधणे",,500000.0,"[(13, 'ड')]",[13],1,13.0,ड,13.0,D
2021-22,list21,4359,CE20E101/SF1-115,CE20E101,SF1,115,15B,"प्रभाग क्र. 15 ब, मध्ये शनिवार पेठ परिसरात व प्रभागात इतरत्र पावसाळा लाईन टाकणे",,1000000.0,"[(15, 'ब')]",[15],1,15.0,ब,15.0,B
2021-22,list21,4360,CE20E101/SF1-116,CE20E101,SF1,116,15D,"प्रभाग क्र. 15 ड, मध्ये नारायण पेठ परिसरात व प्रभागात इतरत्र पावसाळी लाईन टाकणे व तदनुषंगिक कामे करणे",,1000000.0,"[(15, 'ड')]",[15],1,15.0,ड,15.0,D
2021-22,list21,4361,CE20E101/SF1-117,CE20E101,SF1,117,15D,"प्रभाग क्र. 15 ड, मध्ये बुधवार पेठ परिसरात व प्रभागात इतरत्र पावसाळी लाईन टाकणे व तदनुषंगिक कामे करणे",,1000000.0,"[(15, 'ड')]",[15],1,15.0,ड,15.0,D
2021-22,list21,4362,CE20E101/SF1-118,CE20E101,SF1,118,22B,"प्रभाग क्र. 22 ब, मध्ये विविध पावसाळी लाईन विषयक कामे करणे व इतर अनुषंगिक कामे करणे.",,1000000.0,"[(22, 'ब')]",[22],1,22.0,ब,22.0,B
2021-22,list21,4363,CE20E101/SF1-119,CE20E101,SF1,119,25B,"प्रभाग क्र. 25 ब, वानवडी येथील गंगा सॅटेलाईट येथे नव्याने कल्व्हर्ट बांधणे.",,2500000.0,"[(25, 'ब')]",[25],1,25.0,ब,25.0,B
2021-22,list21,4364,CE20E101/SF1-120,CE20E101,SF1,120,25B,"प्रभाग क्र. 25 ब, वानवडी येथील विकासनगर काळूबाई मंदिर येथे नाल्यावर कल्व्हर्ट बांधणे.",,2500000.0,"[(25, 'ब')]",[25],1,25.0,ब,25.0,B
2021-22,list21,4365,CE20E101/SF1-121,CE20E101,SF1,121,25B,प्रभाग क्र.25 ब वानवडी येथील काळूबाई मंदिर कलव्हर्ट बांधणे.,,2500000.0,"[(25, 'ब')]",[25],1,25.0,ब,25.0,B
2021-22,list21,4366,CE20E101/SF1-122,CE20E101,SF1,122,27A,"प्रभाग क्र. 27 अ, विविध ठिकाणी पावसाळी लाईन विषयक कामे करणे.",,1000000.0,"[(27, 'अ')]",[27],1,27.0,अ,27.0,A
2021-22,list21,4367,CE20E101/SF1-123,CE20E101,SF1,123,28C,"प्रभाग क्र. 28 क, येथे महर्षीनगर भागात पावसाळी लाईन टाकणे.",,1000000.0,"[(28, 'क')]",[28],1,28.0,क,28.0,C
2021-22,list21,4368,CE20E101/SF1-124,CE20E101,SF1,124,28C,"प्रभाग क्र. 28 क, येथे मुकुंदनगर परिसरात पावसाळी लाईन टाकणे.",,1000000.0,"[(28, 'क')]",[28],1,28.0,क,28.0,C
2021-22,list21,4369,CE20E101/SF1-125,CE20E101,SF1,125,28D,प्रभाग क्रं. 28 ड मध्ये विविध ठिकाणी पावसाळी लाईन टाकणे व तदनुषंगिक कामे करणे.,,1000000.0,"[(28, 'ड')]",[28],1,28.0,ड,28.0,D
2021-22,list21,4370,CE20E101/SF1-126,CE20E101,SF1,126,28D,प्रभाग क्रं. 28 ड मध्ये विविध ठिकाणी रस्त्यावरील खाली गेलेली चेंबरची झाकणे व पावसाळी लाईनची झाकणे समपातळी व चेंबरची झाकणे बसविणे.,,1000000.0,"[(28, 'ड')]",[28],1,28.0,ड,28.0,D
2021-22,list21,4371,CE20E101/SF1-127,CE20E101,SF1,127,31C,"प्रभाग क्र. 31 क, विविध ठिकाणी पावसाळी चेंबर सफाई करणे.",,1000000.0,"[(31, 'क')]",[31],1,31.0,क,31.0,C
2021-22,list21,4372,CE20E101/SF1-128,CE20E101,SF1,128,31C,"प्रभाग क्र. 31 क, विविध ठिकाणी नवीन पावसाळी लाईन टाकणे.",,1000000.0,"[(31, 'क')]",[31],1,31.0,क,31.0,C
2021-22,list21,4373,CE20E101/SF1-129,CE20E101,SF1,129,33A,"प्रभाग क्र. 33 अ, व़डगाव बुद्रुक विविध ठिकाणी पावसाळी लाईन विकसित करणे, दुरुस्त करणे, साफ करणे इत्यादी तदनुषंगिक कामे करणे.",,1000000.0,"[(33, 'अ')]",[33],1,33.0,अ,33.0,A
2021-22,list21,4374,CE20E101/SF1-130,CE20E101,SF1,130,33A,"प्रभाग क्र. 33 अ, वडगाव बुद्रुक येथील किर्तीनगर, पावंजाईनगर ते हायवे पूल कल्व्हर्ट पूर्ण करणे.",,1000000.0,"[(33, 'अ')]",[33],1,33.0,अ,33.0,A
2021-22,list21,4375,CE20E101/SF1-131,CE20E101,SF1,131,33B,"प्रभाग क्र. 33 ब, नवले ब्रीज ते विश्वास हॉटेल पावसाळी लाईन करणे.",,1000000.0,"[(33, 'ब')]",[33],1,33.0,ब,33.0,B
2021-22,list21,4376,CE20E101/SF1-132,CE20E101,SF1,132,34D,"प्रभाग क्र. 34 ड, विविध ठिकाणी पावसाळी लाईन टाकणे.",,1000000.0,"[(34, 'ड')]",[34],1,34.0,ड,34.0,D
2021-22,list21,4377,CE20E101/SF1-133,CE20E101,SF1,133,35A,प्रभाग क्रं. ३५ अ मधील सहकारनगर नं. २ व विविध ठिकाणी पावसाळी लाईन विषयक कामे करणे.,,1000000.0,"[(35, 'अ')]",[35],1,35.0,अ,35.0,A
2021-22,list21,4378,CE20E101/SF1-134,CE20E101,SF1,134,35A,प्रभाग क्रं. ३५ अ मधील शाहू वसाहत येथे पावसाळी चेंबर दुरुस्ती व साफसफाई करणे.,,1000000.0,"[(35, 'अ')]",[35],1,35.0,अ,35.0,A
2021-22,list21,4379,CE20E101/SF1-135,CE20E101,SF1,135,37B,प्रभाग क्रं. ३७ ब मध्ये विविध ठिकाणी पावसाळी लाईन टाकणे.,,1000000.0,"[(37, 'ब')]",[37],1,37.0,ब,37.0,B
2021-22,list21,4380,CE20E101/SF1-136,CE20E101,SF1,136,37B,"प्रभाग क्रं. ३७ ब मध्ये पी.एम.टी. कॉलनी, महेश सोसायटी येथील पावसाळी लाईन वरील चेंबर दुरुस्ती करणे व लोखंडी जाळ्या बसविणे.",,1000000.0,"[(37, 'ब')]",[37],1,37.0,ब,37.0,B
2021-22,list21,4381,CE20E101/SF1-137,CE20E101,SF1,137,41A,प्रभाग क्र.४१ अ कोंढवा बुद्रुक व परिसरामध्ये पावसाळी लाईन विकसित करणे.,,1000000.0,"[(41, 'अ')]",[41],1,41.0,अ,41.0,A
2021-22,list21,4382,CE20E101/SF1-138,CE20E101,SF1,138,42A,प्रभाग क्र. ४२ अ मध्ये फुरसुंगी येथे अंतर्गत पावसाळी लाईन टाकणे.,,1000000.0,"[(42, 'अ')]",[42],1,42.0,अ,42.0,A
2021-22,list21,4383,CE20E101/SF1-139,CE20E101,SF1,139,20C,"प्रभाग क्र. 20 क,मध्ये विविध ठिकाणी पावसाळी लाईन साफ करणे व इतर तदनुषंगिक कामे करणे",,1000000.0,"[(20, 'क')]",[20],1,20.0,क,20.0,C
2021-22,list21,4384,CE20E101/SF1-140,CE20E101,SF1,140,36C,प्रभाग क्र. 36 क मध्ये पावसाळी लाईन टाकणे.,,1000000.0,"[(36, 'क')]",[36],1,36.0,क,36.0,C
2021-22,list21,4385,CE20E101/SF1-141,CE20E101,SF1,141,21A,प्रभाग क्र.21 अ मध्ये पावसाळी गटाराचे काम करणे.,,10000000.0,"[(21, 'अ')]",[21],1,21.0,अ,21.0,A
2021-22,list21,4386,CE20E101/SF1-142,CE20E101,SF1,142,5D,"प्रभाग क्र.5ड, मध्ये पावसाळी लाईन व नाला साफसफाई करणे",,1000000.0,"[(5, 'ड')]",[5],1,5.0,ड,5.0,D
2021-22,list21,4387,CE20E101/SF1-143,CE20E101,SF1,143,11D,"प्रभाग क्र. 11 ड,सुतारदरा येथील शिवशक्तीनगर गल्ली क्र.27 अपूर्ण असलेली पावसाळी ड्रेनेज लाईन टाकणे व कॉक्रीटीकरण करणे",,1000000.0,"[(11, 'ड')]",[11],1,11.0,ड,11.0,D
2021-22,list21,4388,CE20E101/SF1-144,CE20E101,SF1,144,11D,"प्रभाग क्र. 11 ड, येथे विविध ठिकाणी तसेच माधवबाग सोसायटी परिसरामध्ये पावसाळी लाईन टाकणे व सिमेंट कॉक्रीटीकरण करणे",,1000000.0,"[(11, 'ड')]",[11],1,11.0,ड,11.0,D
2021-22,list21,4389,CE20E101/SF1-145,CE20E101,SF1,145,11D,"प्रभाग क्र. 11 ड, सुतारदरा येथील गल्ली क्र.27 मधील अर्धवट राहिलेले पावसाळी लाईनचे काम पूर्ण करणे व सिमेंट कॉक्रीटीकरण करणे",,1000000.0,"[(11, 'ड')]",[11],1,11.0,ड,11.0,D
2021-22,list21,4390,CE20E101/SF1-146,CE20E101,SF1,146,13A,"प्रभाग क्र. 13 अ, प्रभागात इतरत्र पावसाळी लाईन टाकणे व दुरुस्ती विषयक कामे करणे.",,1000000.0,"[(13, 'अ')]",[13],1,13.0,अ,13.0,A
2021-22,list21,4391,CE20E101/SF1-147,CE20E101,SF1,147,16C,"प्रभाग क्र. 16 क, 15 ऑगस्ट चौक ते हॉटेल पद्माकृष्ण पारगे चौक पावसाळी गटार करणे भाग1",,500000.0,"[(16, 'क')]",[16],1,16.0,क,16.0,C
2021-22,list21,4392,CE20E101/SF1-148,CE20E101,SF1,148,16C,"प्रभाग क्र. 16 क, 15 ऑगस्ट चौक ते हॉटेल पद्माकृष्ण पारगे चौक पावसाळी गटार करणे भाग2",,500000.0,"[(16, 'क')]",[16],1,16.0,क,16.0,C
2021-22,list21,4393,CE20E101/SF1-149,CE20E101,SF1,149,26A,"प्रभाग क्र. 26 अ, मध्ये वाडकर मळा परिसरात पावसाळी लाईन टाकणे.",,5000000.0,"[(26, 'अ')]",[26],1,26.0,अ,26.0,A
2021-22,list21,4394,CE20E101/SF1-150,CE20E101,SF1,150,31A,प्रभाग क्र.३१ अ मधील रस्ते व पावसाळी लाईन विकसित करणे.,,1000000.0,"[(31, 'अ')]",[31],1,31.0,अ,31.0,A
2021-22,list21,4395,CE20E101/SF1-151,CE20E101,SF1,151,2A,"प्रभाग क्र2अ,टिंगरेनगर मधील रोड नंबर 6 येथील पावसाळी लाईन टाकणे",,1000000.0,"[(2, 'अ')]",[2],1,2.0,अ,2.0,A
2021-22,list21,4396,CE20E101/SF1-152,CE20E101,SF1,152,5A,"प्रभाग क्र.५ अ, मध्ये पावसाळी लाईन टाकणे व तदनुषंगिक कामे करणे",,1000000.0,"[(5, 'अ')]",[5],1,5.0,अ,5.0,A
2021-22,list21,4397,CE20E101/SF1-153,CE20E101,SF1,153,5A,"प्रभाग क्र.५ अ, मध्ये वडगावशेरी व कल्याणीनगर परिसरात पावसाळी लाईन टाकणे",,1000000.0,"[(5, 'अ')]",[5],1,5.0,अ,5.0,A
2021-22,list21,4398,CE20E101/SF1-154,CE20E101,SF1,154,5B,"प्रभाग क्र.5ब,मध्ये विविध ठिकाणी पावसाळी लाईन टाकणे",,1000000.0,"[(5, 'ब')]",[5],1,5.0,ब,5.0,B
2021-22,list21,4399,CE20E101/SF1-155,CE20E101,SF1,155,26C,"प्रभाग क्र. 26 क, क्लोव्हर हिल्स परिसरात पावसाळी लाईन विकसित करणे.",,1000000.0,"[(26, 'क')]",[26],1,26.0,क,26.0,C
2021-22,list21,4400,CE20E101/SF1-156,CE20E101,SF1,156,41B,प्रभाग क्र. ४१ ब मध्ये विविध ठिकाणी पावसाळी लाईन दुरुस्ती करणे व तदनुषंगिक कामे करणे.,,1000000.0,"[(41, 'ब')]",[41],1,41.0,ब,41.0,B
2021-22,list21,4401,CE20E101/SF1-157,CE20E101,SF1,157,32A,प्रभाग क्र.३२ अ मधील वारजे माळवाडी येथे पावसाळी लाईन टाकणे.,,1000000.0,"[(32, 'अ')]",[32],1,32.0,अ,32.0,A
2021-22,list21,4402,CE20E101/SF1-158,CE20E101,SF1,158,17B,"प्रभाग क्र.17ब सत्यनारायण मंदीर, रविवार पेठ ते लोणार आळी पावसाळी गटार लाईन टाकणे",,2000000.0,"[(17, 'ब')]",[17],1,17.0,ब,17.0,B
2021-22,list21,4403,CE20E101/SF1-159,CE20E101,SF1,159,,"जय तुळजाभवानी सोसायटी,पीएमटी कॉलनी,बिबवेवाडी येथे पावसाळी लाईन टाकणे",,2000000.0,[],[],0,,,,
2021-22,list21,4404,CE20E101/SF1-160,CE20E101,SF1,160,14D,"प्रभाग क्र.14ड, मध्ये विविध ठिकाणी पावसाळी लाईन टाकणे",,1000000.0,"[(14, 'ड')]",[14],1,14.0,ड,14.0,D
2021-22,list21,4405,CE20E101/SF1-161,CE20E101,SF1,161,37A,"प्रभाग क्र.37अ,मध्ये पी.एम.टी.कॉलनी,गॅस गोडाऊन येथे मोठया व्यासाची पावसाची लाईन टाकणे",,1000000.0,"[(37, 'अ')]",[37],1,37.0,अ,37.0,A
2021-22,list21,4406,CE20E101/SF1-162,CE20E101,SF1,162,19C,"प्रभाग क्र.19क,मधील विविध ठिकाणच्या पावसाळी जाळ्या बदलणे व साफसफाई करणे",,2000000.0,"[(19, 'क')]",[19],1,19.0,क,19.0,C
2021-22,list21,4407,CE20E101/SF1-163,CE20E101,SF1,163,25A,"प्रभाग क्र.25अ, विविध ठिकाणी पावसाळी लाईन साफसफाई करणे",,2000000.0,"[(25, 'अ')]",[25],1,25.0,अ,25.0,A
2021-22,list21,4408,CE20E101/SF1-164,CE20E101,SF1,164,35A,"प्रभाग क्र.35अ,मध्ये सहकारनगर 1 व 2 पावसाळी लाईन विषयक कामे करणे",,1000000.0,"[(35, 'अ')]",[35],1,35.0,अ,35.0,A
2021-22,list21,4409,CE20E101/SF1-165,CE20E101,SF1,165,20D,प्रभाग क्र. 20 ड मध्ये विविध ठिकाणी पावसाळी लाईन टाकणे,,1000000.0,"[(20, 'ड')]",[20],1,20.0,ड,20.0,D
2021-22,list21,4410,CE20E101/SF1-166,CE20E101,SF1,166,20D,प्रभाग क्र. 20 ड मध्ये ब्ल्यू नाईल ठिकाणी पावसाळी लाईन टाकणे,,1000000.0,"[(20, 'ड')]",[20],1,20.0,ड,20.0,D
2021-22,list21,4411,CE20E101/SF1-167,CE20E101,SF1,167,32D,"प्रभाग क्र. 32 ड मध्ये, असणा-या ओढ्यावर दोन ठिकाणी कल्वर्ट बांधणे.",,2000000.0,"[(32, 'ड')]",[32],1,32.0,ड,32.0,D
2021-22,list21,4412,CE20E101/SF1-168,CE20E101,SF1,168,31D,प्रभाग क्र.३१ ड कर्वेनगर मध्ये विविध ठिकाणी पावसाळी लाईन टाकणे.,,1000000.0,"[(31, 'ड')]",[31],1,31.0,ड,31.0,D
2021-22,list21,4413,CE20E101/SF1-169,CE20E101,SF1,169,32C,प्रभाग क्र. 32 क मध्ये पावसाळी डक्ट करणे.,,1000000.0,"[(32, 'क')]",[32],1,32.0,क,32.0,C
2021-22,list21,4414,CE20E101/SF1-170,CE20E101,SF1,170,32C,प्रभाग क्र. 32 क मध्ये विविध ठिकाणी पावसाळी लाईन टाकणे.,,1000000.0,"[(32, 'क')]",[32],1,32.0,क,32.0,C
2021-22,list21,4415,CE20E101/SF1-171,CE20E101,SF1,171,32C,प्रभाग क्र. 32 क मध्ये यशोदीप चौक ते सर्विस रोड पावसाळी लाईन टाकणे.,,1000000.0,"[(32, 'क')]",[32],1,32.0,क,32.0,C
2021-22,list21,4416,CE20E101/SF1-172,CE20E101,SF1,172,32C,प्रभाग क्र. 32 क मध्ये विविध ठिकाणी पावसाळी लाईन व तदनुषंगिक कामे करणे.,,1000000.0,"[(32, 'क')]",[32],1,32.0,क,32.0,C
2021-22,list21,4417,CE20E101/SF1-173,CE20E101,SF1,173,32C,प्रभाग क्र. 32 क मध्ये विविध ठिकाणी पावसाळी आर.सी.सी. चेंबर बांधणे व इतर चेंबर दुरुस्ती विषयक कामे करणे.,,1000000.0,"[(32, 'क')]",[32],1,32.0,क,32.0,C
2021-22,list21,4418,CE20E101/SF1-174,CE20E101,SF1,174,32C,प्रभाग क्र. 32 क मध्ये वारजे माळवाडी मध्ये डी.पी.रस्त्यावर कलव्हर्ट बांधणे.,,10000000.0,"[(32, 'क')]",[32],1,32.0,क,32.0,C
2021-22,list21,4419,CE20E101/SF1-175,CE20E101,SF1,175,32C,प्रभाग क्र. 32 क मध्ये डी.पी. रस्त्यालगत पावसाळी लाईन विकसित करणे.,,5000000.0,"[(32, 'क')]",[32],1,32.0,क,32.0,C
2021-22,list21,4420,CE20E101/SF1-176,CE20E101,SF1,176,40D,प्रभाग क्रं. ४० ड मध्ये नॅन्सी लेकहोम येथे पावसाळी लाईन टाकणे.,,1000000.0,"[(40, 'ड')]",[40],1,40.0,ड,40.0,D
2021-22,list21,4421,CE20E101/SF1-177,CE20E101,SF1,177,2C,प्रभाग क्र.२ क मधील स्व. माजी महापौर भारत सावंत पाम उद्यान शेजारी पावसाळी लाईन टाकणे.,,1000000.0,"[(2, 'क')]",[2],1,2.0,क,2.0,C
2021-22,list21,4422,CE20E101/SF1-178,CE20E101,SF1,178,12C,प्रभाग क्र. 12 क शास्त्रीनगर परिसरामध्ये पावसाळी लाईन दुरूस्ती करणे.,,1000000.0,"[(12, 'क')]",[12],1,12.0,क,12.0,C
2021-22,list21,4423,CE20E101/SF1-179,CE20E101,SF1,179,14B,"प्रभाग क्र.14ब,मध्ये विविध ठिकाणी पावसाळी चेंबर दुरूस्ती करणे",,500000.0,"[(14, 'ब')]",[14],1,14.0,ब,14.0,B
2021-22,list21,4424,CE20E101/SF1-180,CE20E101,SF1,180,15D,प्रभाग क्र.१५ड मध्ये चिमण्या गणपती ते वंदे मातरम चौक दरम्यान पावसाळी लाईन टाकणे.,,1000000.0,"[(15, 'ड')]",[15],1,15.0,ड,15.0,D
2021-22,list21,4425,CE20E101/SF1-181,CE20E101,SF1,181,18B,"प्रभाग क्र.18ब,मध्ये बंदिवान मारूती मंडळ ते कस्तुरी चौक येथे पावसाळी लाईन व ड्रेनेज लाईन टाकणे",,1000000.0,"[(18, 'ब')]",[18],1,18.0,ब,18.0,B
2021-22,list21,4426,CE20E101/SF1-182,CE20E101,SF1,182,18B,"प्रभाग क्र.18ब,मध्ये कस्तुरी चौक ते घसेटी पूल येथे पावसाळी लाईन व ड्रेनेज लाईन टाकणे",,1000000.0,"[(18, 'ब')]",[18],1,18.0,ब,18.0,B
2021-22,list21,4427,CE20E101/SF1-183,CE20E101,SF1,183,18B,"प्रभाग क्र.18ब,मध्ये विविध ठिकाणी लोखंडी पावसाळी चेंबर कव्हर टाकणे",,1000000.0,"[(18, 'ब')]",[18],1,18.0,ब,18.0,B
2021-22,list21,4428,CE20E101/SF1-184,CE20E101,SF1,184,,दांडेकर पुल सर्वे नं.133 व 134 येथील रस्ता रुंदीप्रमाणे नवीन पुल (कल्वर्ट) बांधणे.,,40000000.0,[],[],0,,,,
2022-23,A_List,1054,CE20E101/F1-26,CE20E101,F1,26,9,"प्रभाग क्रमांक 9 ज्युपीटर हॉस्पिटल चौक सुशोभिकरण व कल्व्हर्ट बांधणे, ॲप्रोच रस्ते विकसित करणे.",,10000000.0,"[(9, None)]",[9],1,9.0,,9.0,
2022-23,A_List,1055,CE20E101/F1-27,CE20E101,F1,27,16,मंगळवार पेठ येथील माणिक नाल्यावरील श्रमिकनगर मधील कल्व्हर्ट पाडून नवीन बांधणे.,,10000000.0,[],[],0,,,16.0,
2022-23,A_List,1056,CE20E101/F1-28,CE20E101,F1,28,16,शिवाजी आखाडा शेजारील माणिक नाल्यावरील भिमनगरला जोडणारा कल्व्हर्ट बांधणे.,,5000000.0,[],[],0,,,16.0,
2022-23,A_List,1057,CE20E101/F1-29,CE20E101,F1,29,38,प्रभाग क्रमांक 38 मधील आनंदनगरकडे जाणा-या नाल्यावरील कल्व्हर्ट बांधणे.,,2500000.0,"[(38, None)]",[38],1,38.0,,38.0,
2022-23,A_List,1058,CE20E101/F1-30,CE20E101,F1,30,38,प्रभाग क्रमांक 38 कात्रज स.नं. 32 व 43 डी.पी. रस्त्यावरील कल्व्हर्ट विकसित करणे.,,5000000.0,"[(38, 'क')]",[38],1,38.0,क,38.0,
2022-23,A_List,1059,CE20E101/F1-31,CE20E101,F1,31,26,सिंहगड मुख्य रस्ता पु.ल.देशपांडे उदयानासमोर कल्व्हर्ट बांधणे.,,5000000.0,[],[],0,,,26.0,
2022-23,A_List,1060,CE20E101/F1-32,CE20E101,F1,32,3,प्रभाग क्रमांक 3 मध्ये विमाननगर चौकातील नाला कल्व्हर्ट बांधणे.,,5000000.0,"[(3, None)]",[3],1,3.0,,3.0,
2022-23,A_List,1061,CE20E101/F1-33,CE20E101,F1,33,26,"प्रभाग क्रमांक 26 महंमदवाडी येथील सं.नं. 19,20,26 मधील 24 मी डी.पी. रस्ता वरील नाल्या वर कल्व्हर्ट बांधणे",,5000000.0,"[(26, None)]",[26],1,26.0,,26.0,
2022-23,A_List,1062,CE20E101/F1-34,CE20E101,F1,34,,प्रभाग क्र.२० मधील सायकल सोसायटी येथील नाला बॉक्स कल्व्हर्ट बांधणे,,10000000.0,"[(20, None)]",[20],1,20.0,,,
2022-23,A_List,1063,CE20E101/F1-35,CE20E101,F1,35,,पुणे शहरातील पावसाळी पाणी व्यवस्थापनासाठी पथ विभागाकडून रिईनस्टेटमेंट करणेसाठी,,50000000.0,[],[],0,,,,
2022-23,A_List,1066,CE20E101/F1-21,CE20E101,F1,21,G,"पुणे शहरातील वारंवार पूरसदृष्य परिस्थिती निर्माण होणाऱ्या ठिकाणी पावसाळी पाण्याचा निचरा करणेकरिता पावसाळी लाईन टाकणे, नाला सुधारणा कामे करणे, कल्व्हर्ट बांधणे व तद्‌नुषंगिक कामे करणे (टप्पा क्र.3 उर्वरित कामे)",,400000000.0,[],[],0,,,,G
2023-24,A_List,1253,CE20E101/F1-37,CE20E101,F1,37,,"पुणे शहरातील कोथरूड बेसिन, औंध बेसिन, बावधन पाषाण बेसिन, मंगळवार पेठ बेसिन, शनिवार पेठ बेसिन, दत्तनगर बेसिन,हिंगणे बेसिन, वडगाव बु. बेसिन,, कोंढवा बेसिन या ठिकाणी पावसाळी पाण्याच्या व्यवस्थापनासाठी नाला सुधारणा कामे करणे, कल्व्हर्टस बांधणे, पावसाळी लाईन टाकणे व तदनुषंगिक कामे करणे. तसेच त्यानुसार वरील सर्व कामांची पाच वर्षासाठी देखभाल दुरुस्ती विषयक कामे करणे (भाग १) (टप्पा क्र. २)",,300000000.0,[],[],0,,,,
2023-24,A_List,1254,CE20E101/F1-38,CE20E101,F1,38,,मंगळवार पेठ येथील माणिक नाल्यावरील श्रमिक नगर मधील कल्व्हर्ट पाडून नवीन बांधणे.,,8404000.0,[],[],0,,,,
2023-24,A_List,1255,CE20E101/F1-39,CE20E101,F1,39,,सिंहगड मुख्य रस्ता पु.ल.देशपांडे उद्यानासमोर कल्व्हर्ट विकसित करणे.,,9966000.0,[],[],0,,,,
2023-24,A_List,1256,CE20E101/F1-40,CE20E101,F1,40,,धायरी गावातील रायकर मळा येथे पोकळे वस्तीकडे जाणाऱ्या रस्त्यास समांतर वाहणाऱ्या नाल्यावर बॉक्स कल्व्हर्ट बांधणे,,3200000.0,[],[],0,,,,
2023-24,A_List,1257,CE20E101/F1-41,CE20E101,F1,41,,पुणे शहरात सन २०२२ मध्ये अतिवृष्टीने बाधित ठिकाणी करावयाच्या उपाय योजनासाठी सविस्तर प्रकल्प अहवाल तयार करणे या कामासाठी तज्ञ सल्लागार नेमणूक करणे व सविस्तर प्रकल्प अहवाल नुसार कामे करणे.,,100000000.0,[],[],0,,,,
2023-24,A_List,1258,CE20E101/F1-42,CE20E101,F1,42,,प्रभाग क्र.१९ मध्ये नाला कॅल्व्हट विषयक कामे करणे,,3000000.0,"[(19, None)]",[19],1,19.0,,,
2023-24,A_List,1261,CE20E101/F1-21,CE20E101,F1,21,G,"पुणे शहरातील वारंवार पूरसदृष्य परिस्थिती निर्माण होणाऱ्या ठिकाणी पावसाळी पाण्याचा निचरा करणेकरिता पावसाळी लाईन टाकणे, नाला सुधारणा कामे करणे, कल्व्हर्ट बांधणे व तद्‌नुषंगिक कामे करणे (टप्पा क्र.3 उर्वरित कामे)",,100000000.0,[],[],0,,,,G
2023-24,A_List,1262,CE20E101/F1-28,CE20E101,F1,28,16,शिवाजी आखाडा शेजारील माणिक नाल्यावरील भिमनगरला जोडणारा कल्व्हर्ट बांधणे.,,4230000.0,[],[],0,,,16.0,
2024-25,A_List,1484,CE20E101/F1-46,CE20E101,F1,46,,बंडगार्डन रोड व नॉर्थ मेन रोड येथे पूरपरिस्थिती निर्माण होणाऱ्या ठिकाणी पावसाळी लाईन विकसित करणे,,40000000.0,[],[],0,,,,
2024-25,A_List,1485,CE20E101/F1-47,CE20E101,F1,47,,प्रभाग क्र. २९ विजयनगर परिसरात पावसाळी लाईन टाकणे,,3000000.0,"[(29, None)]",[29],1,29.0,,,
2024-25,A_List,1486,CE20E101/F1-48,CE20E101,F1,48,,खराडी आपले घर सोसायटी येथे पावसाळी लाईन विकसित करणे,,10000000.0,[],[],0,,,,
2024-25,A_List,1487,CE20E101/F1-49,CE20E101,F1,49,,प्रभाग क्र २ मधील इ कॉमर झोन ते मेंटल हॉस्पिटल पावसाळी लाईन टाकणे.,,10000000.0,"[(2, None)]",[2],1,2.0,,,
2024-25,A_List,1488,CE20E101/F1-50,CE20E101,F1,50,,बिबवेवाडी VIIT ते जगताप डेअरी चौकापर्यंत पावसाळी लाईन टाकणे,,5000000.0,[],[],0,,,,
2024-25,A_List,1489,CE20E101/F1-51,CE20E101,F1,51,,कर्वेनगर सहवास सोसायटी रस्त्यावरील बराटे चौक ते भुजबळ बंगलो पावसाळी लाईन टाकणे,,4500000.0,[],[],0,,,,
2024-25,A_List,1490,CE20E101/F1-52,CE20E101,F1,52,,खडी मशीन चौक ते येवलेवाडी येथे पावसाळी लाईन विकसित करणे,,7000000.0,[],[],0,,,,
2024-25,A_List,1491,CE20E101/F1-53,CE20E101,F1,53,,कसबा विश्रामबागवाडा क्षेत्रिय कार्यालय अंतर्गत पावसाचे पाणी साठण्याच्या ठिकाणी पावसाळी लाईन टाकणे,,10000000.0,[],[],0,,,,
2024-25,A_List,1494,CE20E101/F1-21,CE20E101,F1,21,,"पुणे शहरातील वारंवार पूरसदृष्य परिस्थिती निर्माण होणाऱ्या ठिकाणी पावसाळी पाण्याचा निचरा करणेकरिता पावसाळी लाईन टाकणे, नाला सुधारणा कामे करणे, कल्व्हर्ट बांधणे व तद्‌नुषंगिक कामे करणे (टप्पा क्र.3 उर्वरित कामे)",,30000000.0,[],[],0,,,,
2024-25,A_List,1495,CE20E101/F1-37,CE20E101,F1,37,,"पुणे शहरातील कोथरूड बेसिन, औंध बेसिन, बावधन पाषाण बेसिन, मंगळवार पेठ बेसिन, शनिवार पेठ बेसिन, दत्तनगर बेसिन,हिंगणे बेसिन, वडगाव बु. बेसिन,, कोंढवा बेसिन या ठिकाणी पावसाळी पाण्याच्या व्यवस्थापनासाठी नाला सुधारणा कामे करणे, कल्व्हर्टस बांधणे, पावसाळी लाईन टाकणे व तदनुषंगिक कामे करणे. तसेच त्यानुसार वरील सर्व कामांची पाच वर्षासाठी देखभाल दुरुस्ती विषयक कामे करणे (भाग १) (टप्पा क्र. २)",,160000000.0,[],[],0,,,,
2024-25,A_List,1496,CE20E101/F1-27,CE20E101,F1,27,,मंगळवार पेठ येथील माणिक नाल्यावरील श्रमिकनगर मधील कल्व्हर्ट पाडून नवीन बांधणे.,,5000000.0,[],[],0,,,,
2025-26,listA,1696,CE20E101/F1-61,CE20E101,F1,61,,पुणे मनपा मध्ये नव्याने समाविष्ट २३ गावांसाठी वारंवार पूरपरिस्थिती निर्माण होणाऱ्या ठिकाणी पावसाळी व्यवस्थापनाची कामे करणे या कामासाठी तज्ञ सल्लागार नियुक्त करणे,,20000000.0,[],[],0,,,,
2025-26,listA,1697,CE20E101/F1-62,CE20E101,F1,62,,झोन क्र.१ अंतर्गत पूर परिस्थितीच्या अनुषंगाने पावसाळी लाईन व कल्व्हर्ट संबंधित कामे करणे,,20000000.0,[],[],0,,,,
2025-26,listA,1698,CE20E101/F1-63,CE20E101,F1,63,,झोन क्र.२ अंतर्गत पूर परिस्थितीच्या अनुषंगाने पावसाळी लाईन व कल्व्हर्ट संबंधित कामे करणे,,20000000.0,[],[],0,,,,
2025-26,listA,1699,CE20E101/F1-64,CE20E101,F1,64,,झोन क्र.३ अंतर्गत पूर परिस्थितीच्या अनुषंगाने पावसाळी लाईन व कल्व्हर्ट संबंधित कामे करणे,,20000000.0,[],[],0,,,,
2025-26,listA,1700,CE20E101/F1-65,CE20E101,F1,65,,"झोन क्र.४ अंतर्गत पूर परिस्थितीच्या अनुषंगाने मुंढवा चौक,एस.एम जोशी कॉलेज,आणासाहेब मगर कॉलेज,वाडकर मळा,सय्यद नगर रेलवे गेट,राविदर्शन चौक,वैभव टॉकीज,करकरे उद्यान,काळे पडळ रस्ता,ससाणे नगर कॅनॉल जवळ येथे पावसाळी लाईन व कल्व्हर्ट संबंधित कामे करणे",,10000000.0,[],[],0,,,,
2025-26,listA,1701,CE20E101/F1-66,CE20E101,F1,66,,"झोन क्र.४ अंतर्गत पूर परिस्थितीच्या अनुषंगाने श्रद्धानगर, गोकुळ होटल, चामुंडा स्वीट्स मार्ट जवळ, येवलेवाडी, कात्रज कोंढवा रोड एस.बी.आय बँक जवळ, जाधव नगर,वरखडे नगर, राजस सोसायटी कमानी जवळ येथे पावसाळी लाईन व कल्व्हर्ट संबंधित कामे करणे",,10000000.0,[],[],0,,,,
2025-26,listA,1702,CE20E101/F1-67,CE20E101,F1,67,,"झोन क्र.५ मधील बिबवेवाडी क्षेत्रीय कार्यालया अंतर्गत व भवानी पेठ क्षेत्रीय कार्यालया अंतर्गत पावसाळा कालावधी मध्ये पावसाळी लाईन चे तातडीचे दुरुस्ती विषयक व तदनुषंगिक कामे करणे.(सेवन लव्हज चौक,चंद्रकांत गॅरज,नेहरू रस्ता,वखार महामंडळ,दुगड चौक,पोकळे वस्ती,प्रेम नगर वसाहत,स्वारगेट चौक ,राष्ट्र भूषण चौक,खडकमाळ आळी परिसर,चंदन स्वीट्स,टिंबर मार्केट,देवजी बाबा मंदिर चौक व परिसर,पासोड्या विठोबा मंदिर रस्ता,फडके हौद,महात्मा फुले वाडा,स्वारगेट डेपो,बागवे कमान ते सेवन लव्हज चौक परिसर,एडी कॅम्प चौक ते निशाद टॉकीज ,हमजे खान चौक)",,10000000.0,[],[],0,,,,
2025-26,listA,1703,CE20E101/F1-68,CE20E101,F1,68,,"झोन क्र.५ मधील कसबा-विश्रामबागवाडा क्षेत्रीय कार्यालया अंतर्गत पावसाळा कालावधी मध्ये पावसाळी लाईन चे तातडीचे दुरुस्ती विषयक व तदनुषंगिक कामे करणे.(अलका चौक,मांगीरबाबा चौक,केळकर रस्ता,शनिपार चौक व परिसर,टिळक रोड व मराठा चेम्बर्स परिसर,सणस मैदान परिसर,जुना बझार,कसबा पेठ,मित्र मंडळ चौक,राजेंद्रनगर,सेवा मित्र मंडळ चौक ,पवळे चौक ,सदानंदनगर व श्रमिकनगर परिसर,मंगळवार पेठ परिसर)",,10000000.0,[],[],0,,,,
2025-26,listA,1704,CE20E101/F1-69,CE20E101,F1,69,,झोन क्र.१ मधील नवीन समविष्ट गावामधील पूर परिस्थिती अनुषंगाने पावसाळी लाईन व कल्व्हर्ट संबंधित कामे करणे,,15000000.0,[],[],0,,,,
2025-26,listA,1705,CE20E101/F1-70,CE20E101,F1,70,,झोन क्र.२ मधील नवीन समविष्ट गावामधील पूर परिस्थिती अनुषंगाने पावसाळी लाईन व कल्व्हर्ट संबंधित कामे करणे,,15000000.0,[],[],0,,,,
2025-26,listA,1706,CE20E101/F1-71,CE20E101,F1,71,,झोन क्र.३ मधील नवीन समविष्ट गावामधील पूर परिस्थिती अनुषंगाने पावसाळी लाईन व कल्व्हर्ट संबंधित कामे करणे,,15000000.0,[],[],0,,,,
2025-26,listA,1707,CE20E101/F1-72,CE20E101,F1,72,,झोन क्र.४ मधील नवीन समविष्ट गावामधील पूर परिस्थिती अनुषंगाने पावसाळी लाईन व कल्व्हर्ट संबंधित कामे करणे,,15000000.0,[],[],0,,,,
2025-26,listA,1708,CE20E101/F1-73,CE20E101,F1,73,,"पुणे शहरातील विश्रांतवाडी बेसिन, मेंटल हॉस्पिटल बेसिन, येरवडा बेसिन, हडपसर बेसिन, शिवाजीनगर बेसिन बाणेर बेसिन,कोथरूड बेसिन व वडगाव बेसिन या ठिकाणी पावसाळी पाण्याच्या व्यवस्थापनासाठी नालासुधारणा कामे करणे, कल्व्हर्टस बांधणे, पावसाळी लाईन टाकणे व तनुषंगिक कामे करणे या ठिकाणी पावसाळी पाण्याच्या व्यवस्थापनासाठी नाला सुधारणा कामे करणे, कल्व्हर्टस बांधणे, पावसाळी लाईन, टाकणे व तदनुषंगिक कामे करणे. तसेच त्यानुसार वरील सर्व कामाची पाच वर्षासाठी देखभाल दुरुस्ती विषयक कामे करणे टप्पा २ (भाग २)",,230000000.0,[],[],0,,,,
2025-26,listA,1709,CE20E101/F1-74,CE20E101,F1,74,,प्र.क्र.१३ नवसह्याद्री सोसायटी व परिसरात पावसाळी लाईन टाकणे व तदनुषंगिक कामे करणे,,2500000.0,"[(13, None)]",[13],1,13.0,,,
2025-26,listA,1710,CE20E101/F1-75,CE20E101,F1,75,,प्र.क्र. ११ प्रभागातील विविध रस्त्यांवरील पावसाळी चेंबर व पावसाळी लाईन दुरुस्त करणे तसेच चेंबर समपातळीत करणे,,2500000.0,"[(11, None)]",[11],1,11.0,,,
2025-26,listA,1711,CE20E101/F1-76,CE20E101,F1,76,,पर्वती मतदार संघातील निर्मल पार्क ते चव्हाण नगर पावसाळी लाईन टाकणे,,5000000.0,[],[],0,,,,
2025-26,listA,1712,CE20E101/F1-77,CE20E101,F1,77,,"प्र.क्र. १२ मध्ये बधाई चौक ते भेलकेनगर येथे रस्त्याच्या दोन्ही बाजूने पावसाळी लाईन टाकणे व रस्ता काँक्रीटीकरण करणे,",,5000000.0,"[(12, None)]",[12],1,12.0,,,
2025-26,listA,1713,CE20E101/F1-78,CE20E101,F1,78,,"प्र.क्र. १९ भवानी पेठ, बालाजी मंदिर नेहरू रोड व इतर परिसरातील पावसाळी जाळ्या साफसफाई करणे व आवश्यक त्या ठिकाणी नवीन जाळ्या बसविणे",,1000000.0,"[(19, None)]",[19],1,19.0,,,
2025-26,listA,1714,CE20E101/F1-79,CE20E101,F1,79,,प्र.क्र. २८ सिजीएस हॉस्पिटल मुकुंद नगर मागील बाजूस पावसाळी लाईन टाकणे,,1000000.0,"[(28, None)]",[28],1,28.0,,,
2025-26,listA,1715,CE20E101/F1-80,CE20E101,F1,80,,"स्वामी समर्थ सोसायटी, कॅनल रोड, सह्याद्री शाळेजवळ वारजे, पुणे येथे पावसाळी लाईन टाकणे",,2500000.0,[],[],0,,,,
