fy,table,sheet,sr,col0_wardnumbers,ward_office,account_code,dept,amount_lakh
2016-17,WardOfficePlan,WardOfficePlan16,,,औंध क्षेत्रीय कार्यालय एकूण बेरीज,CE20A176,Roads,0.0
2016-17,WardOfficePlan,WardOfficePlan16,,,औंध क्षेत्रीय कार्यालय एकूण बेरीज,CE20C118,Electrical,0.0
2016-17,WardOfficePlan,WardOfficePlan16,,,औंध क्षेत्रीय कार्यालय एकूण बेरीज,CE22A114,Buildings,0.0
2016-17,WardOfficePlan,WardOfficePlan16,,,औंध क्षेत्रीय कार्यालय एकूण बेरीज,FE14A118,Slum,0.0
2016-17,WardOfficePlan,WardOfficePlan16,,,औंध क्षेत्रीय कार्यालय एकूण बेरीज,ZE16A115,WaterSupply,0.0
2016-17,WardOfficePlan,WardOfficePlan16,,,औंध क्षेत्रीय कार्यालय एकूण बेरीज,ZE16B113,Sewerage_foul,0.0
2016-17,WardOfficePlan,WardOfficePlan16,,,कोथरूड क्षेत्रीय कार्यालय एकूण बेरीज,CE20A176,Roads,161.0
2016-17,WardOfficePlan,WardOfficePlan16,,,कोथरूड क्षेत्रीय कार्यालय एकूण बेरीज,CE20C118,Electrical,86.8
2016-17,WardOfficePlan,WardOfficePlan16,,,कोथरूड क्षेत्रीय कार्यालय एकूण बेरीज,CE22A114,Buildings,42.7
2016-17,WardOfficePlan,WardOfficePlan16,,,कोथरूड क्षेत्रीय कार्यालय एकूण बेरीज,FE14A118,Slum,3.5
2016-17,WardOfficePlan,WardOfficePlan16,,,कोथरूड क्षेत्रीय कार्यालय एकूण बेरीज,ZE16A115,WaterSupply,0.0
2016-17,WardOfficePlan,WardOfficePlan16,,,कोथरूड क्षेत्रीय कार्यालय एकूण बेरीज,ZE16B113,Sewerage_foul,64.4
2016-17,WardOfficePlan,WardOfficePlan16,,,घोले रोड क्षेत्रीय कार्यालय एकूण बेरीज,CE20A176,Roads,0.0
2016-17,WardOfficePlan,WardOfficePlan16,,,घोले रोड क्षेत्रीय कार्यालय एकूण बेरीज,CE20C118,Electrical,0.0
2016-17,WardOfficePlan,WardOfficePlan16,,,घोले रोड क्षेत्रीय कार्यालय एकूण बेरीज,CE22A114,Buildings,0.0
2016-17,WardOfficePlan,WardOfficePlan16,,,घोले रोड क्षेत्रीय कार्यालय एकूण बेरीज,FE14A118,Slum,0.0
2016-17,WardOfficePlan,WardOfficePlan16,,,घोले रोड क्षेत्रीय कार्यालय एकूण बेरीज,ZE16A115,WaterSupply,0.0
2016-17,WardOfficePlan,WardOfficePlan16,,,घोले रोड क्षेत्रीय कार्यालय एकूण बेरीज,ZE16B113,Sewerage_foul,0.0
2016-17,WardOfficePlan,WardOfficePlan16,,,वारजे कर्वेनगर क्षेत्रीय कार्यालय एकूण बेरीज,CE20A176,Roads,161.0
2016-17,WardOfficePlan,WardOfficePlan16,,,वारजे कर्वेनगर क्षेत्रीय कार्यालय एकूण बेरीज,CE20C118,Electrical,19.6
2016-17,WardOfficePlan,WardOfficePlan16,,,वारजे कर्वेनगर क्षेत्रीय कार्यालय एकूण बेरीज,CE22A114,Buildings,14.0
2016-17,WardOfficePlan,WardOfficePlan16,,,वारजे कर्वेनगर क्षेत्रीय कार्यालय एकूण बेरीज,FE14A118,Slum,10.5
2016-17,WardOfficePlan,WardOfficePlan16,,,वारजे कर्वेनगर क्षेत्रीय कार्यालय एकूण बेरीज,ZE16A115,WaterSupply,0.0
2016-17,WardOfficePlan,WardOfficePlan16,,,वारजे कर्वेनगर क्षेत्रीय कार्यालय एकूण बेरीज,ZE16B113,Sewerage_foul,75.6
2016-17,WardOfficePlan,WardOfficePlan16,,,ढोलेपाटील रोड क्षेत्रीय कार्यालय एकूण बेरीज,CE20A176,Roads,0.0
2016-17,WardOfficePlan,WardOfficePlan16,,,ढोलेपाटील रोड क्षेत्रीय कार्यालय एकूण बेरीज,CE20C118,Electrical,0.0
2016-17,WardOfficePlan,WardOfficePlan16,,,ढोलेपाटील रोड क्षेत्रीय कार्यालय एकूण बेरीज,CE22A114,Buildings,0.0
2016-17,WardOfficePlan,WardOfficePlan16,,,ढोलेपाटील रोड क्षेत्रीय कार्यालय एकूण बेरीज,FE14A118,Slum,0.0
2016-17,WardOfficePlan,WardOfficePlan16,,,ढोलेपाटील रोड क्षेत्रीय कार्यालय एकूण बेरीज,ZE16A115,WaterSupply,0.0
2016-17,WardOfficePlan,WardOfficePlan16,,,ढोलेपाटील रोड क्षेत्रीय कार्यालय एकूण बेरीज,ZE16B113,Sewerage_foul,0.0
2016-17,WardOfficePlan,WardOfficePlan16,,,नगररोड क्षेत्रीय कार्यालय एकूण बेरीज,CE20A176,Roads,0.0
2016-17,WardOfficePlan,WardOfficePlan16,,,नगररोड क्षेत्रीय कार्यालय एकूण बेरीज,CE20C118,Electrical,0.0
2016-17,WardOfficePlan,WardOfficePlan16,,,नगररोड क्षेत्रीय कार्यालय एकूण बेरीज,CE22A114,Buildings,0.0
2016-17,WardOfficePlan,WardOfficePlan16,,,नगररोड क्षेत्रीय कार्यालय एकूण बेरीज,FE14A118,Slum,0.0
2016-17,WardOfficePlan,WardOfficePlan16,,,नगररोड क्षेत्रीय कार्यालय एकूण बेरीज,ZE16A115,WaterSupply,0.0
2016-17,WardOfficePlan,WardOfficePlan16,,,नगररोड क्षेत्रीय कार्यालय एकूण बेरीज,ZE16B113,Sewerage_foul,0.0
2016-17,WardOfficePlan,WardOfficePlan16,,,संगमवाडी क्षेत्रीय कार्यालय एकूण बेरीज,CE20A176,Roads,84.0
2016-17,WardOfficePlan,WardOfficePlan16,,,संगमवाडी क्षेत्रीय कार्यालय एकूण बेरीज,CE20C118,Electrical,38.5
2016-17,WardOfficePlan,WardOfficePlan16,,,संगमवाडी क्षेत्रीय कार्यालय एकूण बेरीज,CE22A114,Buildings,17.5
2016-17,WardOfficePlan,WardOfficePlan16,,,संगमवाडी क्षेत्रीय कार्यालय एकूण बेरीज,FE14A118,Slum,7.0
2016-17,WardOfficePlan,WardOfficePlan16,,,संगमवाडी क्षेत्रीय कार्यालय एकूण बेरीज,ZE16A115,WaterSupply,0.0
2016-17,WardOfficePlan,WardOfficePlan16,,,संगमवाडी क्षेत्रीय कार्यालय एकूण बेरीज,ZE16B113,Sewerage_foul,146.3
2016-17,WardOfficePlan,WardOfficePlan16,,,भवानी पेठ क्षेत्रीय कार्यालय एकूण बेरीज,CE20A176,Roads,119.0
2016-17,WardOfficePlan,WardOfficePlan16,,,भवानी पेठ क्षेत्रीय कार्यालय एकूण बेरीज,CE20C118,Electrical,49.0
2016-17,WardOfficePlan,WardOfficePlan16,,,भवानी पेठ क्षेत्रीय कार्यालय एकूण बेरीज,CE22A114,Buildings,14.0
2016-17,WardOfficePlan,WardOfficePlan16,,,भवानी पेठ क्षेत्रीय कार्यालय एकूण बेरीज,FE14A118,Slum,14.0
2016-17,WardOfficePlan,WardOfficePlan16,,,भवानी पेठ क्षेत्रीय कार्यालय एकूण बेरीज,ZE16A115,WaterSupply,7.0
2016-17,WardOfficePlan,WardOfficePlan16,,,भवानी पेठ क्षेत्रीय कार्यालय एकूण बेरीज,ZE16B113,Sewerage_foul,36.4
2016-17,WardOfficePlan,WardOfficePlan16,,,कसबा विश्रामबाग वाडा क्षेत्रीय कार्यालय एकूण बेरीज,CE20A176,Roads,0.0
2016-17,WardOfficePlan,WardOfficePlan16,,,कसबा विश्रामबाग वाडा क्षेत्रीय कार्यालय एकूण बेरीज,CE20C118,Electrical,0.0
2016-17,WardOfficePlan,WardOfficePlan16,,,कसबा विश्रामबाग वाडा क्षेत्रीय कार्यालय एकूण बेरीज,CE22A114,Buildings,0.0
2016-17,WardOfficePlan,WardOfficePlan16,,,कसबा विश्रामबाग वाडा क्षेत्रीय कार्यालय एकूण बेरीज,FE14A118,Slum,0.0
2016-17,WardOfficePlan,WardOfficePlan16,,,कसबा विश्रामबाग वाडा क्षेत्रीय कार्यालय एकूण बेरीज,ZE16A115,WaterSupply,0.0
2016-17,WardOfficePlan,WardOfficePlan16,,,कसबा विश्रामबाग वाडा क्षेत्रीय कार्यालय एकूण बेरीज,ZE16B113,Sewerage_foul,0.0
2016-17,WardOfficePlan,WardOfficePlan16,,,टिळक रोड क्षेत्रीय कार्यालय एकूण बेरीज,CE20A176,Roads,0.0
2016-17,WardOfficePlan,WardOfficePlan16,,,टिळक रोड क्षेत्रीय कार्यालय एकूण बेरीज,CE20C118,Electrical,0.0
2016-17,WardOfficePlan,WardOfficePlan16,,,टिळक रोड क्षेत्रीय कार्यालय एकूण बेरीज,CE22A114,Buildings,0.0
2016-17,WardOfficePlan,WardOfficePlan16,,,टिळक रोड क्षेत्रीय कार्यालय एकूण बेरीज,FE14A118,Slum,0.0
2016-17,WardOfficePlan,WardOfficePlan16,,,टिळक रोड क्षेत्रीय कार्यालय एकूण बेरीज,ZE16A115,WaterSupply,0.0
2016-17,WardOfficePlan,WardOfficePlan16,,,टिळक रोड क्षेत्रीय कार्यालय एकूण बेरीज,ZE16B113,Sewerage_foul,0.0
2016-17,WardOfficePlan,WardOfficePlan16,,,सहकारनगर क्षेत्रीय कार्यालय एकूण बेरीज,CE20A176,Roads,45.5
2016-17,WardOfficePlan,WardOfficePlan16,,,सहकारनगर क्षेत्रीय कार्यालय एकूण बेरीज,CE20C118,Electrical,54.6
2016-17,WardOfficePlan,WardOfficePlan16,,,सहकारनगर क्षेत्रीय कार्यालय एकूण बेरीज,CE22A114,Buildings,14.0
2016-17,WardOfficePlan,WardOfficePlan16,,,सहकारनगर क्षेत्रीय कार्यालय एकूण बेरीज,FE14A118,Slum,0.0
2016-17,WardOfficePlan,WardOfficePlan16,,,सहकारनगर क्षेत्रीय कार्यालय एकूण बेरीज,ZE16A115,WaterSupply,0.0
2016-17,WardOfficePlan,WardOfficePlan16,,,सहकारनगर क्षेत्रीय कार्यालय एकूण बेरीज,ZE16B113,Sewerage_foul,17.5
2016-17,WardOfficePlan,WardOfficePlan16,,,हडपसर क्षेत्रीय कार्यालय एकूण बेरीज,CE20A176,Roads,0.0
2016-17,WardOfficePlan,WardOfficePlan16,,,हडपसर क्षेत्रीय कार्यालय एकूण बेरीज,CE20C118,Electrical,0.0
2016-17,WardOfficePlan,WardOfficePlan16,,,हडपसर क्षेत्रीय कार्यालय एकूण बेरीज,CE22A114,Buildings,0.0
2016-17,WardOfficePlan,WardOfficePlan16,,,हडपसर क्षेत्रीय कार्यालय एकूण बेरीज,FE14A118,Slum,0.0
2016-17,WardOfficePlan,WardOfficePlan16,,,हडपसर क्षेत्रीय कार्यालय एकूण बेरीज,ZE16A115,WaterSupply,0.0
2016-17,WardOfficePlan,WardOfficePlan16,,,हडपसर क्षेत्रीय कार्यालय एकूण बेरीज,ZE16B113,Sewerage_foul,0.0
2016-17,WardOfficePlan,WardOfficePlan16,,,बिबवेवाडी क्षेत्रीय कार्यालय एकूण बेरीज,CE20A176,Roads,67.9
2016-17,WardOfficePlan,WardOfficePlan16,,,बिबवेवाडी क्षेत्रीय कार्यालय एकूण बेरीज,CE20C118,Electrical,91.69999999999999
2016-17,WardOfficePlan,WardOfficePlan16,,,बिबवेवाडी क्षेत्रीय कार्यालय एकूण बेरीज,CE22A114,Buildings,49.0
2016-17,WardOfficePlan,WardOfficePlan16,,,बिबवेवाडी क्षेत्रीय कार्यालय एकूण बेरीज,FE14A118,Slum,0.0
2016-17,WardOfficePlan,WardOfficePlan16,,,बिबवेवाडी क्षेत्रीय कार्यालय एकूण बेरीज,ZE16A115,WaterSupply,0.0
2016-17,WardOfficePlan,WardOfficePlan16,,,बिबवेवाडी क्षेत्रीय कार्यालय एकूण बेरीज,ZE16B113,Sewerage_foul,54.6
2016-17,WardOfficePlan,WardOfficePlan16,,,धनकवडी क्षेत्रीय कार्यालय एकूण बेरीज,CE20A176,Roads,52.5
2016-17,WardOfficePlan,WardOfficePlan16,,,धनकवडी क्षेत्रीय कार्यालय एकूण बेरीज,CE20C118,Electrical,24.5
2016-17,WardOfficePlan,WardOfficePlan16,,,धनकवडी क्षेत्रीय कार्यालय एकूण बेरीज,CE22A114,Buildings,0.0
2016-17,WardOfficePlan,WardOfficePlan16,,,धनकवडी क्षेत्रीय कार्यालय एकूण बेरीज,FE14A118,Slum,0.0
2016-17,WardOfficePlan,WardOfficePlan16,,,धनकवडी क्षेत्रीय कार्यालय एकूण बेरीज,ZE16A115,WaterSupply,0.0
2016-17,WardOfficePlan,WardOfficePlan16,,,धनकवडी क्षेत्रीय कार्यालय एकूण बेरीज,ZE16B113,Sewerage_foul,28.0
2016-17,WardOfficePlan,WardOfficePlan16,,,कोंढवा वानवडी क्षेत्रीय कार्यालय एकूण बेरीज,CE20A176,Roads,0.0
2016-17,WardOfficePlan,WardOfficePlan16,,,कोंढवा वानवडी क्षेत्रीय कार्यालय एकूण बेरीज,CE20C118,Electrical,0.0
2016-17,WardOfficePlan,WardOfficePlan16,,,कोंढवा वानवडी क्षेत्रीय कार्यालय एकूण बेरीज,CE22A114,Buildings,0.0
2016-17,WardOfficePlan,WardOfficePlan16,,,कोंढवा वानवडी क्षेत्रीय कार्यालय एकूण बेरीज,FE14A118,Slum,0.0
2016-17,WardOfficePlan,WardOfficePlan16,,,कोंढवा वानवडी क्षेत्रीय कार्यालय एकूण बेरीज,ZE16A115,WaterSupply,0.0
2016-17,WardOfficePlan,WardOfficePlan16,,,कोंढवा वानवडी क्षेत्रीय कार्यालय एकूण बेरीज,ZE16B113,Sewerage_foul,0.0
2016-17,WardOfficeNonPlan,WardOfficeNonPlan16,,,औंध क्षेत्रीय कार्यालय एकूण बेरीज,RE20A301,Roads,317.0
2016-17,WardOfficeNonPlan,WardOfficeNonPlan16,,,औंध क्षेत्रीय कार्यालय एकूण बेरीज,RE20C301,Electrical,115.0
2016-17,WardOfficeNonPlan,WardOfficeNonPlan16,,,औंध क्षेत्रीय कार्यालय एकूण बेरीज,RE22C301,Buildings,149.0
2016-17,WardOfficeNonPlan,WardOfficeNonPlan16,,,औंध क्षेत्रीय कार्यालय एकूण बेरीज,RE14B301,Slum,116.0
2016-17,WardOfficeNonPlan,WardOfficeNonPlan16,,,औंध क्षेत्रीय कार्यालय एकूण बेरीज,XE12B301,WaterSupply,0.0
2016-17,WardOfficeNonPlan,WardOfficeNonPlan16,,,औंध क्षेत्रीय कार्यालय एकूण बेरीज,XE23A301,Sewerage_foul,108.0
2016-17,WardOfficeNonPlan,WardOfficeNonPlan16,,,कोथरूड क्षेत्रीय कार्यालय एकूण बेरीज,RE20A301,Roads,60.0
2016-17,WardOfficeNonPlan,WardOfficeNonPlan16,,,कोथरूड क्षेत्रीय कार्यालय एकूण बेरीज,RE20C301,Electrical,0.0
2016-17,WardOfficeNonPlan,WardOfficeNonPlan16,,,कोथरूड क्षेत्रीय कार्यालय एकूण बेरीज,RE22C301,Buildings,36.0
2016-17,WardOfficeNonPlan,WardOfficeNonPlan16,,,कोथरूड क्षेत्रीय कार्यालय एकूण बेरीज,RE14B301,Slum,72.0
2016-17,WardOfficeNonPlan,WardOfficeNonPlan16,,,कोथरूड क्षेत्रीय कार्यालय एकूण बेरीज,XE12B301,WaterSupply,0.0
2016-17,WardOfficeNonPlan,WardOfficeNonPlan16,,,कोथरूड क्षेत्रीय कार्यालय एकूण बेरीज,XE23A301,Sewerage_foul,70.0
2016-17,WardOfficeNonPlan,WardOfficeNonPlan16,,,घोले रोड क्षेत्रीय कार्यालय एकूण बेरीज,RE20A301,Roads,273.0
2016-17,WardOfficeNonPlan,WardOfficeNonPlan16,,,घोले रोड क्षेत्रीय कार्यालय एकूण बेरीज,RE20C301,Electrical,233.0
2016-17,WardOfficeNonPlan,WardOfficeNonPlan16,,,घोले रोड क्षेत्रीय कार्यालय एकूण बेरीज,RE22C301,Buildings,145.0
2016-17,WardOfficeNonPlan,WardOfficeNonPlan16,,,घोले रोड क्षेत्रीय कार्यालय एकूण बेरीज,RE14B301,Slum,151.0
2016-17,WardOfficeNonPlan,WardOfficeNonPlan16,,,घोले रोड क्षेत्रीय कार्यालय एकूण बेरीज,XE12B301,WaterSupply,0.0
2016-17,WardOfficeNonPlan,WardOfficeNonPlan16,,,घोले रोड क्षेत्रीय कार्यालय एकूण बेरीज,XE23A301,Sewerage_foul,135.0
2016-17,WardOfficeNonPlan,WardOfficeNonPlan16,,,वारजे कर्वेनगर क्षेत्रीय कार्यालय एकूण बेरीज,RE20A301,Roads,123.0
2016-17,WardOfficeNonPlan,WardOfficeNonPlan16,,,वारजे कर्वेनगर क्षेत्रीय कार्यालय एकूण बेरीज,RE20C301,Electrical,78.0
2016-17,WardOfficeNonPlan,WardOfficeNonPlan16,,,वारजे कर्वेनगर क्षेत्रीय कार्यालय एकूण बेरीज,RE22C301,Buildings,72.0
2016-17,WardOfficeNonPlan,WardOfficeNonPlan16,,,वारजे कर्वेनगर क्षेत्रीय कार्यालय एकूण बेरीज,RE14B301,Slum,76.0
2016-17,WardOfficeNonPlan,WardOfficeNonPlan16,,,वारजे कर्वेनगर क्षेत्रीय कार्यालय एकूण बेरीज,XE12B301,WaterSupply,0.0
2016-17,WardOfficeNonPlan,WardOfficeNonPlan16,,,वारजे कर्वेनगर क्षेत्रीय कार्यालय एकूण बेरीज,XE23A301,Sewerage_foul,142.0
2016-17,WardOfficeNonPlan,WardOfficeNonPlan16,,,ढोलेपाटील रोड क्षेत्रीय कार्यालय एकूण बेरीज,RE20A301,Roads,183.0
2016-17,WardOfficeNonPlan,WardOfficeNonPlan16,,,ढोलेपाटील रोड क्षेत्रीय कार्यालय एकूण बेरीज,RE20C301,Electrical,160.0
2016-17,WardOfficeNonPlan,WardOfficeNonPlan16,,,ढोलेपाटील रोड क्षेत्रीय कार्यालय एकूण बेरीज,RE22C301,Buildings,243.0
2016-17,WardOfficeNonPlan,WardOfficeNonPlan16,,,ढोलेपाटील रोड क्षेत्रीय कार्यालय एकूण बेरीज,RE14B301,Slum,106.0
2016-17,WardOfficeNonPlan,WardOfficeNonPlan16,,,ढोलेपाटील रोड क्षेत्रीय कार्यालय एकूण बेरीज,XE12B301,WaterSupply,0.0
2016-17,WardOfficeNonPlan,WardOfficeNonPlan16,,,ढोलेपाटील रोड क्षेत्रीय कार्यालय एकूण बेरीज,XE23A301,Sewerage_foul,175.0
2016-17,WardOfficeNonPlan,WardOfficeNonPlan16,,,नगररोड क्षेत्रीय कार्यालय एकूण बेरीज,RE20A301,Roads,387.0
2016-17,WardOfficeNonPlan,WardOfficeNonPlan16,,,नगररोड क्षेत्रीय कार्यालय एकूण बेरीज,RE20C301,Electrical,178.0
2016-17,WardOfficeNonPlan,WardOfficeNonPlan16,,,नगररोड क्षेत्रीय कार्यालय एकूण बेरीज,RE22C301,Buildings,162.0
2016-17,WardOfficeNonPlan,WardOfficeNonPlan16,,,नगररोड क्षेत्रीय कार्यालय एकूण बेरीज,RE14B301,Slum,66.0
2016-17,WardOfficeNonPlan,WardOfficeNonPlan16,,,नगररोड क्षेत्रीय कार्यालय एकूण बेरीज,XE12B301,WaterSupply,0.0
2016-17,WardOfficeNonPlan,WardOfficeNonPlan16,,,नगररोड क्षेत्रीय कार्यालय एकूण बेरीज,XE23A301,Sewerage_foul,139.0
2016-17,WardOfficeNonPlan,WardOfficeNonPlan16,,,संगमवाडी क्षेत्रीय कार्यालय एकूण बेरीज,RE20A301,Roads,311.0
2016-17,WardOfficeNonPlan,WardOfficeNonPlan16,,,संगमवाडी क्षेत्रीय कार्यालय एकूण बेरीज,RE20C301,Electrical,45.0
2016-17,WardOfficeNonPlan,WardOfficeNonPlan16,,,संगमवाडी क्षेत्रीय कार्यालय एकूण बेरीज,RE22C301,Buildings,91.0
2016-17,WardOfficeNonPlan,WardOfficeNonPlan16,,,संगमवाडी क्षेत्रीय कार्यालय एकूण बेरीज,RE14B301,Slum,86.0
2016-17,WardOfficeNonPlan,WardOfficeNonPlan16,,,संगमवाडी क्षेत्रीय कार्यालय एकूण बेरीज,XE12B301,WaterSupply,0.0
2016-17,WardOfficeNonPlan,WardOfficeNonPlan16,,,संगमवाडी क्षेत्रीय कार्यालय एकूण बेरीज,XE23A301,Sewerage_foul,60.0
2016-17,WardOfficeNonPlan,WardOfficeNonPlan16,,,भवानी पेठ क्षेत्रीय कार्यालय एकूण बेरीज,RE20A301,Roads,78.0
2016-17,WardOfficeNonPlan,WardOfficeNonPlan16,,,भवानी पेठ क्षेत्रीय कार्यालय एकूण बेरीज,RE20C301,Electrical,55.0
2016-17,WardOfficeNonPlan,WardOfficeNonPlan16,,,भवानी पेठ क्षेत्रीय कार्यालय एकूण बेरीज,RE22C301,Buildings,160.0
2016-17,WardOfficeNonPlan,WardOfficeNonPlan16,,,भवानी पेठ क्षेत्रीय कार्यालय एकूण बेरीज,RE14B301,Slum,175.0
2016-17,WardOfficeNonPlan,WardOfficeNonPlan16,,,भवानी पेठ क्षेत्रीय कार्यालय एकूण बेरीज,XE12B301,WaterSupply,0.0
2016-17,WardOfficeNonPlan,WardOfficeNonPlan16,,,भवानी पेठ क्षेत्रीय कार्यालय एकूण बेरीज,XE23A301,Sewerage_foul,90.0
2016-17,WardOfficeNonPlan,WardOfficeNonPlan16,,,कसबा विश्रामबाग वाडा क्षेत्रीय कार्यालय एकूण बेरीज,RE20A301,Roads,396.0
2016-17,WardOfficeNonPlan,WardOfficeNonPlan16,,,कसबा विश्रामबाग वाडा क्षेत्रीय कार्यालय एकूण बेरीज,RE20C301,Electrical,105.0
2016-17,WardOfficeNonPlan,WardOfficeNonPlan16,,,कसबा विश्रामबाग वाडा क्षेत्रीय कार्यालय एकूण बेरीज,RE22C301,Buildings,92.0
2016-17,WardOfficeNonPlan,WardOfficeNonPlan16,,,कसबा विश्रामबाग वाडा क्षेत्रीय कार्यालय एकूण बेरीज,RE14B301,Slum,32.0
2016-17,WardOfficeNonPlan,WardOfficeNonPlan16,,,कसबा विश्रामबाग वाडा क्षेत्रीय कार्यालय एकूण बेरीज,XE12B301,WaterSupply,20.0
2016-17,WardOfficeNonPlan,WardOfficeNonPlan16,,,कसबा विश्रामबाग वाडा क्षेत्रीय कार्यालय एकूण बेरीज,XE23A301,Sewerage_foul,255.0
2016-17,WardOfficeNonPlan,WardOfficeNonPlan16,,,टिळक रोड क्षेत्रीय कार्यालय एकूण बेरीज,RE20A301,Roads,350.0
2016-17,WardOfficeNonPlan,WardOfficeNonPlan16,,,टिळक रोड क्षेत्रीय कार्यालय एकूण बेरीज,RE20C301,Electrical,152.0
2016-17,WardOfficeNonPlan,WardOfficeNonPlan16,,,टिळक रोड क्षेत्रीय कार्यालय एकूण बेरीज,RE22C301,Buildings,125.0
2016-17,WardOfficeNonPlan,WardOfficeNonPlan16,,,टिळक रोड क्षेत्रीय कार्यालय एकूण बेरीज,RE14B301,Slum,123.0
2016-17,WardOfficeNonPlan,WardOfficeNonPlan16,,,टिळक रोड क्षेत्रीय कार्यालय एकूण बेरीज,XE12B301,WaterSupply,0.0
2016-17,WardOfficeNonPlan,WardOfficeNonPlan16,,,टिळक रोड क्षेत्रीय कार्यालय एकूण बेरीज,XE23A301,Sewerage_foul,165.0
2016-17,WardOfficeNonPlan,WardOfficeNonPlan16,,,सहकारनगर क्षेत्रीय कार्यालय एकूण बेरीज,RE20A301,Roads,75.0
2016-17,WardOfficeNonPlan,WardOfficeNonPlan16,,,सहकारनगर क्षेत्रीय कार्यालय एकूण बेरीज,RE20C301,Electrical,42.0
2016-17,WardOfficeNonPlan,WardOfficeNonPlan16,,,सहकारनगर क्षेत्रीय कार्यालय एकूण बेरीज,RE22C301,Buildings,80.0
2016-17,WardOfficeNonPlan,WardOfficeNonPlan16,,,सहकारनगर क्षेत्रीय कार्यालय एकूण बेरीज,RE14B301,Slum,115.0
2016-17,WardOfficeNonPlan,WardOfficeNonPlan16,,,सहकारनगर क्षेत्रीय कार्यालय एकूण बेरीज,XE12B301,WaterSupply,0.0
2016-17,WardOfficeNonPlan,WardOfficeNonPlan16,,,सहकारनगर क्षेत्रीय कार्यालय एकूण बेरीज,XE23A301,Sewerage_foul,100.0
2016-17,WardOfficeNonPlan,WardOfficeNonPlan16,,,हडपसर क्षेत्रीय कार्यालय एकूण बेरीज,RE20A301,Roads,226.5
2016-17,WardOfficeNonPlan,WardOfficeNonPlan16,,,हडपसर क्षेत्रीय कार्यालय एकूण बेरीज,RE20C301,Electrical,235.0
2016-17,WardOfficeNonPlan,WardOfficeNonPlan16,,,हडपसर क्षेत्रीय कार्यालय एकूण बेरीज,RE22C301,Buildings,110.5
2016-17,WardOfficeNonPlan,WardOfficeNonPlan16,,,हडपसर क्षेत्रीय कार्यालय एकूण बेरीज,RE14B301,Slum,81.0
2016-17,WardOfficeNonPlan,WardOfficeNonPlan16,,,हडपसर क्षेत्रीय कार्यालय एकूण बेरीज,XE12B301,WaterSupply,0.0
2016-17,WardOfficeNonPlan,WardOfficeNonPlan16,,,हडपसर क्षेत्रीय कार्यालय एकूण बेरीज,XE23A301,Sewerage_foul,122.0
2016-17,WardOfficeNonPlan,WardOfficeNonPlan16,,,बिबवेवाडी क्षेत्रीय कार्यालय एकूण बेरीज,RE20A301,Roads,13.0
2016-17,WardOfficeNonPlan,WardOfficeNonPlan16,,,बिबवेवाडी क्षेत्रीय कार्यालय एकूण बेरीज,RE20C301,Electrical,20.0
2016-17,WardOfficeNonPlan,WardOfficeNonPlan16,,,बिबवेवाडी क्षेत्रीय कार्यालय एकूण बेरीज,RE22C301,Buildings,40.0
2016-17,WardOfficeNonPlan,WardOfficeNonPlan16,,,बिबवेवाडी क्षेत्रीय कार्यालय एकूण बेरीज,RE14B301,Slum,42.0
2016-17,WardOfficeNonPlan,WardOfficeNonPlan16,,,बिबवेवाडी क्षेत्रीय कार्यालय एकूण बेरीज,XE12B301,WaterSupply,0.0
2016-17,WardOfficeNonPlan,WardOfficeNonPlan16,,,बिबवेवाडी क्षेत्रीय कार्यालय एकूण बेरीज,XE23A301,Sewerage_foul,112.0
2016-17,WardOfficeNonPlan,WardOfficeNonPlan16,,,धनकवडी क्षेत्रीय कार्यालय एकूण बेरीज,RE20A301,Roads,464.0
2016-17,WardOfficeNonPlan,WardOfficeNonPlan16,,,धनकवडी क्षेत्रीय कार्यालय एकूण बेरीज,RE20C301,Electrical,90.0
2016-17,WardOfficeNonPlan,WardOfficeNonPlan16,,,धनकवडी क्षेत्रीय कार्यालय एकूण बेरीज,RE22C301,Buildings,10.0
2016-17,WardOfficeNonPlan,WardOfficeNonPlan16,,,धनकवडी क्षेत्रीय कार्यालय एकूण बेरीज,RE14B301,Slum,10.0
2016-17,WardOfficeNonPlan,WardOfficeNonPlan16,,,धनकवडी क्षेत्रीय कार्यालय एकूण बेरीज,XE12B301,WaterSupply,0.0
2016-17,WardOfficeNonPlan,WardOfficeNonPlan16,,,धनकवडी क्षेत्रीय कार्यालय एकूण बेरीज,XE23A301,Sewerage_foul,103.0
2016-17,WardOfficeNonPlan,WardOfficeNonPlan16,,,कोंढवा वानवडी क्षेत्रीय कार्यालय एकूण बेरीज,RE20A301,Roads,311.0
2016-17,WardOfficeNonPlan,WardOfficeNonPlan16,,,कोंढवा वानवडी क्षेत्रीय कार्यालय एकूण बेरीज,RE20C301,Electrical,301.0
2016-17,WardOfficeNonPlan,WardOfficeNonPlan16,,,कोंढवा वानवडी क्षेत्रीय कार्यालय एकूण बेरीज,RE22C301,Buildings,121.0
2016-17,WardOfficeNonPlan,WardOfficeNonPlan16,,,कोंढवा वानवडी क्षेत्रीय कार्यालय एकूण बेरीज,RE14B301,Slum,105.0
2016-17,WardOfficeNonPlan,WardOfficeNonPlan16,,,कोंढवा वानवडी क्षेत्रीय कार्यालय एकूण बेरीज,XE12B301,WaterSupply,0.0
2016-17,WardOfficeNonPlan,WardOfficeNonPlan16,,,कोंढवा वानवडी क्षेत्रीय कार्यालय एकूण बेरीज,XE23A301,Sewerage_foul,325.0
2016-17,CitizensPlan,CitizensPlan16,,,औंध क्षेत्रीय कार्यालय एकूण बेरीज,CE20A1196,Roads,0.0
2016-17,CitizensPlan,CitizensPlan16,,,औंध क्षेत्रीय कार्यालय एकूण बेरीज,CE20C406,Electrical,0.0
2016-17,CitizensPlan,CitizensPlan16,,,औंध क्षेत्रीय कार्यालय एकूण बेरीज,CE22A547,Buildings,0.0
2016-17,CitizensPlan,CitizensPlan16,,,औंध क्षेत्रीय कार्यालय एकूण बेरीज,FE14A121,Slum,0.0
2016-17,CitizensPlan,CitizensPlan16,,,औंध क्षेत्रीय कार्यालय एकूण बेरीज,ZE16A117,WaterSupply,0.0
2016-17,CitizensPlan,CitizensPlan16,,,औंध क्षेत्रीय कार्यालय एकूण बेरीज,ZE16B130,Sewerage_foul,0.0
2016-17,CitizensPlan,CitizensPlan16,,,कोथरूड क्षेत्रीय कार्यालय एकूण बेरीज,CE20A1196,Roads,56.0
2016-17,CitizensPlan,CitizensPlan16,,,कोथरूड क्षेत्रीय कार्यालय एकूण बेरीज,CE20C406,Electrical,13.3
2016-17,CitizensPlan,CitizensPlan16,,,कोथरूड क्षेत्रीय कार्यालय एकूण बेरीज,CE22A547,Buildings,0.0
2016-17,CitizensPlan,CitizensPlan16,,,कोथरूड क्षेत्रीय कार्यालय एकूण बेरीज,FE14A121,Slum,0.0
2016-17,CitizensPlan,CitizensPlan16,,,कोथरूड क्षेत्रीय कार्यालय एकूण बेरीज,ZE16A117,WaterSupply,3.5
2016-17,CitizensPlan,CitizensPlan16,,,कोथरूड क्षेत्रीय कार्यालय एकूण बेरीज,ZE16B130,Sewerage_foul,30.8
2016-17,CitizensPlan,CitizensPlan16,,,घोले रोड क्षेत्रीय कार्यालय एकूण बेरीज,CE20A1196,Roads,0.0
2016-17,CitizensPlan,CitizensPlan16,,,घोले रोड क्षेत्रीय कार्यालय एकूण बेरीज,CE20C406,Electrical,0.0
2016-17,CitizensPlan,CitizensPlan16,,,घोले रोड क्षेत्रीय कार्यालय एकूण बेरीज,CE22A547,Buildings,0.0
2016-17,CitizensPlan,CitizensPlan16,,,घोले रोड क्षेत्रीय कार्यालय एकूण बेरीज,FE14A121,Slum,0.0
2016-17,CitizensPlan,CitizensPlan16,,,घोले रोड क्षेत्रीय कार्यालय एकूण बेरीज,ZE16A117,WaterSupply,0.0
2016-17,CitizensPlan,CitizensPlan16,,,घोले रोड क्षेत्रीय कार्यालय एकूण बेरीज,ZE16B130,Sewerage_foul,0.0
2016-17,CitizensPlan,CitizensPlan16,,,वारजे कर्वेनगर क्षेत्रीय कार्यालय एकूण बेरीज,CE20A1196,Roads,35.0
2016-17,CitizensPlan,CitizensPlan16,,,वारजे कर्वेनगर क्षेत्रीय कार्यालय एकूण बेरीज,CE20C406,Electrical,25.9
2016-17,CitizensPlan,CitizensPlan16,,,वारजे कर्वेनगर क्षेत्रीय कार्यालय एकूण बेरीज,CE22A547,Buildings,0.0
2016-17,CitizensPlan,CitizensPlan16,,,वारजे कर्वेनगर क्षेत्रीय कार्यालय एकूण बेरीज,FE14A121,Slum,22.4
2016-17,CitizensPlan,CitizensPlan16,,,वारजे कर्वेनगर क्षेत्रीय कार्यालय एकूण बेरीज,ZE16A117,WaterSupply,0.0
2016-17,CitizensPlan,CitizensPlan16,,,वारजे कर्वेनगर क्षेत्रीय कार्यालय एकूण बेरीज,ZE16B130,Sewerage_foul,39.2
2016-17,CitizensPlan,CitizensPlan16,,,ढोलेपाटील रोड क्षेत्रीय कार्यालय एकूण बेरीज,CE20A1196,Roads,0.0
2016-17,CitizensPlan,CitizensPlan16,,,ढोलेपाटील रोड क्षेत्रीय कार्यालय एकूण बेरीज,CE20C406,Electrical,0.0
2016-17,CitizensPlan,CitizensPlan16,,,ढोलेपाटील रोड क्षेत्रीय कार्यालय एकूण बेरीज,CE22A547,Buildings,0.0
2016-17,CitizensPlan,CitizensPlan16,,,ढोलेपाटील रोड क्षेत्रीय कार्यालय एकूण बेरीज,FE14A121,Slum,0.0
2016-17,CitizensPlan,CitizensPlan16,,,ढोलेपाटील रोड क्षेत्रीय कार्यालय एकूण बेरीज,ZE16A117,WaterSupply,0.0
2016-17,CitizensPlan,CitizensPlan16,,,ढोलेपाटील रोड क्षेत्रीय कार्यालय एकूण बेरीज,ZE16B130,Sewerage_foul,0.0
2016-17,CitizensPlan,CitizensPlan16,,,नगररोड क्षेत्रीय कार्यालय एकूण बेरीज,CE20A1196,Roads,0.0
2016-17,CitizensPlan,CitizensPlan16,,,नगररोड क्षेत्रीय कार्यालय एकूण बेरीज,CE20C406,Electrical,0.0
2016-17,CitizensPlan,CitizensPlan16,,,नगररोड क्षेत्रीय कार्यालय एकूण बेरीज,CE22A547,Buildings,0.0
2016-17,CitizensPlan,CitizensPlan16,,,नगररोड क्षेत्रीय कार्यालय एकूण बेरीज,FE14A121,Slum,0.0
2016-17,CitizensPlan,CitizensPlan16,,,नगररोड क्षेत्रीय कार्यालय एकूण बेरीज,ZE16A117,WaterSupply,0.0
2016-17,CitizensPlan,CitizensPlan16,,,नगररोड क्षेत्रीय कार्यालय एकूण बेरीज,ZE16B130,Sewerage_foul,0.0
2016-17,CitizensPlan,CitizensPlan16,,,संगमवाडी क्षेत्रीय कार्यालय एकूण बेरीज,CE20A1196,Roads,21.0
2016-17,CitizensPlan,CitizensPlan16,,,संगमवाडी क्षेत्रीय कार्यालय एकूण बेरीज,CE20C406,Electrical,26.6
2016-17,CitizensPlan,CitizensPlan16,,,संगमवाडी क्षेत्रीय कार्यालय एकूण बेरीज,CE22A547,Buildings,7.0
2016-17,CitizensPlan,CitizensPlan16,,,संगमवाडी क्षेत्रीय कार्यालय एकूण बेरीज,FE14A121,Slum,7.0
2016-17,CitizensPlan,CitizensPlan16,,,संगमवाडी क्षेत्रीय कार्यालय एकूण बेरीज,ZE16A117,WaterSupply,0.0
2016-17,CitizensPlan,CitizensPlan16,,,संगमवाडी क्षेत्रीय कार्यालय एकूण बेरीज,ZE16B130,Sewerage_foul,7.0
2016-17,CitizensPlan,CitizensPlan16,,,भवानी पेठ क्षेत्रीय कार्यालय एकूण बेरीज,CE20A1196,Roads,30.8
2016-17,CitizensPlan,CitizensPlan16,,,भवानी पेठ क्षेत्रीय कार्यालय एकूण बेरीज,CE20C406,Electrical,22.4
2016-17,CitizensPlan,CitizensPlan16,,,भवानी पेठ क्षेत्रीय कार्यालय एकूण बेरीज,CE22A547,Buildings,14.0
2016-17,CitizensPlan,CitizensPlan16,,,भवानी पेठ क्षेत्रीय कार्यालय एकूण बेरीज,FE14A121,Slum,16.1
2016-17,CitizensPlan,CitizensPlan16,,,भवानी पेठ क्षेत्रीय कार्यालय एकूण बेरीज,ZE16A117,WaterSupply,0.0
2016-17,CitizensPlan,CitizensPlan16,,,भवानी पेठ क्षेत्रीय कार्यालय एकूण बेरीज,ZE16B130,Sewerage_foul,3.5
2016-17,CitizensPlan,CitizensPlan16,,,कसबा विश्रामबाग वाडा क्षेत्रीय कार्यालय एकूण बेरीज,CE20A1196,Roads,0.0
2016-17,CitizensPlan,CitizensPlan16,,,कसबा विश्रामबाग वाडा क्षेत्रीय कार्यालय एकूण बेरीज,CE20C406,Electrical,0.0
2016-17,CitizensPlan,CitizensPlan16,,,कसबा विश्रामबाग वाडा क्षेत्रीय कार्यालय एकूण बेरीज,CE22A547,Buildings,0.0
2016-17,CitizensPlan,CitizensPlan16,,,कसबा विश्रामबाग वाडा क्षेत्रीय कार्यालय एकूण बेरीज,FE14A121,Slum,0.0
2016-17,CitizensPlan,CitizensPlan16,,,कसबा विश्रामबाग वाडा क्षेत्रीय कार्यालय एकूण बेरीज,ZE16A117,WaterSupply,0.0
2016-17,CitizensPlan,CitizensPlan16,,,कसबा विश्रामबाग वाडा क्षेत्रीय कार्यालय एकूण बेरीज,ZE16B130,Sewerage_foul,0.0
2016-17,CitizensPlan,CitizensPlan16,,,टिळक रोड क्षेत्रीय कार्यालय एकूण बेरीज,CE20A1196,Roads,0.0
2016-17,CitizensPlan,CitizensPlan16,,,टिळक रोड क्षेत्रीय कार्यालय एकूण बेरीज,CE20C406,Electrical,0.0
2016-17,CitizensPlan,CitizensPlan16,,,टिळक रोड क्षेत्रीय कार्यालय एकूण बेरीज,CE22A547,Buildings,0.0
2016-17,CitizensPlan,CitizensPlan16,,,टिळक रोड क्षेत्रीय कार्यालय एकूण बेरीज,FE14A121,Slum,0.0
2016-17,CitizensPlan,CitizensPlan16,,,टिळक रोड क्षेत्रीय कार्यालय एकूण बेरीज,ZE16A117,WaterSupply,0.0
2016-17,CitizensPlan,CitizensPlan16,,,टिळक रोड क्षेत्रीय कार्यालय एकूण बेरीज,ZE16B130,Sewerage_foul,0.0
2016-17,CitizensPlan,CitizensPlan16,,,सहकारनगर क्षेत्रीय कार्यालय एकूण बेरीज,CE20A1196,Roads,14.0
2016-17,CitizensPlan,CitizensPlan16,,,सहकारनगर क्षेत्रीय कार्यालय एकूण बेरीज,CE20C406,Electrical,22.4
2016-17,CitizensPlan,CitizensPlan16,,,सहकारनगर क्षेत्रीय कार्यालय एकूण बेरीज,CE22A547,Buildings,14.7
2016-17,CitizensPlan,CitizensPlan16,,,सहकारनगर क्षेत्रीय कार्यालय एकूण बेरीज,FE14A121,Slum,11.9
2016-17,CitizensPlan,CitizensPlan16,,,सहकारनगर क्षेत्रीय कार्यालय एकूण बेरीज,ZE16A117,WaterSupply,7.0
2016-17,CitizensPlan,CitizensPlan16,,,सहकारनगर क्षेत्रीय कार्यालय एकूण बेरीज,ZE16B130,Sewerage_foul,2.0999999999999996
2016-17,CitizensPlan,CitizensPlan16,,,हडपसर क्षेत्रीय कार्यालय एकूण बेरीज,CE20A1196,Roads,21.0
2016-17,CitizensPlan,CitizensPlan16,,,हडपसर क्षेत्रीय कार्यालय एकूण बेरीज,CE20C406,Electrical,19.6
2016-17,CitizensPlan,CitizensPlan16,,,हडपसर क्षेत्रीय कार्यालय एकूण बेरीज,CE22A547,Buildings,10.5
2016-17,CitizensPlan,CitizensPlan16,,,हडपसर क्षेत्रीय कार्यालय एकूण बेरीज,FE14A121,Slum,0.0
2016-17,CitizensPlan,CitizensPlan16,,,हडपसर क्षेत्रीय कार्यालय एकूण बेरीज,ZE16A117,WaterSupply,3.5
2016-17,CitizensPlan,CitizensPlan16,,,हडपसर क्षेत्रीय कार्यालय एकूण बेरीज,ZE16B130,Sewerage_foul,7.0
2016-17,CitizensPlan,CitizensPlan16,,,बिबवेवाडी क्षेत्रीय कार्यालय एकूण बेरीज,CE20A1196,Roads,14.0
2016-17,CitizensPlan,CitizensPlan16,,,बिबवेवाडी क्षेत्रीय कार्यालय एकूण बेरीज,CE20C406,Electrical,3.5
2016-17,CitizensPlan,CitizensPlan16,,,बिबवेवाडी क्षेत्रीय कार्यालय एकूण बेरीज,CE22A547,Buildings,38.5
2016-17,CitizensPlan,CitizensPlan16,,,बिबवेवाडी क्षेत्रीय कार्यालय एकूण बेरीज,FE14A121,Slum,3.5
2016-17,CitizensPlan,CitizensPlan16,,,बिबवेवाडी क्षेत्रीय कार्यालय एकूण बेरीज,ZE16A117,WaterSupply,3.5
2016-17,CitizensPlan,CitizensPlan16,,,बिबवेवाडी क्षेत्रीय कार्यालय एकूण बेरीज,ZE16B130,Sewerage_foul,24.5
2016-17,CitizensPlan,CitizensPlan16,,,धनकवडी क्षेत्रीय कार्यालय एकूण बेरीज,CE20A1196,Roads,21.0
2016-17,CitizensPlan,CitizensPlan16,,,धनकवडी क्षेत्रीय कार्यालय एकूण बेरीज,CE20C406,Electrical,23.799999999999997
2016-17,CitizensPlan,CitizensPlan16,,,धनकवडी क्षेत्रीय कार्यालय एकूण बेरीज,CE22A547,Buildings,11.2
2016-17,CitizensPlan,CitizensPlan16,,,धनकवडी क्षेत्रीय कार्यालय एकूण बेरीज,FE14A121,Slum,5.6
2016-17,CitizensPlan,CitizensPlan16,,,धनकवडी क्षेत्रीय कार्यालय एकूण बेरीज,ZE16A117,WaterSupply,3.5
2016-17,CitizensPlan,CitizensPlan16,,,धनकवडी क्षेत्रीय कार्यालय एकूण बेरीज,ZE16B130,Sewerage_foul,9.8
2016-17,CitizensPlan,CitizensPlan16,,,कोंढवा वानवडी क्षेत्रीय कार्यालय एकूण बेरीज,CE20A1196,Roads,18.199999999999996
2016-17,CitizensPlan,CitizensPlan16,,,कोंढवा वानवडी क्षेत्रीय कार्यालय एकूण बेरीज,CE20C406,Electrical,11.2
2016-17,CitizensPlan,CitizensPlan16,,,कोंढवा वानवडी क्षेत्रीय कार्यालय एकूण बेरीज,CE22A547,Buildings,2.8
2016-17,CitizensPlan,CitizensPlan16,,,कोंढवा वानवडी क्षेत्रीय कार्यालय एकूण बेरीज,FE14A121,Slum,4.8999999999999995
2016-17,CitizensPlan,CitizensPlan16,,,कोंढवा वानवडी क्षेत्रीय कार्यालय एकूण बेरीज,ZE16A117,WaterSupply,4.199999999999999
2016-17,CitizensPlan,CitizensPlan16,,,कोंढवा वानवडी क्षेत्रीय कार्यालय एकूण बेरीज,ZE16B130,Sewerage_foul,8.399999999999999
2016-17,CitizensNonPlan,CitizensNonPlan16,,,औंध क्षेत्रीय कार्यालय एकूण बेरीज,RE20A302,Roads,122.5
2016-17,CitizensNonPlan,CitizensNonPlan16,,,औंध क्षेत्रीय कार्यालय एकूण बेरीज,RE20C302,Electrical,12.5
2016-17,CitizensNonPlan,CitizensNonPlan16,,,औंध क्षेत्रीय कार्यालय एकूण बेरीज,RE22C302,Buildings,40.0
2016-17,CitizensNonPlan,CitizensNonPlan16,,,औंध क्षेत्रीय कार्यालय एकूण बेरीज,RE14B302,Slum,30.0
2016-17,CitizensNonPlan,CitizensNonPlan16,,,औंध क्षेत्रीय कार्यालय एकूण बेरीज,XE12B302,WaterSupply,5.0
2016-17,CitizensNonPlan,CitizensNonPlan16,,,औंध क्षेत्रीय कार्यालय एकूण बेरीज,XE23A302,Sewerage_foul,40.0
2016-17,CitizensNonPlan,CitizensNonPlan16,,,कोथरूड क्षेत्रीय कार्यालय एकूण बेरीज,RE20A302,Roads,28.0
2016-17,CitizensNonPlan,CitizensNonPlan16,,,कोथरूड क्षेत्रीय कार्यालय एकूण बेरीज,RE20C302,Electrical,15.0
2016-17,CitizensNonPlan,CitizensNonPlan16,,,कोथरूड क्षेत्रीय कार्यालय एकूण बेरीज,RE22C302,Buildings,10.0
2016-17,CitizensNonPlan,CitizensNonPlan16,,,कोथरूड क्षेत्रीय कार्यालय एकूण बेरीज,RE14B302,Slum,20.0
2016-17,CitizensNonPlan,CitizensNonPlan16,,,कोथरूड क्षेत्रीय कार्यालय एकूण बेरीज,XE12B302,WaterSupply,0.0
2016-17,CitizensNonPlan,CitizensNonPlan16,,,कोथरूड क्षेत्रीय कार्यालय एकूण बेरीज,XE23A302,Sewerage_foul,29.0
2016-17,CitizensNonPlan,CitizensNonPlan16,,,घोले रोड क्षेत्रीय कार्यालय एकूण बेरीज,RE20A302,Roads,0.0
2016-17,CitizensNonPlan,CitizensNonPlan16,,,घोले रोड क्षेत्रीय कार्यालय एकूण बेरीज,RE20C302,Electrical,17.0
2016-17,CitizensNonPlan,CitizensNonPlan16,,,घोले रोड क्षेत्रीय कार्यालय एकूण बेरीज,RE22C302,Buildings,10.0
2016-17,CitizensNonPlan,CitizensNonPlan16,,,घोले रोड क्षेत्रीय कार्यालय एकूण बेरीज,RE14B302,Slum,5.0
2016-17,CitizensNonPlan,CitizensNonPlan16,,,घोले रोड क्षेत्रीय कार्यालय एकूण बेरीज,XE12B302,WaterSupply,0.0
2016-17,CitizensNonPlan,CitizensNonPlan16,,,घोले रोड क्षेत्रीय कार्यालय एकूण बेरीज,XE23A302,Sewerage_foul,0.0
2016-17,CitizensNonPlan,CitizensNonPlan16,,,वारजे कर्वेनगर क्षेत्रीय कार्यालय एकूण बेरीज,RE20A302,Roads,10.0
2016-17,CitizensNonPlan,CitizensNonPlan16,,,वारजे कर्वेनगर क्षेत्रीय कार्यालय एकूण बेरीज,RE20C302,Electrical,5.0
2016-17,CitizensNonPlan,CitizensNonPlan16,,,वारजे कर्वेनगर क्षेत्रीय कार्यालय एकूण बेरीज,RE22C302,Buildings,0.0
2016-17,CitizensNonPlan,CitizensNonPlan16,,,वारजे कर्वेनगर क्षेत्रीय कार्यालय एकूण बेरीज,RE14B302,Slum,5.0
2016-17,CitizensNonPlan,CitizensNonPlan16,,,वारजे कर्वेनगर क्षेत्रीय कार्यालय एकूण बेरीज,XE12B302,WaterSupply,0.0
2016-17,CitizensNonPlan,CitizensNonPlan16,,,वारजे कर्वेनगर क्षेत्रीय कार्यालय एकूण बेरीज,XE23A302,Sewerage_foul,55.0
2016-17,CitizensNonPlan,CitizensNonPlan16,,,ढोलेपाटील रोड क्षेत्रीय कार्यालय एकूण बेरीज,RE20A302,Roads,54.0
2016-17,CitizensNonPlan,CitizensNonPlan16,,,ढोलेपाटील रोड क्षेत्रीय कार्यालय एकूण बेरीज,RE20C302,Electrical,58.0
2016-17,CitizensNonPlan,CitizensNonPlan16,,,ढोलेपाटील रोड क्षेत्रीय कार्यालय एकूण बेरीज,RE22C302,Buildings,33.0
2016-17,CitizensNonPlan,CitizensNonPlan16,,,ढोलेपाटील रोड क्षेत्रीय कार्यालय एकूण बेरीज,RE14B302,Slum,60.0
2016-17,CitizensNonPlan,CitizensNonPlan16,,,ढोलेपाटील रोड क्षेत्रीय कार्यालय एकूण बेरीज,XE12B302,WaterSupply,45.0
2016-17,CitizensNonPlan,CitizensNonPlan16,,,ढोलेपाटील रोड क्षेत्रीय कार्यालय एकूण बेरीज,XE23A302,Sewerage_foul,0.0
2016-17,CitizensNonPlan,CitizensNonPlan16,,,नगररोड क्षेत्रीय कार्यालय एकूण बेरीज,RE20A302,Roads,90.0
2016-17,CitizensNonPlan,CitizensNonPlan16,,,नगररोड क्षेत्रीय कार्यालय एकूण बेरीज,RE20C302,Electrical,45.0
2016-17,CitizensNonPlan,CitizensNonPlan16,,,नगररोड क्षेत्रीय कार्यालय एकूण बेरीज,RE22C302,Buildings,54.0
2016-17,CitizensNonPlan,CitizensNonPlan16,,,नगररोड क्षेत्रीय कार्यालय एकूण बेरीज,RE14B302,Slum,53.0
2016-17,CitizensNonPlan,CitizensNonPlan16,,,नगररोड क्षेत्रीय कार्यालय एकूण बेरीज,XE12B302,WaterSupply,27.0
2016-17,CitizensNonPlan,CitizensNonPlan16,,,नगररोड क्षेत्रीय कार्यालय एकूण बेरीज,XE23A302,Sewerage_foul,31.0
2016-17,CitizensNonPlan,CitizensNonPlan16,,,संगमवाडी क्षेत्रीय कार्यालय एकूण बेरीज,RE20A302,Roads,40.0
2016-17,CitizensNonPlan,CitizensNonPlan16,,,संगमवाडी क्षेत्रीय कार्यालय एकूण बेरीज,RE20C302,Electrical,10.0
2016-17,CitizensNonPlan,CitizensNonPlan16,,,संगमवाडी क्षेत्रीय कार्यालय एकूण बेरीज,RE22C302,Buildings,25.0
2016-17,CitizensNonPlan,CitizensNonPlan16,,,संगमवाडी क्षेत्रीय कार्यालय एकूण बेरीज,RE14B302,Slum,20.0
2016-17,CitizensNonPlan,CitizensNonPlan16,,,संगमवाडी क्षेत्रीय कार्यालय एकूण बेरीज,XE12B302,WaterSupply,0.0
2016-17,CitizensNonPlan,CitizensNonPlan16,,,संगमवाडी क्षेत्रीय कार्यालय एकूण बेरीज,XE23A302,Sewerage_foul,15.0
2016-17,CitizensNonPlan,CitizensNonPlan16,,,भवानी पेठ क्षेत्रीय कार्यालय एकूण बेरीज,RE20A302,Roads,21.0
2016-17,CitizensNonPlan,CitizensNonPlan16,,,भवानी पेठ क्षेत्रीय कार्यालय एकूण बेरीज,RE20C302,Electrical,13.0
2016-17,CitizensNonPlan,CitizensNonPlan16,,,भवानी पेठ क्षेत्रीय कार्यालय एकूण बेरीज,RE22C302,Buildings,30.0
2016-17,CitizensNonPlan,CitizensNonPlan16,,,भवानी पेठ क्षेत्रीय कार्यालय एकूण बेरीज,RE14B302,Slum,50.0
2016-17,CitizensNonPlan,CitizensNonPlan16,,,भवानी पेठ क्षेत्रीय कार्यालय एकूण बेरीज,XE12B302,WaterSupply,0.0
2016-17,CitizensNonPlan,CitizensNonPlan16,,,भवानी पेठ क्षेत्रीय कार्यालय एकूण बेरीज,XE23A302,Sewerage_foul,62.0
2016-17,CitizensNonPlan,CitizensNonPlan16,,,कसबा विश्रामबाग वाडा क्षेत्रीय कार्यालय एकूण बेरीज,RE20A302,Roads,115.0
2016-17,CitizensNonPlan,CitizensNonPlan16,,,कसबा विश्रामबाग वाडा क्षेत्रीय कार्यालय एकूण बेरीज,RE20C302,Electrical,28.0
2016-17,CitizensNonPlan,CitizensNonPlan16,,,कसबा विश्रामबाग वाडा क्षेत्रीय कार्यालय एकूण बेरीज,RE22C302,Buildings,34.0
2016-17,CitizensNonPlan,CitizensNonPlan16,,,कसबा विश्रामबाग वाडा क्षेत्रीय कार्यालय एकूण बेरीज,RE14B302,Slum,11.0
2016-17,CitizensNonPlan,CitizensNonPlan16,,,कसबा विश्रामबाग वाडा क्षेत्रीय कार्यालय एकूण बेरीज,XE12B302,WaterSupply,30.0
2016-17,CitizensNonPlan,CitizensNonPlan16,,,कसबा विश्रामबाग वाडा क्षेत्रीय कार्यालय एकूण बेरीज,XE23A302,Sewerage_foul,82.0
2016-17,CitizensNonPlan,CitizensNonPlan16,,,टिळक रोड क्षेत्रीय कार्यालय एकूण बेरीज,RE20A302,Roads,77.0
2016-17,CitizensNonPlan,CitizensNonPlan16,,,टिळक रोड क्षेत्रीय कार्यालय एकूण बेरीज,RE20C302,Electrical,51.0
2016-17,CitizensNonPlan,CitizensNonPlan16,,,टिळक रोड क्षेत्रीय कार्यालय एकूण बेरीज,RE22C302,Buildings,51.5
2016-17,CitizensNonPlan,CitizensNonPlan16,,,टिळक रोड क्षेत्रीय कार्यालय एकूण बेरीज,RE14B302,Slum,12.0
2016-17,CitizensNonPlan,CitizensNonPlan16,,,टिळक रोड क्षेत्रीय कार्यालय एकूण बेरीज,XE12B302,WaterSupply,9.0
2016-17,CitizensNonPlan,CitizensNonPlan16,,,टिळक रोड क्षेत्रीय कार्यालय एकूण बेरीज,XE23A302,Sewerage_foul,49.5
2016-17,CitizensNonPlan,CitizensNonPlan16,,,सहकारनगर क्षेत्रीय कार्यालय एकूण बेरीज,RE20A302,Roads,29.0
2016-17,CitizensNonPlan,CitizensNonPlan16,,,सहकारनगर क्षेत्रीय कार्यालय एकूण बेरीज,RE20C302,Electrical,8.0
2016-17,CitizensNonPlan,CitizensNonPlan16,,,सहकारनगर क्षेत्रीय कार्यालय एकूण बेरीज,RE22C302,Buildings,7.0
2016-17,CitizensNonPlan,CitizensNonPlan16,,,सहकारनगर क्षेत्रीय कार्यालय एकूण बेरीज,RE14B302,Slum,37.0
2016-17,CitizensNonPlan,CitizensNonPlan16,,,सहकारनगर क्षेत्रीय कार्यालय एकूण बेरीज,XE12B302,WaterSupply,3.0
2016-17,CitizensNonPlan,CitizensNonPlan16,,,सहकारनगर क्षेत्रीय कार्यालय एकूण बेरीज,XE23A302,Sewerage_foul,13.0
2016-17,CitizensNonPlan,CitizensNonPlan16,,,हडपसर क्षेत्रीय कार्यालय एकूण बेरीज,RE20A302,Roads,35.0
2016-17,CitizensNonPlan,CitizensNonPlan16,,,हडपसर क्षेत्रीय कार्यालय एकूण बेरीज,RE20C302,Electrical,20.0
2016-17,CitizensNonPlan,CitizensNonPlan16,,,हडपसर क्षेत्रीय कार्यालय एकूण बेरीज,RE22C302,Buildings,15.0
2016-17,CitizensNonPlan,CitizensNonPlan16,,,हडपसर क्षेत्रीय कार्यालय एकूण बेरीज,RE14B302,Slum,30.0
2016-17,CitizensNonPlan,CitizensNonPlan16,,,हडपसर क्षेत्रीय कार्यालय एकूण बेरीज,XE12B302,WaterSupply,5.0
2016-17,CitizensNonPlan,CitizensNonPlan16,,,हडपसर क्षेत्रीय कार्यालय एकूण बेरीज,XE23A302,Sewerage_foul,7.0
2016-17,CitizensNonPlan,CitizensNonPlan16,,,बिबवेवाडी क्षेत्रीय कार्यालय एकूण बेरीज,RE20A302,Roads,5.0
2016-17,CitizensNonPlan,CitizensNonPlan16,,,बिबवेवाडी क्षेत्रीय कार्यालय एकूण बेरीज,RE20C302,Electrical,15.0
2016-17,CitizensNonPlan,CitizensNonPlan16,,,बिबवेवाडी क्षेत्रीय कार्यालय एकूण बेरीज,RE22C302,Buildings,15.0
2016-17,CitizensNonPlan,CitizensNonPlan16,,,बिबवेवाडी क्षेत्रीय कार्यालय एकूण बेरीज,RE14B302,Slum,10.0
2016-17,CitizensNonPlan,CitizensNonPlan16,,,बिबवेवाडी क्षेत्रीय कार्यालय एकूण बेरीज,XE12B302,WaterSupply,0.0
2016-17,CitizensNonPlan,CitizensNonPlan16,,,बिबवेवाडी क्षेत्रीय कार्यालय एकूण बेरीज,XE23A302,Sewerage_foul,30.0
2016-17,CitizensNonPlan,CitizensNonPlan16,,,धनकवडी क्षेत्रीय कार्यालय एकूण बेरीज,RE20A302,Roads,94.0
2016-17,CitizensNonPlan,CitizensNonPlan16,,,धनकवडी क्षेत्रीय कार्यालय एकूण बेरीज,RE20C302,Electrical,12.0
2016-17,CitizensNonPlan,CitizensNonPlan16,,,धनकवडी क्षेत्रीय कार्यालय एकूण बेरीज,RE22C302,Buildings,0.0
2016-17,CitizensNonPlan,CitizensNonPlan16,,,धनकवडी क्षेत्रीय कार्यालय एकूण बेरीज,RE14B302,Slum,19.0
2016-17,CitizensNonPlan,CitizensNonPlan16,,,धनकवडी क्षेत्रीय कार्यालय एकूण बेरीज,XE12B302,WaterSupply,0.0
2016-17,CitizensNonPlan,CitizensNonPlan16,,,धनकवडी क्षेत्रीय कार्यालय एकूण बेरीज,XE23A302,Sewerage_foul,18.0
2016-17,CitizensNonPlan,CitizensNonPlan16,,,कोंढवा वानवडी क्षेत्रीय कार्यालय एकूण बेरीज,RE20A302,Roads,58.0
2016-17,CitizensNonPlan,CitizensNonPlan16,,,कोंढवा वानवडी क्षेत्रीय कार्यालय एकूण बेरीज,RE20C302,Electrical,51.0
2016-17,CitizensNonPlan,CitizensNonPlan16,,,कोंढवा वानवडी क्षेत्रीय कार्यालय एकूण बेरीज,RE22C302,Buildings,18.0
2016-17,CitizensNonPlan,CitizensNonPlan16,,,कोंढवा वानवडी क्षेत्रीय कार्यालय एकूण बेरीज,RE14B302,Slum,17.0
2016-17,CitizensNonPlan,CitizensNonPlan16,,,कोंढवा वानवडी क्षेत्रीय कार्यालय एकूण बेरीज,XE12B302,WaterSupply,4.0
2016-17,CitizensNonPlan,CitizensNonPlan16,,,कोंढवा वानवडी क्षेत्रीय कार्यालय एकूण बेरीज,XE23A302,Sewerage_foul,56.0
2017-18,WardOfficePlan,WardOfficePlan1718,,,औंध क्षेत्रीय कार्यालय एकूण बेरीज,CE20A176,Roads,0.0
2017-18,WardOfficePlan,WardOfficePlan1718,,,औंध क्षेत्रीय कार्यालय एकूण बेरीज,CE20C118,Electrical,0.0
2017-18,WardOfficePlan,WardOfficePlan1718,,,औंध क्षेत्रीय कार्यालय एकूण बेरीज,CE22A114,Buildings,0.0
2017-18,WardOfficePlan,WardOfficePlan1718,,,औंध क्षेत्रीय कार्यालय एकूण बेरीज,FE14A118,Slum,0.0
2017-18,WardOfficePlan,WardOfficePlan1718,,,औंध क्षेत्रीय कार्यालय एकूण बेरीज,ZE16A115,WaterSupply,0.0
2017-18,WardOfficePlan,WardOfficePlan1718,,,औंध क्षेत्रीय कार्यालय एकूण बेरीज,ZE16B113,Sewerage_foul,0.0
2017-18,WardOfficePlan,WardOfficePlan1718,,,कोथरूड क्षेत्रीय कार्यालय एकूण बेरीज,CE20A176,Roads,92.0
2017-18,WardOfficePlan,WardOfficePlan1718,,,कोथरूड क्षेत्रीय कार्यालय एकूण बेरीज,CE20C118,Electrical,16.0
2017-18,WardOfficePlan,WardOfficePlan1718,,,कोथरूड क्षेत्रीय कार्यालय एकूण बेरीज,CE22A114,Buildings,16.0
2017-18,WardOfficePlan,WardOfficePlan1718,,,कोथरूड क्षेत्रीय कार्यालय एकूण बेरीज,FE14A118,Slum,32.0
2017-18,WardOfficePlan,WardOfficePlan1718,,,कोथरूड क्षेत्रीय कार्यालय एकूण बेरीज,ZE16A115,WaterSupply,0.0
2017-18,WardOfficePlan,WardOfficePlan1718,,,कोथरूड क्षेत्रीय कार्यालय एकूण बेरीज,ZE16B113,Sewerage_foul,72.0
2017-18,WardOfficePlan,WardOfficePlan1718,,,घोले रोड क्षेत्रीय कार्यालय एकूण बेरीज,CE20A176,Roads,0.0
2017-18,WardOfficePlan,WardOfficePlan1718,,,घोले रोड क्षेत्रीय कार्यालय एकूण बेरीज,CE20C118,Electrical,0.0
2017-18,WardOfficePlan,WardOfficePlan1718,,,घोले रोड क्षेत्रीय कार्यालय एकूण बेरीज,CE22A114,Buildings,0.0
2017-18,WardOfficePlan,WardOfficePlan1718,,,घोले रोड क्षेत्रीय कार्यालय एकूण बेरीज,FE14A118,Slum,0.0
2017-18,WardOfficePlan,WardOfficePlan1718,,,घोले रोड क्षेत्रीय कार्यालय एकूण बेरीज,ZE16A115,WaterSupply,0.0
2017-18,WardOfficePlan,WardOfficePlan1718,,,घोले रोड क्षेत्रीय कार्यालय एकूण बेरीज,ZE16B113,Sewerage_foul,0.0
2017-18,WardOfficePlan,WardOfficePlan1718,,,वारजे कर्वेनगर क्षेत्रीय कार्यालय एकूण बेरीज,CE20A176,Roads,62.4
2017-18,WardOfficePlan,WardOfficePlan1718,,,वारजे कर्वेनगर क्षेत्रीय कार्यालय एकूण बेरीज,CE20C118,Electrical,68.0
2017-18,WardOfficePlan,WardOfficePlan1718,,,वारजे कर्वेनगर क्षेत्रीय कार्यालय एकूण बेरीज,CE22A114,Buildings,12.0
2017-18,WardOfficePlan,WardOfficePlan1718,,,वारजे कर्वेनगर क्षेत्रीय कार्यालय एकूण बेरीज,FE14A118,Slum,0.0
2017-18,WardOfficePlan,WardOfficePlan1718,,,वारजे कर्वेनगर क्षेत्रीय कार्यालय एकूण बेरीज,ZE16A115,WaterSupply,0.0
2017-18,WardOfficePlan,WardOfficePlan1718,,,वारजे कर्वेनगर क्षेत्रीय कार्यालय एकूण बेरीज,ZE16B113,Sewerage_foul,103.19999999999999
2017-18,WardOfficePlan,WardOfficePlan1718,,,ढोलेपाटील रोड क्षेत्रीय कार्यालय एकूण बेरीज,CE20A176,Roads,0.0
2017-18,WardOfficePlan,WardOfficePlan1718,,,ढोलेपाटील रोड क्षेत्रीय कार्यालय एकूण बेरीज,CE20C118,Electrical,0.0
2017-18,WardOfficePlan,WardOfficePlan1718,,,ढोलेपाटील रोड क्षेत्रीय कार्यालय एकूण बेरीज,CE22A114,Buildings,0.0
2017-18,WardOfficePlan,WardOfficePlan1718,,,ढोलेपाटील रोड क्षेत्रीय कार्यालय एकूण बेरीज,FE14A118,Slum,0.0
2017-18,WardOfficePlan,WardOfficePlan1718,,,ढोलेपाटील रोड क्षेत्रीय कार्यालय एकूण बेरीज,ZE16A115,WaterSupply,0.0
2017-18,WardOfficePlan,WardOfficePlan1718,,,ढोलेपाटील रोड क्षेत्रीय कार्यालय एकूण बेरीज,ZE16B113,Sewerage_foul,0.0
2017-18,WardOfficePlan,WardOfficePlan1718,,,नगररोड क्षेत्रीय कार्यालय एकूण बेरीज,CE20A176,Roads,0.0
2017-18,WardOfficePlan,WardOfficePlan1718,,,नगररोड क्षेत्रीय कार्यालय एकूण बेरीज,CE20C118,Electrical,0.0
2017-18,WardOfficePlan,WardOfficePlan1718,,,नगररोड क्षेत्रीय कार्यालय एकूण बेरीज,CE22A114,Buildings,0.0
2017-18,WardOfficePlan,WardOfficePlan1718,,,नगररोड क्षेत्रीय कार्यालय एकूण बेरीज,FE14A118,Slum,0.0
2017-18,WardOfficePlan,WardOfficePlan1718,,,नगररोड क्षेत्रीय कार्यालय एकूण बेरीज,ZE16A115,WaterSupply,0.0
2017-18,WardOfficePlan,WardOfficePlan1718,,,नगररोड क्षेत्रीय कार्यालय एकूण बेरीज,ZE16B113,Sewerage_foul,0.0
2017-18,WardOfficePlan,WardOfficePlan1718,,,संगमवाडी क्षेत्रीय कार्यालय एकूण बेरीज,CE20A176,Roads,158.4
2017-18,WardOfficePlan,WardOfficePlan1718,,,संगमवाडी क्षेत्रीय कार्यालय एकूण बेरीज,CE20C118,Electrical,0.0
2017-18,WardOfficePlan,WardOfficePlan1718,,,संगमवाडी क्षेत्रीय कार्यालय एकूण बेरीज,CE22A114,Buildings,16.8
2017-18,WardOfficePlan,WardOfficePlan1718,,,संगमवाडी क्षेत्रीय कार्यालय एकूण बेरीज,FE14A118,Slum,13.600000000000001
2017-18,WardOfficePlan,WardOfficePlan1718,,,संगमवाडी क्षेत्रीय कार्यालय एकूण बेरीज,ZE16A115,WaterSupply,0.0
2017-18,WardOfficePlan,WardOfficePlan1718,,,संगमवाडी क्षेत्रीय कार्यालय एकूण बेरीज,ZE16B113,Sewerage_foul,60.0
2017-18,WardOfficePlan,WardOfficePlan1718,,,भवानी पेठ क्षेत्रीय कार्यालय एकूण बेरीज,CE20A176,Roads,0.0
2017-18,WardOfficePlan,WardOfficePlan1718,,,भवानी पेठ क्षेत्रीय कार्यालय एकूण बेरीज,CE20C118,Electrical,0.0
2017-18,WardOfficePlan,WardOfficePlan1718,,,भवानी पेठ क्षेत्रीय कार्यालय एकूण बेरीज,CE22A114,Buildings,0.0
2017-18,WardOfficePlan,WardOfficePlan1718,,,भवानी पेठ क्षेत्रीय कार्यालय एकूण बेरीज,FE14A118,Slum,0.0
2017-18,WardOfficePlan,WardOfficePlan1718,,,भवानी पेठ क्षेत्रीय कार्यालय एकूण बेरीज,ZE16A115,WaterSupply,0.0
2017-18,WardOfficePlan,WardOfficePlan1718,,,भवानी पेठ क्षेत्रीय कार्यालय एकूण बेरीज,ZE16B113,Sewerage_foul,0.0
2017-18,WardOfficePlan,WardOfficePlan1718,,,कसबा विश्रामबाग वाडा क्षेत्रीय कार्यालय एकूण बेरीज,CE20A176,Roads,0.0
2017-18,WardOfficePlan,WardOfficePlan1718,,,कसबा विश्रामबाग वाडा क्षेत्रीय कार्यालय एकूण बेरीज,CE20C118,Electrical,0.0
2017-18,WardOfficePlan,WardOfficePlan1718,,,कसबा विश्रामबाग वाडा क्षेत्रीय कार्यालय एकूण बेरीज,CE22A114,Buildings,0.0
2017-18,WardOfficePlan,WardOfficePlan1718,,,कसबा विश्रामबाग वाडा क्षेत्रीय कार्यालय एकूण बेरीज,FE14A118,Slum,0.0
2017-18,WardOfficePlan,WardOfficePlan1718,,,कसबा विश्रामबाग वाडा क्षेत्रीय कार्यालय एकूण बेरीज,ZE16A115,WaterSupply,0.0
2017-18,WardOfficePlan,WardOfficePlan1718,,,कसबा विश्रामबाग वाडा क्षेत्रीय कार्यालय एकूण बेरीज,ZE16B113,Sewerage_foul,0.0
2017-18,WardOfficePlan,WardOfficePlan1718,,,टिळक रोड क्षेत्रीय कार्यालय एकूण बेरीज,CE20A176,Roads,36.0
2017-18,WardOfficePlan,WardOfficePlan1718,,,टिळक रोड क्षेत्रीय कार्यालय एकूण बेरीज,CE20C118,Electrical,0.0
2017-18,WardOfficePlan,WardOfficePlan1718,,,टिळक रोड क्षेत्रीय कार्यालय एकूण बेरीज,CE22A114,Buildings,36.0
2017-18,WardOfficePlan,WardOfficePlan1718,,,टिळक रोड क्षेत्रीय कार्यालय एकूण बेरीज,FE14A118,Slum,24.0
2017-18,WardOfficePlan,WardOfficePlan1718,,,टिळक रोड क्षेत्रीय कार्यालय एकूण बेरीज,ZE16A115,WaterSupply,0.0
2017-18,WardOfficePlan,WardOfficePlan1718,,,टिळक रोड क्षेत्रीय कार्यालय एकूण बेरीज,ZE16B113,Sewerage_foul,24.0
2017-18,WardOfficePlan,WardOfficePlan1718,,,सहकारनगर क्षेत्रीय कार्यालय एकूण बेरीज,CE20A176,Roads,64.0
2017-18,WardOfficePlan,WardOfficePlan1718,,,सहकारनगर क्षेत्रीय कार्यालय एकूण बेरीज,CE20C118,Electrical,16.0
2017-18,WardOfficePlan,WardOfficePlan1718,,,सहकारनगर क्षेत्रीय कार्यालय एकूण बेरीज,CE22A114,Buildings,68.0
2017-18,WardOfficePlan,WardOfficePlan1718,,,सहकारनगर क्षेत्रीय कार्यालय एकूण बेरीज,FE14A118,Slum,56.0
2017-18,WardOfficePlan,WardOfficePlan1718,,,सहकारनगर क्षेत्रीय कार्यालय एकूण बेरीज,ZE16A115,WaterSupply,0.0
2017-18,WardOfficePlan,WardOfficePlan1718,,,सहकारनगर क्षेत्रीय कार्यालय एकूण बेरीज,ZE16B113,Sewerage_foul,152.0
2017-18,WardOfficePlan,WardOfficePlan1718,,,हडपसर क्षेत्रीय कार्यालय एकूण बेरीज,CE20A176,Roads,136.0
2017-18,WardOfficePlan,WardOfficePlan1718,,,हडपसर क्षेत्रीय कार्यालय एकूण बेरीज,CE20C118,Electrical,0.0
2017-18,WardOfficePlan,WardOfficePlan1718,,,हडपसर क्षेत्रीय कार्यालय एकूण बेरीज,CE22A114,Buildings,32.0
2017-18,WardOfficePlan,WardOfficePlan1718,,,हडपसर क्षेत्रीय कार्यालय एकूण बेरीज,FE14A118,Slum,8.0
2017-18,WardOfficePlan,WardOfficePlan1718,,,हडपसर क्षेत्रीय कार्यालय एकूण बेरीज,ZE16A115,WaterSupply,0.0
2017-18,WardOfficePlan,WardOfficePlan1718,,,हडपसर क्षेत्रीय कार्यालय एकूण बेरीज,ZE16B113,Sewerage_foul,84.0
2017-18,WardOfficePlan,WardOfficePlan1718,,,बिबवेवाडी क्षेत्रीय कार्यालय एकूण बेरीज,CE20A176,Roads,179.2
2017-18,WardOfficePlan,WardOfficePlan1718,,,बिबवेवाडी क्षेत्रीय कार्यालय एकूण बेरीज,CE20C118,Electrical,43.2
2017-18,WardOfficePlan,WardOfficePlan1718,,,बिबवेवाडी क्षेत्रीय कार्यालय एकूण बेरीज,CE22A114,Buildings,0.0
2017-18,WardOfficePlan,WardOfficePlan1718,,,बिबवेवाडी क्षेत्रीय कार्यालय एकूण बेरीज,FE14A118,Slum,0.0
2017-18,WardOfficePlan,WardOfficePlan1718,,,बिबवेवाडी क्षेत्रीय कार्यालय एकूण बेरीज,ZE16A115,WaterSupply,0.0
2017-18,WardOfficePlan,WardOfficePlan1718,,,बिबवेवाडी क्षेत्रीय कार्यालय एकूण बेरीज,ZE16B113,Sewerage_foul,64.80000000000001
2017-18,WardOfficePlan,WardOfficePlan1718,,,धनकवडी क्षेत्रीय कार्यालय एकूण बेरीज,CE20A176,Roads,192.0
2017-18,WardOfficePlan,WardOfficePlan1718,,,धनकवडी क्षेत्रीय कार्यालय एकूण बेरीज,CE20C118,Electrical,8.0
2017-18,WardOfficePlan,WardOfficePlan1718,,,धनकवडी क्षेत्रीय कार्यालय एकूण बेरीज,CE22A114,Buildings,88.0
2017-18,WardOfficePlan,WardOfficePlan1718,,,धनकवडी क्षेत्रीय कार्यालय एकूण बेरीज,FE14A118,Slum,0.0
2017-18,WardOfficePlan,WardOfficePlan1718,,,धनकवडी क्षेत्रीय कार्यालय एकूण बेरीज,ZE16A115,WaterSupply,0.0
2017-18,WardOfficePlan,WardOfficePlan1718,,,धनकवडी क्षेत्रीय कार्यालय एकूण बेरीज,ZE16B113,Sewerage_foul,8.0
2017-18,WardOfficePlan,WardOfficePlan1718,,,कोंढवा वानवडी क्षेत्रीय कार्यालय एकूण बेरीज,CE20A176,Roads,23.200000000000003
2017-18,WardOfficePlan,WardOfficePlan1718,,,कोंढवा वानवडी क्षेत्रीय कार्यालय एकूण बेरीज,CE20C118,Electrical,0.0
2017-18,WardOfficePlan,WardOfficePlan1718,,,कोंढवा वानवडी क्षेत्रीय कार्यालय एकूण बेरीज,CE22A114,Buildings,4.800000000000001
2017-18,WardOfficePlan,WardOfficePlan1718,,,कोंढवा वानवडी क्षेत्रीय कार्यालय एकूण बेरीज,FE14A118,Slum,0.0
2017-18,WardOfficePlan,WardOfficePlan1718,,,कोंढवा वानवडी क्षेत्रीय कार्यालय एकूण बेरीज,ZE16A115,WaterSupply,0.0
2017-18,WardOfficePlan,WardOfficePlan1718,,,कोंढवा वानवडी क्षेत्रीय कार्यालय एकूण बेरीज,ZE16B113,Sewerage_foul,0.0
2017-18,WardOfficeNonPlan,WardOfficeNonPlan1718,,,औंध क्षेत्रीय कार्यालय एकूण बेरीज,RE20A301,Roads,228.8
2017-18,WardOfficeNonPlan,WardOfficeNonPlan1718,,,औंध क्षेत्रीय कार्यालय एकूण बेरीज,RE20C301,Electrical,88.0
2017-18,WardOfficeNonPlan,WardOfficeNonPlan1718,,,औंध क्षेत्रीय कार्यालय एकूण बेरीज,RE22C301,Buildings,75.2
2017-18,WardOfficeNonPlan,WardOfficeNonPlan1718,,,औंध क्षेत्रीय कार्यालय एकूण बेरीज,RE14B301,Slum,53.6
2017-18,WardOfficeNonPlan,WardOfficeNonPlan1718,,,औंध क्षेत्रीय कार्यालय एकूण बेरीज,XE12B301,WaterSupply,0.0
2017-18,WardOfficeNonPlan,WardOfficeNonPlan1718,,,औंध क्षेत्रीय कार्यालय एकूण बेरीज,XE23A301,Sewerage_foul,154.4
2017-18,WardOfficeNonPlan,WardOfficeNonPlan1718,,,कोथरूड क्षेत्रीय कार्यालय एकूण बेरीज,RE20A301,Roads,98.4
2017-18,WardOfficeNonPlan,WardOfficeNonPlan1718,,,कोथरूड क्षेत्रीय कार्यालय एकूण बेरीज,RE20C301,Electrical,59.0
2017-18,WardOfficeNonPlan,WardOfficeNonPlan1718,,,कोथरूड क्षेत्रीय कार्यालय एकूण बेरीज,RE22C301,Buildings,56.8
2017-18,WardOfficeNonPlan,WardOfficeNonPlan1718,,,कोथरूड क्षेत्रीय कार्यालय एकूण बेरीज,RE14B301,Slum,37.6
2017-18,WardOfficeNonPlan,WardOfficeNonPlan1718,,,कोथरूड क्षेत्रीय कार्यालय एकूण बेरीज,XE12B301,WaterSupply,0.0
2017-18,WardOfficeNonPlan,WardOfficeNonPlan1718,,,कोथरूड क्षेत्रीय कार्यालय एकूण बेरीज,XE23A301,Sewerage_foul,120.0
2017-18,WardOfficeNonPlan,WardOfficeNonPlan1718,,,घोले रोड क्षेत्रीय कार्यालय एकूण बेरीज,RE20A301,Roads,228.0
2017-18,WardOfficeNonPlan,WardOfficeNonPlan1718,,,घोले रोड क्षेत्रीय कार्यालय एकूण बेरीज,RE20C301,Electrical,96.0
2017-18,WardOfficeNonPlan,WardOfficeNonPlan1718,,,घोले रोड क्षेत्रीय कार्यालय एकूण बेरीज,RE22C301,Buildings,96.0
2017-18,WardOfficeNonPlan,WardOfficeNonPlan1718,,,घोले रोड क्षेत्रीय कार्यालय एकूण बेरीज,RE14B301,Slum,168.0
2017-18,WardOfficeNonPlan,WardOfficeNonPlan1718,,,घोले रोड क्षेत्रीय कार्यालय एकूण बेरीज,XE12B301,WaterSupply,0.0
2017-18,WardOfficeNonPlan,WardOfficeNonPlan1718,,,घोले रोड क्षेत्रीय कार्यालय एकूण बेरीज,XE23A301,Sewerage_foul,132.0
2017-18,WardOfficeNonPlan,WardOfficeNonPlan1718,,,वारजे कर्वेनगर क्षेत्रीय कार्यालय एकूण बेरीज,RE20A301,Roads,141.6
2017-18,WardOfficeNonPlan,WardOfficeNonPlan1718,,,वारजे कर्वेनगर क्षेत्रीय कार्यालय एकूण बेरीज,RE20C301,Electrical,56.0
2017-18,WardOfficeNonPlan,WardOfficeNonPlan1718,,,वारजे कर्वेनगर क्षेत्रीय कार्यालय एकूण बेरीज,RE22C301,Buildings,12.0
2017-18,WardOfficeNonPlan,WardOfficeNonPlan1718,,,वारजे कर्वेनगर क्षेत्रीय कार्यालय एकूण बेरीज,RE14B301,Slum,20.8
2017-18,WardOfficeNonPlan,WardOfficeNonPlan1718,,,वारजे कर्वेनगर क्षेत्रीय कार्यालय एकूण बेरीज,XE12B301,WaterSupply,0.0
2017-18,WardOfficeNonPlan,WardOfficeNonPlan1718,,,वारजे कर्वेनगर क्षेत्रीय कार्यालय एकूण बेरीज,XE23A301,Sewerage_foul,124.0
2017-18,WardOfficeNonPlan,WardOfficeNonPlan1718,,,ढोलेपाटील रोड क्षेत्रीय कार्यालय एकूण बेरीज,RE20A301,Roads,137.6
2017-18,WardOfficeNonPlan,WardOfficeNonPlan1718,,,ढोलेपाटील रोड क्षेत्रीय कार्यालय एकूण बेरीज,RE20C301,Electrical,62.400000000000006
2017-18,WardOfficeNonPlan,WardOfficeNonPlan1718,,,ढोलेपाटील रोड क्षेत्रीय कार्यालय एकूण बेरीज,RE22C301,Buildings,164.8
2017-18,WardOfficeNonPlan,WardOfficeNonPlan1718,,,ढोलेपाटील रोड क्षेत्रीय कार्यालय एकूण बेरीज,RE14B301,Slum,96.0
2017-18,WardOfficeNonPlan,WardOfficeNonPlan1718,,,ढोलेपाटील रोड क्षेत्रीय कार्यालय एकूण बेरीज,XE12B301,WaterSupply,0.0
2017-18,WardOfficeNonPlan,WardOfficeNonPlan1718,,,ढोलेपाटील रोड क्षेत्रीय कार्यालय एकूण बेरीज,XE23A301,Sewerage_foul,139.20000000000002
2017-18,WardOfficeNonPlan,WardOfficeNonPlan1718,,,नगररोड क्षेत्रीय कार्यालय एकूण बेरीज,RE20A301,Roads,311.2
2017-18,WardOfficeNonPlan,WardOfficeNonPlan1718,,,नगररोड क्षेत्रीय कार्यालय एकूण बेरीज,RE20C301,Electrical,48.0
2017-18,WardOfficeNonPlan,WardOfficeNonPlan1718,,,नगररोड क्षेत्रीय कार्यालय एकूण बेरीज,RE22C301,Buildings,52.0
2017-18,WardOfficeNonPlan,WardOfficeNonPlan1718,,,नगररोड क्षेत्रीय कार्यालय एकूण बेरीज,RE14B301,Slum,54.4
2017-18,WardOfficeNonPlan,WardOfficeNonPlan1718,,,नगररोड क्षेत्रीय कार्यालय एकूण बेरीज,XE12B301,WaterSupply,0.0
2017-18,WardOfficeNonPlan,WardOfficeNonPlan1718,,,नगररोड क्षेत्रीय कार्यालय एकूण बेरीज,XE23A301,Sewerage_foul,254.4
2017-18,WardOfficeNonPlan,WardOfficeNonPlan1718,,,संगमवाडी क्षेत्रीय कार्यालय एकूण बेरीज,RE20A301,Roads,80.8
2017-18,WardOfficeNonPlan,WardOfficeNonPlan1718,,,संगमवाडी क्षेत्रीय कार्यालय एकूण बेरीज,RE20C301,Electrical,80.0
2017-18,WardOfficeNonPlan,WardOfficeNonPlan1718,,,संगमवाडी क्षेत्रीय कार्यालय एकूण बेरीज,RE22C301,Buildings,55.2
2017-18,WardOfficeNonPlan,WardOfficeNonPlan1718,,,संगमवाडी क्षेत्रीय कार्यालय एकूण बेरीज,RE14B301,Slum,28.0
2017-18,WardOfficeNonPlan,WardOfficeNonPlan1718,,,संगमवाडी क्षेत्रीय कार्यालय एकूण बेरीज,XE12B301,WaterSupply,0.0
2017-18,WardOfficeNonPlan,WardOfficeNonPlan1718,,,संगमवाडी क्षेत्रीय कार्यालय एकूण बेरीज,XE23A301,Sewerage_foul,107.0
2017-18,WardOfficeNonPlan,WardOfficeNonPlan1718,,,भवानी पेठ क्षेत्रीय कार्यालय एकूण बेरीज,RE20A301,Roads,288.0
2017-18,WardOfficeNonPlan,WardOfficeNonPlan1718,,,भवानी पेठ क्षेत्रीय कार्यालय एकूण बेरीज,RE20C301,Electrical,80.0
2017-18,WardOfficeNonPlan,WardOfficeNonPlan1718,,,भवानी पेठ क्षेत्रीय कार्यालय एकूण बेरीज,RE22C301,Buildings,76.0
2017-18,WardOfficeNonPlan,WardOfficeNonPlan1718,,,भवानी पेठ क्षेत्रीय कार्यालय एकूण बेरीज,RE14B301,Slum,68.0
2017-18,WardOfficeNonPlan,WardOfficeNonPlan1718,,,भवानी पेठ क्षेत्रीय कार्यालय एकूण बेरीज,XE12B301,WaterSupply,16.0
2017-18,WardOfficeNonPlan,WardOfficeNonPlan1718,,,भवानी पेठ क्षेत्रीय कार्यालय एकूण बेरीज,XE23A301,Sewerage_foul,192.0
2017-18,WardOfficeNonPlan,WardOfficeNonPlan1718,,,कसबा विश्रामबाग वाडा क्षेत्रीय कार्यालय एकूण बेरीज,RE20A301,Roads,416.0
2017-18,WardOfficeNonPlan,WardOfficeNonPlan1718,,,कसबा विश्रामबाग वाडा क्षेत्रीय कार्यालय एकूण बेरीज,RE20C301,Electrical,16.0
2017-18,WardOfficeNonPlan,WardOfficeNonPlan1718,,,कसबा विश्रामबाग वाडा क्षेत्रीय कार्यालय एकूण बेरीज,RE22C301,Buildings,88.0
2017-18,WardOfficeNonPlan,WardOfficeNonPlan1718,,,कसबा विश्रामबाग वाडा क्षेत्रीय कार्यालय एकूण बेरीज,RE14B301,Slum,16.0
2017-18,WardOfficeNonPlan,WardOfficeNonPlan1718,,,कसबा विश्रामबाग वाडा क्षेत्रीय कार्यालय एकूण बेरीज,XE12B301,WaterSupply,0.0
2017-18,WardOfficeNonPlan,WardOfficeNonPlan1718,,,कसबा विश्रामबाग वाडा क्षेत्रीय कार्यालय एकूण बेरीज,XE23A301,Sewerage_foul,184.0
2017-18,WardOfficeNonPlan,WardOfficeNonPlan1718,,,टिळक रोड क्षेत्रीय कार्यालय एकूण बेरीज,RE20A301,Roads,156.0
2017-18,WardOfficeNonPlan,WardOfficeNonPlan1718,,,टिळक रोड क्षेत्रीय कार्यालय एकूण बेरीज,RE20C301,Electrical,93.6
2017-18,WardOfficeNonPlan,WardOfficeNonPlan1718,,,टिळक रोड क्षेत्रीय कार्यालय एकूण बेरीज,RE22C301,Buildings,86.4
2017-18,WardOfficeNonPlan,WardOfficeNonPlan1718,,,टिळक रोड क्षेत्रीय कार्यालय एकूण बेरीज,RE14B301,Slum,44.0
2017-18,WardOfficeNonPlan,WardOfficeNonPlan1718,,,टिळक रोड क्षेत्रीय कार्यालय एकूण बेरीज,XE12B301,WaterSupply,8.0
2017-18,WardOfficeNonPlan,WardOfficeNonPlan1718,,,टिळक रोड क्षेत्रीय कार्यालय एकूण बेरीज,XE23A301,Sewerage_foul,92.0
2017-18,WardOfficeNonPlan,WardOfficeNonPlan1718,,,सहकारनगर क्षेत्रीय कार्यालय एकूण बेरीज,RE20A301,Roads,16.0
2017-18,WardOfficeNonPlan,WardOfficeNonPlan1718,,,सहकारनगर क्षेत्रीय कार्यालय एकूण बेरीज,RE20C301,Electrical,40.0
2017-18,WardOfficeNonPlan,WardOfficeNonPlan1718,,,सहकारनगर क्षेत्रीय कार्यालय एकूण बेरीज,RE22C301,Buildings,8.0
2017-18,WardOfficeNonPlan,WardOfficeNonPlan1718,,,सहकारनगर क्षेत्रीय कार्यालय एकूण बेरीज,RE14B301,Slum,28.0
2017-18,WardOfficeNonPlan,WardOfficeNonPlan1718,,,सहकारनगर क्षेत्रीय कार्यालय एकूण बेरीज,XE12B301,WaterSupply,0.0
2017-18,WardOfficeNonPlan,WardOfficeNonPlan1718,,,सहकारनगर क्षेत्रीय कार्यालय एकूण बेरीज,XE23A301,Sewerage_foul,32.0
2017-18,WardOfficeNonPlan,WardOfficeNonPlan1718,,,हडपसर क्षेत्रीय कार्यालय एकूण बेरीज,RE20A301,Roads,8.0
2017-18,WardOfficeNonPlan,WardOfficeNonPlan1718,,,हडपसर क्षेत्रीय कार्यालय एकूण बेरीज,RE20C301,Electrical,80.0
2017-18,WardOfficeNonPlan,WardOfficeNonPlan1718,,,हडपसर क्षेत्रीय कार्यालय एकूण बेरीज,RE22C301,Buildings,40.0
2017-18,WardOfficeNonPlan,WardOfficeNonPlan1718,,,हडपसर क्षेत्रीय कार्यालय एकूण बेरीज,RE14B301,Slum,24.0
2017-18,WardOfficeNonPlan,WardOfficeNonPlan1718,,,हडपसर क्षेत्रीय कार्यालय एकूण बेरीज,XE12B301,WaterSupply,0.0
2017-18,WardOfficeNonPlan,WardOfficeNonPlan1718,,,हडपसर क्षेत्रीय कार्यालय एकूण बेरीज,XE23A301,Sewerage_foul,68.0
2017-18,WardOfficeNonPlan,WardOfficeNonPlan1718,,,बिबवेवाडी क्षेत्रीय कार्यालय एकूण बेरीज,RE20A301,Roads,52.800000000000004
2017-18,WardOfficeNonPlan,WardOfficeNonPlan1718,,,बिबवेवाडी क्षेत्रीय कार्यालय एकूण बेरीज,RE20C301,Electrical,28.8
2017-18,WardOfficeNonPlan,WardOfficeNonPlan1718,,,बिबवेवाडी क्षेत्रीय कार्यालय एकूण बेरीज,RE22C301,Buildings,20.8
2017-18,WardOfficeNonPlan,WardOfficeNonPlan1718,,,बिबवेवाडी क्षेत्रीय कार्यालय एकूण बेरीज,RE14B301,Slum,7.200000000000001
2017-18,WardOfficeNonPlan,WardOfficeNonPlan1718,,,बिबवेवाडी क्षेत्रीय कार्यालय एकूण बेरीज,XE12B301,WaterSupply,0.0
2017-18,WardOfficeNonPlan,WardOfficeNonPlan1718,,,बिबवेवाडी क्षेत्रीय कार्यालय एकूण बेरीज,XE23A301,Sewerage_foul,83.19999999999999
2017-18,WardOfficeNonPlan,WardOfficeNonPlan1718,,,धनकवडी क्षेत्रीय कार्यालय एकूण बेरीज,RE20A301,Roads,84.8
2017-18,WardOfficeNonPlan,WardOfficeNonPlan1718,,,धनकवडी क्षेत्रीय कार्यालय एकूण बेरीज,RE20C301,Electrical,73.6
2017-18,WardOfficeNonPlan,WardOfficeNonPlan1718,,,धनकवडी क्षेत्रीय कार्यालय एकूण बेरीज,RE22C301,Buildings,36.0
2017-18,WardOfficeNonPlan,WardOfficeNonPlan1718,,,धनकवडी क्षेत्रीय कार्यालय एकूण बेरीज,RE14B301,Slum,0.0
2017-18,WardOfficeNonPlan,WardOfficeNonPlan1718,,,धनकवडी क्षेत्रीय कार्यालय एकूण बेरीज,XE12B301,WaterSupply,0.0
2017-18,WardOfficeNonPlan,WardOfficeNonPlan1718,,,धनकवडी क्षेत्रीय कार्यालय एकूण बेरीज,XE23A301,Sewerage_foul,109.60000000000001
2017-18,WardOfficeNonPlan,WardOfficeNonPlan1718,,,कोंढवा वानवडी क्षेत्रीय कार्यालय एकूण बेरीज,RE20A301,Roads,241.60000000000002
2017-18,WardOfficeNonPlan,WardOfficeNonPlan1718,,,कोंढवा वानवडी क्षेत्रीय कार्यालय एकूण बेरीज,RE20C301,Electrical,157.6
2017-18,WardOfficeNonPlan,WardOfficeNonPlan1718,,,कोंढवा वानवडी क्षेत्रीय कार्यालय एकूण बेरीज,RE22C301,Buildings,89.6
2017-18,WardOfficeNonPlan,WardOfficeNonPlan1718,,,कोंढवा वानवडी क्षेत्रीय कार्यालय एकूण बेरीज,RE14B301,Slum,28.0
2017-18,WardOfficeNonPlan,WardOfficeNonPlan1718,,,कोंढवा वानवडी क्षेत्रीय कार्यालय एकूण बेरीज,XE12B301,WaterSupply,0.0
2017-18,WardOfficeNonPlan,WardOfficeNonPlan1718,,,कोंढवा वानवडी क्षेत्रीय कार्यालय एकूण बेरीज,XE23A301,Sewerage_foul,175.2
2017-18,CitizensPlan,CitizensPlan1718,,,औंध क्षेत्रीय कार्यालय एकूण बेरीज,CE20A1196,Roads,0.0
2017-18,CitizensPlan,CitizensPlan1718,,,औंध क्षेत्रीय कार्यालय एकूण बेरीज,CE20C406,Electrical,0.0
2017-18,CitizensPlan,CitizensPlan1718,,,औंध क्षेत्रीय कार्यालय एकूण बेरीज,CE22A547,Buildings,0.0
2017-18,CitizensPlan,CitizensPlan1718,,,औंध क्षेत्रीय कार्यालय एकूण बेरीज,FE14A121,Slum,0.0
2017-18,CitizensPlan,CitizensPlan1718,,,औंध क्षेत्रीय कार्यालय एकूण बेरीज,ZE16A117,WaterSupply,0.0
2017-18,CitizensPlan,CitizensPlan1718,,,औंध क्षेत्रीय कार्यालय एकूण बेरीज,ZE16B130,Sewerage_foul,0.0
2017-18,CitizensPlan,CitizensPlan1718,,,कोथरूड क्षेत्रीय कार्यालय एकूण बेरीज,CE20A1196,Roads,41.0
2017-18,CitizensPlan,CitizensPlan1718,,,कोथरूड क्षेत्रीय कार्यालय एकूण बेरीज,CE20C406,Electrical,36.0
2017-18,CitizensPlan,CitizensPlan1718,,,कोथरूड क्षेत्रीय कार्यालय एकूण बेरीज,CE22A547,Buildings,5.0
2017-18,CitizensPlan,CitizensPlan1718,,,कोथरूड क्षेत्रीय कार्यालय एकूण बेरीज,FE14A121,Slum,0.0
2017-18,CitizensPlan,CitizensPlan1718,,,कोथरूड क्षेत्रीय कार्यालय एकूण बेरीज,ZE16A117,WaterSupply,0.0
2017-18,CitizensPlan,CitizensPlan1718,,,कोथरूड क्षेत्रीय कार्यालय एकूण बेरीज,ZE16B130,Sewerage_foul,32.0
2017-18,CitizensPlan,CitizensPlan1718,,,घोले रोड क्षेत्रीय कार्यालय एकूण बेरीज,CE20A1196,Roads,0.0
2017-18,CitizensPlan,CitizensPlan1718,,,घोले रोड क्षेत्रीय कार्यालय एकूण बेरीज,CE20C406,Electrical,0.0
2017-18,CitizensPlan,CitizensPlan1718,,,घोले रोड क्षेत्रीय कार्यालय एकूण बेरीज,CE22A547,Buildings,0.0
2017-18,CitizensPlan,CitizensPlan1718,,,घोले रोड क्षेत्रीय कार्यालय एकूण बेरीज,FE14A121,Slum,0.0
2017-18,CitizensPlan,CitizensPlan1718,,,घोले रोड क्षेत्रीय कार्यालय एकूण बेरीज,ZE16A117,WaterSupply,0.0
2017-18,CitizensPlan,CitizensPlan1718,,,घोले रोड क्षेत्रीय कार्यालय एकूण बेरीज,ZE16B130,Sewerage_foul,0.0
2017-18,CitizensPlan,CitizensPlan1718,,,वारजे कर्वेनगर क्षेत्रीय कार्यालय एकूण बेरीज,CE20A1196,Roads,59.0
2017-18,CitizensPlan,CitizensPlan1718,,,वारजे कर्वेनगर क्षेत्रीय कार्यालय एकूण बेरीज,CE20C406,Electrical,38.0
2017-18,CitizensPlan,CitizensPlan1718,,,वारजे कर्वेनगर क्षेत्रीय कार्यालय एकूण बेरीज,CE22A547,Buildings,20.0
2017-18,CitizensPlan,CitizensPlan1718,,,वारजे कर्वेनगर क्षेत्रीय कार्यालय एकूण बेरीज,FE14A121,Slum,5.0
2017-18,CitizensPlan,CitizensPlan1718,,,वारजे कर्वेनगर क्षेत्रीय कार्यालय एकूण बेरीज,ZE16A117,WaterSupply,0.0
2017-18,CitizensPlan,CitizensPlan1718,,,वारजे कर्वेनगर क्षेत्रीय कार्यालय एकूण बेरीज,ZE16B130,Sewerage_foul,40.0
2017-18,CitizensPlan,CitizensPlan1718,,,ढोलेपाटील रोड क्षेत्रीय कार्यालय एकूण बेरीज,CE20A1196,Roads,0.0
2017-18,CitizensPlan,CitizensPlan1718,,,ढोलेपाटील रोड क्षेत्रीय कार्यालय एकूण बेरीज,CE20C406,Electrical,0.0
2017-18,CitizensPlan,CitizensPlan1718,,,ढोलेपाटील रोड क्षेत्रीय कार्यालय एकूण बेरीज,CE22A547,Buildings,0.0
2017-18,CitizensPlan,CitizensPlan1718,,,ढोलेपाटील रोड क्षेत्रीय कार्यालय एकूण बेरीज,FE14A121,Slum,0.0
2017-18,CitizensPlan,CitizensPlan1718,,,ढोलेपाटील रोड क्षेत्रीय कार्यालय एकूण बेरीज,ZE16A117,WaterSupply,0.0
2017-18,CitizensPlan,CitizensPlan1718,,,ढोलेपाटील रोड क्षेत्रीय कार्यालय एकूण बेरीज,ZE16B130,Sewerage_foul,0.0
2017-18,CitizensPlan,CitizensPlan1718,,,नगररोड क्षेत्रीय कार्यालय एकूण बेरीज,CE20A1196,Roads,0.0
2017-18,CitizensPlan,CitizensPlan1718,,,नगररोड क्षेत्रीय कार्यालय एकूण बेरीज,CE20C406,Electrical,0.0
2017-18,CitizensPlan,CitizensPlan1718,,,नगररोड क्षेत्रीय कार्यालय एकूण बेरीज,CE22A547,Buildings,0.0
2017-18,CitizensPlan,CitizensPlan1718,,,नगररोड क्षेत्रीय कार्यालय एकूण बेरीज,FE14A121,Slum,0.0
2017-18,CitizensPlan,CitizensPlan1718,,,नगररोड क्षेत्रीय कार्यालय एकूण बेरीज,ZE16A117,WaterSupply,0.0
2017-18,CitizensPlan,CitizensPlan1718,,,नगररोड क्षेत्रीय कार्यालय एकूण बेरीज,ZE16B130,Sewerage_foul,0.0
2017-18,CitizensPlan,CitizensPlan1718,,,संगमवाडी क्षेत्रीय कार्यालय एकूण बेरीज,CE20A1196,Roads,35.0
2017-18,CitizensPlan,CitizensPlan1718,,,संगमवाडी क्षेत्रीय कार्यालय एकूण बेरीज,CE20C406,Electrical,36.0
2017-18,CitizensPlan,CitizensPlan1718,,,संगमवाडी क्षेत्रीय कार्यालय एकूण बेरीज,CE22A547,Buildings,20.0
2017-18,CitizensPlan,CitizensPlan1718,,,संगमवाडी क्षेत्रीय कार्यालय एकूण बेरीज,FE14A121,Slum,15.0
2017-18,CitizensPlan,CitizensPlan1718,,,संगमवाडी क्षेत्रीय कार्यालय एकूण बेरीज,ZE16A117,WaterSupply,0.0
2017-18,CitizensPlan,CitizensPlan1718,,,संगमवाडी क्षेत्रीय कार्यालय एकूण बेरीज,ZE16B130,Sewerage_foul,5.0
2017-18,CitizensPlan,CitizensPlan1718,,,भवानी पेठ क्षेत्रीय कार्यालय एकूण बेरीज,CE20A1196,Roads,0.0
2017-18,CitizensPlan,CitizensPlan1718,,,भवानी पेठ क्षेत्रीय कार्यालय एकूण बेरीज,CE20C406,Electrical,0.0
2017-18,CitizensPlan,CitizensPlan1718,,,भवानी पेठ क्षेत्रीय कार्यालय एकूण बेरीज,CE22A547,Buildings,0.0
2017-18,CitizensPlan,CitizensPlan1718,,,भवानी पेठ क्षेत्रीय कार्यालय एकूण बेरीज,FE14A121,Slum,0.0
2017-18,CitizensPlan,CitizensPlan1718,,,भवानी पेठ क्षेत्रीय कार्यालय एकूण बेरीज,ZE16A117,WaterSupply,0.0
2017-18,CitizensPlan,CitizensPlan1718,,,भवानी पेठ क्षेत्रीय कार्यालय एकूण बेरीज,ZE16B130,Sewerage_foul,0.0
2017-18,CitizensPlan,CitizensPlan1718,,,कसबा विश्रामबाग वाडा क्षेत्रीय कार्यालय एकूण बेरीज,CE20A1196,Roads,0.0
2017-18,CitizensPlan,CitizensPlan1718,,,कसबा विश्रामबाग वाडा क्षेत्रीय कार्यालय एकूण बेरीज,CE20C406,Electrical,0.0
2017-18,CitizensPlan,CitizensPlan1718,,,कसबा विश्रामबाग वाडा क्षेत्रीय कार्यालय एकूण बेरीज,CE22A547,Buildings,0.0
2017-18,CitizensPlan,CitizensPlan1718,,,कसबा विश्रामबाग वाडा क्षेत्रीय कार्यालय एकूण बेरीज,FE14A121,Slum,0.0
2017-18,CitizensPlan,CitizensPlan1718,,,कसबा विश्रामबाग वाडा क्षेत्रीय कार्यालय एकूण बेरीज,ZE16A117,WaterSupply,0.0
2017-18,CitizensPlan,CitizensPlan1718,,,कसबा विश्रामबाग वाडा क्षेत्रीय कार्यालय एकूण बेरीज,ZE16B130,Sewerage_foul,0.0
2017-18,CitizensPlan,CitizensPlan1718,,,टिळक रोड क्षेत्रीय कार्यालय एकूण बेरीज,CE20A1196,Roads,0.0
2017-18,CitizensPlan,CitizensPlan1718,,,टिळक रोड क्षेत्रीय कार्यालय एकूण बेरीज,CE20C406,Electrical,0.0
2017-18,CitizensPlan,CitizensPlan1718,,,टिळक रोड क्षेत्रीय कार्यालय एकूण बेरीज,CE22A547,Buildings,0.0
2017-18,CitizensPlan,CitizensPlan1718,,,टिळक रोड क्षेत्रीय कार्यालय एकूण बेरीज,FE14A121,Slum,0.0
2017-18,CitizensPlan,CitizensPlan1718,,,टिळक रोड क्षेत्रीय कार्यालय एकूण बेरीज,ZE16A117,WaterSupply,0.0
2017-18,CitizensPlan,CitizensPlan1718,,,टिळक रोड क्षेत्रीय कार्यालय एकूण बेरीज,ZE16B130,Sewerage_foul,0.0
2017-18,CitizensPlan,CitizensPlan1718,,,सहकारनगर क्षेत्रीय कार्यालय एकूण बेरीज,CE20A1196,Roads,0.0
2017-18,CitizensPlan,CitizensPlan1718,,,सहकारनगर क्षेत्रीय कार्यालय एकूण बेरीज,CE20C406,Electrical,0.0
2017-18,CitizensPlan,CitizensPlan1718,,,सहकारनगर क्षेत्रीय कार्यालय एकूण बेरीज,CE22A547,Buildings,0.0
2017-18,CitizensPlan,CitizensPlan1718,,,सहकारनगर क्षेत्रीय कार्यालय एकूण बेरीज,FE14A121,Slum,0.0
2017-18,CitizensPlan,CitizensPlan1718,,,सहकारनगर क्षेत्रीय कार्यालय एकूण बेरीज,ZE16A117,WaterSupply,0.0
2017-18,CitizensPlan,CitizensPlan1718,,,सहकारनगर क्षेत्रीय कार्यालय एकूण बेरीज,ZE16B130,Sewerage_foul,0.0
2017-18,CitizensPlan,CitizensPlan1718,,,हडपसर क्षेत्रीय कार्यालय एकूण बेरीज,CE20A1196,Roads,45.0
2017-18,CitizensPlan,CitizensPlan1718,,,हडपसर क्षेत्रीय कार्यालय एकूण बेरीज,CE20C406,Electrical,25.0
2017-18,CitizensPlan,CitizensPlan1718,,,हडपसर क्षेत्रीय कार्यालय एकूण बेरीज,CE22A547,Buildings,25.0
2017-18,CitizensPlan,CitizensPlan1718,,,हडपसर क्षेत्रीय कार्यालय एकूण बेरीज,FE14A121,Slum,0.0
2017-18,CitizensPlan,CitizensPlan1718,,,हडपसर क्षेत्रीय कार्यालय एकूण बेरीज,ZE16A117,WaterSupply,5.0
2017-18,CitizensPlan,CitizensPlan1718,,,हडपसर क्षेत्रीय कार्यालय एकूण बेरीज,ZE16B130,Sewerage_foul,15.0
2017-18,CitizensPlan,CitizensPlan1718,,,बिबवेवाडी क्षेत्रीय कार्यालय एकूण बेरीज,CE20A1196,Roads,70.0
2017-18,CitizensPlan,CitizensPlan1718,,,बिबवेवाडी क्षेत्रीय कार्यालय एकूण बेरीज,CE20C406,Electrical,10.0
2017-18,CitizensPlan,CitizensPlan1718,,,बिबवेवाडी क्षेत्रीय कार्यालय एकूण बेरीज,CE22A547,Buildings,65.0
2017-18,CitizensPlan,CitizensPlan1718,,,बिबवेवाडी क्षेत्रीय कार्यालय एकूण बेरीज,FE14A121,Slum,10.0
2017-18,CitizensPlan,CitizensPlan1718,,,बिबवेवाडी क्षेत्रीय कार्यालय एकूण बेरीज,ZE16A117,WaterSupply,5.0
2017-18,CitizensPlan,CitizensPlan1718,,,बिबवेवाडी क्षेत्रीय कार्यालय एकूण बेरीज,ZE16B130,Sewerage_foul,40.0
2017-18,CitizensPlan,CitizensPlan1718,,,धनकवडी क्षेत्रीय कार्यालय एकूण बेरीज,CE20A1196,Roads,8.0
2017-18,CitizensPlan,CitizensPlan1718,,,धनकवडी क्षेत्रीय कार्यालय एकूण बेरीज,CE20C406,Electrical,12.0
2017-18,CitizensPlan,CitizensPlan1718,,,धनकवडी क्षेत्रीय कार्यालय एकूण बेरीज,CE22A547,Buildings,40.0
2017-18,CitizensPlan,CitizensPlan1718,,,धनकवडी क्षेत्रीय कार्यालय एकूण बेरीज,FE14A121,Slum,0.0
2017-18,CitizensPlan,CitizensPlan1718,,,धनकवडी क्षेत्रीय कार्यालय एकूण बेरीज,ZE16A117,WaterSupply,0.0
2017-18,CitizensPlan,CitizensPlan1718,,,धनकवडी क्षेत्रीय कार्यालय एकूण बेरीज,ZE16B130,Sewerage_foul,0.0
2017-18,CitizensPlan,CitizensPlan1718,,,कोंढवा वानवडी क्षेत्रीय कार्यालय एकूण बेरीज,CE20A1196,Roads,25.0
2017-18,CitizensPlan,CitizensPlan1718,,,कोंढवा वानवडी क्षेत्रीय कार्यालय एकूण बेरीज,CE20C406,Electrical,3.0
2017-18,CitizensPlan,CitizensPlan1718,,,कोंढवा वानवडी क्षेत्रीय कार्यालय एकूण बेरीज,CE22A547,Buildings,9.0
2017-18,CitizensPlan,CitizensPlan1718,,,कोंढवा वानवडी क्षेत्रीय कार्यालय एकूण बेरीज,FE14A121,Slum,2.0
2017-18,CitizensPlan,CitizensPlan1718,,,कोंढवा वानवडी क्षेत्रीय कार्यालय एकूण बेरीज,ZE16A117,WaterSupply,3.0
2017-18,CitizensPlan,CitizensPlan1718,,,कोंढवा वानवडी क्षेत्रीय कार्यालय एकूण बेरीज,ZE16B130,Sewerage_foul,0.0
2017-18,CitizensNonPlan,CitizensNonPlan1718,,,औंध क्षेत्रीय कार्यालय एकूण बेरीज,RE20A302,Roads,78.0
2017-18,CitizensNonPlan,CitizensNonPlan1718,,,औंध क्षेत्रीय कार्यालय एकूण बेरीज,RE20C302,Electrical,24.0
2017-18,CitizensNonPlan,CitizensNonPlan1718,,,औंध क्षेत्रीय कार्यालय एकूण बेरीज,RE22C302,Buildings,54.0
2017-18,CitizensNonPlan,CitizensNonPlan1718,,,औंध क्षेत्रीय कार्यालय एकूण बेरीज,RE14B302,Slum,30.0
2017-18,CitizensNonPlan,CitizensNonPlan1718,,,औंध क्षेत्रीय कार्यालय एकूण बेरीज,XE12B302,WaterSupply,18.0
2017-18,CitizensNonPlan,CitizensNonPlan1718,,,औंध क्षेत्रीय कार्यालय एकूण बेरीज,XE23A302,Sewerage_foul,46.0
2017-18,CitizensNonPlan,CitizensNonPlan1718,,,कोथरूड क्षेत्रीय कार्यालय एकूण बेरीज,RE20A302,Roads,38.0
2017-18,CitizensNonPlan,CitizensNonPlan1718,,,कोथरूड क्षेत्रीय कार्यालय एकूण बेरीज,RE20C302,Electrical,16.0
2017-18,CitizensNonPlan,CitizensNonPlan1718,,,कोथरूड क्षेत्रीय कार्यालय एकूण बेरीज,RE22C302,Buildings,29.0
2017-18,CitizensNonPlan,CitizensNonPlan1718,,,कोथरूड क्षेत्रीय कार्यालय एकूण बेरीज,RE14B302,Slum,8.0
2017-18,CitizensNonPlan,CitizensNonPlan1718,,,कोथरूड क्षेत्रीय कार्यालय एकूण बेरीज,XE12B302,WaterSupply,0.0
2017-18,CitizensNonPlan,CitizensNonPlan1718,,,कोथरूड क्षेत्रीय कार्यालय एकूण बेरीज,XE23A302,Sewerage_foul,45.0
2017-18,CitizensNonPlan,CitizensNonPlan1718,,,घोले रोड क्षेत्रीय कार्यालय एकूण बेरीज,RE20A302,Roads,82.0
2017-18,CitizensNonPlan,CitizensNonPlan1718,,,घोले रोड क्षेत्रीय कार्यालय एकूण बेरीज,RE20C302,Electrical,37.0
2017-18,CitizensNonPlan,CitizensNonPlan1718,,,घोले रोड क्षेत्रीय कार्यालय एकूण बेरीज,RE22C302,Buildings,31.0
2017-18,CitizensNonPlan,CitizensNonPlan1718,,,घोले रोड क्षेत्रीय कार्यालय एकूण बेरीज,RE14B302,Slum,42.0
2017-18,CitizensNonPlan,CitizensNonPlan1718,,,घोले रोड क्षेत्रीय कार्यालय एकूण बेरीज,XE12B302,WaterSupply,0.0
2017-18,CitizensNonPlan,CitizensNonPlan1718,,,घोले रोड क्षेत्रीय कार्यालय एकूण बेरीज,XE23A302,Sewerage_foul,108.0
2017-18,CitizensNonPlan,CitizensNonPlan1718,,,वारजे कर्वेनगर क्षेत्रीय कार्यालय एकूण बेरीज,RE20A302,Roads,54.0
2017-18,CitizensNonPlan,CitizensNonPlan1718,,,वारजे कर्वेनगर क्षेत्रीय कार्यालय एकूण बेरीज,RE20C302,Electrical,14.0
2017-18,CitizensNonPlan,CitizensNonPlan1718,,,वारजे कर्वेनगर क्षेत्रीय कार्यालय एकूण बेरीज,RE22C302,Buildings,5.0
2017-18,CitizensNonPlan,CitizensNonPlan1718,,,वारजे कर्वेनगर क्षेत्रीय कार्यालय एकूण बेरीज,RE14B302,Slum,5.0
2017-18,CitizensNonPlan,CitizensNonPlan1718,,,वारजे कर्वेनगर क्षेत्रीय कार्यालय एकूण बेरीज,XE12B302,WaterSupply,0.0
2017-18,CitizensNonPlan,CitizensNonPlan1718,,,वारजे कर्वेनगर क्षेत्रीय कार्यालय एकूण बेरीज,XE23A302,Sewerage_foul,10.0
2017-18,CitizensNonPlan,CitizensNonPlan1718,,,ढोलेपाटील रोड क्षेत्रीय कार्यालय एकूण बेरीज,RE20A302,Roads,70.5
2017-18,CitizensNonPlan,CitizensNonPlan1718,,,ढोलेपाटील रोड क्षेत्रीय कार्यालय एकूण बेरीज,RE20C302,Electrical,25.0
2017-18,CitizensNonPlan,CitizensNonPlan1718,,,ढोलेपाटील रोड क्षेत्रीय कार्यालय एकूण बेरीज,RE22C302,Buildings,43.25
2017-18,CitizensNonPlan,CitizensNonPlan1718,,,ढोलेपाटील रोड क्षेत्रीय कार्यालय एकूण बेरीज,RE14B302,Slum,55.25
2017-18,CitizensNonPlan,CitizensNonPlan1718,,,ढोलेपाटील रोड क्षेत्रीय कार्यालय एकूण बेरीज,XE12B302,WaterSupply,9.0
2017-18,CitizensNonPlan,CitizensNonPlan1718,,,ढोलेपाटील रोड क्षेत्रीय कार्यालय एकूण बेरीज,XE23A302,Sewerage_foul,47.0
2017-18,CitizensNonPlan,CitizensNonPlan1718,,,नगररोड क्षेत्रीय कार्यालय एकूण बेरीज,RE20A302,Roads,105.0
2017-18,CitizensNonPlan,CitizensNonPlan1718,,,नगररोड क्षेत्रीय कार्यालय एकूण बेरीज,RE20C302,Electrical,25.0
2017-18,CitizensNonPlan,CitizensNonPlan1718,,,नगररोड क्षेत्रीय कार्यालय एकूण बेरीज,RE22C302,Buildings,55.0
2017-18,CitizensNonPlan,CitizensNonPlan1718,,,नगररोड क्षेत्रीय कार्यालय एकूण बेरीज,RE14B302,Slum,10.0
2017-18,CitizensNonPlan,CitizensNonPlan1718,,,नगररोड क्षेत्रीय कार्यालय एकूण बेरीज,XE12B302,WaterSupply,20.0
2017-18,CitizensNonPlan,CitizensNonPlan1718,,,नगररोड क्षेत्रीय कार्यालय एकूण बेरीज,XE23A302,Sewerage_foul,85.0
2017-18,CitizensNonPlan,CitizensNonPlan1718,,,संगमवाडी क्षेत्रीय कार्यालय एकूण बेरीज,RE20A302,Roads,50.0
2017-18,CitizensNonPlan,CitizensNonPlan1718,,,संगमवाडी क्षेत्रीय कार्यालय एकूण बेरीज,RE20C302,Electrical,7.0
2017-18,CitizensNonPlan,CitizensNonPlan1718,,,संगमवाडी क्षेत्रीय कार्यालय एकूण बेरीज,RE22C302,Buildings,10.0
2017-18,CitizensNonPlan,CitizensNonPlan1718,,,संगमवाडी क्षेत्रीय कार्यालय एकूण बेरीज,RE14B302,Slum,15.0
2017-18,CitizensNonPlan,CitizensNonPlan1718,,,संगमवाडी क्षेत्रीय कार्यालय एकूण बेरीज,XE12B302,WaterSupply,0.0
2017-18,CitizensNonPlan,CitizensNonPlan1718,,,संगमवाडी क्षेत्रीय कार्यालय एकूण बेरीज,XE23A302,Sewerage_foul,40.0
2017-18,CitizensNonPlan,CitizensNonPlan1718,,,भवानी पेठ क्षेत्रीय कार्यालय एकूण बेरीज,RE20A302,Roads,57.0
2017-18,CitizensNonPlan,CitizensNonPlan1718,,,भवानी पेठ क्षेत्रीय कार्यालय एकूण बेरीज,RE20C302,Electrical,35.0
2017-18,CitizensNonPlan,CitizensNonPlan1718,,,भवानी पेठ क्षेत्रीय कार्यालय एकूण बेरीज,RE22C302,Buildings,24.0
2017-18,CitizensNonPlan,CitizensNonPlan1718,,,भवानी पेठ क्षेत्रीय कार्यालय एकूण बेरीज,RE14B302,Slum,76.0
2017-18,CitizensNonPlan,CitizensNonPlan1718,,,भवानी पेठ क्षेत्रीय कार्यालय एकूण बेरीज,XE12B302,WaterSupply,15.0
2017-18,CitizensNonPlan,CitizensNonPlan1718,,,भवानी पेठ क्षेत्रीय कार्यालय एकूण बेरीज,XE23A302,Sewerage_foul,93.0
2017-18,CitizensNonPlan,CitizensNonPlan1718,,,कसबा विश्रामबाग वाडा क्षेत्रीय कार्यालय एकूण बेरीज,RE20A302,Roads,127.0
2017-18,CitizensNonPlan,CitizensNonPlan1718,,,कसबा विश्रामबाग वाडा क्षेत्रीय कार्यालय एकूण बेरीज,RE20C302,Electrical,29.0
2017-18,CitizensNonPlan,CitizensNonPlan1718,,,कसबा विश्रामबाग वाडा क्षेत्रीय कार्यालय एकूण बेरीज,RE22C302,Buildings,54.0
2017-18,CitizensNonPlan,CitizensNonPlan1718,,,कसबा विश्रामबाग वाडा क्षेत्रीय कार्यालय एकूण बेरीज,RE14B302,Slum,8.0
2017-18,CitizensNonPlan,CitizensNonPlan1718,,,कसबा विश्रामबाग वाडा क्षेत्रीय कार्यालय एकूण बेरीज,XE12B302,WaterSupply,15.0
2017-18,CitizensNonPlan,CitizensNonPlan1718,,,कसबा विश्रामबाग वाडा क्षेत्रीय कार्यालय एकूण बेरीज,XE23A302,Sewerage_foul,67.0
2017-18,CitizensNonPlan,CitizensNonPlan1718,,,टिळक रोड क्षेत्रीय कार्यालय एकूण बेरीज,RE20A302,Roads,96.0
2017-18,CitizensNonPlan,CitizensNonPlan1718,,,टिळक रोड क्षेत्रीय कार्यालय एकूण बेरीज,RE20C302,Electrical,49.0
2017-18,CitizensNonPlan,CitizensNonPlan1718,,,टिळक रोड क्षेत्रीय कार्यालय एकूण बेरीज,RE22C302,Buildings,22.0
2017-18,CitizensNonPlan,CitizensNonPlan1718,,,टिळक रोड क्षेत्रीय कार्यालय एकूण बेरीज,RE14B302,Slum,41.0
2017-18,CitizensNonPlan,CitizensNonPlan1718,,,टिळक रोड क्षेत्रीय कार्यालय एकूण बेरीज,XE12B302,WaterSupply,12.0
2017-18,CitizensNonPlan,CitizensNonPlan1718,,,टिळक रोड क्षेत्रीय कार्यालय एकूण बेरीज,XE23A302,Sewerage_foul,30.0
2017-18,CitizensNonPlan,CitizensNonPlan1718,,,सहकारनगर क्षेत्रीय कार्यालय एकूण बेरीज,RE20A302,Roads,91.5
2017-18,CitizensNonPlan,CitizensNonPlan1718,,,सहकारनगर क्षेत्रीय कार्यालय एकूण बेरीज,RE20C302,Electrical,0.0
2017-18,CitizensNonPlan,CitizensNonPlan1718,,,सहकारनगर क्षेत्रीय कार्यालय एकूण बेरीज,RE22C302,Buildings,5.0
2017-18,CitizensNonPlan,CitizensNonPlan1718,,,सहकारनगर क्षेत्रीय कार्यालय एकूण बेरीज,RE14B302,Slum,11.5
2017-18,CitizensNonPlan,CitizensNonPlan1718,,,सहकारनगर क्षेत्रीय कार्यालय एकूण बेरीज,XE12B302,WaterSupply,0.0
2017-18,CitizensNonPlan,CitizensNonPlan1718,,,सहकारनगर क्षेत्रीय कार्यालय एकूण बेरीज,XE23A302,Sewerage_foul,66.0
2017-18,CitizensNonPlan,CitizensNonPlan1718,,,हडपसर क्षेत्रीय कार्यालय एकूण बेरीज,RE20A302,Roads,20.0
2017-18,CitizensNonPlan,CitizensNonPlan1718,,,हडपसर क्षेत्रीय कार्यालय एकूण बेरीज,RE20C302,Electrical,25.0
2017-18,CitizensNonPlan,CitizensNonPlan1718,,,हडपसर क्षेत्रीय कार्यालय एकूण बेरीज,RE22C302,Buildings,10.0
2017-18,CitizensNonPlan,CitizensNonPlan1718,,,हडपसर क्षेत्रीय कार्यालय एकूण बेरीज,RE14B302,Slum,20.0
2017-18,CitizensNonPlan,CitizensNonPlan1718,,,हडपसर क्षेत्रीय कार्यालय एकूण बेरीज,XE12B302,WaterSupply,0.0
2017-18,CitizensNonPlan,CitizensNonPlan1718,,,हडपसर क्षेत्रीय कार्यालय एकूण बेरीज,XE23A302,Sewerage_foul,10.0
2017-18,CitizensNonPlan,CitizensNonPlan1718,,,बिबवेवाडी क्षेत्रीय कार्यालय एकूण बेरीज,RE20A302,Roads,0.0
2017-18,CitizensNonPlan,CitizensNonPlan1718,,,बिबवेवाडी क्षेत्रीय कार्यालय एकूण बेरीज,RE20C302,Electrical,0.0
2017-18,CitizensNonPlan,CitizensNonPlan1718,,,बिबवेवाडी क्षेत्रीय कार्यालय एकूण बेरीज,RE22C302,Buildings,0.0
2017-18,CitizensNonPlan,CitizensNonPlan1718,,,बिबवेवाडी क्षेत्रीय कार्यालय एकूण बेरीज,RE14B302,Slum,0.0
2017-18,CitizensNonPlan,CitizensNonPlan1718,,,बिबवेवाडी क्षेत्रीय कार्यालय एकूण बेरीज,XE12B302,WaterSupply,0.0
2017-18,CitizensNonPlan,CitizensNonPlan1718,,,बिबवेवाडी क्षेत्रीय कार्यालय एकूण बेरीज,XE23A302,Sewerage_foul,0.0
2017-18,CitizensNonPlan,CitizensNonPlan1718,,,धनकवडी क्षेत्रीय कार्यालय एकूण बेरीज,RE20A302,Roads,105.0
2017-18,CitizensNonPlan,CitizensNonPlan1718,,,धनकवडी क्षेत्रीय कार्यालय एकूण बेरीज,RE20C302,Electrical,39.0
2017-18,CitizensNonPlan,CitizensNonPlan1718,,,धनकवडी क्षेत्रीय कार्यालय एकूण बेरीज,RE22C302,Buildings,8.0
2017-18,CitizensNonPlan,CitizensNonPlan1718,,,धनकवडी क्षेत्रीय कार्यालय एकूण बेरीज,RE14B302,Slum,6.0
2017-18,CitizensNonPlan,CitizensNonPlan1718,,,धनकवडी क्षेत्रीय कार्यालय एकूण बेरीज,XE12B302,WaterSupply,5.0
2017-18,CitizensNonPlan,CitizensNonPlan1718,,,धनकवडी क्षेत्रीय कार्यालय एकूण बेरीज,XE23A302,Sewerage_foul,27.0
2017-18,CitizensNonPlan,CitizensNonPlan1718,,,कोंढवा वानवडी क्षेत्रीय कार्यालय एकूण बेरीज,RE20A302,Roads,124.0
2017-18,CitizensNonPlan,CitizensNonPlan1718,,,कोंढवा वानवडी क्षेत्रीय कार्यालय एकूण बेरीज,RE20C302,Electrical,30.0
2017-18,CitizensNonPlan,CitizensNonPlan1718,,,कोंढवा वानवडी क्षेत्रीय कार्यालय एकूण बेरीज,RE22C302,Buildings,14.0
2017-18,CitizensNonPlan,CitizensNonPlan1718,,,कोंढवा वानवडी क्षेत्रीय कार्यालय एकूण बेरीज,RE14B302,Slum,11.0
2017-18,CitizensNonPlan,CitizensNonPlan1718,,,कोंढवा वानवडी क्षेत्रीय कार्यालय एकूण बेरीज,XE12B302,WaterSupply,8.0
2017-18,CitizensNonPlan,CitizensNonPlan1718,,,कोंढवा वानवडी क्षेत्रीय कार्यालय एकूण बेरीज,XE23A302,Sewerage_foul,51.0
2018-19,WardOfficePlan,WardOfficePlan1819,1.0,"3, 4, 5",नगररोड - वडगावशेरी क्षेत्रीय कार्यालय एकूण बेरीज,CE20A176,Roads,0.0
2018-19,WardOfficePlan,WardOfficePlan1819,1.0,"3, 4, 5",नगररोड - वडगावशेरी क्षेत्रीय कार्यालय एकूण बेरीज,CE20C118,Electrical,0.0
2018-19,WardOfficePlan,WardOfficePlan1819,1.0,"3, 4, 5",नगररोड - वडगावशेरी क्षेत्रीय कार्यालय एकूण बेरीज,CE22A114,Buildings,0.0
2018-19,WardOfficePlan,WardOfficePlan1819,1.0,"3, 4, 5",नगररोड - वडगावशेरी क्षेत्रीय कार्यालय एकूण बेरीज,FE14A118,Slum,0.0
2018-19,WardOfficePlan,WardOfficePlan1819,1.0,"3, 4, 5",नगररोड - वडगावशेरी क्षेत्रीय कार्यालय एकूण बेरीज,ZE16A115,WaterSupply,0.0
2018-19,WardOfficePlan,WardOfficePlan1819,1.0,"3, 4, 5",नगररोड - वडगावशेरी क्षेत्रीय कार्यालय एकूण बेरीज,ZE16B113,Sewerage_foul,0.0
2018-19,WardOfficePlan,WardOfficePlan1819,2.0,"1, 2, 6",येरवडा - कळस - धानोरी क्षेत्रीय कार्यालय एकूण बेरीज,CE20A176,Roads,0.0
2018-19,WardOfficePlan,WardOfficePlan1819,2.0,"1, 2, 6",येरवडा - कळस - धानोरी क्षेत्रीय कार्यालय एकूण बेरीज,CE20C118,Electrical,0.0
2018-19,WardOfficePlan,WardOfficePlan1819,2.0,"1, 2, 6",येरवडा - कळस - धानोरी क्षेत्रीय कार्यालय एकूण बेरीज,CE22A114,Buildings,0.0
2018-19,WardOfficePlan,WardOfficePlan1819,2.0,"1, 2, 6",येरवडा - कळस - धानोरी क्षेत्रीय कार्यालय एकूण बेरीज,FE14A118,Slum,0.0
2018-19,WardOfficePlan,WardOfficePlan1819,2.0,"1, 2, 6",येरवडा - कळस - धानोरी क्षेत्रीय कार्यालय एकूण बेरीज,ZE16A115,WaterSupply,0.0
2018-19,WardOfficePlan,WardOfficePlan1819,2.0,"1, 2, 6",येरवडा - कळस - धानोरी क्षेत्रीय कार्यालय एकूण बेरीज,ZE16B113,Sewerage_foul,0.0
2018-19,WardOfficePlan,WardOfficePlan1819,3.0,"20, 21",ढोलेपाटील क्षेत्रीय कार्यालय एकूण बेरीज,CE20A176,Roads,0.0
2018-19,WardOfficePlan,WardOfficePlan1819,3.0,"20, 21",ढोलेपाटील क्षेत्रीय कार्यालय एकूण बेरीज,CE20C118,Electrical,0.0
2018-19,WardOfficePlan,WardOfficePlan1819,3.0,"20, 21",ढोलेपाटील क्षेत्रीय कार्यालय एकूण बेरीज,CE22A114,Buildings,0.0
2018-19,WardOfficePlan,WardOfficePlan1819,3.0,"20, 21",ढोलेपाटील क्षेत्रीय कार्यालय एकूण बेरीज,FE14A118,Slum,0.0
2018-19,WardOfficePlan,WardOfficePlan1819,3.0,"20, 21",ढोलेपाटील क्षेत्रीय कार्यालय एकूण बेरीज,ZE16A115,WaterSupply,0.0
2018-19,WardOfficePlan,WardOfficePlan1819,3.0,"20, 21",ढोलेपाटील क्षेत्रीय कार्यालय एकूण बेरीज,ZE16B113,Sewerage_foul,0.0
2018-19,WardOfficePlan,WardOfficePlan1819,4.0,"8, 9",औंध - बाणेर क्षेत्रीय कार्यालय एकूण बेरीज,CE20A176,Roads,0.0
2018-19,WardOfficePlan,WardOfficePlan1819,4.0,"8, 9",औंध - बाणेर क्षेत्रीय कार्यालय एकूण बेरीज,CE20C118,Electrical,0.0
2018-19,WardOfficePlan,WardOfficePlan1819,4.0,"8, 9",औंध - बाणेर क्षेत्रीय कार्यालय एकूण बेरीज,CE22A114,Buildings,0.0
2018-19,WardOfficePlan,WardOfficePlan1819,4.0,"8, 9",औंध - बाणेर क्षेत्रीय कार्यालय एकूण बेरीज,FE14A118,Slum,0.0
2018-19,WardOfficePlan,WardOfficePlan1819,4.0,"8, 9",औंध - बाणेर क्षेत्रीय कार्यालय एकूण बेरीज,ZE16A115,WaterSupply,0.0
2018-19,WardOfficePlan,WardOfficePlan1819,4.0,"8, 9",औंध - बाणेर क्षेत्रीय कार्यालय एकूण बेरीज,ZE16B113,Sewerage_foul,0.0
2018-19,WardOfficePlan,WardOfficePlan1819,5.0,"7, 14",शिवाजीनगर - घोले रोड क्षेत्रीय कार्यालय एकूण बेरीज,CE20A176,Roads,0.0
2018-19,WardOfficePlan,WardOfficePlan1819,5.0,"7, 14",शिवाजीनगर - घोले रोड क्षेत्रीय कार्यालय एकूण बेरीज,CE20C118,Electrical,0.0
2018-19,WardOfficePlan,WardOfficePlan1819,5.0,"7, 14",शिवाजीनगर - घोले रोड क्षेत्रीय कार्यालय एकूण बेरीज,CE22A114,Buildings,0.0
2018-19,WardOfficePlan,WardOfficePlan1819,5.0,"7, 14",शिवाजीनगर - घोले रोड क्षेत्रीय कार्यालय एकूण बेरीज,FE14A118,Slum,0.0
2018-19,WardOfficePlan,WardOfficePlan1819,5.0,"7, 14",शिवाजीनगर - घोले रोड क्षेत्रीय कार्यालय एकूण बेरीज,ZE16A115,WaterSupply,0.0
2018-19,WardOfficePlan,WardOfficePlan1819,5.0,"7, 14",शिवाजीनगर - घोले रोड क्षेत्रीय कार्यालय एकूण बेरीज,ZE16B113,Sewerage_foul,0.0
2018-19,WardOfficePlan,WardOfficePlan1819,6.0,"10, 11, 12",कोथरूड - बावधन क्षेत्रीय कार्यालय एकूण बेरीज,CE20A176,Roads,121.25
2018-19,WardOfficePlan,WardOfficePlan1819,6.0,"10, 11, 12",कोथरूड - बावधन क्षेत्रीय कार्यालय एकूण बेरीज,CE20C118,Electrical,20.0
2018-19,WardOfficePlan,WardOfficePlan1819,6.0,"10, 11, 12",कोथरूड - बावधन क्षेत्रीय कार्यालय एकूण बेरीज,CE22A114,Buildings,20.0
2018-19,WardOfficePlan,WardOfficePlan1819,6.0,"10, 11, 12",कोथरूड - बावधन क्षेत्रीय कार्यालय एकूण बेरीज,FE14A118,Slum,25.0
2018-19,WardOfficePlan,WardOfficePlan1819,6.0,"10, 11, 12",कोथरूड - बावधन क्षेत्रीय कार्यालय एकूण बेरीज,ZE16A115,WaterSupply,0.0
2018-19,WardOfficePlan,WardOfficePlan1819,6.0,"10, 11, 12",कोथरूड - बावधन क्षेत्रीय कार्यालय एकूण बेरीज,ZE16B113,Sewerage_foul,63.0
2018-19,WardOfficePlan,WardOfficePlan1819,7.0,"35, 39, 40",धनकवडी - सहकारनगर क्षेत्रीय कार्यालय एकूण बेरीज,CE20A176,Roads,40.0
2018-19,WardOfficePlan,WardOfficePlan1819,7.0,"35, 39, 40",धनकवडी - सहकारनगर क्षेत्रीय कार्यालय एकूण बेरीज,CE20C118,Electrical,23.0
2018-19,WardOfficePlan,WardOfficePlan1819,7.0,"35, 39, 40",धनकवडी - सहकारनगर क्षेत्रीय कार्यालय एकूण बेरीज,CE22A114,Buildings,7.5
2018-19,WardOfficePlan,WardOfficePlan1819,7.0,"35, 39, 40",धनकवडी - सहकारनगर क्षेत्रीय कार्यालय एकूण बेरीज,FE14A118,Slum,7.0
2018-19,WardOfficePlan,WardOfficePlan1819,7.0,"35, 39, 40",धनकवडी - सहकारनगर क्षेत्रीय कार्यालय एकूण बेरीज,ZE16A115,WaterSupply,0.0
2018-19,WardOfficePlan,WardOfficePlan1819,7.0,"35, 39, 40",धनकवडी - सहकारनगर क्षेत्रीय कार्यालय एकूण बेरीज,ZE16B113,Sewerage_foul,20.0
2018-19,WardOfficePlan,WardOfficePlan1819,8.0,"30, 33, 34",सिंहगड रोड क्षेत्रीय कार्यालय एकूण बेरीज,CE20A176,Roads,0.0
2018-19,WardOfficePlan,WardOfficePlan1819,8.0,"30, 33, 34",सिंहगड रोड क्षेत्रीय कार्यालय एकूण बेरीज,CE20C118,Electrical,0.0
2018-19,WardOfficePlan,WardOfficePlan1819,8.0,"30, 33, 34",सिंहगड रोड क्षेत्रीय कार्यालय एकूण बेरीज,CE22A114,Buildings,0.0
2018-19,WardOfficePlan,WardOfficePlan1819,8.0,"30, 33, 34",सिंहगड रोड क्षेत्रीय कार्यालय एकूण बेरीज,FE14A118,Slum,0.0
2018-19,WardOfficePlan,WardOfficePlan1819,8.0,"30, 33, 34",सिंहगड रोड क्षेत्रीय कार्यालय एकूण बेरीज,ZE16A115,WaterSupply,0.0
2018-19,WardOfficePlan,WardOfficePlan1819,8.0,"30, 33, 34",सिंहगड रोड क्षेत्रीय कार्यालय एकूण बेरीज,ZE16B113,Sewerage_foul,0.0
2018-19,WardOfficePlan,WardOfficePlan1819,9.0,"13, 31, 32",वारजे - कर्वेनगर क्षेत्रीय कार्यालय एकूण बेरीज,CE20A176,Roads,100.0
2018-19,WardOfficePlan,WardOfficePlan1819,9.0,"13, 31, 32",वारजे - कर्वेनगर क्षेत्रीय कार्यालय एकूण बेरीज,CE20C118,Electrical,5.0
2018-19,WardOfficePlan,WardOfficePlan1819,9.0,"13, 31, 32",वारजे - कर्वेनगर क्षेत्रीय कार्यालय एकूण बेरीज,CE22A114,Buildings,15.0
2018-19,WardOfficePlan,WardOfficePlan1819,9.0,"13, 31, 32",वारजे - कर्वेनगर क्षेत्रीय कार्यालय एकूण बेरीज,FE14A118,Slum,15.0
2018-19,WardOfficePlan,WardOfficePlan1819,9.0,"13, 31, 32",वारजे - कर्वेनगर क्षेत्रीय कार्यालय एकूण बेरीज,ZE16A115,WaterSupply,0.0
2018-19,WardOfficePlan,WardOfficePlan1819,9.0,"13, 31, 32",वारजे - कर्वेनगर क्षेत्रीय कार्यालय एकूण बेरीज,ZE16B113,Sewerage_foul,35.0
2018-19,WardOfficePlan,WardOfficePlan1819,10.0,"22, 23, 26",हडपसर - मुंढवा क्षेत्रीय कार्यालय एकूण बेरीज,CE20A176,Roads,20.0
2018-19,WardOfficePlan,WardOfficePlan1819,10.0,"22, 23, 26",हडपसर - मुंढवा क्षेत्रीय कार्यालय एकूण बेरीज,CE20C118,Electrical,17.5
2018-19,WardOfficePlan,WardOfficePlan1819,10.0,"22, 23, 26",हडपसर - मुंढवा क्षेत्रीय कार्यालय एकूण बेरीज,CE22A114,Buildings,0.0
2018-19,WardOfficePlan,WardOfficePlan1819,10.0,"22, 23, 26",हडपसर - मुंढवा क्षेत्रीय कार्यालय एकूण बेरीज,FE14A118,Slum,0.0
2018-19,WardOfficePlan,WardOfficePlan1819,10.0,"22, 23, 26",हडपसर - मुंढवा क्षेत्रीय कार्यालय एकूण बेरीज,ZE16A115,WaterSupply,0.0
2018-19,WardOfficePlan,WardOfficePlan1819,10.0,"22, 23, 26",हडपसर - मुंढवा क्षेत्रीय कार्यालय एकूण बेरीज,ZE16B113,Sewerage_foul,30.0
2018-19,WardOfficePlan,WardOfficePlan1819,11.0,"24, 25, 27",वानवडी - रामटेकडी क्षेत्रीय कार्यालय एकूण बेरीज,CE20A176,Roads,30.25
2018-19,WardOfficePlan,WardOfficePlan1819,11.0,"24, 25, 27",वानवडी - रामटेकडी क्षेत्रीय कार्यालय एकूण बेरीज,CE20C118,Electrical,0.0
2018-19,WardOfficePlan,WardOfficePlan1819,11.0,"24, 25, 27",वानवडी - रामटेकडी क्षेत्रीय कार्यालय एकूण बेरीज,CE22A114,Buildings,0.0
2018-19,WardOfficePlan,WardOfficePlan1819,11.0,"24, 25, 27",वानवडी - रामटेकडी क्षेत्रीय कार्यालय एकूण बेरीज,FE14A118,Slum,0.0
2018-19,WardOfficePlan,WardOfficePlan1819,11.0,"24, 25, 27",वानवडी - रामटेकडी क्षेत्रीय कार्यालय एकूण बेरीज,ZE16A115,WaterSupply,0.0
2018-19,WardOfficePlan,WardOfficePlan1819,11.0,"24, 25, 27",वानवडी - रामटेकडी क्षेत्रीय कार्यालय एकूण बेरीज,ZE16B113,Sewerage_foul,14.0
2018-19,WardOfficePlan,WardOfficePlan1819,12.0,"38, 41",कोंढवा - येवलेवाडी क्षेत्रीय कार्यालय एकूण बेरीज,CE20A176,Roads,0.0
2018-19,WardOfficePlan,WardOfficePlan1819,12.0,"38, 41",कोंढवा - येवलेवाडी क्षेत्रीय कार्यालय एकूण बेरीज,CE20C118,Electrical,0.0
2018-19,WardOfficePlan,WardOfficePlan1819,12.0,"38, 41",कोंढवा - येवलेवाडी क्षेत्रीय कार्यालय एकूण बेरीज,CE22A114,Buildings,0.0
2018-19,WardOfficePlan,WardOfficePlan1819,12.0,"38, 41",कोंढवा - येवलेवाडी क्षेत्रीय कार्यालय एकूण बेरीज,FE14A118,Slum,0.0
2018-19,WardOfficePlan,WardOfficePlan1819,12.0,"38, 41",कोंढवा - येवलेवाडी क्षेत्रीय कार्यालय एकूण बेरीज,ZE16A115,WaterSupply,0.0
2018-19,WardOfficePlan,WardOfficePlan1819,12.0,"38, 41",कोंढवा - येवलेवाडी क्षेत्रीय कार्यालय एकूण बेरीज,ZE16B113,Sewerage_foul,0.0
2018-19,WardOfficePlan,WardOfficePlan1819,13.0,"15, 16, 29",कसबा - विश्रामबागवाडा क्षेत्रीय कार्यालय एकूण बेरीज,CE20A176,Roads,0.0
2018-19,WardOfficePlan,WardOfficePlan1819,13.0,"15, 16, 29",कसबा - विश्रामबागवाडा क्षेत्रीय कार्यालय एकूण बेरीज,CE20C118,Electrical,0.0
2018-19,WardOfficePlan,WardOfficePlan1819,13.0,"15, 16, 29",कसबा - विश्रामबागवाडा क्षेत्रीय कार्यालय एकूण बेरीज,CE22A114,Buildings,0.0
2018-19,WardOfficePlan,WardOfficePlan1819,13.0,"15, 16, 29",कसबा - विश्रामबागवाडा क्षेत्रीय कार्यालय एकूण बेरीज,FE14A118,Slum,0.0
2018-19,WardOfficePlan,WardOfficePlan1819,13.0,"15, 16, 29",कसबा - विश्रामबागवाडा क्षेत्रीय कार्यालय एकूण बेरीज,ZE16A115,WaterSupply,0.0
2018-19,WardOfficePlan,WardOfficePlan1819,13.0,"15, 16, 29",कसबा - विश्रामबागवाडा क्षेत्रीय कार्यालय एकूण बेरीज,ZE16B113,Sewerage_foul,0.0
2018-19,WardOfficePlan,WardOfficePlan1819,14.0,"17, 18, 19",भवानी पेठ क्षेत्रीय कार्यालय एकूण बेरीज,CE20A176,Roads,0.0
2018-19,WardOfficePlan,WardOfficePlan1819,14.0,"17, 18, 19",भवानी पेठ क्षेत्रीय कार्यालय एकूण बेरीज,CE20C118,Electrical,0.0
2018-19,WardOfficePlan,WardOfficePlan1819,14.0,"17, 18, 19",भवानी पेठ क्षेत्रीय कार्यालय एकूण बेरीज,CE22A114,Buildings,0.0
2018-19,WardOfficePlan,WardOfficePlan1819,14.0,"17, 18, 19",भवानी पेठ क्षेत्रीय कार्यालय एकूण बेरीज,FE14A118,Slum,0.0
2018-19,WardOfficePlan,WardOfficePlan1819,14.0,"17, 18, 19",भवानी पेठ क्षेत्रीय कार्यालय एकूण बेरीज,ZE16A115,WaterSupply,0.0
2018-19,WardOfficePlan,WardOfficePlan1819,14.0,"17, 18, 19",भवानी पेठ क्षेत्रीय कार्यालय एकूण बेरीज,ZE16B113,Sewerage_foul,0.0
2018-19,WardOfficePlan,WardOfficePlan1819,15.0,"28, 36, 37",बिबवेवाडी क्षेत्रीय कार्यालय एकूण बेरीज,CE20A176,Roads,158.5
2018-19,WardOfficePlan,WardOfficePlan1819,15.0,"28, 36, 37",बिबवेवाडी क्षेत्रीय कार्यालय एकूण बेरीज,CE20C118,Electrical,17.5
2018-19,WardOfficePlan,WardOfficePlan1819,15.0,"28, 36, 37",बिबवेवाडी क्षेत्रीय कार्यालय एकूण बेरीज,CE22A114,Buildings,18.5
2018-19,WardOfficePlan,WardOfficePlan1819,15.0,"28, 36, 37",बिबवेवाडी क्षेत्रीय कार्यालय एकूण बेरीज,FE14A118,Slum,15.0
2018-19,WardOfficePlan,WardOfficePlan1819,15.0,"28, 36, 37",बिबवेवाडी क्षेत्रीय कार्यालय एकूण बेरीज,ZE16A115,WaterSupply,0.0
2018-19,WardOfficePlan,WardOfficePlan1819,15.0,"28, 36, 37",बिबवेवाडी क्षेत्रीय कार्यालय एकूण बेरीज,ZE16B113,Sewerage_foul,23.0
2018-19,WardOfficeNonPlan,WardOfficeNonPlan1819,1.0,"3, 4, 5",नगररोड - वडगावशेरी क्षेत्रीय कार्यालय एकूण बेरीज,RE20A301,Roads,190.0
2018-19,WardOfficeNonPlan,WardOfficeNonPlan1819,1.0,"3, 4, 5",नगररोड - वडगावशेरी क्षेत्रीय कार्यालय एकूण बेरीज,RE20C301,Electrical,40.0
2018-19,WardOfficeNonPlan,WardOfficeNonPlan1819,1.0,"3, 4, 5",नगररोड - वडगावशेरी क्षेत्रीय कार्यालय एकूण बेरीज,RE22C301,Buildings,37.5
2018-19,WardOfficeNonPlan,WardOfficeNonPlan1819,1.0,"3, 4, 5",नगररोड - वडगावशेरी क्षेत्रीय कार्यालय एकूण बेरीज,RE14B301,Slum,22.5
2018-19,WardOfficeNonPlan,WardOfficeNonPlan1819,1.0,"3, 4, 5",नगररोड - वडगावशेरी क्षेत्रीय कार्यालय एकूण बेरीज,XE12B301,WaterSupply,0.0
2018-19,WardOfficeNonPlan,WardOfficeNonPlan1819,1.0,"3, 4, 5",नगररोड - वडगावशेरी क्षेत्रीय कार्यालय एकूण बेरीज,XE23A301,Sewerage_foul,160.0
2018-19,WardOfficeNonPlan,WardOfficeNonPlan1819,2.0,"1, 2, 6",येरवडा - कळस - धानोरी क्षेत्रीय कार्यालय एकूण बेरीज,RE20A301,Roads,112.0
2018-19,WardOfficeNonPlan,WardOfficeNonPlan1819,2.0,"1, 2, 6",येरवडा - कळस - धानोरी क्षेत्रीय कार्यालय एकूण बेरीज,RE20C301,Electrical,85.0
2018-19,WardOfficeNonPlan,WardOfficeNonPlan1819,2.0,"1, 2, 6",येरवडा - कळस - धानोरी क्षेत्रीय कार्यालय एकूण बेरीज,RE22C301,Buildings,123.0
2018-19,WardOfficeNonPlan,WardOfficeNonPlan1819,2.0,"1, 2, 6",येरवडा - कळस - धानोरी क्षेत्रीय कार्यालय एकूण बेरीज,RE14B301,Slum,30.0
2018-19,WardOfficeNonPlan,WardOfficeNonPlan1819,2.0,"1, 2, 6",येरवडा - कळस - धानोरी क्षेत्रीय कार्यालय एकूण बेरीज,XE12B301,WaterSupply,10.0
2018-19,WardOfficeNonPlan,WardOfficeNonPlan1819,2.0,"1, 2, 6",येरवडा - कळस - धानोरी क्षेत्रीय कार्यालय एकूण बेरीज,XE23A301,Sewerage_foul,90.0
2018-19,WardOfficeNonPlan,WardOfficeNonPlan1819,3.0,"20, 21",ढोलेपाटील क्षेत्रीय कार्यालय एकूण बेरीज,RE20A301,Roads,85.0
2018-19,WardOfficeNonPlan,WardOfficeNonPlan1819,3.0,"20, 21",ढोलेपाटील क्षेत्रीय कार्यालय एकूण बेरीज,RE20C301,Electrical,52.5
2018-19,WardOfficeNonPlan,WardOfficeNonPlan1819,3.0,"20, 21",ढोलेपाटील क्षेत्रीय कार्यालय एकूण बेरीज,RE22C301,Buildings,102.5
2018-19,WardOfficeNonPlan,WardOfficeNonPlan1819,3.0,"20, 21",ढोलेपाटील क्षेत्रीय कार्यालय एकूण बेरीज,RE14B301,Slum,37.5
2018-19,WardOfficeNonPlan,WardOfficeNonPlan1819,3.0,"20, 21",ढोलेपाटील क्षेत्रीय कार्यालय एकूण बेरीज,XE12B301,WaterSupply,3.0
2018-19,WardOfficeNonPlan,WardOfficeNonPlan1819,3.0,"20, 21",ढोलेपाटील क्षेत्रीय कार्यालय एकूण बेरीज,XE23A301,Sewerage_foul,20.0
2018-19,WardOfficeNonPlan,WardOfficeNonPlan1819,4.0,"8, 9",औंध - बाणेर क्षेत्रीय कार्यालय एकूण बेरीज,RE20A301,Roads,102.5
2018-19,WardOfficeNonPlan,WardOfficeNonPlan1819,4.0,"8, 9",औंध - बाणेर क्षेत्रीय कार्यालय एकूण बेरीज,RE20C301,Electrical,26.5
2018-19,WardOfficeNonPlan,WardOfficeNonPlan1819,4.0,"8, 9",औंध - बाणेर क्षेत्रीय कार्यालय एकूण बेरीज,RE22C301,Buildings,51.0
2018-19,WardOfficeNonPlan,WardOfficeNonPlan1819,4.0,"8, 9",औंध - बाणेर क्षेत्रीय कार्यालय एकूण बेरीज,RE14B301,Slum,60.0
2018-19,WardOfficeNonPlan,WardOfficeNonPlan1819,4.0,"8, 9",औंध - बाणेर क्षेत्रीय कार्यालय एकूण बेरीज,XE12B301,WaterSupply,0.0
2018-19,WardOfficeNonPlan,WardOfficeNonPlan1819,4.0,"8, 9",औंध - बाणेर क्षेत्रीय कार्यालय एकूण बेरीज,XE23A301,Sewerage_foul,60.0
2018-19,WardOfficeNonPlan,WardOfficeNonPlan1819,5.0,"7, 14",शिवाजीनगर - घोले रोड क्षेत्रीय कार्यालय एकूण बेरीज,RE20A301,Roads,30.0
2018-19,WardOfficeNonPlan,WardOfficeNonPlan1819,5.0,"7, 14",शिवाजीनगर - घोले रोड क्षेत्रीय कार्यालय एकूण बेरीज,RE20C301,Electrical,150.0
2018-19,WardOfficeNonPlan,WardOfficeNonPlan1819,5.0,"7, 14",शिवाजीनगर - घोले रोड क्षेत्रीय कार्यालय एकूण बेरीज,RE22C301,Buildings,20.0
2018-19,WardOfficeNonPlan,WardOfficeNonPlan1819,5.0,"7, 14",शिवाजीनगर - घोले रोड क्षेत्रीय कार्यालय एकूण बेरीज,RE14B301,Slum,15.0
2018-19,WardOfficeNonPlan,WardOfficeNonPlan1819,5.0,"7, 14",शिवाजीनगर - घोले रोड क्षेत्रीय कार्यालय एकूण बेरीज,XE12B301,WaterSupply,0.0
2018-19,WardOfficeNonPlan,WardOfficeNonPlan1819,5.0,"7, 14",शिवाजीनगर - घोले रोड क्षेत्रीय कार्यालय एकूण बेरीज,XE23A301,Sewerage_foul,35.0
2018-19,WardOfficeNonPlan,WardOfficeNonPlan1819,6.0,"10, 11, 12",कोथरूड - बावधन क्षेत्रीय कार्यालय एकूण बेरीज,RE20A301,Roads,35.0
2018-19,WardOfficeNonPlan,WardOfficeNonPlan1819,6.0,"10, 11, 12",कोथरूड - बावधन क्षेत्रीय कार्यालय एकूण बेरीज,RE20C301,Electrical,25.0
2018-19,WardOfficeNonPlan,WardOfficeNonPlan1819,6.0,"10, 11, 12",कोथरूड - बावधन क्षेत्रीय कार्यालय एकूण बेरीज,RE22C301,Buildings,32.5
2018-19,WardOfficeNonPlan,WardOfficeNonPlan1819,6.0,"10, 11, 12",कोथरूड - बावधन क्षेत्रीय कार्यालय एकूण बेरीज,RE14B301,Slum,37.5
2018-19,WardOfficeNonPlan,WardOfficeNonPlan1819,6.0,"10, 11, 12",कोथरूड - बावधन क्षेत्रीय कार्यालय एकूण बेरीज,XE12B301,WaterSupply,0.0
2018-19,WardOfficeNonPlan,WardOfficeNonPlan1819,6.0,"10, 11, 12",कोथरूड - बावधन क्षेत्रीय कार्यालय एकूण बेरीज,XE23A301,Sewerage_foul,70.0
2018-19,WardOfficeNonPlan,WardOfficeNonPlan1819,7.0,"35, 39, 40",धनकवडी - सहकारनगर क्षेत्रीय कार्यालय एकूण बेरीज,RE20A301,Roads,175.0
2018-19,WardOfficeNonPlan,WardOfficeNonPlan1819,7.0,"35, 39, 40",धनकवडी - सहकारनगर क्षेत्रीय कार्यालय एकूण बेरीज,RE20C301,Electrical,2.5
2018-19,WardOfficeNonPlan,WardOfficeNonPlan1819,7.0,"35, 39, 40",धनकवडी - सहकारनगर क्षेत्रीय कार्यालय एकूण बेरीज,RE22C301,Buildings,37.5
2018-19,WardOfficeNonPlan,WardOfficeNonPlan1819,7.0,"35, 39, 40",धनकवडी - सहकारनगर क्षेत्रीय कार्यालय एकूण बेरीज,RE14B301,Slum,50.0
2018-19,WardOfficeNonPlan,WardOfficeNonPlan1819,7.0,"35, 39, 40",धनकवडी - सहकारनगर क्षेत्रीय कार्यालय एकूण बेरीज,XE12B301,WaterSupply,0.0
2018-19,WardOfficeNonPlan,WardOfficeNonPlan1819,7.0,"35, 39, 40",धनकवडी - सहकारनगर क्षेत्रीय कार्यालय एकूण बेरीज,XE23A301,Sewerage_foul,87.5
2018-19,WardOfficeNonPlan,WardOfficeNonPlan1819,8.0,"30, 33, 34",सिंहगड रोड क्षेत्रीय कार्यालय एकूण बेरीज,RE20A301,Roads,236.5
2018-19,WardOfficeNonPlan,WardOfficeNonPlan1819,8.0,"30, 33, 34",सिंहगड रोड क्षेत्रीय कार्यालय एकूण बेरीज,RE20C301,Electrical,33.5
2018-19,WardOfficeNonPlan,WardOfficeNonPlan1819,8.0,"30, 33, 34",सिंहगड रोड क्षेत्रीय कार्यालय एकूण बेरीज,RE22C301,Buildings,22.5
2018-19,WardOfficeNonPlan,WardOfficeNonPlan1819,8.0,"30, 33, 34",सिंहगड रोड क्षेत्रीय कार्यालय एकूण बेरीज,RE14B301,Slum,58.0
2018-19,WardOfficeNonPlan,WardOfficeNonPlan1819,8.0,"30, 33, 34",सिंहगड रोड क्षेत्रीय कार्यालय एकूण बेरीज,XE12B301,WaterSupply,0.0
2018-19,WardOfficeNonPlan,WardOfficeNonPlan1819,8.0,"30, 33, 34",सिंहगड रोड क्षेत्रीय कार्यालय एकूण बेरीज,XE23A301,Sewerage_foul,100.0
2018-19,WardOfficeNonPlan,WardOfficeNonPlan1819,9.0,"13, 31, 32",वारजे - कर्वेनगर क्षेत्रीय कार्यालय एकूण बेरीज,RE20A301,Roads,80.5
2018-19,WardOfficeNonPlan,WardOfficeNonPlan1819,9.0,"13, 31, 32",वारजे - कर्वेनगर क्षेत्रीय कार्यालय एकूण बेरीज,RE20C301,Electrical,54.5
2018-19,WardOfficeNonPlan,WardOfficeNonPlan1819,9.0,"13, 31, 32",वारजे - कर्वेनगर क्षेत्रीय कार्यालय एकूण बेरीज,RE22C301,Buildings,18.5
2018-19,WardOfficeNonPlan,WardOfficeNonPlan1819,9.0,"13, 31, 32",वारजे - कर्वेनगर क्षेत्रीय कार्यालय एकूण बेरीज,RE14B301,Slum,29.0
2018-19,WardOfficeNonPlan,WardOfficeNonPlan1819,9.0,"13, 31, 32",वारजे - कर्वेनगर क्षेत्रीय कार्यालय एकूण बेरीज,XE12B301,WaterSupply,0.0
2018-19,WardOfficeNonPlan,WardOfficeNonPlan1819,9.0,"13, 31, 32",वारजे - कर्वेनगर क्षेत्रीय कार्यालय एकूण बेरीज,XE23A301,Sewerage_foul,97.5
2018-19,WardOfficeNonPlan,WardOfficeNonPlan1819,10.0,"22, 23, 26",हडपसर - मुंढवा क्षेत्रीय कार्यालय एकूण बेरीज,RE20A301,Roads,145.0
2018-19,WardOfficeNonPlan,WardOfficeNonPlan1819,10.0,"22, 23, 26",हडपसर - मुंढवा क्षेत्रीय कार्यालय एकूण बेरीज,RE20C301,Electrical,57.5
2018-19,WardOfficeNonPlan,WardOfficeNonPlan1819,10.0,"22, 23, 26",हडपसर - मुंढवा क्षेत्रीय कार्यालय एकूण बेरीज,RE22C301,Buildings,80.0
2018-19,WardOfficeNonPlan,WardOfficeNonPlan1819,10.0,"22, 23, 26",हडपसर - मुंढवा क्षेत्रीय कार्यालय एकूण बेरीज,RE14B301,Slum,25.0
2018-19,WardOfficeNonPlan,WardOfficeNonPlan1819,10.0,"22, 23, 26",हडपसर - मुंढवा क्षेत्रीय कार्यालय एकूण बेरीज,XE12B301,WaterSupply,0.0
2018-19,WardOfficeNonPlan,WardOfficeNonPlan1819,10.0,"22, 23, 26",हडपसर - मुंढवा क्षेत्रीय कार्यालय एकूण बेरीज,XE23A301,Sewerage_foul,75.0
2018-19,WardOfficeNonPlan,WardOfficeNonPlan1819,11.0,"24, 25, 27",वानवडी - रामटेकडी क्षेत्रीय कार्यालय एकूण बेरीज,RE20A301,Roads,178.5
2018-19,WardOfficeNonPlan,WardOfficeNonPlan1819,11.0,"24, 25, 27",वानवडी - रामटेकडी क्षेत्रीय कार्यालय एकूण बेरीज,RE20C301,Electrical,60.0
2018-19,WardOfficeNonPlan,WardOfficeNonPlan1819,11.0,"24, 25, 27",वानवडी - रामटेकडी क्षेत्रीय कार्यालय एकूण बेरीज,RE22C301,Buildings,35.0
2018-19,WardOfficeNonPlan,WardOfficeNonPlan1819,11.0,"24, 25, 27",वानवडी - रामटेकडी क्षेत्रीय कार्यालय एकूण बेरीज,RE14B301,Slum,12.5
2018-19,WardOfficeNonPlan,WardOfficeNonPlan1819,11.0,"24, 25, 27",वानवडी - रामटेकडी क्षेत्रीय कार्यालय एकूण बेरीज,XE12B301,WaterSupply,0.0
2018-19,WardOfficeNonPlan,WardOfficeNonPlan1819,11.0,"24, 25, 27",वानवडी - रामटेकडी क्षेत्रीय कार्यालय एकूण बेरीज,XE23A301,Sewerage_foul,82.0
2018-19,WardOfficeNonPlan,WardOfficeNonPlan1819,12.0,"38, 41",कोंढवा - येवलेवाडी क्षेत्रीय कार्यालय एकूण बेरीज,RE20A301,Roads,100.5
2018-19,WardOfficeNonPlan,WardOfficeNonPlan1819,12.0,"38, 41",कोंढवा - येवलेवाडी क्षेत्रीय कार्यालय एकूण बेरीज,RE20C301,Electrical,22.5
2018-19,WardOfficeNonPlan,WardOfficeNonPlan1819,12.0,"38, 41",कोंढवा - येवलेवाडी क्षेत्रीय कार्यालय एकूण बेरीज,RE22C301,Buildings,22.5
2018-19,WardOfficeNonPlan,WardOfficeNonPlan1819,12.0,"38, 41",कोंढवा - येवलेवाडी क्षेत्रीय कार्यालय एकूण बेरीज,RE14B301,Slum,25.0
2018-19,WardOfficeNonPlan,WardOfficeNonPlan1819,12.0,"38, 41",कोंढवा - येवलेवाडी क्षेत्रीय कार्यालय एकूण बेरीज,XE12B301,WaterSupply,0.0
2018-19,WardOfficeNonPlan,WardOfficeNonPlan1819,12.0,"38, 41",कोंढवा - येवलेवाडी क्षेत्रीय कार्यालय एकूण बेरीज,XE23A301,Sewerage_foul,129.5
2018-19,WardOfficeNonPlan,WardOfficeNonPlan1819,13.0,"15, 16, 29",कसबा - विश्रामबागवाडा क्षेत्रीय कार्यालय एकूण बेरीज,RE20A301,Roads,122.5
2018-19,WardOfficeNonPlan,WardOfficeNonPlan1819,13.0,"15, 16, 29",कसबा - विश्रामबागवाडा क्षेत्रीय कार्यालय एकूण बेरीज,RE20C301,Electrical,10.0
2018-19,WardOfficeNonPlan,WardOfficeNonPlan1819,13.0,"15, 16, 29",कसबा - विश्रामबागवाडा क्षेत्रीय कार्यालय एकूण बेरीज,RE22C301,Buildings,142.5
2018-19,WardOfficeNonPlan,WardOfficeNonPlan1819,13.0,"15, 16, 29",कसबा - विश्रामबागवाडा क्षेत्रीय कार्यालय एकूण बेरीज,RE14B301,Slum,80.0
2018-19,WardOfficeNonPlan,WardOfficeNonPlan1819,13.0,"15, 16, 29",कसबा - विश्रामबागवाडा क्षेत्रीय कार्यालय एकूण बेरीज,XE12B301,WaterSupply,0.0
2018-19,WardOfficeNonPlan,WardOfficeNonPlan1819,13.0,"15, 16, 29",कसबा - विश्रामबागवाडा क्षेत्रीय कार्यालय एकूण बेरीज,XE23A301,Sewerage_foul,95.0
2018-19,WardOfficeNonPlan,WardOfficeNonPlan1819,14.0,"17, 18, 19",भवानी पेठ क्षेत्रीय कार्यालय एकूण बेरीज,RE20A301,Roads,80.0
2018-19,WardOfficeNonPlan,WardOfficeNonPlan1819,14.0,"17, 18, 19",भवानी पेठ क्षेत्रीय कार्यालय एकूण बेरीज,RE20C301,Electrical,60.0
2018-19,WardOfficeNonPlan,WardOfficeNonPlan1819,14.0,"17, 18, 19",भवानी पेठ क्षेत्रीय कार्यालय एकूण बेरीज,RE22C301,Buildings,127.5
2018-19,WardOfficeNonPlan,WardOfficeNonPlan1819,14.0,"17, 18, 19",भवानी पेठ क्षेत्रीय कार्यालय एकूण बेरीज,RE14B301,Slum,80.0
2018-19,WardOfficeNonPlan,WardOfficeNonPlan1819,14.0,"17, 18, 19",भवानी पेठ क्षेत्रीय कार्यालय एकूण बेरीज,XE12B301,WaterSupply,0.0
2018-19,WardOfficeNonPlan,WardOfficeNonPlan1819,14.0,"17, 18, 19",भवानी पेठ क्षेत्रीय कार्यालय एकूण बेरीज,XE23A301,Sewerage_foul,102.5
2018-19,WardOfficeNonPlan,WardOfficeNonPlan1819,15.0,"28, 36, 37",बिबवेवाडी क्षेत्रीय कार्यालय एकूण बेरीज,RE20A301,Roads,71.0
2018-19,WardOfficeNonPlan,WardOfficeNonPlan1819,15.0,"28, 36, 37",बिबवेवाडी क्षेत्रीय कार्यालय एकूण बेरीज,RE20C301,Electrical,40.5
2018-19,WardOfficeNonPlan,WardOfficeNonPlan1819,15.0,"28, 36, 37",बिबवेवाडी क्षेत्रीय कार्यालय एकूण बेरीज,RE22C301,Buildings,7.5
2018-19,WardOfficeNonPlan,WardOfficeNonPlan1819,15.0,"28, 36, 37",बिबवेवाडी क्षेत्रीय कार्यालय एकूण बेरीज,RE14B301,Slum,21.0
2018-19,WardOfficeNonPlan,WardOfficeNonPlan1819,15.0,"28, 36, 37",बिबवेवाडी क्षेत्रीय कार्यालय एकूण बेरीज,XE12B301,WaterSupply,0.0
2018-19,WardOfficeNonPlan,WardOfficeNonPlan1819,15.0,"28, 36, 37",बिबवेवाडी क्षेत्रीय कार्यालय एकूण बेरीज,XE23A301,Sewerage_foul,40.0
2018-19,CitizensPlan,CitizensPlan1819,1.0,"3, 4, 5",नगररोड - वडगावशेरी क्षेत्रीय कार्यालय एकूण बेरीज,CE20A1196,Roads,0.0
2018-19,CitizensPlan,CitizensPlan1819,1.0,"3, 4, 5",नगररोड - वडगावशेरी क्षेत्रीय कार्यालय एकूण बेरीज,CE20C406,Electrical,0.0
2018-19,CitizensPlan,CitizensPlan1819,1.0,"3, 4, 5",नगररोड - वडगावशेरी क्षेत्रीय कार्यालय एकूण बेरीज,CE22A547,Buildings,0.0
2018-19,CitizensPlan,CitizensPlan1819,1.0,"3, 4, 5",नगररोड - वडगावशेरी क्षेत्रीय कार्यालय एकूण बेरीज,FE14A121,Slum,0.0
2018-19,CitizensPlan,CitizensPlan1819,1.0,"3, 4, 5",नगररोड - वडगावशेरी क्षेत्रीय कार्यालय एकूण बेरीज,ZE16A117,WaterSupply,0.0
2018-19,CitizensPlan,CitizensPlan1819,1.0,"3, 4, 5",नगररोड - वडगावशेरी क्षेत्रीय कार्यालय एकूण बेरीज,ZE16B130,Sewerage_foul,0.0
2018-19,CitizensPlan,CitizensPlan1819,2.0,"1, 2, 6",येरवडा - कळस - धानोरी क्षेत्रीय कार्यालय एकूण बेरीज,CE20A1196,Roads,0.0
2018-19,CitizensPlan,CitizensPlan1819,2.0,"1, 2, 6",येरवडा - कळस - धानोरी क्षेत्रीय कार्यालय एकूण बेरीज,CE20C406,Electrical,0.0
2018-19,CitizensPlan,CitizensPlan1819,2.0,"1, 2, 6",येरवडा - कळस - धानोरी क्षेत्रीय कार्यालय एकूण बेरीज,CE22A547,Buildings,0.0
2018-19,CitizensPlan,CitizensPlan1819,2.0,"1, 2, 6",येरवडा - कळस - धानोरी क्षेत्रीय कार्यालय एकूण बेरीज,FE14A121,Slum,0.0
2018-19,CitizensPlan,CitizensPlan1819,2.0,"1, 2, 6",येरवडा - कळस - धानोरी क्षेत्रीय कार्यालय एकूण बेरीज,ZE16A117,WaterSupply,0.0
2018-19,CitizensPlan,CitizensPlan1819,2.0,"1, 2, 6",येरवडा - कळस - धानोरी क्षेत्रीय कार्यालय एकूण बेरीज,ZE16B130,Sewerage_foul,0.0
2018-19,CitizensPlan,CitizensPlan1819,3.0,"20, 21",ढोलेपाटील क्षेत्रीय कार्यालय एकूण बेरीज,CE20A1196,Roads,0.0
2018-19,CitizensPlan,CitizensPlan1819,3.0,"20, 21",ढोलेपाटील क्षेत्रीय कार्यालय एकूण बेरीज,CE20C406,Electrical,0.0
2018-19,CitizensPlan,CitizensPlan1819,3.0,"20, 21",ढोलेपाटील क्षेत्रीय कार्यालय एकूण बेरीज,CE22A547,Buildings,0.0
2018-19,CitizensPlan,CitizensPlan1819,3.0,"20, 21",ढोलेपाटील क्षेत्रीय कार्यालय एकूण बेरीज,FE14A121,Slum,0.0
2018-19,CitizensPlan,CitizensPlan1819,3.0,"20, 21",ढोलेपाटील क्षेत्रीय कार्यालय एकूण बेरीज,ZE16A117,WaterSupply,0.0
2018-19,CitizensPlan,CitizensPlan1819,3.0,"20, 21",ढोलेपाटील क्षेत्रीय कार्यालय एकूण बेरीज,ZE16B130,Sewerage_foul,0.0
2018-19,CitizensPlan,CitizensPlan1819,4.0,"8, 9",औंध - बाणेर क्षेत्रीय कार्यालय एकूण बेरीज,CE20A1196,Roads,0.0
2018-19,CitizensPlan,CitizensPlan1819,4.0,"8, 9",औंध - बाणेर क्षेत्रीय कार्यालय एकूण बेरीज,CE20C406,Electrical,0.0
2018-19,CitizensPlan,CitizensPlan1819,4.0,"8, 9",औंध - बाणेर क्षेत्रीय कार्यालय एकूण बेरीज,CE22A547,Buildings,0.0
2018-19,CitizensPlan,CitizensPlan1819,4.0,"8, 9",औंध - बाणेर क्षेत्रीय कार्यालय एकूण बेरीज,FE14A121,Slum,0.0
2018-19,CitizensPlan,CitizensPlan1819,4.0,"8, 9",औंध - बाणेर क्षेत्रीय कार्यालय एकूण बेरीज,ZE16A117,WaterSupply,0.0
2018-19,CitizensPlan,CitizensPlan1819,4.0,"8, 9",औंध - बाणेर क्षेत्रीय कार्यालय एकूण बेरीज,ZE16B130,Sewerage_foul,0.0
2018-19,CitizensPlan,CitizensPlan1819,5.0,"7, 14",शिवाजीनगर - घोले रोड क्षेत्रीय कार्यालय एकूण बेरीज,CE20A1196,Roads,0.0
2018-19,CitizensPlan,CitizensPlan1819,5.0,"7, 14",शिवाजीनगर - घोले रोड क्षेत्रीय कार्यालय एकूण बेरीज,CE20C406,Electrical,0.0
2018-19,CitizensPlan,CitizensPlan1819,5.0,"7, 14",शिवाजीनगर - घोले रोड क्षेत्रीय कार्यालय एकूण बेरीज,CE22A547,Buildings,0.0
2018-19,CitizensPlan,CitizensPlan1819,5.0,"7, 14",शिवाजीनगर - घोले रोड क्षेत्रीय कार्यालय एकूण बेरीज,FE14A121,Slum,0.0
2018-19,CitizensPlan,CitizensPlan1819,5.0,"7, 14",शिवाजीनगर - घोले रोड क्षेत्रीय कार्यालय एकूण बेरीज,ZE16A117,WaterSupply,0.0
2018-19,CitizensPlan,CitizensPlan1819,5.0,"7, 14",शिवाजीनगर - घोले रोड क्षेत्रीय कार्यालय एकूण बेरीज,ZE16B130,Sewerage_foul,0.0
2018-19,CitizensPlan,CitizensPlan1819,6.0,"10, 11, 12",कोथरूड - बावधन क्षेत्रीय कार्यालय एकूण बेरीज,CE20A1196,Roads,74.0
2018-19,CitizensPlan,CitizensPlan1819,6.0,"10, 11, 12",कोथरूड - बावधन क्षेत्रीय कार्यालय एकूण बेरीज,CE20C406,Electrical,25.0
2018-19,CitizensPlan,CitizensPlan1819,6.0,"10, 11, 12",कोथरूड - बावधन क्षेत्रीय कार्यालय एकूण बेरीज,CE22A547,Buildings,0.0
2018-19,CitizensPlan,CitizensPlan1819,6.0,"10, 11, 12",कोथरूड - बावधन क्षेत्रीय कार्यालय एकूण बेरीज,FE14A121,Slum,0.0
2018-19,CitizensPlan,CitizensPlan1819,6.0,"10, 11, 12",कोथरूड - बावधन क्षेत्रीय कार्यालय एकूण बेरीज,ZE16A117,WaterSupply,0.0
2018-19,CitizensPlan,CitizensPlan1819,6.0,"10, 11, 12",कोथरूड - बावधन क्षेत्रीय कार्यालय एकूण बेरीज,ZE16B130,Sewerage_foul,5.0
2018-19,CitizensPlan,CitizensPlan1819,7.0,"35, 39, 40",धनकवडी - सहकारनगर क्षेत्रीय कार्यालय एकूण बेरीज,CE20A1196,Roads,68.0
2018-19,CitizensPlan,CitizensPlan1819,7.0,"35, 39, 40",धनकवडी - सहकारनगर क्षेत्रीय कार्यालय एकूण बेरीज,CE20C406,Electrical,14.0
2018-19,CitizensPlan,CitizensPlan1819,7.0,"35, 39, 40",धनकवडी - सहकारनगर क्षेत्रीय कार्यालय एकूण बेरीज,CE22A547,Buildings,47.0
2018-19,CitizensPlan,CitizensPlan1819,7.0,"35, 39, 40",धनकवडी - सहकारनगर क्षेत्रीय कार्यालय एकूण बेरीज,FE14A121,Slum,7.0
2018-19,CitizensPlan,CitizensPlan1819,7.0,"35, 39, 40",धनकवडी - सहकारनगर क्षेत्रीय कार्यालय एकूण बेरीज,ZE16A117,WaterSupply,0.0
2018-19,CitizensPlan,CitizensPlan1819,7.0,"35, 39, 40",धनकवडी - सहकारनगर क्षेत्रीय कार्यालय एकूण बेरीज,ZE16B130,Sewerage_foul,57.0
2018-19,CitizensPlan,CitizensPlan1819,8.0,"30, 33, 34",सिंहगड रोड क्षेत्रीय कार्यालय एकूण बेरीज,CE20A1196,Roads,0.0
2018-19,CitizensPlan,CitizensPlan1819,8.0,"30, 33, 34",सिंहगड रोड क्षेत्रीय कार्यालय एकूण बेरीज,CE20C406,Electrical,0.0
2018-19,CitizensPlan,CitizensPlan1819,8.0,"30, 33, 34",सिंहगड रोड क्षेत्रीय कार्यालय एकूण बेरीज,CE22A547,Buildings,0.0
2018-19,CitizensPlan,CitizensPlan1819,8.0,"30, 33, 34",सिंहगड रोड क्षेत्रीय कार्यालय एकूण बेरीज,FE14A121,Slum,0.0
2018-19,CitizensPlan,CitizensPlan1819,8.0,"30, 33, 34",सिंहगड रोड क्षेत्रीय कार्यालय एकूण बेरीज,ZE16A117,WaterSupply,0.0
2018-19,CitizensPlan,CitizensPlan1819,8.0,"30, 33, 34",सिंहगड रोड क्षेत्रीय कार्यालय एकूण बेरीज,ZE16B130,Sewerage_foul,0.0
2018-19,CitizensPlan,CitizensPlan1819,9.0,"13, 31, 32",वारजे - कर्वेनगर क्षेत्रीय कार्यालय एकूण बेरीज,CE20A1196,Roads,45.0
2018-19,CitizensPlan,CitizensPlan1819,9.0,"13, 31, 32",वारजे - कर्वेनगर क्षेत्रीय कार्यालय एकूण बेरीज,CE20C406,Electrical,37.0
2018-19,CitizensPlan,CitizensPlan1819,9.0,"13, 31, 32",वारजे - कर्वेनगर क्षेत्रीय कार्यालय एकूण बेरीज,CE22A547,Buildings,34.0
2018-19,CitizensPlan,CitizensPlan1819,9.0,"13, 31, 32",वारजे - कर्वेनगर क्षेत्रीय कार्यालय एकूण बेरीज,FE14A121,Slum,0.0
2018-19,CitizensPlan,CitizensPlan1819,9.0,"13, 31, 32",वारजे - कर्वेनगर क्षेत्रीय कार्यालय एकूण बेरीज,ZE16A117,WaterSupply,5.0
2018-19,CitizensPlan,CitizensPlan1819,9.0,"13, 31, 32",वारजे - कर्वेनगर क्षेत्रीय कार्यालय एकूण बेरीज,ZE16B130,Sewerage_foul,20.0
2018-19,CitizensPlan,CitizensPlan1819,10.0,"22, 23, 26",हडपसर - मुंढवा क्षेत्रीय कार्यालय एकूण बेरीज,CE20A1196,Roads,77.0
2018-19,CitizensPlan,CitizensPlan1819,10.0,"22, 23, 26",हडपसर - मुंढवा क्षेत्रीय कार्यालय एकूण बेरीज,CE20C406,Electrical,33.0
2018-19,CitizensPlan,CitizensPlan1819,10.0,"22, 23, 26",हडपसर - मुंढवा क्षेत्रीय कार्यालय एकूण बेरीज,CE22A547,Buildings,13.0
2018-19,CitizensPlan,CitizensPlan1819,10.0,"22, 23, 26",हडपसर - मुंढवा क्षेत्रीय कार्यालय एकूण बेरीज,FE14A121,Slum,5.0
2018-19,CitizensPlan,CitizensPlan1819,10.0,"22, 23, 26",हडपसर - मुंढवा क्षेत्रीय कार्यालय एकूण बेरीज,ZE16A117,WaterSupply,20.0
2018-19,CitizensPlan,CitizensPlan1819,10.0,"22, 23, 26",हडपसर - मुंढवा क्षेत्रीय कार्यालय एकूण बेरीज,ZE16B130,Sewerage_foul,43.0
2018-19,CitizensPlan,CitizensPlan1819,11.0,"24, 25, 27",वानवडी - रामटेकडी क्षेत्रीय कार्यालय एकूण बेरीज,CE20A1196,Roads,27.0
2018-19,CitizensPlan,CitizensPlan1819,11.0,"24, 25, 27",वानवडी - रामटेकडी क्षेत्रीय कार्यालय एकूण बेरीज,CE20C406,Electrical,12.0
2018-19,CitizensPlan,CitizensPlan1819,11.0,"24, 25, 27",वानवडी - रामटेकडी क्षेत्रीय कार्यालय एकूण बेरीज,CE22A547,Buildings,10.0
2018-19,CitizensPlan,CitizensPlan1819,11.0,"24, 25, 27",वानवडी - रामटेकडी क्षेत्रीय कार्यालय एकूण बेरीज,FE14A121,Slum,5.0
2018-19,CitizensPlan,CitizensPlan1819,11.0,"24, 25, 27",वानवडी - रामटेकडी क्षेत्रीय कार्यालय एकूण बेरीज,ZE16A117,WaterSupply,5.0
2018-19,CitizensPlan,CitizensPlan1819,11.0,"24, 25, 27",वानवडी - रामटेकडी क्षेत्रीय कार्यालय एकूण बेरीज,ZE16B130,Sewerage_foul,5.0
2018-19,CitizensPlan,CitizensPlan1819,12.0,"38, 41",कोंढवा - येवलेवाडी क्षेत्रीय कार्यालय एकूण बेरीज,CE20A1196,Roads,0.0
2018-19,CitizensPlan,CitizensPlan1819,12.0,"38, 41",कोंढवा - येवलेवाडी क्षेत्रीय कार्यालय एकूण बेरीज,CE20C406,Electrical,0.0
2018-19,CitizensPlan,CitizensPlan1819,12.0,"38, 41",कोंढवा - येवलेवाडी क्षेत्रीय कार्यालय एकूण बेरीज,CE22A547,Buildings,0.0
2018-19,CitizensPlan,CitizensPlan1819,12.0,"38, 41",कोंढवा - येवलेवाडी क्षेत्रीय कार्यालय एकूण बेरीज,FE14A121,Slum,0.0
2018-19,CitizensPlan,CitizensPlan1819,12.0,"38, 41",कोंढवा - येवलेवाडी क्षेत्रीय कार्यालय एकूण बेरीज,ZE16A117,WaterSupply,0.0
2018-19,CitizensPlan,CitizensPlan1819,12.0,"38, 41",कोंढवा - येवलेवाडी क्षेत्रीय कार्यालय एकूण बेरीज,ZE16B130,Sewerage_foul,0.0
2018-19,CitizensPlan,CitizensPlan1819,13.0,"15, 16, 29",कसबा - विश्रामबागवाडा क्षेत्रीय कार्यालय एकूण बेरीज,CE20A1196,Roads,0.0
2018-19,CitizensPlan,CitizensPlan1819,13.0,"15, 16, 29",कसबा - विश्रामबागवाडा क्षेत्रीय कार्यालय एकूण बेरीज,CE20C406,Electrical,0.0
2018-19,CitizensPlan,CitizensPlan1819,13.0,"15, 16, 29",कसबा - विश्रामबागवाडा क्षेत्रीय कार्यालय एकूण बेरीज,CE22A547,Buildings,0.0
2018-19,CitizensPlan,CitizensPlan1819,13.0,"15, 16, 29",कसबा - विश्रामबागवाडा क्षेत्रीय कार्यालय एकूण बेरीज,FE14A121,Slum,0.0
2018-19,CitizensPlan,CitizensPlan1819,13.0,"15, 16, 29",कसबा - विश्रामबागवाडा क्षेत्रीय कार्यालय एकूण बेरीज,ZE16A117,WaterSupply,0.0
2018-19,CitizensPlan,CitizensPlan1819,13.0,"15, 16, 29",कसबा - विश्रामबागवाडा क्षेत्रीय कार्यालय एकूण बेरीज,ZE16B130,Sewerage_foul,0.0
2018-19,CitizensPlan,CitizensPlan1819,14.0,"17, 18, 19",भवानी पेठ क्षेत्रीय कार्यालय एकूण बेरीज,CE20A1196,Roads,0.0
2018-19,CitizensPlan,CitizensPlan1819,14.0,"17, 18, 19",भवानी पेठ क्षेत्रीय कार्यालय एकूण बेरीज,CE20C406,Electrical,0.0
2018-19,CitizensPlan,CitizensPlan1819,14.0,"17, 18, 19",भवानी पेठ क्षेत्रीय कार्यालय एकूण बेरीज,CE22A547,Buildings,0.0
2018-19,CitizensPlan,CitizensPlan1819,14.0,"17, 18, 19",भवानी पेठ क्षेत्रीय कार्यालय एकूण बेरीज,FE14A121,Slum,0.0
2018-19,CitizensPlan,CitizensPlan1819,14.0,"17, 18, 19",भवानी पेठ क्षेत्रीय कार्यालय एकूण बेरीज,ZE16A117,WaterSupply,0.0
2018-19,CitizensPlan,CitizensPlan1819,14.0,"17, 18, 19",भवानी पेठ क्षेत्रीय कार्यालय एकूण बेरीज,ZE16B130,Sewerage_foul,0.0
2018-19,CitizensPlan,CitizensPlan1819,15.0,"28, 36, 37",बिबवेवाडी क्षेत्रीय कार्यालय एकूण बेरीज,CE20A1196,Roads,20.0
2018-19,CitizensPlan,CitizensPlan1819,15.0,"28, 36, 37",बिबवेवाडी क्षेत्रीय कार्यालय एकूण बेरीज,CE20C406,Electrical,30.0
2018-19,CitizensPlan,CitizensPlan1819,15.0,"28, 36, 37",बिबवेवाडी क्षेत्रीय कार्यालय एकूण बेरीज,CE22A547,Buildings,0.0
2018-19,CitizensPlan,CitizensPlan1819,15.0,"28, 36, 37",बिबवेवाडी क्षेत्रीय कार्यालय एकूण बेरीज,FE14A121,Slum,0.0
2018-19,CitizensPlan,CitizensPlan1819,15.0,"28, 36, 37",बिबवेवाडी क्षेत्रीय कार्यालय एकूण बेरीज,ZE16A117,WaterSupply,0.0
2018-19,CitizensPlan,CitizensPlan1819,15.0,"28, 36, 37",बिबवेवाडी क्षेत्रीय कार्यालय एकूण बेरीज,ZE16B130,Sewerage_foul,5.0
2018-19,CitizensNonPlan,CitizensNonPlan1819,1.0,"3, 4, 5",नगररोड - वडगावशेरी क्षेत्रीय कार्यालय एकूण बेरीज,RE20A302,Roads,107.0
2018-19,CitizensNonPlan,CitizensNonPlan1819,1.0,"3, 4, 5",नगररोड - वडगावशेरी क्षेत्रीय कार्यालय एकूण बेरीज,RE20C302,Electrical,38.0
2018-19,CitizensNonPlan,CitizensNonPlan1819,1.0,"3, 4, 5",नगररोड - वडगावशेरी क्षेत्रीय कार्यालय एकूण बेरीज,RE22C302,Buildings,25.0
2018-19,CitizensNonPlan,CitizensNonPlan1819,1.0,"3, 4, 5",नगररोड - वडगावशेरी क्षेत्रीय कार्यालय एकूण बेरीज,RE14B302,Slum,15.0
2018-19,CitizensNonPlan,CitizensNonPlan1819,1.0,"3, 4, 5",नगररोड - वडगावशेरी क्षेत्रीय कार्यालय एकूण बेरीज,XE12B302,WaterSupply,22.0
2018-19,CitizensNonPlan,CitizensNonPlan1819,1.0,"3, 4, 5",नगररोड - वडगावशेरी क्षेत्रीय कार्यालय एकूण बेरीज,XE23A302,Sewerage_foul,93.0
2018-19,CitizensNonPlan,CitizensNonPlan1819,2.0,"1, 2, 6",येरवडा - कळस - धानोरी क्षेत्रीय कार्यालय एकूण बेरीज,RE20A302,Roads,99.5
2018-19,CitizensNonPlan,CitizensNonPlan1819,2.0,"1, 2, 6",येरवडा - कळस - धानोरी क्षेत्रीय कार्यालय एकूण बेरीज,RE20C302,Electrical,50.5
2018-19,CitizensNonPlan,CitizensNonPlan1819,2.0,"1, 2, 6",येरवडा - कळस - धानोरी क्षेत्रीय कार्यालय एकूण बेरीज,RE22C302,Buildings,90.0
2018-19,CitizensNonPlan,CitizensNonPlan1819,2.0,"1, 2, 6",येरवडा - कळस - धानोरी क्षेत्रीय कार्यालय एकूण बेरीज,RE14B302,Slum,10.0
2018-19,CitizensNonPlan,CitizensNonPlan1819,2.0,"1, 2, 6",येरवडा - कळस - धानोरी क्षेत्रीय कार्यालय एकूण बेरीज,XE12B302,WaterSupply,0.0
2018-19,CitizensNonPlan,CitizensNonPlan1819,2.0,"1, 2, 6",येरवडा - कळस - धानोरी क्षेत्रीय कार्यालय एकूण बेरीज,XE23A302,Sewerage_foul,45.0
2018-19,CitizensNonPlan,CitizensNonPlan1819,3.0,"20, 21",ढोलेपाटील क्षेत्रीय कार्यालय एकूण बेरीज,RE20A302,Roads,34.5
2018-19,CitizensNonPlan,CitizensNonPlan1819,3.0,"20, 21",ढोलेपाटील क्षेत्रीय कार्यालय एकूण बेरीज,RE20C302,Electrical,22.0
2018-19,CitizensNonPlan,CitizensNonPlan1819,3.0,"20, 21",ढोलेपाटील क्षेत्रीय कार्यालय एकूण बेरीज,RE22C302,Buildings,33.0
2018-19,CitizensNonPlan,CitizensNonPlan1819,3.0,"20, 21",ढोलेपाटील क्षेत्रीय कार्यालय एकूण बेरीज,RE14B302,Slum,68.0
2018-19,CitizensNonPlan,CitizensNonPlan1819,3.0,"20, 21",ढोलेपाटील क्षेत्रीय कार्यालय एकूण बेरीज,XE12B302,WaterSupply,17.0
2018-19,CitizensNonPlan,CitizensNonPlan1819,3.0,"20, 21",ढोलेपाटील क्षेत्रीय कार्यालय एकूण बेरीज,XE23A302,Sewerage_foul,25.5
2018-19,CitizensNonPlan,CitizensNonPlan1819,4.0,"8, 9",औंध - बाणेर क्षेत्रीय कार्यालय एकूण बेरीज,RE20A302,Roads,95.0
2018-19,CitizensNonPlan,CitizensNonPlan1819,4.0,"8, 9",औंध - बाणेर क्षेत्रीय कार्यालय एकूण बेरीज,RE20C302,Electrical,5.0
2018-19,CitizensNonPlan,CitizensNonPlan1819,4.0,"8, 9",औंध - बाणेर क्षेत्रीय कार्यालय एकूण बेरीज,RE22C302,Buildings,45.0
2018-19,CitizensNonPlan,CitizensNonPlan1819,4.0,"8, 9",औंध - बाणेर क्षेत्रीय कार्यालय एकूण बेरीज,RE14B302,Slum,25.0
2018-19,CitizensNonPlan,CitizensNonPlan1819,4.0,"8, 9",औंध - बाणेर क्षेत्रीय कार्यालय एकूण बेरीज,XE12B302,WaterSupply,5.0
2018-19,CitizensNonPlan,CitizensNonPlan1819,4.0,"8, 9",औंध - बाणेर क्षेत्रीय कार्यालय एकूण बेरीज,XE23A302,Sewerage_foul,25.0
2018-19,CitizensNonPlan,CitizensNonPlan1819,5.0,"7, 14",शिवाजीनगर - घोले रोड क्षेत्रीय कार्यालय एकूण बेरीज,RE20A302,Roads,42.0
2018-19,CitizensNonPlan,CitizensNonPlan1819,5.0,"7, 14",शिवाजीनगर - घोले रोड क्षेत्रीय कार्यालय एकूण बेरीज,RE20C302,Electrical,25.0
2018-19,CitizensNonPlan,CitizensNonPlan1819,5.0,"7, 14",शिवाजीनगर - घोले रोड क्षेत्रीय कार्यालय एकूण बेरीज,RE22C302,Buildings,19.0
2018-19,CitizensNonPlan,CitizensNonPlan1819,5.0,"7, 14",शिवाजीनगर - घोले रोड क्षेत्रीय कार्यालय एकूण बेरीज,RE14B302,Slum,66.0
2018-19,CitizensNonPlan,CitizensNonPlan1819,5.0,"7, 14",शिवाजीनगर - घोले रोड क्षेत्रीय कार्यालय एकूण बेरीज,XE12B302,WaterSupply,5.0
2018-19,CitizensNonPlan,CitizensNonPlan1819,5.0,"7, 14",शिवाजीनगर - घोले रोड क्षेत्रीय कार्यालय एकूण बेरीज,XE23A302,Sewerage_foul,43.0
2018-19,CitizensNonPlan,CitizensNonPlan1819,6.0,"10, 11, 12",कोथरूड - बावधन क्षेत्रीय कार्यालय एकूण बेरीज,RE20A302,Roads,91.0
2018-19,CitizensNonPlan,CitizensNonPlan1819,6.0,"10, 11, 12",कोथरूड - बावधन क्षेत्रीय कार्यालय एकूण बेरीज,RE20C302,Electrical,15.0
2018-19,CitizensNonPlan,CitizensNonPlan1819,6.0,"10, 11, 12",कोथरूड - बावधन क्षेत्रीय कार्यालय एकूण बेरीज,RE22C302,Buildings,19.0
2018-19,CitizensNonPlan,CitizensNonPlan1819,6.0,"10, 11, 12",कोथरूड - बावधन क्षेत्रीय कार्यालय एकूण बेरीज,RE14B302,Slum,20.0
2018-19,CitizensNonPlan,CitizensNonPlan1819,6.0,"10, 11, 12",कोथरूड - बावधन क्षेत्रीय कार्यालय एकूण बेरीज,XE12B302,WaterSupply,0.0
2018-19,CitizensNonPlan,CitizensNonPlan1819,6.0,"10, 11, 12",कोथरूड - बावधन क्षेत्रीय कार्यालय एकूण बेरीज,XE23A302,Sewerage_foul,51.0
2018-19,CitizensNonPlan,CitizensNonPlan1819,7.0,"35, 39, 40",धनकवडी - सहकारनगर क्षेत्रीय कार्यालय एकूण बेरीज,RE20A302,Roads,42.0
2018-19,CitizensNonPlan,CitizensNonPlan1819,7.0,"35, 39, 40",धनकवडी - सहकारनगर क्षेत्रीय कार्यालय एकूण बेरीज,RE20C302,Electrical,32.0
2018-19,CitizensNonPlan,CitizensNonPlan1819,7.0,"35, 39, 40",धनकवडी - सहकारनगर क्षेत्रीय कार्यालय एकूण बेरीज,RE22C302,Buildings,19.0
2018-19,CitizensNonPlan,CitizensNonPlan1819,7.0,"35, 39, 40",धनकवडी - सहकारनगर क्षेत्रीय कार्यालय एकूण बेरीज,RE14B302,Slum,0.0
2018-19,CitizensNonPlan,CitizensNonPlan1819,7.0,"35, 39, 40",धनकवडी - सहकारनगर क्षेत्रीय कार्यालय एकूण बेरीज,XE12B302,WaterSupply,3.0
2018-19,CitizensNonPlan,CitizensNonPlan1819,7.0,"35, 39, 40",धनकवडी - सहकारनगर क्षेत्रीय कार्यालय एकूण बेरीज,XE23A302,Sewerage_foul,10.5
2018-19,CitizensNonPlan,CitizensNonPlan1819,8.0,"30, 33, 34",सिंहगड रोड क्षेत्रीय कार्यालय एकूण बेरीज,RE20A302,Roads,65.0
2018-19,CitizensNonPlan,CitizensNonPlan1819,8.0,"30, 33, 34",सिंहगड रोड क्षेत्रीय कार्यालय एकूण बेरीज,RE20C302,Electrical,45.0
2018-19,CitizensNonPlan,CitizensNonPlan1819,8.0,"30, 33, 34",सिंहगड रोड क्षेत्रीय कार्यालय एकूण बेरीज,RE22C302,Buildings,0.0
2018-19,CitizensNonPlan,CitizensNonPlan1819,8.0,"30, 33, 34",सिंहगड रोड क्षेत्रीय कार्यालय एकूण बेरीज,RE14B302,Slum,79.0
2018-19,CitizensNonPlan,CitizensNonPlan1819,8.0,"30, 33, 34",सिंहगड रोड क्षेत्रीय कार्यालय एकूण बेरीज,XE12B302,WaterSupply,5.0
2018-19,CitizensNonPlan,CitizensNonPlan1819,8.0,"30, 33, 34",सिंहगड रोड क्षेत्रीय कार्यालय एकूण बेरीज,XE23A302,Sewerage_foul,106.0
2018-19,CitizensNonPlan,CitizensNonPlan1819,9.0,"13, 31, 32",वारजे - कर्वेनगर क्षेत्रीय कार्यालय एकूण बेरीज,RE20A302,Roads,29.0
2018-19,CitizensNonPlan,CitizensNonPlan1819,9.0,"13, 31, 32",वारजे - कर्वेनगर क्षेत्रीय कार्यालय एकूण बेरीज,RE20C302,Electrical,33.0
2018-19,CitizensNonPlan,CitizensNonPlan1819,9.0,"13, 31, 32",वारजे - कर्वेनगर क्षेत्रीय कार्यालय एकूण बेरीज,RE22C302,Buildings,7.0
2018-19,CitizensNonPlan,CitizensNonPlan1819,9.0,"13, 31, 32",वारजे - कर्वेनगर क्षेत्रीय कार्यालय एकूण बेरीज,RE14B302,Slum,40.0
2018-19,CitizensNonPlan,CitizensNonPlan1819,9.0,"13, 31, 32",वारजे - कर्वेनगर क्षेत्रीय कार्यालय एकूण बेरीज,XE12B302,WaterSupply,0.0
2018-19,CitizensNonPlan,CitizensNonPlan1819,9.0,"13, 31, 32",वारजे - कर्वेनगर क्षेत्रीय कार्यालय एकूण बेरीज,XE23A302,Sewerage_foul,50.0
2018-19,CitizensNonPlan,CitizensNonPlan1819,10.0,"22, 23, 26",हडपसर - मुंढवा क्षेत्रीय कार्यालय एकूण बेरीज,RE20A302,Roads,74.0
2018-19,CitizensNonPlan,CitizensNonPlan1819,10.0,"22, 23, 26",हडपसर - मुंढवा क्षेत्रीय कार्यालय एकूण बेरीज,RE20C302,Electrical,0.0
2018-19,CitizensNonPlan,CitizensNonPlan1819,10.0,"22, 23, 26",हडपसर - मुंढवा क्षेत्रीय कार्यालय एकूण बेरीज,RE22C302,Buildings,15.0
2018-19,CitizensNonPlan,CitizensNonPlan1819,10.0,"22, 23, 26",हडपसर - मुंढवा क्षेत्रीय कार्यालय एकूण बेरीज,RE14B302,Slum,5.0
2018-19,CitizensNonPlan,CitizensNonPlan1819,10.0,"22, 23, 26",हडपसर - मुंढवा क्षेत्रीय कार्यालय एकूण बेरीज,XE12B302,WaterSupply,0.0
2018-19,CitizensNonPlan,CitizensNonPlan1819,10.0,"22, 23, 26",हडपसर - मुंढवा क्षेत्रीय कार्यालय एकूण बेरीज,XE23A302,Sewerage_foul,15.0
2018-19,CitizensNonPlan,CitizensNonPlan1819,11.0,"24, 25, 27",वानवडी - रामटेकडी क्षेत्रीय कार्यालय एकूण बेरीज,RE20A302,Roads,89.0
2018-19,CitizensNonPlan,CitizensNonPlan1819,11.0,"24, 25, 27",वानवडी - रामटेकडी क्षेत्रीय कार्यालय एकूण बेरीज,RE20C302,Electrical,20.0
2018-19,CitizensNonPlan,CitizensNonPlan1819,11.0,"24, 25, 27",वानवडी - रामटेकडी क्षेत्रीय कार्यालय एकूण बेरीज,RE22C302,Buildings,10.0
2018-19,CitizensNonPlan,CitizensNonPlan1819,11.0,"24, 25, 27",वानवडी - रामटेकडी क्षेत्रीय कार्यालय एकूण बेरीज,RE14B302,Slum,14.0
2018-19,CitizensNonPlan,CitizensNonPlan1819,11.0,"24, 25, 27",वानवडी - रामटेकडी क्षेत्रीय कार्यालय एकूण बेरीज,XE12B302,WaterSupply,13.0
2018-19,CitizensNonPlan,CitizensNonPlan1819,11.0,"24, 25, 27",वानवडी - रामटेकडी क्षेत्रीय कार्यालय एकूण बेरीज,XE23A302,Sewerage_foul,65.0
2018-19,CitizensNonPlan,CitizensNonPlan1819,12.0,"38, 41",कोंढवा - येवलेवाडी क्षेत्रीय कार्यालय एकूण बेरीज,RE20A302,Roads,86.0
2018-19,CitizensNonPlan,CitizensNonPlan1819,12.0,"38, 41",कोंढवा - येवलेवाडी क्षेत्रीय कार्यालय एकूण बेरीज,RE20C302,Electrical,35.0
2018-19,CitizensNonPlan,CitizensNonPlan1819,12.0,"38, 41",कोंढवा - येवलेवाडी क्षेत्रीय कार्यालय एकूण बेरीज,RE22C302,Buildings,0.0
2018-19,CitizensNonPlan,CitizensNonPlan1819,12.0,"38, 41",कोंढवा - येवलेवाडी क्षेत्रीय कार्यालय एकूण बेरीज,RE14B302,Slum,0.0
2018-19,CitizensNonPlan,CitizensNonPlan1819,12.0,"38, 41",कोंढवा - येवलेवाडी क्षेत्रीय कार्यालय एकूण बेरीज,XE12B302,WaterSupply,0.0
2018-19,CitizensNonPlan,CitizensNonPlan1819,12.0,"38, 41",कोंढवा - येवलेवाडी क्षेत्रीय कार्यालय एकूण बेरीज,XE23A302,Sewerage_foul,79.0
2018-19,CitizensNonPlan,CitizensNonPlan1819,13.0,"15, 16, 29",कसबा - विश्रामबागवाडा क्षेत्रीय कार्यालय एकूण बेरीज,RE20A302,Roads,110.0
2018-19,CitizensNonPlan,CitizensNonPlan1819,13.0,"15, 16, 29",कसबा - विश्रामबागवाडा क्षेत्रीय कार्यालय एकूण बेरीज,RE20C302,Electrical,25.0
2018-19,CitizensNonPlan,CitizensNonPlan1819,13.0,"15, 16, 29",कसबा - विश्रामबागवाडा क्षेत्रीय कार्यालय एकूण बेरीज,RE22C302,Buildings,77.0
2018-19,CitizensNonPlan,CitizensNonPlan1819,13.0,"15, 16, 29",कसबा - विश्रामबागवाडा क्षेत्रीय कार्यालय एकूण बेरीज,RE14B302,Slum,58.0
2018-19,CitizensNonPlan,CitizensNonPlan1819,13.0,"15, 16, 29",कसबा - विश्रामबागवाडा क्षेत्रीय कार्यालय एकूण बेरीज,XE12B302,WaterSupply,5.0
2018-19,CitizensNonPlan,CitizensNonPlan1819,13.0,"15, 16, 29",कसबा - विश्रामबागवाडा क्षेत्रीय कार्यालय एकूण बेरीज,XE23A302,Sewerage_foul,25.0
2018-19,CitizensNonPlan,CitizensNonPlan1819,14.0,"17, 18, 19",भवानी पेठ क्षेत्रीय कार्यालय एकूण बेरीज,RE20A302,Roads,75.0
2018-19,CitizensNonPlan,CitizensNonPlan1819,14.0,"17, 18, 19",भवानी पेठ क्षेत्रीय कार्यालय एकूण बेरीज,RE20C302,Electrical,25.0
2018-19,CitizensNonPlan,CitizensNonPlan1819,14.0,"17, 18, 19",भवानी पेठ क्षेत्रीय कार्यालय एकूण बेरीज,RE22C302,Buildings,25.0
2018-19,CitizensNonPlan,CitizensNonPlan1819,14.0,"17, 18, 19",भवानी पेठ क्षेत्रीय कार्यालय एकूण बेरीज,RE14B302,Slum,83.0
2018-19,CitizensNonPlan,CitizensNonPlan1819,14.0,"17, 18, 19",भवानी पेठ क्षेत्रीय कार्यालय एकूण बेरीज,XE12B302,WaterSupply,22.0
2018-19,CitizensNonPlan,CitizensNonPlan1819,14.0,"17, 18, 19",भवानी पेठ क्षेत्रीय कार्यालय एकूण बेरीज,XE23A302,Sewerage_foul,70.0
2018-19,CitizensNonPlan,CitizensNonPlan1819,15.0,"28, 36, 37",बिबवेवाडी क्षेत्रीय कार्यालय एकूण बेरीज,RE20A302,Roads,50.0
2018-19,CitizensNonPlan,CitizensNonPlan1819,15.0,"28, 36, 37",बिबवेवाडी क्षेत्रीय कार्यालय एकूण बेरीज,RE20C302,Electrical,5.0
2018-19,CitizensNonPlan,CitizensNonPlan1819,15.0,"28, 36, 37",बिबवेवाडी क्षेत्रीय कार्यालय एकूण बेरीज,RE22C302,Buildings,35.0
2018-19,CitizensNonPlan,CitizensNonPlan1819,15.0,"28, 36, 37",बिबवेवाडी क्षेत्रीय कार्यालय एकूण बेरीज,RE14B302,Slum,35.0
2018-19,CitizensNonPlan,CitizensNonPlan1819,15.0,"28, 36, 37",बिबवेवाडी क्षेत्रीय कार्यालय एकूण बेरीज,XE12B302,WaterSupply,5.0
2018-19,CitizensNonPlan,CitizensNonPlan1819,15.0,"28, 36, 37",बिबवेवाडी क्षेत्रीय कार्यालय एकूण बेरीज,XE23A302,Sewerage_foul,70.0
2019-20,WardOfficePlan,WardOfficePlan1920,1.0,,नगररोड - वडगावशेरी क्षेत्रीय कार्यालय एकूण बेरीज,CE20A176,Roads,
2019-20,WardOfficePlan,WardOfficePlan1920,1.0,,नगररोड - वडगावशेरी क्षेत्रीय कार्यालय एकूण बेरीज,CE20C118,Electrical,
2019-20,WardOfficePlan,WardOfficePlan1920,1.0,,नगररोड - वडगावशेरी क्षेत्रीय कार्यालय एकूण बेरीज,CE22A114,Buildings,
2019-20,WardOfficePlan,WardOfficePlan1920,1.0,,नगररोड - वडगावशेरी क्षेत्रीय कार्यालय एकूण बेरीज,FE14A118,Slum,
2019-20,WardOfficePlan,WardOfficePlan1920,1.0,,नगररोड - वडगावशेरी क्षेत्रीय कार्यालय एकूण बेरीज,ZE16A115,WaterSupply,
2019-20,WardOfficePlan,WardOfficePlan1920,1.0,,नगररोड - वडगावशेरी क्षेत्रीय कार्यालय एकूण बेरीज,ZE16B113,Sewerage_foul,
2019-20,WardOfficePlan,WardOfficePlan1920,2.0,,येरवडा - कळस - धानोरी क्षेत्रीय कार्यालय एकूण बेरीज,CE20A176,Roads,
2019-20,WardOfficePlan,WardOfficePlan1920,2.0,,येरवडा - कळस - धानोरी क्षेत्रीय कार्यालय एकूण बेरीज,CE20C118,Electrical,
2019-20,WardOfficePlan,WardOfficePlan1920,2.0,,येरवडा - कळस - धानोरी क्षेत्रीय कार्यालय एकूण बेरीज,CE22A114,Buildings,
2019-20,WardOfficePlan,WardOfficePlan1920,2.0,,येरवडा - कळस - धानोरी क्षेत्रीय कार्यालय एकूण बेरीज,FE14A118,Slum,
2019-20,WardOfficePlan,WardOfficePlan1920,2.0,,येरवडा - कळस - धानोरी क्षेत्रीय कार्यालय एकूण बेरीज,ZE16A115,WaterSupply,
2019-20,WardOfficePlan,WardOfficePlan1920,2.0,,येरवडा - कळस - धानोरी क्षेत्रीय कार्यालय एकूण बेरीज,ZE16B113,Sewerage_foul,
2019-20,WardOfficePlan,WardOfficePlan1920,3.0,,ढोलेपाटील क्षेत्रीय कार्यालय एकूण बेरीज,CE20A176,Roads,
2019-20,WardOfficePlan,WardOfficePlan1920,3.0,,ढोलेपाटील क्षेत्रीय कार्यालय एकूण बेरीज,CE20C118,Electrical,
2019-20,WardOfficePlan,WardOfficePlan1920,3.0,,ढोलेपाटील क्षेत्रीय कार्यालय एकूण बेरीज,CE22A114,Buildings,
2019-20,WardOfficePlan,WardOfficePlan1920,3.0,,ढोलेपाटील क्षेत्रीय कार्यालय एकूण बेरीज,FE14A118,Slum,
2019-20,WardOfficePlan,WardOfficePlan1920,3.0,,ढोलेपाटील क्षेत्रीय कार्यालय एकूण बेरीज,ZE16A115,WaterSupply,
2019-20,WardOfficePlan,WardOfficePlan1920,3.0,,ढोलेपाटील क्षेत्रीय कार्यालय एकूण बेरीज,ZE16B113,Sewerage_foul,
2019-20,WardOfficePlan,WardOfficePlan1920,4.0,,औंध - बाणेर क्षेत्रीय कार्यालय एकूण बेरीज,CE20A176,Roads,
2019-20,WardOfficePlan,WardOfficePlan1920,4.0,,औंध - बाणेर क्षेत्रीय कार्यालय एकूण बेरीज,CE20C118,Electrical,
2019-20,WardOfficePlan,WardOfficePlan1920,4.0,,औंध - बाणेर क्षेत्रीय कार्यालय एकूण बेरीज,CE22A114,Buildings,
2019-20,WardOfficePlan,WardOfficePlan1920,4.0,,औंध - बाणेर क्षेत्रीय कार्यालय एकूण बेरीज,FE14A118,Slum,
2019-20,WardOfficePlan,WardOfficePlan1920,4.0,,औंध - बाणेर क्षेत्रीय कार्यालय एकूण बेरीज,ZE16A115,WaterSupply,
2019-20,WardOfficePlan,WardOfficePlan1920,4.0,,औंध - बाणेर क्षेत्रीय कार्यालय एकूण बेरीज,ZE16B113,Sewerage_foul,
2019-20,WardOfficePlan,WardOfficePlan1920,5.0,,शिवाजीनगर - घोले रोड क्षेत्रीय कार्यालय एकूण बेरीज,CE20A176,Roads,
2019-20,WardOfficePlan,WardOfficePlan1920,5.0,,शिवाजीनगर - घोले रोड क्षेत्रीय कार्यालय एकूण बेरीज,CE20C118,Electrical,
2019-20,WardOfficePlan,WardOfficePlan1920,5.0,,शिवाजीनगर - घोले रोड क्षेत्रीय कार्यालय एकूण बेरीज,CE22A114,Buildings,
2019-20,WardOfficePlan,WardOfficePlan1920,5.0,,शिवाजीनगर - घोले रोड क्षेत्रीय कार्यालय एकूण बेरीज,FE14A118,Slum,
2019-20,WardOfficePlan,WardOfficePlan1920,5.0,,शिवाजीनगर - घोले रोड क्षेत्रीय कार्यालय एकूण बेरीज,ZE16A115,WaterSupply,
2019-20,WardOfficePlan,WardOfficePlan1920,5.0,,शिवाजीनगर - घोले रोड क्षेत्रीय कार्यालय एकूण बेरीज,ZE16B113,Sewerage_foul,
2019-20,WardOfficePlan,WardOfficePlan1920,6.0,,कोथरूड - बावधन क्षेत्रीय कार्यालय एकूण बेरीज,CE20A176,Roads,65.0
2019-20,WardOfficePlan,WardOfficePlan1920,6.0,,कोथरूड - बावधन क्षेत्रीय कार्यालय एकूण बेरीज,CE20C118,Electrical,15.0
2019-20,WardOfficePlan,WardOfficePlan1920,6.0,,कोथरूड - बावधन क्षेत्रीय कार्यालय एकूण बेरीज,CE22A114,Buildings,7.5
2019-20,WardOfficePlan,WardOfficePlan1920,6.0,,कोथरूड - बावधन क्षेत्रीय कार्यालय एकूण बेरीज,FE14A118,Slum,
2019-20,WardOfficePlan,WardOfficePlan1920,6.0,,कोथरूड - बावधन क्षेत्रीय कार्यालय एकूण बेरीज,ZE16A115,WaterSupply,
2019-20,WardOfficePlan,WardOfficePlan1920,6.0,,कोथरूड - बावधन क्षेत्रीय कार्यालय एकूण बेरीज,ZE16B113,Sewerage_foul,17.5
2019-20,WardOfficePlan,WardOfficePlan1920,7.0,,धनकवडी - सहकारनगर क्षेत्रीय कार्यालय एकूण बेरीज,CE20A176,Roads,28.5
2019-20,WardOfficePlan,WardOfficePlan1920,7.0,,धनकवडी - सहकारनगर क्षेत्रीय कार्यालय एकूण बेरीज,CE20C118,Electrical,14.0
2019-20,WardOfficePlan,WardOfficePlan1920,7.0,,धनकवडी - सहकारनगर क्षेत्रीय कार्यालय एकूण बेरीज,CE22A114,Buildings,16.5
2019-20,WardOfficePlan,WardOfficePlan1920,7.0,,धनकवडी - सहकारनगर क्षेत्रीय कार्यालय एकूण बेरीज,FE14A118,Slum,10.0
2019-20,WardOfficePlan,WardOfficePlan1920,7.0,,धनकवडी - सहकारनगर क्षेत्रीय कार्यालय एकूण बेरीज,ZE16A115,WaterSupply,2.5
2019-20,WardOfficePlan,WardOfficePlan1920,7.0,,धनकवडी - सहकारनगर क्षेत्रीय कार्यालय एकूण बेरीज,ZE16B113,Sewerage_foul,
2019-20,WardOfficePlan,WardOfficePlan1920,8.0,,सिंहगड रोड क्षेत्रीय कार्यालय एकूण बेरीज,CE20A176,Roads,
2019-20,WardOfficePlan,WardOfficePlan1920,8.0,,सिंहगड रोड क्षेत्रीय कार्यालय एकूण बेरीज,CE20C118,Electrical,
2019-20,WardOfficePlan,WardOfficePlan1920,8.0,,सिंहगड रोड क्षेत्रीय कार्यालय एकूण बेरीज,CE22A114,Buildings,
2019-20,WardOfficePlan,WardOfficePlan1920,8.0,,सिंहगड रोड क्षेत्रीय कार्यालय एकूण बेरीज,FE14A118,Slum,
2019-20,WardOfficePlan,WardOfficePlan1920,8.0,,सिंहगड रोड क्षेत्रीय कार्यालय एकूण बेरीज,ZE16A115,WaterSupply,
2019-20,WardOfficePlan,WardOfficePlan1920,8.0,,सिंहगड रोड क्षेत्रीय कार्यालय एकूण बेरीज,ZE16B113,Sewerage_foul,
2019-20,WardOfficePlan,WardOfficePlan1920,9.0,,वारजे - कर्वेनगर क्षेत्रीय कार्यालय एकूण बेरीज,CE20A176,Roads,72.5
2019-20,WardOfficePlan,WardOfficePlan1920,9.0,,वारजे - कर्वेनगर क्षेत्रीय कार्यालय एकूण बेरीज,CE20C118,Electrical,
2019-20,WardOfficePlan,WardOfficePlan1920,9.0,,वारजे - कर्वेनगर क्षेत्रीय कार्यालय एकूण बेरीज,CE22A114,Buildings,9.5
2019-20,WardOfficePlan,WardOfficePlan1920,9.0,,वारजे - कर्वेनगर क्षेत्रीय कार्यालय एकूण बेरीज,FE14A118,Slum,2.5
2019-20,WardOfficePlan,WardOfficePlan1920,9.0,,वारजे - कर्वेनगर क्षेत्रीय कार्यालय एकूण बेरीज,ZE16A115,WaterSupply,
2019-20,WardOfficePlan,WardOfficePlan1920,9.0,,वारजे - कर्वेनगर क्षेत्रीय कार्यालय एकूण बेरीज,ZE16B113,Sewerage_foul,12.5
2019-20,WardOfficePlan,WardOfficePlan1920,10.0,,हडपसर - मुंढवा क्षेत्रीय कार्यालय एकूण बेरीज,CE20A176,Roads,100.0
2019-20,WardOfficePlan,WardOfficePlan1920,10.0,,हडपसर - मुंढवा क्षेत्रीय कार्यालय एकूण बेरीज,CE20C118,Electrical,5.0
2019-20,WardOfficePlan,WardOfficePlan1920,10.0,,हडपसर - मुंढवा क्षेत्रीय कार्यालय एकूण बेरीज,CE22A114,Buildings,10.0
2019-20,WardOfficePlan,WardOfficePlan1920,10.0,,हडपसर - मुंढवा क्षेत्रीय कार्यालय एकूण बेरीज,FE14A118,Slum,5.0
2019-20,WardOfficePlan,WardOfficePlan1920,10.0,,हडपसर - मुंढवा क्षेत्रीय कार्यालय एकूण बेरीज,ZE16A115,WaterSupply,
2019-20,WardOfficePlan,WardOfficePlan1920,10.0,,हडपसर - मुंढवा क्षेत्रीय कार्यालय एकूण बेरीज,ZE16B113,Sewerage_foul,50.0
2019-20,WardOfficePlan,WardOfficePlan1920,11.0,,वानवडी - रामटेकडी क्षेत्रीय कार्यालय एकूण बेरीज,CE20A176,Roads,155.0
2019-20,WardOfficePlan,WardOfficePlan1920,11.0,,वानवडी - रामटेकडी क्षेत्रीय कार्यालय एकूण बेरीज,CE20C118,Electrical,
2019-20,WardOfficePlan,WardOfficePlan1920,11.0,,वानवडी - रामटेकडी क्षेत्रीय कार्यालय एकूण बेरीज,CE22A114,Buildings,5.0
2019-20,WardOfficePlan,WardOfficePlan1920,11.0,,वानवडी - रामटेकडी क्षेत्रीय कार्यालय एकूण बेरीज,FE14A118,Slum,5.0
2019-20,WardOfficePlan,WardOfficePlan1920,11.0,,वानवडी - रामटेकडी क्षेत्रीय कार्यालय एकूण बेरीज,ZE16A115,WaterSupply,
2019-20,WardOfficePlan,WardOfficePlan1920,11.0,,वानवडी - रामटेकडी क्षेत्रीय कार्यालय एकूण बेरीज,ZE16B113,Sewerage_foul,72.5
2019-20,WardOfficePlan,WardOfficePlan1920,12.0,,कोंढवा - येवलेवाडी क्षेत्रीय कार्यालय एकूण बेरीज,CE20A176,Roads,92.5
2019-20,WardOfficePlan,WardOfficePlan1920,12.0,,कोंढवा - येवलेवाडी क्षेत्रीय कार्यालय एकूण बेरीज,CE20C118,Electrical,32.5
2019-20,WardOfficePlan,WardOfficePlan1920,12.0,,कोंढवा - येवलेवाडी क्षेत्रीय कार्यालय एकूण बेरीज,CE22A114,Buildings,30.0
2019-20,WardOfficePlan,WardOfficePlan1920,12.0,,कोंढवा - येवलेवाडी क्षेत्रीय कार्यालय एकूण बेरीज,FE14A118,Slum,22.5
2019-20,WardOfficePlan,WardOfficePlan1920,12.0,,कोंढवा - येवलेवाडी क्षेत्रीय कार्यालय एकूण बेरीज,ZE16A115,WaterSupply,
2019-20,WardOfficePlan,WardOfficePlan1920,12.0,,कोंढवा - येवलेवाडी क्षेत्रीय कार्यालय एकूण बेरीज,ZE16B113,Sewerage_foul,122.5
2019-20,WardOfficePlan,WardOfficePlan1920,13.0,,कसबा - विश्रामबागवाडा क्षेत्रीय कार्यालय एकूण बेरीज,CE20A176,Roads,
2019-20,WardOfficePlan,WardOfficePlan1920,13.0,,कसबा - विश्रामबागवाडा क्षेत्रीय कार्यालय एकूण बेरीज,CE20C118,Electrical,
2019-20,WardOfficePlan,WardOfficePlan1920,13.0,,कसबा - विश्रामबागवाडा क्षेत्रीय कार्यालय एकूण बेरीज,CE22A114,Buildings,
2019-20,WardOfficePlan,WardOfficePlan1920,13.0,,कसबा - विश्रामबागवाडा क्षेत्रीय कार्यालय एकूण बेरीज,FE14A118,Slum,
2019-20,WardOfficePlan,WardOfficePlan1920,13.0,,कसबा - विश्रामबागवाडा क्षेत्रीय कार्यालय एकूण बेरीज,ZE16A115,WaterSupply,
2019-20,WardOfficePlan,WardOfficePlan1920,13.0,,कसबा - विश्रामबागवाडा क्षेत्रीय कार्यालय एकूण बेरीज,ZE16B113,Sewerage_foul,
2019-20,WardOfficePlan,WardOfficePlan1920,14.0,,भवानी पेठ क्षेत्रीय कार्यालय एकूण बेरीज,CE20A176,Roads,
2019-20,WardOfficePlan,WardOfficePlan1920,14.0,,भवानी पेठ क्षेत्रीय कार्यालय एकूण बेरीज,CE20C118,Electrical,
2019-20,WardOfficePlan,WardOfficePlan1920,14.0,,भवानी पेठ क्षेत्रीय कार्यालय एकूण बेरीज,CE22A114,Buildings,
2019-20,WardOfficePlan,WardOfficePlan1920,14.0,,भवानी पेठ क्षेत्रीय कार्यालय एकूण बेरीज,FE14A118,Slum,
2019-20,WardOfficePlan,WardOfficePlan1920,14.0,,भवानी पेठ क्षेत्रीय कार्यालय एकूण बेरीज,ZE16A115,WaterSupply,
2019-20,WardOfficePlan,WardOfficePlan1920,14.0,,भवानी पेठ क्षेत्रीय कार्यालय एकूण बेरीज,ZE16B113,Sewerage_foul,
2019-20,WardOfficePlan,WardOfficePlan1920,15.0,,बिबवेवाडी क्षेत्रीय कार्यालय एकूण बेरीज,CE20A176,Roads,40.0
2019-20,WardOfficePlan,WardOfficePlan1920,15.0,,बिबवेवाडी क्षेत्रीय कार्यालय एकूण बेरीज,CE20C118,Electrical,55.0
2019-20,WardOfficePlan,WardOfficePlan1920,15.0,,बिबवेवाडी क्षेत्रीय कार्यालय एकूण बेरीज,CE22A114,Buildings,12.5
2019-20,WardOfficePlan,WardOfficePlan1920,15.0,,बिबवेवाडी क्षेत्रीय कार्यालय एकूण बेरीज,FE14A118,Slum,
2019-20,WardOfficePlan,WardOfficePlan1920,15.0,,बिबवेवाडी क्षेत्रीय कार्यालय एकूण बेरीज,ZE16A115,WaterSupply,5.0
2019-20,WardOfficePlan,WardOfficePlan1920,15.0,,बिबवेवाडी क्षेत्रीय कार्यालय एकूण बेरीज,ZE16B113,Sewerage_foul,132.5
2019-20,WardOfficeNonPlan,WardOfficeNonPlan1920,1.0,,नगररोड - वडगावशेरी क्षेत्रीय कार्यालय एकूण बेरीज,RE20A301,Roads,150.0
2019-20,WardOfficeNonPlan,WardOfficeNonPlan1920,1.0,,नगररोड - वडगावशेरी क्षेत्रीय कार्यालय एकूण बेरीज,RE20C301,Electrical,40.0
2019-20,WardOfficeNonPlan,WardOfficeNonPlan1920,1.0,,नगररोड - वडगावशेरी क्षेत्रीय कार्यालय एकूण बेरीज,RE22C301,Buildings,80.0
2019-20,WardOfficeNonPlan,WardOfficeNonPlan1920,1.0,,नगररोड - वडगावशेरी क्षेत्रीय कार्यालय एकूण बेरीज,RE14B301,Slum,22.5
2019-20,WardOfficeNonPlan,WardOfficeNonPlan1920,1.0,,नगररोड - वडगावशेरी क्षेत्रीय कार्यालय एकूण बेरीज,XE12B301,WaterSupply,20.0
2019-20,WardOfficeNonPlan,WardOfficeNonPlan1920,1.0,,नगररोड - वडगावशेरी क्षेत्रीय कार्यालय एकूण बेरीज,XE23A301,Sewerage_foul,137.5
2019-20,WardOfficeNonPlan,WardOfficeNonPlan1920,2.0,,येरवडा - कळस - धानोरी क्षेत्रीय कार्यालय एकूण बेरीज,RE20A301,Roads,150.0
2019-20,WardOfficeNonPlan,WardOfficeNonPlan1920,2.0,,येरवडा - कळस - धानोरी क्षेत्रीय कार्यालय एकूण बेरीज,RE20C301,Electrical,47.5
2019-20,WardOfficeNonPlan,WardOfficeNonPlan1920,2.0,,येरवडा - कळस - धानोरी क्षेत्रीय कार्यालय एकूण बेरीज,RE22C301,Buildings,103.5
2019-20,WardOfficeNonPlan,WardOfficeNonPlan1920,2.0,,येरवडा - कळस - धानोरी क्षेत्रीय कार्यालय एकूण बेरीज,RE14B301,Slum,40.0
2019-20,WardOfficeNonPlan,WardOfficeNonPlan1920,2.0,,येरवडा - कळस - धानोरी क्षेत्रीय कार्यालय एकूण बेरीज,XE12B301,WaterSupply,
2019-20,WardOfficeNonPlan,WardOfficeNonPlan1920,2.0,,येरवडा - कळस - धानोरी क्षेत्रीय कार्यालय एकूण बेरीज,XE23A301,Sewerage_foul,109.0
2019-20,WardOfficeNonPlan,WardOfficeNonPlan1920,3.0,,ढोलेपाटील क्षेत्रीय कार्यालय एकूण बेरीज,RE20A301,Roads,83.5
2019-20,WardOfficeNonPlan,WardOfficeNonPlan1920,3.0,,ढोलेपाटील क्षेत्रीय कार्यालय एकूण बेरीज,RE20C301,Electrical,25.0
2019-20,WardOfficeNonPlan,WardOfficeNonPlan1920,3.0,,ढोलेपाटील क्षेत्रीय कार्यालय एकूण बेरीज,RE22C301,Buildings,56.0
2019-20,WardOfficeNonPlan,WardOfficeNonPlan1920,3.0,,ढोलेपाटील क्षेत्रीय कार्यालय एकूण बेरीज,RE14B301,Slum,60.5
2019-20,WardOfficeNonPlan,WardOfficeNonPlan1920,3.0,,ढोलेपाटील क्षेत्रीय कार्यालय एकूण बेरीज,XE12B301,WaterSupply,
2019-20,WardOfficeNonPlan,WardOfficeNonPlan1920,3.0,,ढोलेपाटील क्षेत्रीय कार्यालय एकूण बेरीज,XE23A301,Sewerage_foul,75.0
2019-20,WardOfficeNonPlan,WardOfficeNonPlan1920,4.0,,औंध - बाणेर क्षेत्रीय कार्यालय एकूण बेरीज,RE20A301,Roads,68.5
2019-20,WardOfficeNonPlan,WardOfficeNonPlan1920,4.0,,औंध - बाणेर क्षेत्रीय कार्यालय एकूण बेरीज,RE20C301,Electrical,35.0
2019-20,WardOfficeNonPlan,WardOfficeNonPlan1920,4.0,,औंध - बाणेर क्षेत्रीय कार्यालय एकूण बेरीज,RE22C301,Buildings,66.5
2019-20,WardOfficeNonPlan,WardOfficeNonPlan1920,4.0,,औंध - बाणेर क्षेत्रीय कार्यालय एकूण बेरीज,RE14B301,Slum,53.0
2019-20,WardOfficeNonPlan,WardOfficeNonPlan1920,4.0,,औंध - बाणेर क्षेत्रीय कार्यालय एकूण बेरीज,XE12B301,WaterSupply,
2019-20,WardOfficeNonPlan,WardOfficeNonPlan1920,4.0,,औंध - बाणेर क्षेत्रीय कार्यालय एकूण बेरीज,XE23A301,Sewerage_foul,77.0
2019-20,WardOfficeNonPlan,WardOfficeNonPlan1920,5.0,,शिवाजीनगर - घोले रोड क्षेत्रीय कार्यालय एकूण बेरीज,RE20A301,Roads,72.5
2019-20,WardOfficeNonPlan,WardOfficeNonPlan1920,5.0,,शिवाजीनगर - घोले रोड क्षेत्रीय कार्यालय एकूण बेरीज,RE20C301,Electrical,10.0
2019-20,WardOfficeNonPlan,WardOfficeNonPlan1920,5.0,,शिवाजीनगर - घोले रोड क्षेत्रीय कार्यालय एकूण बेरीज,RE22C301,Buildings,40.0
2019-20,WardOfficeNonPlan,WardOfficeNonPlan1920,5.0,,शिवाजीनगर - घोले रोड क्षेत्रीय कार्यालय एकूण बेरीज,RE14B301,Slum,90.0
2019-20,WardOfficeNonPlan,WardOfficeNonPlan1920,5.0,,शिवाजीनगर - घोले रोड क्षेत्रीय कार्यालय एकूण बेरीज,XE12B301,WaterSupply,
2019-20,WardOfficeNonPlan,WardOfficeNonPlan1920,5.0,,शिवाजीनगर - घोले रोड क्षेत्रीय कार्यालय एकूण बेरीज,XE23A301,Sewerage_foul,87.5
2019-20,WardOfficeNonPlan,WardOfficeNonPlan1920,6.0,,कोथरूड - बावधन क्षेत्रीय कार्यालय एकूण बेरीज,RE20A301,Roads,150.0
2019-20,WardOfficeNonPlan,WardOfficeNonPlan1920,6.0,,कोथरूड - बावधन क्षेत्रीय कार्यालय एकूण बेरीज,RE20C301,Electrical,10.0
2019-20,WardOfficeNonPlan,WardOfficeNonPlan1920,6.0,,कोथरूड - बावधन क्षेत्रीय कार्यालय एकूण बेरीज,RE22C301,Buildings,55.0
2019-20,WardOfficeNonPlan,WardOfficeNonPlan1920,6.0,,कोथरूड - बावधन क्षेत्रीय कार्यालय एकूण बेरीज,RE14B301,Slum,55.0
2019-20,WardOfficeNonPlan,WardOfficeNonPlan1920,6.0,,कोथरूड - बावधन क्षेत्रीय कार्यालय एकूण बेरीज,XE12B301,WaterSupply,
2019-20,WardOfficeNonPlan,WardOfficeNonPlan1920,6.0,,कोथरूड - बावधन क्षेत्रीय कार्यालय एकूण बेरीज,XE23A301,Sewerage_foul,75.0
2019-20,WardOfficeNonPlan,WardOfficeNonPlan1920,7.0,,धनकवडी - सहकारनगर क्षेत्रीय कार्यालय एकूण बेरीज,RE20A301,Roads,148.25
2019-20,WardOfficeNonPlan,WardOfficeNonPlan1920,7.0,,धनकवडी - सहकारनगर क्षेत्रीय कार्यालय एकूण बेरीज,RE20C301,Electrical,36.5
2019-20,WardOfficeNonPlan,WardOfficeNonPlan1920,7.0,,धनकवडी - सहकारनगर क्षेत्रीय कार्यालय एकूण बेरीज,RE22C301,Buildings,70.25
2019-20,WardOfficeNonPlan,WardOfficeNonPlan1920,7.0,,धनकवडी - सहकारनगर क्षेत्रीय कार्यालय एकूण बेरीज,RE14B301,Slum,17.75
2019-20,WardOfficeNonPlan,WardOfficeNonPlan1920,7.0,,धनकवडी - सहकारनगर क्षेत्रीय कार्यालय एकूण बेरीज,XE12B301,WaterSupply,7.0
2019-20,WardOfficeNonPlan,WardOfficeNonPlan1920,7.0,,धनकवडी - सहकारनगर क्षेत्रीय कार्यालय एकूण बेरीज,XE23A301,Sewerage_foul,98.75
2019-20,WardOfficeNonPlan,WardOfficeNonPlan1920,8.0,,सिंहगड रोड क्षेत्रीय कार्यालय एकूण बेरीज,RE20A301,Roads,152.5
2019-20,WardOfficeNonPlan,WardOfficeNonPlan1920,8.0,,सिंहगड रोड क्षेत्रीय कार्यालय एकूण बेरीज,RE20C301,Electrical,44.0
2019-20,WardOfficeNonPlan,WardOfficeNonPlan1920,8.0,,सिंहगड रोड क्षेत्रीय कार्यालय एकूण बेरीज,RE22C301,Buildings,82.5
2019-20,WardOfficeNonPlan,WardOfficeNonPlan1920,8.0,,सिंहगड रोड क्षेत्रीय कार्यालय एकूण बेरीज,RE14B301,Slum,51.0
2019-20,WardOfficeNonPlan,WardOfficeNonPlan1920,8.0,,सिंहगड रोड क्षेत्रीय कार्यालय एकूण बेरीज,XE12B301,WaterSupply,
2019-20,WardOfficeNonPlan,WardOfficeNonPlan1920,8.0,,सिंहगड रोड क्षेत्रीय कार्यालय एकूण बेरीज,XE23A301,Sewerage_foul,120.0
2019-20,WardOfficeNonPlan,WardOfficeNonPlan1920,9.0,,वारजे - कर्वेनगर क्षेत्रीय कार्यालय एकूण बेरीज,RE20A301,Roads,82.5
2019-20,WardOfficeNonPlan,WardOfficeNonPlan1920,9.0,,वारजे - कर्वेनगर क्षेत्रीय कार्यालय एकूण बेरीज,RE20C301,Electrical,90.5
2019-20,WardOfficeNonPlan,WardOfficeNonPlan1920,9.0,,वारजे - कर्वेनगर क्षेत्रीय कार्यालय एकूण बेरीज,RE22C301,Buildings,40.0
2019-20,WardOfficeNonPlan,WardOfficeNonPlan1920,9.0,,वारजे - कर्वेनगर क्षेत्रीय कार्यालय एकूण बेरीज,RE14B301,Slum,80.0
2019-20,WardOfficeNonPlan,WardOfficeNonPlan1920,9.0,,वारजे - कर्वेनगर क्षेत्रीय कार्यालय एकूण बेरीज,XE12B301,WaterSupply,
2019-20,WardOfficeNonPlan,WardOfficeNonPlan1920,9.0,,वारजे - कर्वेनगर क्षेत्रीय कार्यालय एकूण बेरीज,XE23A301,Sewerage_foul,60.0
2019-20,WardOfficeNonPlan,WardOfficeNonPlan1920,10.0,,हडपसर - मुंढवा क्षेत्रीय कार्यालय एकूण बेरीज,RE20A301,Roads,97.5
2019-20,WardOfficeNonPlan,WardOfficeNonPlan1920,10.0,,हडपसर - मुंढवा क्षेत्रीय कार्यालय एकूण बेरीज,RE20C301,Electrical,17.5
2019-20,WardOfficeNonPlan,WardOfficeNonPlan1920,10.0,,हडपसर - मुंढवा क्षेत्रीय कार्यालय एकूण बेरीज,RE22C301,Buildings,80.0
2019-20,WardOfficeNonPlan,WardOfficeNonPlan1920,10.0,,हडपसर - मुंढवा क्षेत्रीय कार्यालय एकूण बेरीज,RE14B301,Slum,45.0
2019-20,WardOfficeNonPlan,WardOfficeNonPlan1920,10.0,,हडपसर - मुंढवा क्षेत्रीय कार्यालय एकूण बेरीज,XE12B301,WaterSupply,
2019-20,WardOfficeNonPlan,WardOfficeNonPlan1920,10.0,,हडपसर - मुंढवा क्षेत्रीय कार्यालय एकूण बेरीज,XE23A301,Sewerage_foul,40.0
2019-20,WardOfficeNonPlan,WardOfficeNonPlan1920,11.0,,वानवडी - रामटेकडी क्षेत्रीय कार्यालय एकूण बेरीज,RE20A301,Roads,35.0
2019-20,WardOfficeNonPlan,WardOfficeNonPlan1920,11.0,,वानवडी - रामटेकडी क्षेत्रीय कार्यालय एकूण बेरीज,RE20C301,Electrical,50.0
2019-20,WardOfficeNonPlan,WardOfficeNonPlan1920,11.0,,वानवडी - रामटेकडी क्षेत्रीय कार्यालय एकूण बेरीज,RE22C301,Buildings,42.5
2019-20,WardOfficeNonPlan,WardOfficeNonPlan1920,11.0,,वानवडी - रामटेकडी क्षेत्रीय कार्यालय एकूण बेरीज,RE14B301,Slum,10.0
2019-20,WardOfficeNonPlan,WardOfficeNonPlan1920,11.0,,वानवडी - रामटेकडी क्षेत्रीय कार्यालय एकूण बेरीज,XE12B301,WaterSupply,
2019-20,WardOfficeNonPlan,WardOfficeNonPlan1920,11.0,,वानवडी - रामटेकडी क्षेत्रीय कार्यालय एकूण बेरीज,XE23A301,Sewerage_foul,37.5
2019-20,WardOfficeNonPlan,WardOfficeNonPlan1920,12.0,,कोंढवा - येवलेवाडी क्षेत्रीय कार्यालय एकूण बेरीज,RE20A301,Roads,
2019-20,WardOfficeNonPlan,WardOfficeNonPlan1920,12.0,,कोंढवा - येवलेवाडी क्षेत्रीय कार्यालय एकूण बेरीज,RE20C301,Electrical,
2019-20,WardOfficeNonPlan,WardOfficeNonPlan1920,12.0,,कोंढवा - येवलेवाडी क्षेत्रीय कार्यालय एकूण बेरीज,RE22C301,Buildings,
2019-20,WardOfficeNonPlan,WardOfficeNonPlan1920,12.0,,कोंढवा - येवलेवाडी क्षेत्रीय कार्यालय एकूण बेरीज,RE14B301,Slum,
2019-20,WardOfficeNonPlan,WardOfficeNonPlan1920,12.0,,कोंढवा - येवलेवाडी क्षेत्रीय कार्यालय एकूण बेरीज,XE12B301,WaterSupply,
2019-20,WardOfficeNonPlan,WardOfficeNonPlan1920,12.0,,कोंढवा - येवलेवाडी क्षेत्रीय कार्यालय एकूण बेरीज,XE23A301,Sewerage_foul,
2019-20,WardOfficeNonPlan,WardOfficeNonPlan1920,13.0,,कसबा - विश्रामबागवाडा क्षेत्रीय कार्यालय एकूण बेरीज,RE20A301,Roads,120.0
2019-20,WardOfficeNonPlan,WardOfficeNonPlan1920,13.0,,कसबा - विश्रामबागवाडा क्षेत्रीय कार्यालय एकूण बेरीज,RE20C301,Electrical,30.0
2019-20,WardOfficeNonPlan,WardOfficeNonPlan1920,13.0,,कसबा - विश्रामबागवाडा क्षेत्रीय कार्यालय एकूण बेरीज,RE22C301,Buildings,125.0
2019-20,WardOfficeNonPlan,WardOfficeNonPlan1920,13.0,,कसबा - विश्रामबागवाडा क्षेत्रीय कार्यालय एकूण बेरीज,RE14B301,Slum,62.5
2019-20,WardOfficeNonPlan,WardOfficeNonPlan1920,13.0,,कसबा - विश्रामबागवाडा क्षेत्रीय कार्यालय एकूण बेरीज,XE12B301,WaterSupply,
2019-20,WardOfficeNonPlan,WardOfficeNonPlan1920,13.0,,कसबा - विश्रामबागवाडा क्षेत्रीय कार्यालय एकूण बेरीज,XE23A301,Sewerage_foul,112.5
2019-20,WardOfficeNonPlan,WardOfficeNonPlan1920,14.0,,भवानी पेठ क्षेत्रीय कार्यालय एकूण बेरीज,RE20A301,Roads,146.5
2019-20,WardOfficeNonPlan,WardOfficeNonPlan1920,14.0,,भवानी पेठ क्षेत्रीय कार्यालय एकूण बेरीज,RE20C301,Electrical,64.0
2019-20,WardOfficeNonPlan,WardOfficeNonPlan1920,14.0,,भवानी पेठ क्षेत्रीय कार्यालय एकूण बेरीज,RE22C301,Buildings,42.5
2019-20,WardOfficeNonPlan,WardOfficeNonPlan1920,14.0,,भवानी पेठ क्षेत्रीय कार्यालय एकूण बेरीज,RE14B301,Slum,49.5
2019-20,WardOfficeNonPlan,WardOfficeNonPlan1920,14.0,,भवानी पेठ क्षेत्रीय कार्यालय एकूण बेरीज,XE12B301,WaterSupply,15.0
2019-20,WardOfficeNonPlan,WardOfficeNonPlan1920,14.0,,भवानी पेठ क्षेत्रीय कार्यालय एकूण बेरीज,XE23A301,Sewerage_foul,132.5
2019-20,WardOfficeNonPlan,WardOfficeNonPlan1920,15.0,,बिबवेवाडी क्षेत्रीय कार्यालय एकूण बेरीज,RE20A301,Roads,62.5
2019-20,WardOfficeNonPlan,WardOfficeNonPlan1920,15.0,,बिबवेवाडी क्षेत्रीय कार्यालय एकूण बेरीज,RE20C301,Electrical,32.5
2019-20,WardOfficeNonPlan,WardOfficeNonPlan1920,15.0,,बिबवेवाडी क्षेत्रीय कार्यालय एकूण बेरीज,RE22C301,Buildings,25.0
2019-20,WardOfficeNonPlan,WardOfficeNonPlan1920,15.0,,बिबवेवाडी क्षेत्रीय कार्यालय एकूण बेरीज,RE14B301,Slum,5.0
2019-20,WardOfficeNonPlan,WardOfficeNonPlan1920,15.0,,बिबवेवाडी क्षेत्रीय कार्यालय एकूण बेरीज,XE12B301,WaterSupply,12.5
2019-20,WardOfficeNonPlan,WardOfficeNonPlan1920,15.0,,बिबवेवाडी क्षेत्रीय कार्यालय एकूण बेरीज,XE23A301,Sewerage_foul,30.0
2019-20,CitizensPlan,CitizensPlan1920,1.0,,नगररोड - वडगावशेरी क्षेत्रीय कार्यालय एकूण बेरीज,CE20A1196,Roads,
2019-20,CitizensPlan,CitizensPlan1920,1.0,,नगररोड - वडगावशेरी क्षेत्रीय कार्यालय एकूण बेरीज,CE20C406,Electrical,
2019-20,CitizensPlan,CitizensPlan1920,1.0,,नगररोड - वडगावशेरी क्षेत्रीय कार्यालय एकूण बेरीज,CE22A547,Buildings,
2019-20,CitizensPlan,CitizensPlan1920,1.0,,नगररोड - वडगावशेरी क्षेत्रीय कार्यालय एकूण बेरीज,FE14A121,Slum,
2019-20,CitizensPlan,CitizensPlan1920,1.0,,नगररोड - वडगावशेरी क्षेत्रीय कार्यालय एकूण बेरीज,ZE16A117,WaterSupply,
2019-20,CitizensPlan,CitizensPlan1920,1.0,,नगररोड - वडगावशेरी क्षेत्रीय कार्यालय एकूण बेरीज,ZE16B130,Sewerage_foul,
2019-20,CitizensPlan,CitizensPlan1920,2.0,,येरवडा - कळस - धानोरी क्षेत्रीय कार्यालय एकूण बेरीज,CE20A1196,Roads,
2019-20,CitizensPlan,CitizensPlan1920,2.0,,येरवडा - कळस - धानोरी क्षेत्रीय कार्यालय एकूण बेरीज,CE20C406,Electrical,
2019-20,CitizensPlan,CitizensPlan1920,2.0,,येरवडा - कळस - धानोरी क्षेत्रीय कार्यालय एकूण बेरीज,CE22A547,Buildings,
2019-20,CitizensPlan,CitizensPlan1920,2.0,,येरवडा - कळस - धानोरी क्षेत्रीय कार्यालय एकूण बेरीज,FE14A121,Slum,
2019-20,CitizensPlan,CitizensPlan1920,2.0,,येरवडा - कळस - धानोरी क्षेत्रीय कार्यालय एकूण बेरीज,ZE16A117,WaterSupply,
2019-20,CitizensPlan,CitizensPlan1920,2.0,,येरवडा - कळस - धानोरी क्षेत्रीय कार्यालय एकूण बेरीज,ZE16B130,Sewerage_foul,
2019-20,CitizensPlan,CitizensPlan1920,3.0,,ढोलेपाटील क्षेत्रीय कार्यालय एकूण बेरीज,CE20A1196,Roads,
2019-20,CitizensPlan,CitizensPlan1920,3.0,,ढोलेपाटील क्षेत्रीय कार्यालय एकूण बेरीज,CE20C406,Electrical,
2019-20,CitizensPlan,CitizensPlan1920,3.0,,ढोलेपाटील क्षेत्रीय कार्यालय एकूण बेरीज,CE22A547,Buildings,
2019-20,CitizensPlan,CitizensPlan1920,3.0,,ढोलेपाटील क्षेत्रीय कार्यालय एकूण बेरीज,FE14A121,Slum,
2019-20,CitizensPlan,CitizensPlan1920,3.0,,ढोलेपाटील क्षेत्रीय कार्यालय एकूण बेरीज,ZE16A117,WaterSupply,
2019-20,CitizensPlan,CitizensPlan1920,3.0,,ढोलेपाटील क्षेत्रीय कार्यालय एकूण बेरीज,ZE16B130,Sewerage_foul,
2019-20,CitizensPlan,CitizensPlan1920,4.0,,औंध - बाणेर क्षेत्रीय कार्यालय एकूण बेरीज,CE20A1196,Roads,
2019-20,CitizensPlan,CitizensPlan1920,4.0,,औंध - बाणेर क्षेत्रीय कार्यालय एकूण बेरीज,CE20C406,Electrical,
2019-20,CitizensPlan,CitizensPlan1920,4.0,,औंध - बाणेर क्षेत्रीय कार्यालय एकूण बेरीज,CE22A547,Buildings,
2019-20,CitizensPlan,CitizensPlan1920,4.0,,औंध - बाणेर क्षेत्रीय कार्यालय एकूण बेरीज,FE14A121,Slum,
2019-20,CitizensPlan,CitizensPlan1920,4.0,,औंध - बाणेर क्षेत्रीय कार्यालय एकूण बेरीज,ZE16A117,WaterSupply,
2019-20,CitizensPlan,CitizensPlan1920,4.0,,औंध - बाणेर क्षेत्रीय कार्यालय एकूण बेरीज,ZE16B130,Sewerage_foul,
2019-20,CitizensPlan,CitizensPlan1920,5.0,,शिवाजीनगर - घोले रोड क्षेत्रीय कार्यालय एकूण बेरीज,CE20A1196,Roads,
2019-20,CitizensPlan,CitizensPlan1920,5.0,,शिवाजीनगर - घोले रोड क्षेत्रीय कार्यालय एकूण बेरीज,CE20C406,Electrical,
2019-20,CitizensPlan,CitizensPlan1920,5.0,,शिवाजीनगर - घोले रोड क्षेत्रीय कार्यालय एकूण बेरीज,CE22A547,Buildings,
2019-20,CitizensPlan,CitizensPlan1920,5.0,,शिवाजीनगर - घोले रोड क्षेत्रीय कार्यालय एकूण बेरीज,FE14A121,Slum,
2019-20,CitizensPlan,CitizensPlan1920,5.0,,शिवाजीनगर - घोले रोड क्षेत्रीय कार्यालय एकूण बेरीज,ZE16A117,WaterSupply,
2019-20,CitizensPlan,CitizensPlan1920,5.0,,शिवाजीनगर - घोले रोड क्षेत्रीय कार्यालय एकूण बेरीज,ZE16B130,Sewerage_foul,
2019-20,CitizensPlan,CitizensPlan1920,6.0,,कोथरूड - बावधन क्षेत्रीय कार्यालय एकूण बेरीज,CE20A1196,Roads,36.0
2019-20,CitizensPlan,CitizensPlan1920,6.0,,कोथरूड - बावधन क्षेत्रीय कार्यालय एकूण बेरीज,CE20C406,Electrical,18.0
2019-20,CitizensPlan,CitizensPlan1920,6.0,,कोथरूड - बावधन क्षेत्रीय कार्यालय एकूण बेरीज,CE22A547,Buildings,5.0
2019-20,CitizensPlan,CitizensPlan1920,6.0,,कोथरूड - बावधन क्षेत्रीय कार्यालय एकूण बेरीज,FE14A121,Slum,
2019-20,CitizensPlan,CitizensPlan1920,6.0,,कोथरूड - बावधन क्षेत्रीय कार्यालय एकूण बेरीज,ZE16A117,WaterSupply,
2019-20,CitizensPlan,CitizensPlan1920,6.0,,कोथरूड - बावधन क्षेत्रीय कार्यालय एकूण बेरीज,ZE16B130,Sewerage_foul,22.0
2019-20,CitizensPlan,CitizensPlan1920,7.0,,धनकवडी - सहकारनगर क्षेत्रीय कार्यालय एकूण बेरीज,CE20A1196,Roads,11.0
2019-20,CitizensPlan,CitizensPlan1920,7.0,,धनकवडी - सहकारनगर क्षेत्रीय कार्यालय एकूण बेरीज,CE20C406,Electrical,15.0
2019-20,CitizensPlan,CitizensPlan1920,7.0,,धनकवडी - सहकारनगर क्षेत्रीय कार्यालय एकूण बेरीज,CE22A547,Buildings,10.5
2019-20,CitizensPlan,CitizensPlan1920,7.0,,धनकवडी - सहकारनगर क्षेत्रीय कार्यालय एकूण बेरीज,FE14A121,Slum,
2019-20,CitizensPlan,CitizensPlan1920,7.0,,धनकवडी - सहकारनगर क्षेत्रीय कार्यालय एकूण बेरीज,ZE16A117,WaterSupply,4.0
2019-20,CitizensPlan,CitizensPlan1920,7.0,,धनकवडी - सहकारनगर क्षेत्रीय कार्यालय एकूण बेरीज,ZE16B130,Sewerage_foul,4.0
2019-20,CitizensPlan,CitizensPlan1920,8.0,,सिंहगड रोड क्षेत्रीय कार्यालय एकूण बेरीज,CE20A1196,Roads,
2019-20,CitizensPlan,CitizensPlan1920,8.0,,सिंहगड रोड क्षेत्रीय कार्यालय एकूण बेरीज,CE20C406,Electrical,
2019-20,CitizensPlan,CitizensPlan1920,8.0,,सिंहगड रोड क्षेत्रीय कार्यालय एकूण बेरीज,CE22A547,Buildings,
2019-20,CitizensPlan,CitizensPlan1920,8.0,,सिंहगड रोड क्षेत्रीय कार्यालय एकूण बेरीज,FE14A121,Slum,
2019-20,CitizensPlan,CitizensPlan1920,8.0,,सिंहगड रोड क्षेत्रीय कार्यालय एकूण बेरीज,ZE16A117,WaterSupply,
2019-20,CitizensPlan,CitizensPlan1920,8.0,,सिंहगड रोड क्षेत्रीय कार्यालय एकूण बेरीज,ZE16B130,Sewerage_foul,
2019-20,CitizensPlan,CitizensPlan1920,9.0,,वारजे - कर्वेनगर क्षेत्रीय कार्यालय एकूण बेरीज,CE20A1196,Roads,24.0
2019-20,CitizensPlan,CitizensPlan1920,9.0,,वारजे - कर्वेनगर क्षेत्रीय कार्यालय एकूण बेरीज,CE20C406,Electrical,10.0
2019-20,CitizensPlan,CitizensPlan1920,9.0,,वारजे - कर्वेनगर क्षेत्रीय कार्यालय एकूण बेरीज,CE22A547,Buildings,15.0
2019-20,CitizensPlan,CitizensPlan1920,9.0,,वारजे - कर्वेनगर क्षेत्रीय कार्यालय एकूण बेरीज,FE14A121,Slum,23.0
2019-20,CitizensPlan,CitizensPlan1920,9.0,,वारजे - कर्वेनगर क्षेत्रीय कार्यालय एकूण बेरीज,ZE16A117,WaterSupply,
2019-20,CitizensPlan,CitizensPlan1920,9.0,,वारजे - कर्वेनगर क्षेत्रीय कार्यालय एकूण बेरीज,ZE16B130,Sewerage_foul,27.0
2019-20,CitizensPlan,CitizensPlan1920,10.0,,हडपसर - मुंढवा क्षेत्रीय कार्यालय एकूण बेरीज,CE20A1196,Roads,77.0
2019-20,CitizensPlan,CitizensPlan1920,10.0,,हडपसर - मुंढवा क्षेत्रीय कार्यालय एकूण बेरीज,CE20C406,Electrical,18.0
2019-20,CitizensPlan,CitizensPlan1920,10.0,,हडपसर - मुंढवा क्षेत्रीय कार्यालय एकूण बेरीज,CE22A547,Buildings,15.0
2019-20,CitizensPlan,CitizensPlan1920,10.0,,हडपसर - मुंढवा क्षेत्रीय कार्यालय एकूण बेरीज,FE14A121,Slum,10.0
2019-20,CitizensPlan,CitizensPlan1920,10.0,,हडपसर - मुंढवा क्षेत्रीय कार्यालय एकूण बेरीज,ZE16A117,WaterSupply,30.0
2019-20,CitizensPlan,CitizensPlan1920,10.0,,हडपसर - मुंढवा क्षेत्रीय कार्यालय एकूण बेरीज,ZE16B130,Sewerage_foul,17.0
2019-20,CitizensPlan,CitizensPlan1920,11.0,,वानवडी - रामटेकडी क्षेत्रीय कार्यालय एकूण बेरीज,CE20A1196,Roads,83.0
2019-20,CitizensPlan,CitizensPlan1920,11.0,,वानवडी - रामटेकडी क्षेत्रीय कार्यालय एकूण बेरीज,CE20C406,Electrical,25.0
2019-20,CitizensPlan,CitizensPlan1920,11.0,,वानवडी - रामटेकडी क्षेत्रीय कार्यालय एकूण बेरीज,CE22A547,Buildings,10.0
2019-20,CitizensPlan,CitizensPlan1920,11.0,,वानवडी - रामटेकडी क्षेत्रीय कार्यालय एकूण बेरीज,FE14A121,Slum,2.0
2019-20,CitizensPlan,CitizensPlan1920,11.0,,वानवडी - रामटेकडी क्षेत्रीय कार्यालय एकूण बेरीज,ZE16A117,WaterSupply,
2019-20,CitizensPlan,CitizensPlan1920,11.0,,वानवडी - रामटेकडी क्षेत्रीय कार्यालय एकूण बेरीज,ZE16B130,Sewerage_foul,35.0
2019-20,CitizensPlan,CitizensPlan1920,12.0,,कोंढवा - येवलेवाडी क्षेत्रीय कार्यालय एकूण बेरीज,CE20A1196,Roads,
2019-20,CitizensPlan,CitizensPlan1920,12.0,,कोंढवा - येवलेवाडी क्षेत्रीय कार्यालय एकूण बेरीज,CE20C406,Electrical,
2019-20,CitizensPlan,CitizensPlan1920,12.0,,कोंढवा - येवलेवाडी क्षेत्रीय कार्यालय एकूण बेरीज,CE22A547,Buildings,
2019-20,CitizensPlan,CitizensPlan1920,12.0,,कोंढवा - येवलेवाडी क्षेत्रीय कार्यालय एकूण बेरीज,FE14A121,Slum,
2019-20,CitizensPlan,CitizensPlan1920,12.0,,कोंढवा - येवलेवाडी क्षेत्रीय कार्यालय एकूण बेरीज,ZE16A117,WaterSupply,
2019-20,CitizensPlan,CitizensPlan1920,12.0,,कोंढवा - येवलेवाडी क्षेत्रीय कार्यालय एकूण बेरीज,ZE16B130,Sewerage_foul,
2019-20,CitizensPlan,CitizensPlan1920,13.0,,कसबा - विश्रामबागवाडा क्षेत्रीय कार्यालय एकूण बेरीज,CE20A1196,Roads,
2019-20,CitizensPlan,CitizensPlan1920,13.0,,कसबा - विश्रामबागवाडा क्षेत्रीय कार्यालय एकूण बेरीज,CE20C406,Electrical,
2019-20,CitizensPlan,CitizensPlan1920,13.0,,कसबा - विश्रामबागवाडा क्षेत्रीय कार्यालय एकूण बेरीज,CE22A547,Buildings,
2019-20,CitizensPlan,CitizensPlan1920,13.0,,कसबा - विश्रामबागवाडा क्षेत्रीय कार्यालय एकूण बेरीज,FE14A121,Slum,
2019-20,CitizensPlan,CitizensPlan1920,13.0,,कसबा - विश्रामबागवाडा क्षेत्रीय कार्यालय एकूण बेरीज,ZE16A117,WaterSupply,
2019-20,CitizensPlan,CitizensPlan1920,13.0,,कसबा - विश्रामबागवाडा क्षेत्रीय कार्यालय एकूण बेरीज,ZE16B130,Sewerage_foul,
2019-20,CitizensPlan,CitizensPlan1920,14.0,,भवानी पेठ क्षेत्रीय कार्यालय एकूण बेरीज,CE20A1196,Roads,
2019-20,CitizensPlan,CitizensPlan1920,14.0,,भवानी पेठ क्षेत्रीय कार्यालय एकूण बेरीज,CE20C406,Electrical,
2019-20,CitizensPlan,CitizensPlan1920,14.0,,भवानी पेठ क्षेत्रीय कार्यालय एकूण बेरीज,CE22A547,Buildings,
2019-20,CitizensPlan,CitizensPlan1920,14.0,,भवानी पेठ क्षेत्रीय कार्यालय एकूण बेरीज,FE14A121,Slum,
2019-20,CitizensPlan,CitizensPlan1920,14.0,,भवानी पेठ क्षेत्रीय कार्यालय एकूण बेरीज,ZE16A117,WaterSupply,
2019-20,CitizensPlan,CitizensPlan1920,14.0,,भवानी पेठ क्षेत्रीय कार्यालय एकूण बेरीज,ZE16B130,Sewerage_foul,
2019-20,CitizensPlan,CitizensPlan1920,15.0,,बिबवेवाडी क्षेत्रीय कार्यालय एकूण बेरीज,CE20A1196,Roads,32.0
2019-20,CitizensPlan,CitizensPlan1920,15.0,,बिबवेवाडी क्षेत्रीय कार्यालय एकूण बेरीज,CE20C406,Electrical,3.0
2019-20,CitizensPlan,CitizensPlan1920,15.0,,बिबवेवाडी क्षेत्रीय कार्यालय एकूण बेरीज,CE22A547,Buildings,23.0
2019-20,CitizensPlan,CitizensPlan1920,15.0,,बिबवेवाडी क्षेत्रीय कार्यालय एकूण बेरीज,FE14A121,Slum,5.0
2019-20,CitizensPlan,CitizensPlan1920,15.0,,बिबवेवाडी क्षेत्रीय कार्यालय एकूण बेरीज,ZE16A117,WaterSupply,5.0
2019-20,CitizensPlan,CitizensPlan1920,15.0,,बिबवेवाडी क्षेत्रीय कार्यालय एकूण बेरीज,ZE16B130,Sewerage_foul,5.0
2019-20,CitizensNonPlan,CitizensNonPlan1920,1.0,,नगररोड - वडगावशेरी क्षेत्रीय कार्यालय एकूण बेरीज,RE20A302,Roads,100.0
2019-20,CitizensNonPlan,CitizensNonPlan1920,1.0,,नगररोड - वडगावशेरी क्षेत्रीय कार्यालय एकूण बेरीज,RE20C302,Electrical,40.0
2019-20,CitizensNonPlan,CitizensNonPlan1920,1.0,,नगररोड - वडगावशेरी क्षेत्रीय कार्यालय एकूण बेरीज,RE22C302,Buildings,35.0
2019-20,CitizensNonPlan,CitizensNonPlan1920,1.0,,नगररोड - वडगावशेरी क्षेत्रीय कार्यालय एकूण बेरीज,RE14B302,Slum,30.0
2019-20,CitizensNonPlan,CitizensNonPlan1920,1.0,,नगररोड - वडगावशेरी क्षेत्रीय कार्यालय एकूण बेरीज,XE12B302,WaterSupply,15.0
2019-20,CitizensNonPlan,CitizensNonPlan1920,1.0,,नगररोड - वडगावशेरी क्षेत्रीय कार्यालय एकूण बेरीज,XE23A302,Sewerage_foul,80.0
2019-20,CitizensNonPlan,CitizensNonPlan1920,2.0,,येरवडा - कळस - धानोरी क्षेत्रीय कार्यालय एकूण बेरीज,RE20A302,Roads,90.0
2019-20,CitizensNonPlan,CitizensNonPlan1920,2.0,,येरवडा - कळस - धानोरी क्षेत्रीय कार्यालय एकूण बेरीज,RE20C302,Electrical,32.0
2019-20,CitizensNonPlan,CitizensNonPlan1920,2.0,,येरवडा - कळस - धानोरी क्षेत्रीय कार्यालय एकूण बेरीज,RE22C302,Buildings,69.0
2019-20,CitizensNonPlan,CitizensNonPlan1920,2.0,,येरवडा - कळस - धानोरी क्षेत्रीय कार्यालय एकूण बेरीज,RE14B302,Slum,34.0
2019-20,CitizensNonPlan,CitizensNonPlan1920,2.0,,येरवडा - कळस - धानोरी क्षेत्रीय कार्यालय एकूण बेरीज,XE12B302,WaterSupply,5.0
2019-20,CitizensNonPlan,CitizensNonPlan1920,2.0,,येरवडा - कळस - धानोरी क्षेत्रीय कार्यालय एकूण बेरीज,XE23A302,Sewerage_foul,70.0
2019-20,CitizensNonPlan,CitizensNonPlan1920,3.0,,ढोलेपाटील क्षेत्रीय कार्यालय एकूण बेरीज,RE20A302,Roads,47.0
2019-20,CitizensNonPlan,CitizensNonPlan1920,3.0,,ढोलेपाटील क्षेत्रीय कार्यालय एकूण बेरीज,RE20C302,Electrical,36.0
2019-20,CitizensNonPlan,CitizensNonPlan1920,3.0,,ढोलेपाटील क्षेत्रीय कार्यालय एकूण बेरीज,RE22C302,Buildings,23.0
2019-20,CitizensNonPlan,CitizensNonPlan1920,3.0,,ढोलेपाटील क्षेत्रीय कार्यालय एकूण बेरीज,RE14B302,Slum,50.0
2019-20,CitizensNonPlan,CitizensNonPlan1920,3.0,,ढोलेपाटील क्षेत्रीय कार्यालय एकूण बेरीज,XE12B302,WaterSupply,12.0
2019-20,CitizensNonPlan,CitizensNonPlan1920,3.0,,ढोलेपाटील क्षेत्रीय कार्यालय एकूण बेरीज,XE23A302,Sewerage_foul,32.0
2019-20,CitizensNonPlan,CitizensNonPlan1920,4.0,,औंध - बाणेर क्षेत्रीय कार्यालय एकूण बेरीज,RE20A302,Roads,95.0
2019-20,CitizensNonPlan,CitizensNonPlan1920,4.0,,औंध - बाणेर क्षेत्रीय कार्यालय एकूण बेरीज,RE20C302,Electrical,40.0
2019-20,CitizensNonPlan,CitizensNonPlan1920,4.0,,औंध - बाणेर क्षेत्रीय कार्यालय एकूण बेरीज,RE22C302,Buildings,35.0
2019-20,CitizensNonPlan,CitizensNonPlan1920,4.0,,औंध - बाणेर क्षेत्रीय कार्यालय एकूण बेरीज,RE14B302,Slum,25.0
2019-20,CitizensNonPlan,CitizensNonPlan1920,4.0,,औंध - बाणेर क्षेत्रीय कार्यालय एकूण बेरीज,XE12B302,WaterSupply,
2019-20,CitizensNonPlan,CitizensNonPlan1920,4.0,,औंध - बाणेर क्षेत्रीय कार्यालय एकूण बेरीज,XE23A302,Sewerage_foul,5.0
2019-20,CitizensNonPlan,CitizensNonPlan1920,5.0,,शिवाजीनगर - घोले रोड क्षेत्रीय कार्यालय एकूण बेरीज,RE20A302,Roads,40.0
2019-20,CitizensNonPlan,CitizensNonPlan1920,5.0,,शिवाजीनगर - घोले रोड क्षेत्रीय कार्यालय एकूण बेरीज,RE20C302,Electrical,35.0
2019-20,CitizensNonPlan,CitizensNonPlan1920,5.0,,शिवाजीनगर - घोले रोड क्षेत्रीय कार्यालय एकूण बेरीज,RE22C302,Buildings,40.0
2019-20,CitizensNonPlan,CitizensNonPlan1920,5.0,,शिवाजीनगर - घोले रोड क्षेत्रीय कार्यालय एकूण बेरीज,RE14B302,Slum,10.0
2019-20,CitizensNonPlan,CitizensNonPlan1920,5.0,,शिवाजीनगर - घोले रोड क्षेत्रीय कार्यालय एकूण बेरीज,XE12B302,WaterSupply,5.0
2019-20,CitizensNonPlan,CitizensNonPlan1920,5.0,,शिवाजीनगर - घोले रोड क्षेत्रीय कार्यालय एकूण बेरीज,XE23A302,Sewerage_foul,70.0
2019-20,CitizensNonPlan,CitizensNonPlan1920,6.0,,कोथरूड - बावधन क्षेत्रीय कार्यालय एकूण बेरीज,RE20A302,Roads,102.0
2019-20,CitizensNonPlan,CitizensNonPlan1920,6.0,,कोथरूड - बावधन क्षेत्रीय कार्यालय एकूण बेरीज,RE20C302,Electrical,8.0
2019-20,CitizensNonPlan,CitizensNonPlan1920,6.0,,कोथरूड - बावधन क्षेत्रीय कार्यालय एकूण बेरीज,RE22C302,Buildings,18.0
2019-20,CitizensNonPlan,CitizensNonPlan1920,6.0,,कोथरूड - बावधन क्षेत्रीय कार्यालय एकूण बेरीज,RE14B302,Slum,34.0
2019-20,CitizensNonPlan,CitizensNonPlan1920,6.0,,कोथरूड - बावधन क्षेत्रीय कार्यालय एकूण बेरीज,XE12B302,WaterSupply,
2019-20,CitizensNonPlan,CitizensNonPlan1920,6.0,,कोथरूड - बावधन क्षेत्रीय कार्यालय एकूण बेरीज,XE23A302,Sewerage_foul,57.0
2019-20,CitizensNonPlan,CitizensNonPlan1920,7.0,,धनकवडी - सहकारनगर क्षेत्रीय कार्यालय एकूण बेरीज,RE20A302,Roads,55.5
2019-20,CitizensNonPlan,CitizensNonPlan1920,7.0,,धनकवडी - सहकारनगर क्षेत्रीय कार्यालय एकूण बेरीज,RE20C302,Electrical,27.0
2019-20,CitizensNonPlan,CitizensNonPlan1920,7.0,,धनकवडी - सहकारनगर क्षेत्रीय कार्यालय एकूण बेरीज,RE22C302,Buildings,33.0
2019-20,CitizensNonPlan,CitizensNonPlan1920,7.0,,धनकवडी - सहकारनगर क्षेत्रीय कार्यालय एकूण बेरीज,RE14B302,Slum,15.0
2019-20,CitizensNonPlan,CitizensNonPlan1920,7.0,,धनकवडी - सहकारनगर क्षेत्रीय कार्यालय एकूण बेरीज,XE12B302,WaterSupply,
2019-20,CitizensNonPlan,CitizensNonPlan1920,7.0,,धनकवडी - सहकारनगर क्षेत्रीय कार्यालय एकूण बेरीज,XE23A302,Sewerage_foul,125.0
2019-20,CitizensNonPlan,CitizensNonPlan1920,8.0,,सिंहगड रोड क्षेत्रीय कार्यालय एकूण बेरीज,RE20A302,Roads,172.0
2019-20,CitizensNonPlan,CitizensNonPlan1920,8.0,,सिंहगड रोड क्षेत्रीय कार्यालय एकूण बेरीज,RE20C302,Electrical,30.0
2019-20,CitizensNonPlan,CitizensNonPlan1920,8.0,,सिंहगड रोड क्षेत्रीय कार्यालय एकूण बेरीज,RE22C302,Buildings,20.0
2019-20,CitizensNonPlan,CitizensNonPlan1920,8.0,,सिंहगड रोड क्षेत्रीय कार्यालय एकूण बेरीज,RE14B302,Slum,25.0
2019-20,CitizensNonPlan,CitizensNonPlan1920,8.0,,सिंहगड रोड क्षेत्रीय कार्यालय एकूण बेरीज,XE12B302,WaterSupply,10.0
2019-20,CitizensNonPlan,CitizensNonPlan1920,8.0,,सिंहगड रोड क्षेत्रीय कार्यालय एकूण बेरीज,XE23A302,Sewerage_foul,43.0
2019-20,CitizensNonPlan,CitizensNonPlan1920,9.0,,वारजे - कर्वेनगर क्षेत्रीय कार्यालय एकूण बेरीज,RE20A302,Roads,85.0
2019-20,CitizensNonPlan,CitizensNonPlan1920,9.0,,वारजे - कर्वेनगर क्षेत्रीय कार्यालय एकूण बेरीज,RE20C302,Electrical,18.0
2019-20,CitizensNonPlan,CitizensNonPlan1920,9.0,,वारजे - कर्वेनगर क्षेत्रीय कार्यालय एकूण बेरीज,RE22C302,Buildings,23.0
2019-20,CitizensNonPlan,CitizensNonPlan1920,9.0,,वारजे - कर्वेनगर क्षेत्रीय कार्यालय एकूण बेरीज,RE14B302,Slum,14.0
2019-20,CitizensNonPlan,CitizensNonPlan1920,9.0,,वारजे - कर्वेनगर क्षेत्रीय कार्यालय एकूण बेरीज,XE12B302,WaterSupply,
2019-20,CitizensNonPlan,CitizensNonPlan1920,9.0,,वारजे - कर्वेनगर क्षेत्रीय कार्यालय एकूण बेरीज,XE23A302,Sewerage_foul,61.0
2019-20,CitizensNonPlan,CitizensNonPlan1920,10.0,,हडपसर - मुंढवा क्षेत्रीय कार्यालय एकूण बेरीज,RE20A302,Roads,72.0
2019-20,CitizensNonPlan,CitizensNonPlan1920,10.0,,हडपसर - मुंढवा क्षेत्रीय कार्यालय एकूण बेरीज,RE20C302,Electrical,13.0
2019-20,CitizensNonPlan,CitizensNonPlan1920,10.0,,हडपसर - मुंढवा क्षेत्रीय कार्यालय एकूण बेरीज,RE22C302,Buildings,10.0
2019-20,CitizensNonPlan,CitizensNonPlan1920,10.0,,हडपसर - मुंढवा क्षेत्रीय कार्यालय एकूण बेरीज,RE14B302,Slum,10.0
2019-20,CitizensNonPlan,CitizensNonPlan1920,10.0,,हडपसर - मुंढवा क्षेत्रीय कार्यालय एकूण बेरीज,XE12B302,WaterSupply,5.0
2019-20,CitizensNonPlan,CitizensNonPlan1920,10.0,,हडपसर - मुंढवा क्षेत्रीय कार्यालय एकूण बेरीज,XE23A302,Sewerage_foul,23.0
2019-20,CitizensNonPlan,CitizensNonPlan1920,11.0,,वानवडी - रामटेकडी क्षेत्रीय कार्यालय एकूण बेरीज,RE20A302,Roads,
2019-20,CitizensNonPlan,CitizensNonPlan1920,11.0,,वानवडी - रामटेकडी क्षेत्रीय कार्यालय एकूण बेरीज,RE20C302,Electrical,5.0
2019-20,CitizensNonPlan,CitizensNonPlan1920,11.0,,वानवडी - रामटेकडी क्षेत्रीय कार्यालय एकूण बेरीज,RE22C302,Buildings,15.0
2019-20,CitizensNonPlan,CitizensNonPlan1920,11.0,,वानवडी - रामटेकडी क्षेत्रीय कार्यालय एकूण बेरीज,RE14B302,Slum,20.0
2019-20,CitizensNonPlan,CitizensNonPlan1920,11.0,,वानवडी - रामटेकडी क्षेत्रीय कार्यालय एकूण बेरीज,XE12B302,WaterSupply,
2019-20,CitizensNonPlan,CitizensNonPlan1920,11.0,,वानवडी - रामटेकडी क्षेत्रीय कार्यालय एकूण बेरीज,XE23A302,Sewerage_foul,40.0
2019-20,CitizensNonPlan,CitizensNonPlan1920,12.0,,कोंढवा - येवलेवाडी क्षेत्रीय कार्यालय एकूण बेरीज,RE20A302,Roads,100.0
2019-20,CitizensNonPlan,CitizensNonPlan1920,12.0,,कोंढवा - येवलेवाडी क्षेत्रीय कार्यालय एकूण बेरीज,RE20C302,Electrical,15.0
2019-20,CitizensNonPlan,CitizensNonPlan1920,12.0,,कोंढवा - येवलेवाडी क्षेत्रीय कार्यालय एकूण बेरीज,RE22C302,Buildings,17.0
2019-20,CitizensNonPlan,CitizensNonPlan1920,12.0,,कोंढवा - येवलेवाडी क्षेत्रीय कार्यालय एकूण बेरीज,RE14B302,Slum,5.0
2019-20,CitizensNonPlan,CitizensNonPlan1920,12.0,,कोंढवा - येवलेवाडी क्षेत्रीय कार्यालय एकूण बेरीज,XE12B302,WaterSupply,
2019-20,CitizensNonPlan,CitizensNonPlan1920,12.0,,कोंढवा - येवलेवाडी क्षेत्रीय कार्यालय एकूण बेरीज,XE23A302,Sewerage_foul,63.0
2019-20,CitizensNonPlan,CitizensNonPlan1920,13.0,,कसबा - विश्रामबागवाडा क्षेत्रीय कार्यालय एकूण बेरीज,RE20A302,Roads,73.0
2019-20,CitizensNonPlan,CitizensNonPlan1920,13.0,,कसबा - विश्रामबागवाडा क्षेत्रीय कार्यालय एकूण बेरीज,RE20C302,Electrical,45.0
2019-20,CitizensNonPlan,CitizensNonPlan1920,13.0,,कसबा - विश्रामबागवाडा क्षेत्रीय कार्यालय एकूण बेरीज,RE22C302,Buildings,73.0
2019-20,CitizensNonPlan,CitizensNonPlan1920,13.0,,कसबा - विश्रामबागवाडा क्षेत्रीय कार्यालय एकूण बेरीज,RE14B302,Slum,61.0
2019-20,CitizensNonPlan,CitizensNonPlan1920,13.0,,कसबा - विश्रामबागवाडा क्षेत्रीय कार्यालय एकूण बेरीज,XE12B302,WaterSupply,7.0
2019-20,CitizensNonPlan,CitizensNonPlan1920,13.0,,कसबा - विश्रामबागवाडा क्षेत्रीय कार्यालय एकूण बेरीज,XE23A302,Sewerage_foul,41.0
2019-20,CitizensNonPlan,CitizensNonPlan1920,14.0,,भवानी पेठ क्षेत्रीय कार्यालय एकूण बेरीज,RE20A302,Roads,81.0
2019-20,CitizensNonPlan,CitizensNonPlan1920,14.0,,भवानी पेठ क्षेत्रीय कार्यालय एकूण बेरीज,RE20C302,Electrical,16.0
2019-20,CitizensNonPlan,CitizensNonPlan1920,14.0,,भवानी पेठ क्षेत्रीय कार्यालय एकूण बेरीज,RE22C302,Buildings,23.0
2019-20,CitizensNonPlan,CitizensNonPlan1920,14.0,,भवानी पेठ क्षेत्रीय कार्यालय एकूण बेरीज,RE14B302,Slum,73.0
2019-20,CitizensNonPlan,CitizensNonPlan1920,14.0,,भवानी पेठ क्षेत्रीय कार्यालय एकूण बेरीज,XE12B302,WaterSupply,9.0
2019-20,CitizensNonPlan,CitizensNonPlan1920,14.0,,भवानी पेठ क्षेत्रीय कार्यालय एकूण बेरीज,XE23A302,Sewerage_foul,98.0
2019-20,CitizensNonPlan,CitizensNonPlan1920,15.0,,बिबवेवाडी क्षेत्रीय कार्यालय एकूण बेरीज,RE20A302,Roads,55.0
2019-20,CitizensNonPlan,CitizensNonPlan1920,15.0,,बिबवेवाडी क्षेत्रीय कार्यालय एकूण बेरीज,RE20C302,Electrical,5.0
2019-20,CitizensNonPlan,CitizensNonPlan1920,15.0,,बिबवेवाडी क्षेत्रीय कार्यालय एकूण बेरीज,RE22C302,Buildings,70.0
2019-20,CitizensNonPlan,CitizensNonPlan1920,15.0,,बिबवेवाडी क्षेत्रीय कार्यालय एकूण बेरीज,RE14B302,Slum,10.0
2019-20,CitizensNonPlan,CitizensNonPlan1920,15.0,,बिबवेवाडी क्षेत्रीय कार्यालय एकूण बेरीज,XE12B302,WaterSupply,
2019-20,CitizensNonPlan,CitizensNonPlan1920,15.0,,बिबवेवाडी क्षेत्रीय कार्यालय एकूण बेरीज,XE23A302,Sewerage_foul,62.0
2020-21,WardOfficePlan,WardOfficePlan2021,1.0,,नगररोड - वडगावशेरी क्षेत्रीय कार्यालय एकूण बेरीज,CE20A176,Roads,116.5
2020-21,WardOfficePlan,WardOfficePlan2021,1.0,,नगररोड - वडगावशेरी क्षेत्रीय कार्यालय एकूण बेरीज,CE20C118,Electrical,26.0
2020-21,WardOfficePlan,WardOfficePlan2021,1.0,,नगररोड - वडगावशेरी क्षेत्रीय कार्यालय एकूण बेरीज,CE22A114,Buildings,27.5
2020-21,WardOfficePlan,WardOfficePlan2021,1.0,,नगररोड - वडगावशेरी क्षेत्रीय कार्यालय एकूण बेरीज,FE14A118,Slum,7.5
2020-21,WardOfficePlan,WardOfficePlan2021,1.0,,नगररोड - वडगावशेरी क्षेत्रीय कार्यालय एकूण बेरीज,ZE16A115,WaterSupply,0.0
2020-21,WardOfficePlan,WardOfficePlan2021,1.0,,नगररोड - वडगावशेरी क्षेत्रीय कार्यालय एकूण बेरीज,ZE16B113,Sewerage_foul,122.5
2020-21,WardOfficePlan,WardOfficePlan2021,2.0,,येरवडा - कळस - धानोरी क्षेत्रीय कार्यालय एकूण बेरीज,CE20A176,Roads,0.0
2020-21,WardOfficePlan,WardOfficePlan2021,2.0,,येरवडा - कळस - धानोरी क्षेत्रीय कार्यालय एकूण बेरीज,CE20C118,Electrical,0.0
2020-21,WardOfficePlan,WardOfficePlan2021,2.0,,येरवडा - कळस - धानोरी क्षेत्रीय कार्यालय एकूण बेरीज,CE22A114,Buildings,0.0
2020-21,WardOfficePlan,WardOfficePlan2021,2.0,,येरवडा - कळस - धानोरी क्षेत्रीय कार्यालय एकूण बेरीज,FE14A118,Slum,0.0
2020-21,WardOfficePlan,WardOfficePlan2021,2.0,,येरवडा - कळस - धानोरी क्षेत्रीय कार्यालय एकूण बेरीज,ZE16A115,WaterSupply,0.0
2020-21,WardOfficePlan,WardOfficePlan2021,2.0,,येरवडा - कळस - धानोरी क्षेत्रीय कार्यालय एकूण बेरीज,ZE16B113,Sewerage_foul,0.0
2020-21,WardOfficePlan,WardOfficePlan2021,3.0,,ढोलेपाटील क्षेत्रीय कार्यालय एकूण बेरीज,CE20A176,Roads,0.0
2020-21,WardOfficePlan,WardOfficePlan2021,3.0,,ढोलेपाटील क्षेत्रीय कार्यालय एकूण बेरीज,CE20C118,Electrical,0.0
2020-21,WardOfficePlan,WardOfficePlan2021,3.0,,ढोलेपाटील क्षेत्रीय कार्यालय एकूण बेरीज,CE22A114,Buildings,0.0
2020-21,WardOfficePlan,WardOfficePlan2021,3.0,,ढोलेपाटील क्षेत्रीय कार्यालय एकूण बेरीज,FE14A118,Slum,0.0
2020-21,WardOfficePlan,WardOfficePlan2021,3.0,,ढोलेपाटील क्षेत्रीय कार्यालय एकूण बेरीज,ZE16A115,WaterSupply,0.0
2020-21,WardOfficePlan,WardOfficePlan2021,3.0,,ढोलेपाटील क्षेत्रीय कार्यालय एकूण बेरीज,ZE16B113,Sewerage_foul,0.0
2020-21,WardOfficePlan,WardOfficePlan2021,4.0,,औंध - बाणेर क्षेत्रीय कार्यालय एकूण बेरीज,CE20A176,Roads,0.0
2020-21,WardOfficePlan,WardOfficePlan2021,4.0,,औंध - बाणेर क्षेत्रीय कार्यालय एकूण बेरीज,CE20C118,Electrical,0.0
2020-21,WardOfficePlan,WardOfficePlan2021,4.0,,औंध - बाणेर क्षेत्रीय कार्यालय एकूण बेरीज,CE22A114,Buildings,0.0
2020-21,WardOfficePlan,WardOfficePlan2021,4.0,,औंध - बाणेर क्षेत्रीय कार्यालय एकूण बेरीज,FE14A118,Slum,0.0
2020-21,WardOfficePlan,WardOfficePlan2021,4.0,,औंध - बाणेर क्षेत्रीय कार्यालय एकूण बेरीज,ZE16A115,WaterSupply,0.0
2020-21,WardOfficePlan,WardOfficePlan2021,4.0,,औंध - बाणेर क्षेत्रीय कार्यालय एकूण बेरीज,ZE16B113,Sewerage_foul,0.0
2020-21,WardOfficePlan,WardOfficePlan2021,5.0,,शिवाजीनगर - घोले रोड क्षेत्रीय कार्यालय एकूण बेरीज,CE20A176,Roads,0.0
2020-21,WardOfficePlan,WardOfficePlan2021,5.0,,शिवाजीनगर - घोले रोड क्षेत्रीय कार्यालय एकूण बेरीज,CE20C118,Electrical,0.0
2020-21,WardOfficePlan,WardOfficePlan2021,5.0,,शिवाजीनगर - घोले रोड क्षेत्रीय कार्यालय एकूण बेरीज,CE22A114,Buildings,0.0
2020-21,WardOfficePlan,WardOfficePlan2021,5.0,,शिवाजीनगर - घोले रोड क्षेत्रीय कार्यालय एकूण बेरीज,FE14A118,Slum,0.0
2020-21,WardOfficePlan,WardOfficePlan2021,5.0,,शिवाजीनगर - घोले रोड क्षेत्रीय कार्यालय एकूण बेरीज,ZE16A115,WaterSupply,0.0
2020-21,WardOfficePlan,WardOfficePlan2021,5.0,,शिवाजीनगर - घोले रोड क्षेत्रीय कार्यालय एकूण बेरीज,ZE16B113,Sewerage_foul,0.0
2020-21,WardOfficePlan,WardOfficePlan2021,6.0,,कोथरूड - बावधन क्षेत्रीय कार्यालय एकूण बेरीज,CE20A176,Roads,24.5
2020-21,WardOfficePlan,WardOfficePlan2021,6.0,,कोथरूड - बावधन क्षेत्रीय कार्यालय एकूण बेरीज,CE20C118,Electrical,0.0
2020-21,WardOfficePlan,WardOfficePlan2021,6.0,,कोथरूड - बावधन क्षेत्रीय कार्यालय एकूण बेरीज,CE22A114,Buildings,33.5
2020-21,WardOfficePlan,WardOfficePlan2021,6.0,,कोथरूड - बावधन क्षेत्रीय कार्यालय एकूण बेरीज,FE14A118,Slum,11.0
2020-21,WardOfficePlan,WardOfficePlan2021,6.0,,कोथरूड - बावधन क्षेत्रीय कार्यालय एकूण बेरीज,ZE16A115,WaterSupply,0.0
2020-21,WardOfficePlan,WardOfficePlan2021,6.0,,कोथरूड - बावधन क्षेत्रीय कार्यालय एकूण बेरीज,ZE16B113,Sewerage_foul,0.0
2020-21,WardOfficePlan,WardOfficePlan2021,7.0,,धनकवडी - सहकारनगर क्षेत्रीय कार्यालय एकूण बेरीज,CE20A176,Roads,77.0
2020-21,WardOfficePlan,WardOfficePlan2021,7.0,,धनकवडी - सहकारनगर क्षेत्रीय कार्यालय एकूण बेरीज,CE20C118,Electrical,23.5
2020-21,WardOfficePlan,WardOfficePlan2021,7.0,,धनकवडी - सहकारनगर क्षेत्रीय कार्यालय एकूण बेरीज,CE22A114,Buildings,26.5
2020-21,WardOfficePlan,WardOfficePlan2021,7.0,,धनकवडी - सहकारनगर क्षेत्रीय कार्यालय एकूण बेरीज,FE14A118,Slum,18.5
2020-21,WardOfficePlan,WardOfficePlan2021,7.0,,धनकवडी - सहकारनगर क्षेत्रीय कार्यालय एकूण बेरीज,ZE16A115,WaterSupply,0.0
2020-21,WardOfficePlan,WardOfficePlan2021,7.0,,धनकवडी - सहकारनगर क्षेत्रीय कार्यालय एकूण बेरीज,ZE16B113,Sewerage_foul,20.0
2020-21,WardOfficePlan,WardOfficePlan2021,8.0,,सिंहगड रोड क्षेत्रीय कार्यालय एकूण बेरीज,CE20A176,Roads,0.0
2020-21,WardOfficePlan,WardOfficePlan2021,8.0,,सिंहगड रोड क्षेत्रीय कार्यालय एकूण बेरीज,CE20C118,Electrical,0.0
2020-21,WardOfficePlan,WardOfficePlan2021,8.0,,सिंहगड रोड क्षेत्रीय कार्यालय एकूण बेरीज,CE22A114,Buildings,0.0
2020-21,WardOfficePlan,WardOfficePlan2021,8.0,,सिंहगड रोड क्षेत्रीय कार्यालय एकूण बेरीज,FE14A118,Slum,0.0
2020-21,WardOfficePlan,WardOfficePlan2021,8.0,,सिंहगड रोड क्षेत्रीय कार्यालय एकूण बेरीज,ZE16A115,WaterSupply,0.0
2020-21,WardOfficePlan,WardOfficePlan2021,8.0,,सिंहगड रोड क्षेत्रीय कार्यालय एकूण बेरीज,ZE16B113,Sewerage_foul,0.0
2020-21,WardOfficePlan,WardOfficePlan2021,9.0,,वारजे - कर्वेनगर क्षेत्रीय कार्यालय एकूण बेरीज,CE20A176,Roads,42.0
2020-21,WardOfficePlan,WardOfficePlan2021,9.0,,वारजे - कर्वेनगर क्षेत्रीय कार्यालय एकूण बेरीज,CE20C118,Electrical,22.5
2020-21,WardOfficePlan,WardOfficePlan2021,9.0,,वारजे - कर्वेनगर क्षेत्रीय कार्यालय एकूण बेरीज,CE22A114,Buildings,27.0
2020-21,WardOfficePlan,WardOfficePlan2021,9.0,,वारजे - कर्वेनगर क्षेत्रीय कार्यालय एकूण बेरीज,FE14A118,Slum,12.5
2020-21,WardOfficePlan,WardOfficePlan2021,9.0,,वारजे - कर्वेनगर क्षेत्रीय कार्यालय एकूण बेरीज,ZE16A115,WaterSupply,0.0
2020-21,WardOfficePlan,WardOfficePlan2021,9.0,,वारजे - कर्वेनगर क्षेत्रीय कार्यालय एकूण बेरीज,ZE16B113,Sewerage_foul,17.5
2020-21,WardOfficePlan,WardOfficePlan2021,10.0,,हडपसर - मुंढवा क्षेत्रीय कार्यालय एकूण बेरीज,CE20A176,Roads,12.5
2020-21,WardOfficePlan,WardOfficePlan2021,10.0,,हडपसर - मुंढवा क्षेत्रीय कार्यालय एकूण बेरीज,CE20C118,Electrical,0.0
2020-21,WardOfficePlan,WardOfficePlan2021,10.0,,हडपसर - मुंढवा क्षेत्रीय कार्यालय एकूण बेरीज,CE22A114,Buildings,10.0
2020-21,WardOfficePlan,WardOfficePlan2021,10.0,,हडपसर - मुंढवा क्षेत्रीय कार्यालय एकूण बेरीज,FE14A118,Slum,5.0
2020-21,WardOfficePlan,WardOfficePlan2021,10.0,,हडपसर - मुंढवा क्षेत्रीय कार्यालय एकूण बेरीज,ZE16A115,WaterSupply,0.0
2020-21,WardOfficePlan,WardOfficePlan2021,10.0,,हडपसर - मुंढवा क्षेत्रीय कार्यालय एकूण बेरीज,ZE16B113,Sewerage_foul,15.0
2020-21,WardOfficePlan,WardOfficePlan2021,11.0,,वानवडी - रामटेकडी क्षेत्रीय कार्यालय एकूण बेरीज,CE20A176,Roads,65.0
2020-21,WardOfficePlan,WardOfficePlan2021,11.0,,वानवडी - रामटेकडी क्षेत्रीय कार्यालय एकूण बेरीज,CE20C118,Electrical,27.5
2020-21,WardOfficePlan,WardOfficePlan2021,11.0,,वानवडी - रामटेकडी क्षेत्रीय कार्यालय एकूण बेरीज,CE22A114,Buildings,35.0
2020-21,WardOfficePlan,WardOfficePlan2021,11.0,,वानवडी - रामटेकडी क्षेत्रीय कार्यालय एकूण बेरीज,FE14A118,Slum,0.0
2020-21,WardOfficePlan,WardOfficePlan2021,11.0,,वानवडी - रामटेकडी क्षेत्रीय कार्यालय एकूण बेरीज,ZE16A115,WaterSupply,0.0
2020-21,WardOfficePlan,WardOfficePlan2021,11.0,,वानवडी - रामटेकडी क्षेत्रीय कार्यालय एकूण बेरीज,ZE16B113,Sewerage_foul,65.0
2020-21,WardOfficePlan,WardOfficePlan2021,12.0,,कोंढवा - येवलेवाडी क्षेत्रीय कार्यालय एकूण बेरीज,CE20A176,Roads,0.0
2020-21,WardOfficePlan,WardOfficePlan2021,12.0,,कोंढवा - येवलेवाडी क्षेत्रीय कार्यालय एकूण बेरीज,CE20C118,Electrical,0.0
2020-21,WardOfficePlan,WardOfficePlan2021,12.0,,कोंढवा - येवलेवाडी क्षेत्रीय कार्यालय एकूण बेरीज,CE22A114,Buildings,0.0
2020-21,WardOfficePlan,WardOfficePlan2021,12.0,,कोंढवा - येवलेवाडी क्षेत्रीय कार्यालय एकूण बेरीज,FE14A118,Slum,0.0
2020-21,WardOfficePlan,WardOfficePlan2021,12.0,,कोंढवा - येवलेवाडी क्षेत्रीय कार्यालय एकूण बेरीज,ZE16A115,WaterSupply,0.0
2020-21,WardOfficePlan,WardOfficePlan2021,12.0,,कोंढवा - येवलेवाडी क्षेत्रीय कार्यालय एकूण बेरीज,ZE16B113,Sewerage_foul,0.0
2020-21,WardOfficePlan,WardOfficePlan2021,13.0,,कसबा - विश्रामबागवाडा क्षेत्रीय कार्यालय एकूण बेरीज,CE20A176,Roads,0.0
2020-21,WardOfficePlan,WardOfficePlan2021,13.0,,कसबा - विश्रामबागवाडा क्षेत्रीय कार्यालय एकूण बेरीज,CE20C118,Electrical,0.0
2020-21,WardOfficePlan,WardOfficePlan2021,13.0,,कसबा - विश्रामबागवाडा क्षेत्रीय कार्यालय एकूण बेरीज,CE22A114,Buildings,0.0
2020-21,WardOfficePlan,WardOfficePlan2021,13.0,,कसबा - विश्रामबागवाडा क्षेत्रीय कार्यालय एकूण बेरीज,FE14A118,Slum,0.0
2020-21,WardOfficePlan,WardOfficePlan2021,13.0,,कसबा - विश्रामबागवाडा क्षेत्रीय कार्यालय एकूण बेरीज,ZE16A115,WaterSupply,0.0
2020-21,WardOfficePlan,WardOfficePlan2021,13.0,,कसबा - विश्रामबागवाडा क्षेत्रीय कार्यालय एकूण बेरीज,ZE16B113,Sewerage_foul,0.0
2020-21,WardOfficePlan,WardOfficePlan2021,14.0,,भवानी पेठ क्षेत्रीय कार्यालय एकूण बेरीज,CE20A176,Roads,0.0
2020-21,WardOfficePlan,WardOfficePlan2021,14.0,,भवानी पेठ क्षेत्रीय कार्यालय एकूण बेरीज,CE20C118,Electrical,0.0
2020-21,WardOfficePlan,WardOfficePlan2021,14.0,,भवानी पेठ क्षेत्रीय कार्यालय एकूण बेरीज,CE22A114,Buildings,0.0
2020-21,WardOfficePlan,WardOfficePlan2021,14.0,,भवानी पेठ क्षेत्रीय कार्यालय एकूण बेरीज,FE14A118,Slum,0.0
2020-21,WardOfficePlan,WardOfficePlan2021,14.0,,भवानी पेठ क्षेत्रीय कार्यालय एकूण बेरीज,ZE16A115,WaterSupply,0.0
2020-21,WardOfficePlan,WardOfficePlan2021,14.0,,भवानी पेठ क्षेत्रीय कार्यालय एकूण बेरीज,ZE16B113,Sewerage_foul,0.0
2020-21,WardOfficePlan,WardOfficePlan2021,15.0,,बिबवेवाडी क्षेत्रीय कार्यालय एकूण बेरीज,CE20A176,Roads,27.5
2020-21,WardOfficePlan,WardOfficePlan2021,15.0,,बिबवेवाडी क्षेत्रीय कार्यालय एकूण बेरीज,CE20C118,Electrical,45.0
2020-21,WardOfficePlan,WardOfficePlan2021,15.0,,बिबवेवाडी क्षेत्रीय कार्यालय एकूण बेरीज,CE22A114,Buildings,10.0
2020-21,WardOfficePlan,WardOfficePlan2021,15.0,,बिबवेवाडी क्षेत्रीय कार्यालय एकूण बेरीज,FE14A118,Slum,25.0
2020-21,WardOfficePlan,WardOfficePlan2021,15.0,,बिबवेवाडी क्षेत्रीय कार्यालय एकूण बेरीज,ZE16A115,WaterSupply,0.0
2020-21,WardOfficePlan,WardOfficePlan2021,15.0,,बिबवेवाडी क्षेत्रीय कार्यालय एकूण बेरीज,ZE16B113,Sewerage_foul,60.0
2020-21,WardOfficeNonPlan,WardOfficeNonPlan2021,1.0,,नगररोड - वडगावशेरी क्षेत्रीय कार्यालय एकूण बेरीज,RE20A301,Roads,24.38
2020-21,WardOfficeNonPlan,WardOfficeNonPlan2021,1.0,,नगररोड - वडगावशेरी क्षेत्रीय कार्यालय एकूण बेरीज,RE20C301,Electrical,5.88
2020-21,WardOfficeNonPlan,WardOfficeNonPlan2021,1.0,,नगररोड - वडगावशेरी क्षेत्रीय कार्यालय एकूण बेरीज,RE22C301,Buildings,39.379999999999995
2020-21,WardOfficeNonPlan,WardOfficeNonPlan2021,1.0,,नगररोड - वडगावशेरी क्षेत्रीय कार्यालय एकूण बेरीज,RE14B301,Slum,37.5
2020-21,WardOfficeNonPlan,WardOfficeNonPlan2021,1.0,,नगररोड - वडगावशेरी क्षेत्रीय कार्यालय एकूण बेरीज,XE12B301,WaterSupply,0.0
2020-21,WardOfficeNonPlan,WardOfficeNonPlan2021,1.0,,नगररोड - वडगावशेरी क्षेत्रीय कार्यालय एकूण बेरीज,XE23A301,Sewerage_foul,42.879999999999995
2020-21,WardOfficeNonPlan,WardOfficeNonPlan2021,2.0,,येरवडा - कळस - धानोरी क्षेत्रीय कार्यालय एकूण बेरीज,RE20A301,Roads,111.0
2020-21,WardOfficeNonPlan,WardOfficeNonPlan2021,2.0,,येरवडा - कळस - धानोरी क्षेत्रीय कार्यालय एकूण बेरीज,RE20C301,Electrical,45.5
2020-21,WardOfficeNonPlan,WardOfficeNonPlan2021,2.0,,येरवडा - कळस - धानोरी क्षेत्रीय कार्यालय एकूण बेरीज,RE22C301,Buildings,91.5
2020-21,WardOfficeNonPlan,WardOfficeNonPlan2021,2.0,,येरवडा - कळस - धानोरी क्षेत्रीय कार्यालय एकूण बेरीज,RE14B301,Slum,57.5
2020-21,WardOfficeNonPlan,WardOfficeNonPlan2021,2.0,,येरवडा - कळस - धानोरी क्षेत्रीय कार्यालय एकूण बेरीज,XE12B301,WaterSupply,0.0
2020-21,WardOfficeNonPlan,WardOfficeNonPlan2021,2.0,,येरवडा - कळस - धानोरी क्षेत्रीय कार्यालय एकूण बेरीज,XE23A301,Sewerage_foul,144.5
2020-21,WardOfficeNonPlan,WardOfficeNonPlan2021,3.0,,ढोलेपाटील क्षेत्रीय कार्यालय एकूण बेरीज,RE20A301,Roads,77.5
2020-21,WardOfficeNonPlan,WardOfficeNonPlan2021,3.0,,ढोलेपाटील क्षेत्रीय कार्यालय एकूण बेरीज,RE20C301,Electrical,27.5
2020-21,WardOfficeNonPlan,WardOfficeNonPlan2021,3.0,,ढोलेपाटील क्षेत्रीय कार्यालय एकूण बेरीज,RE22C301,Buildings,67.5
2020-21,WardOfficeNonPlan,WardOfficeNonPlan2021,3.0,,ढोलेपाटील क्षेत्रीय कार्यालय एकूण बेरीज,RE14B301,Slum,97.5
2020-21,WardOfficeNonPlan,WardOfficeNonPlan2021,3.0,,ढोलेपाटील क्षेत्रीय कार्यालय एकूण बेरीज,XE12B301,WaterSupply,0.0
2020-21,WardOfficeNonPlan,WardOfficeNonPlan2021,3.0,,ढोलेपाटील क्षेत्रीय कार्यालय एकूण बेरीज,XE23A301,Sewerage_foul,30.0
2020-21,WardOfficeNonPlan,WardOfficeNonPlan2021,4.0,,औंध - बाणेर क्षेत्रीय कार्यालय एकूण बेरीज,RE20A301,Roads,73.5
2020-21,WardOfficeNonPlan,WardOfficeNonPlan2021,4.0,,औंध - बाणेर क्षेत्रीय कार्यालय एकूण बेरीज,RE20C301,Electrical,50.0
2020-21,WardOfficeNonPlan,WardOfficeNonPlan2021,4.0,,औंध - बाणेर क्षेत्रीय कार्यालय एकूण बेरीज,RE22C301,Buildings,64.5
2020-21,WardOfficeNonPlan,WardOfficeNonPlan2021,4.0,,औंध - बाणेर क्षेत्रीय कार्यालय एकूण बेरीज,RE14B301,Slum,52.0
2020-21,WardOfficeNonPlan,WardOfficeNonPlan2021,4.0,,औंध - बाणेर क्षेत्रीय कार्यालय एकूण बेरीज,XE12B301,WaterSupply,0.0
2020-21,WardOfficeNonPlan,WardOfficeNonPlan2021,4.0,,औंध - बाणेर क्षेत्रीय कार्यालय एकूण बेरीज,XE23A301,Sewerage_foul,60.0
2020-21,WardOfficeNonPlan,WardOfficeNonPlan2021,5.0,,शिवाजीनगर - घोले रोड क्षेत्रीय कार्यालय एकूण बेरीज,RE20A301,Roads,70.0
2020-21,WardOfficeNonPlan,WardOfficeNonPlan2021,5.0,,शिवाजीनगर - घोले रोड क्षेत्रीय कार्यालय एकूण बेरीज,RE20C301,Electrical,40.0
2020-21,WardOfficeNonPlan,WardOfficeNonPlan2021,5.0,,शिवाजीनगर - घोले रोड क्षेत्रीय कार्यालय एकूण बेरीज,RE22C301,Buildings,20.0
2020-21,WardOfficeNonPlan,WardOfficeNonPlan2021,5.0,,शिवाजीनगर - घोले रोड क्षेत्रीय कार्यालय एकूण बेरीज,RE14B301,Slum,67.5
2020-21,WardOfficeNonPlan,WardOfficeNonPlan2021,5.0,,शिवाजीनगर - घोले रोड क्षेत्रीय कार्यालय एकूण बेरीज,XE12B301,WaterSupply,0.0
2020-21,WardOfficeNonPlan,WardOfficeNonPlan2021,5.0,,शिवाजीनगर - घोले रोड क्षेत्रीय कार्यालय एकूण बेरीज,XE23A301,Sewerage_foul,102.5
2020-21,WardOfficeNonPlan,WardOfficeNonPlan2021,6.0,,कोथरूड - बावधन क्षेत्रीय कार्यालय एकूण बेरीज,RE20A301,Roads,112.5
2020-21,WardOfficeNonPlan,WardOfficeNonPlan2021,6.0,,कोथरूड - बावधन क्षेत्रीय कार्यालय एकूण बेरीज,RE20C301,Electrical,32.5
2020-21,WardOfficeNonPlan,WardOfficeNonPlan2021,6.0,,कोथरूड - बावधन क्षेत्रीय कार्यालय एकूण बेरीज,RE22C301,Buildings,60.0
2020-21,WardOfficeNonPlan,WardOfficeNonPlan2021,6.0,,कोथरूड - बावधन क्षेत्रीय कार्यालय एकूण बेरीज,RE14B301,Slum,93.5
2020-21,WardOfficeNonPlan,WardOfficeNonPlan2021,6.0,,कोथरूड - बावधन क्षेत्रीय कार्यालय एकूण बेरीज,XE12B301,WaterSupply,0.0
2020-21,WardOfficeNonPlan,WardOfficeNonPlan2021,6.0,,कोथरूड - बावधन क्षेत्रीय कार्यालय एकूण बेरीज,XE23A301,Sewerage_foul,82.5
2020-21,WardOfficeNonPlan,WardOfficeNonPlan2021,7.0,,धनकवडी - सहकारनगर क्षेत्रीय कार्यालय एकूण बेरीज,RE20A301,Roads,93.0
2020-21,WardOfficeNonPlan,WardOfficeNonPlan2021,7.0,,धनकवडी - सहकारनगर क्षेत्रीय कार्यालय एकूण बेरीज,RE20C301,Electrical,41.5
2020-21,WardOfficeNonPlan,WardOfficeNonPlan2021,7.0,,धनकवडी - सहकारनगर क्षेत्रीय कार्यालय एकूण बेरीज,RE22C301,Buildings,40.5
2020-21,WardOfficeNonPlan,WardOfficeNonPlan2021,7.0,,धनकवडी - सहकारनगर क्षेत्रीय कार्यालय एकूण बेरीज,RE14B301,Slum,21.5
2020-21,WardOfficeNonPlan,WardOfficeNonPlan2021,7.0,,धनकवडी - सहकारनगर क्षेत्रीय कार्यालय एकूण बेरीज,XE12B301,WaterSupply,0.0
2020-21,WardOfficeNonPlan,WardOfficeNonPlan2021,7.0,,धनकवडी - सहकारनगर क्षेत्रीय कार्यालय एकूण बेरीज,XE23A301,Sewerage_foul,88.0
2020-21,WardOfficeNonPlan,WardOfficeNonPlan2021,8.0,,सिंहगड रोड क्षेत्रीय कार्यालय एकूण बेरीज,RE20A301,Roads,131.0
2020-21,WardOfficeNonPlan,WardOfficeNonPlan2021,8.0,,सिंहगड रोड क्षेत्रीय कार्यालय एकूण बेरीज,RE20C301,Electrical,60.0
2020-21,WardOfficeNonPlan,WardOfficeNonPlan2021,8.0,,सिंहगड रोड क्षेत्रीय कार्यालय एकूण बेरीज,RE22C301,Buildings,44.0
2020-21,WardOfficeNonPlan,WardOfficeNonPlan2021,8.0,,सिंहगड रोड क्षेत्रीय कार्यालय एकूण बेरीज,RE14B301,Slum,35.0
2020-21,WardOfficeNonPlan,WardOfficeNonPlan2021,8.0,,सिंहगड रोड क्षेत्रीय कार्यालय एकूण बेरीज,XE12B301,WaterSupply,0.0
2020-21,WardOfficeNonPlan,WardOfficeNonPlan2021,8.0,,सिंहगड रोड क्षेत्रीय कार्यालय एकूण बेरीज,XE23A301,Sewerage_foul,180.0
2020-21,WardOfficeNonPlan,WardOfficeNonPlan2021,9.0,,वारजे - कर्वेनगर क्षेत्रीय कार्यालय एकूण बेरीज,RE20A301,Roads,111.5
2020-21,WardOfficeNonPlan,WardOfficeNonPlan2021,9.0,,वारजे - कर्वेनगर क्षेत्रीय कार्यालय एकूण बेरीज,RE20C301,Electrical,78.5
2020-21,WardOfficeNonPlan,WardOfficeNonPlan2021,9.0,,वारजे - कर्वेनगर क्षेत्रीय कार्यालय एकूण बेरीज,RE22C301,Buildings,20.0
2020-21,WardOfficeNonPlan,WardOfficeNonPlan2021,9.0,,वारजे - कर्वेनगर क्षेत्रीय कार्यालय एकूण बेरीज,RE14B301,Slum,35.0
2020-21,WardOfficeNonPlan,WardOfficeNonPlan2021,9.0,,वारजे - कर्वेनगर क्षेत्रीय कार्यालय एकूण बेरीज,XE12B301,WaterSupply,0.0
2020-21,WardOfficeNonPlan,WardOfficeNonPlan2021,9.0,,वारजे - कर्वेनगर क्षेत्रीय कार्यालय एकूण बेरीज,XE23A301,Sewerage_foul,83.5
2020-21,WardOfficeNonPlan,WardOfficeNonPlan2021,10.0,,हडपसर - मुंढवा क्षेत्रीय कार्यालय एकूण बेरीज,RE20A301,Roads,197.5
2020-21,WardOfficeNonPlan,WardOfficeNonPlan2021,10.0,,हडपसर - मुंढवा क्षेत्रीय कार्यालय एकूण बेरीज,RE20C301,Electrical,15.0
2020-21,WardOfficeNonPlan,WardOfficeNonPlan2021,10.0,,हडपसर - मुंढवा क्षेत्रीय कार्यालय एकूण बेरीज,RE22C301,Buildings,35.0
2020-21,WardOfficeNonPlan,WardOfficeNonPlan2021,10.0,,हडपसर - मुंढवा क्षेत्रीय कार्यालय एकूण बेरीज,RE14B301,Slum,25.0
2020-21,WardOfficeNonPlan,WardOfficeNonPlan2021,10.0,,हडपसर - मुंढवा क्षेत्रीय कार्यालय एकूण बेरीज,XE12B301,WaterSupply,0.0
2020-21,WardOfficeNonPlan,WardOfficeNonPlan2021,10.0,,हडपसर - मुंढवा क्षेत्रीय कार्यालय एकूण बेरीज,XE23A301,Sewerage_foul,135.0
2020-21,WardOfficeNonPlan,WardOfficeNonPlan2021,11.0,,वानवडी - रामटेकडी क्षेत्रीय कार्यालय एकूण बेरीज,RE20A301,Roads,70.0
2020-21,WardOfficeNonPlan,WardOfficeNonPlan2021,11.0,,वानवडी - रामटेकडी क्षेत्रीय कार्यालय एकूण बेरीज,RE20C301,Electrical,0.0
2020-21,WardOfficeNonPlan,WardOfficeNonPlan2021,11.0,,वानवडी - रामटेकडी क्षेत्रीय कार्यालय एकूण बेरीज,RE22C301,Buildings,57.5
2020-21,WardOfficeNonPlan,WardOfficeNonPlan2021,11.0,,वानवडी - रामटेकडी क्षेत्रीय कार्यालय एकूण बेरीज,RE14B301,Slum,0.0
2020-21,WardOfficeNonPlan,WardOfficeNonPlan2021,11.0,,वानवडी - रामटेकडी क्षेत्रीय कार्यालय एकूण बेरीज,XE12B301,WaterSupply,0.0
2020-21,WardOfficeNonPlan,WardOfficeNonPlan2021,11.0,,वानवडी - रामटेकडी क्षेत्रीय कार्यालय एकूण बेरीज,XE23A301,Sewerage_foul,92.5
2020-21,WardOfficeNonPlan,WardOfficeNonPlan2021,12.0,,कोंढवा - येवलेवाडी क्षेत्रीय कार्यालय एकूण बेरीज,RE20A301,Roads,97.5
2020-21,WardOfficeNonPlan,WardOfficeNonPlan2021,12.0,,कोंढवा - येवलेवाडी क्षेत्रीय कार्यालय एकूण बेरीज,RE20C301,Electrical,40.0
2020-21,WardOfficeNonPlan,WardOfficeNonPlan2021,12.0,,कोंढवा - येवलेवाडी क्षेत्रीय कार्यालय एकूण बेरीज,RE22C301,Buildings,42.5
2020-21,WardOfficeNonPlan,WardOfficeNonPlan2021,12.0,,कोंढवा - येवलेवाडी क्षेत्रीय कार्यालय एकूण बेरीज,RE14B301,Slum,10.0
2020-21,WardOfficeNonPlan,WardOfficeNonPlan2021,12.0,,कोंढवा - येवलेवाडी क्षेत्रीय कार्यालय एकूण बेरीज,XE12B301,WaterSupply,0.0
2020-21,WardOfficeNonPlan,WardOfficeNonPlan2021,12.0,,कोंढवा - येवलेवाडी क्षेत्रीय कार्यालय एकूण बेरीज,XE23A301,Sewerage_foul,110.0
2020-21,WardOfficeNonPlan,WardOfficeNonPlan2021,13.0,,कसबा - विश्रामबागवाडा क्षेत्रीय कार्यालय एकूण बेरीज,RE20A301,Roads,127.5
2020-21,WardOfficeNonPlan,WardOfficeNonPlan2021,13.0,,कसबा - विश्रामबागवाडा क्षेत्रीय कार्यालय एकूण बेरीज,RE20C301,Electrical,15.0
2020-21,WardOfficeNonPlan,WardOfficeNonPlan2021,13.0,,कसबा - विश्रामबागवाडा क्षेत्रीय कार्यालय एकूण बेरीज,RE22C301,Buildings,82.5
2020-21,WardOfficeNonPlan,WardOfficeNonPlan2021,13.0,,कसबा - विश्रामबागवाडा क्षेत्रीय कार्यालय एकूण बेरीज,RE14B301,Slum,90.0
2020-21,WardOfficeNonPlan,WardOfficeNonPlan2021,13.0,,कसबा - विश्रामबागवाडा क्षेत्रीय कार्यालय एकूण बेरीज,XE12B301,WaterSupply,0.0
2020-21,WardOfficeNonPlan,WardOfficeNonPlan2021,13.0,,कसबा - विश्रामबागवाडा क्षेत्रीय कार्यालय एकूण बेरीज,XE23A301,Sewerage_foul,135.0
2020-21,WardOfficeNonPlan,WardOfficeNonPlan2021,14.0,,भवानी पेठ क्षेत्रीय कार्यालय एकूण बेरीज,RE20A301,Roads,80.0
2020-21,WardOfficeNonPlan,WardOfficeNonPlan2021,14.0,,भवानी पेठ क्षेत्रीय कार्यालय एकूण बेरीज,RE20C301,Electrical,60.0
2020-21,WardOfficeNonPlan,WardOfficeNonPlan2021,14.0,,भवानी पेठ क्षेत्रीय कार्यालय एकूण बेरीज,RE22C301,Buildings,127.5
2020-21,WardOfficeNonPlan,WardOfficeNonPlan2021,14.0,,भवानी पेठ क्षेत्रीय कार्यालय एकूण बेरीज,RE14B301,Slum,80.0
2020-21,WardOfficeNonPlan,WardOfficeNonPlan2021,14.0,,भवानी पेठ क्षेत्रीय कार्यालय एकूण बेरीज,XE12B301,WaterSupply,0.0
2020-21,WardOfficeNonPlan,WardOfficeNonPlan2021,14.0,,भवानी पेठ क्षेत्रीय कार्यालय एकूण बेरीज,XE23A301,Sewerage_foul,102.5
2020-21,WardOfficeNonPlan,WardOfficeNonPlan2021,15.0,,बिबवेवाडी क्षेत्रीय कार्यालय एकूण बेरीज,RE20A301,Roads,75.0
2020-21,WardOfficeNonPlan,WardOfficeNonPlan2021,15.0,,बिबवेवाडी क्षेत्रीय कार्यालय एकूण बेरीज,RE20C301,Electrical,40.0
2020-21,WardOfficeNonPlan,WardOfficeNonPlan2021,15.0,,बिबवेवाडी क्षेत्रीय कार्यालय एकूण बेरीज,RE22C301,Buildings,20.0
2020-21,WardOfficeNonPlan,WardOfficeNonPlan2021,15.0,,बिबवेवाडी क्षेत्रीय कार्यालय एकूण बेरीज,RE14B301,Slum,37.5
2020-21,WardOfficeNonPlan,WardOfficeNonPlan2021,15.0,,बिबवेवाडी क्षेत्रीय कार्यालय एकूण बेरीज,XE12B301,WaterSupply,0.0
2020-21,WardOfficeNonPlan,WardOfficeNonPlan2021,15.0,,बिबवेवाडी क्षेत्रीय कार्यालय एकूण बेरीज,XE23A301,Sewerage_foul,72.5
2020-21,CitizensPlan,CitizensPlan2021,1.0,,नगररोड - वडगावशेरी क्षेत्रीय कार्यालय एकूण बेरीज,CE20A1196,Roads,0.0
2020-21,CitizensPlan,CitizensPlan2021,1.0,,नगररोड - वडगावशेरी क्षेत्रीय कार्यालय एकूण बेरीज,CE20C406,Electrical,0.0
2020-21,CitizensPlan,CitizensPlan2021,1.0,,नगररोड - वडगावशेरी क्षेत्रीय कार्यालय एकूण बेरीज,CE22A547,Buildings,0.0
2020-21,CitizensPlan,CitizensPlan2021,1.0,,नगररोड - वडगावशेरी क्षेत्रीय कार्यालय एकूण बेरीज,FE14A121,Slum,0.0
2020-21,CitizensPlan,CitizensPlan2021,1.0,,नगररोड - वडगावशेरी क्षेत्रीय कार्यालय एकूण बेरीज,ZE16A117,WaterSupply,0.0
2020-21,CitizensPlan,CitizensPlan2021,1.0,,नगररोड - वडगावशेरी क्षेत्रीय कार्यालय एकूण बेरीज,ZE16B130,Sewerage_foul,0.0
2020-21,CitizensPlan,CitizensPlan2021,2.0,,येरवडा - कळस - धानोरी क्षेत्रीय कार्यालय एकूण बेरीज,CE20A1196,Roads,0.0
2020-21,CitizensPlan,CitizensPlan2021,2.0,,येरवडा - कळस - धानोरी क्षेत्रीय कार्यालय एकूण बेरीज,CE20C406,Electrical,0.0
2020-21,CitizensPlan,CitizensPlan2021,2.0,,येरवडा - कळस - धानोरी क्षेत्रीय कार्यालय एकूण बेरीज,CE22A547,Buildings,0.0
2020-21,CitizensPlan,CitizensPlan2021,2.0,,येरवडा - कळस - धानोरी क्षेत्रीय कार्यालय एकूण बेरीज,FE14A121,Slum,0.0
2020-21,CitizensPlan,CitizensPlan2021,2.0,,येरवडा - कळस - धानोरी क्षेत्रीय कार्यालय एकूण बेरीज,ZE16A117,WaterSupply,0.0
2020-21,CitizensPlan,CitizensPlan2021,2.0,,येरवडा - कळस - धानोरी क्षेत्रीय कार्यालय एकूण बेरीज,ZE16B130,Sewerage_foul,0.0
2020-21,CitizensPlan,CitizensPlan2021,3.0,,ढोलेपाटील क्षेत्रीय कार्यालय एकूण बेरीज,CE20A1196,Roads,0.0
2020-21,CitizensPlan,CitizensPlan2021,3.0,,ढोलेपाटील क्षेत्रीय कार्यालय एकूण बेरीज,CE20C406,Electrical,0.0
2020-21,CitizensPlan,CitizensPlan2021,3.0,,ढोलेपाटील क्षेत्रीय कार्यालय एकूण बेरीज,CE22A547,Buildings,0.0
2020-21,CitizensPlan,CitizensPlan2021,3.0,,ढोलेपाटील क्षेत्रीय कार्यालय एकूण बेरीज,FE14A121,Slum,0.0
2020-21,CitizensPlan,CitizensPlan2021,3.0,,ढोलेपाटील क्षेत्रीय कार्यालय एकूण बेरीज,ZE16A117,WaterSupply,0.0
2020-21,CitizensPlan,CitizensPlan2021,3.0,,ढोलेपाटील क्षेत्रीय कार्यालय एकूण बेरीज,ZE16B130,Sewerage_foul,0.0
2020-21,CitizensPlan,CitizensPlan2021,4.0,,औंध - बाणेर क्षेत्रीय कार्यालय एकूण बेरीज,CE20A1196,Roads,0.0
2020-21,CitizensPlan,CitizensPlan2021,4.0,,औंध - बाणेर क्षेत्रीय कार्यालय एकूण बेरीज,CE20C406,Electrical,0.0
2020-21,CitizensPlan,CitizensPlan2021,4.0,,औंध - बाणेर क्षेत्रीय कार्यालय एकूण बेरीज,CE22A547,Buildings,0.0
2020-21,CitizensPlan,CitizensPlan2021,4.0,,औंध - बाणेर क्षेत्रीय कार्यालय एकूण बेरीज,FE14A121,Slum,0.0
2020-21,CitizensPlan,CitizensPlan2021,4.0,,औंध - बाणेर क्षेत्रीय कार्यालय एकूण बेरीज,ZE16A117,WaterSupply,0.0
2020-21,CitizensPlan,CitizensPlan2021,4.0,,औंध - बाणेर क्षेत्रीय कार्यालय एकूण बेरीज,ZE16B130,Sewerage_foul,0.0
2020-21,CitizensPlan,CitizensPlan2021,5.0,,शिवाजीनगर - घोले रोड क्षेत्रीय कार्यालय एकूण बेरीज,CE20A1196,Roads,0.0
2020-21,CitizensPlan,CitizensPlan2021,5.0,,शिवाजीनगर - घोले रोड क्षेत्रीय कार्यालय एकूण बेरीज,CE20C406,Electrical,0.0
2020-21,CitizensPlan,CitizensPlan2021,5.0,,शिवाजीनगर - घोले रोड क्षेत्रीय कार्यालय एकूण बेरीज,CE22A547,Buildings,0.0
2020-21,CitizensPlan,CitizensPlan2021,5.0,,शिवाजीनगर - घोले रोड क्षेत्रीय कार्यालय एकूण बेरीज,FE14A121,Slum,0.0
2020-21,CitizensPlan,CitizensPlan2021,5.0,,शिवाजीनगर - घोले रोड क्षेत्रीय कार्यालय एकूण बेरीज,ZE16A117,WaterSupply,0.0
2020-21,CitizensPlan,CitizensPlan2021,5.0,,शिवाजीनगर - घोले रोड क्षेत्रीय कार्यालय एकूण बेरीज,ZE16B130,Sewerage_foul,0.0
2020-21,CitizensPlan,CitizensPlan2021,6.0,,कोथरूड - बावधन क्षेत्रीय कार्यालय एकूण बेरीज,CE20A1196,Roads,31.0
2020-21,CitizensPlan,CitizensPlan2021,6.0,,कोथरूड - बावधन क्षेत्रीय कार्यालय एकूण बेरीज,CE20C406,Electrical,10.0
2020-21,CitizensPlan,CitizensPlan2021,6.0,,कोथरूड - बावधन क्षेत्रीय कार्यालय एकूण बेरीज,CE22A547,Buildings,3.0
2020-21,CitizensPlan,CitizensPlan2021,6.0,,कोथरूड - बावधन क्षेत्रीय कार्यालय एकूण बेरीज,FE14A121,Slum,3.0
2020-21,CitizensPlan,CitizensPlan2021,6.0,,कोथरूड - बावधन क्षेत्रीय कार्यालय एकूण बेरीज,ZE16A117,WaterSupply,15.0
2020-21,CitizensPlan,CitizensPlan2021,6.0,,कोथरूड - बावधन क्षेत्रीय कार्यालय एकूण बेरीज,ZE16B130,Sewerage_foul,0.0
2020-21,CitizensPlan,CitizensPlan2021,7.0,,धनकवडी - सहकारनगर क्षेत्रीय कार्यालय एकूण बेरीज,CE20A1196,Roads,47.0
2020-21,CitizensPlan,CitizensPlan2021,7.0,,धनकवडी - सहकारनगर क्षेत्रीय कार्यालय एकूण बेरीज,CE20C406,Electrical,25.0
2020-21,CitizensPlan,CitizensPlan2021,7.0,,धनकवडी - सहकारनगर क्षेत्रीय कार्यालय एकूण बेरीज,CE22A547,Buildings,10.0
2020-21,CitizensPlan,CitizensPlan2021,7.0,,धनकवडी - सहकारनगर क्षेत्रीय कार्यालय एकूण बेरीज,FE14A121,Slum,4.0
2020-21,CitizensPlan,CitizensPlan2021,7.0,,धनकवडी - सहकारनगर क्षेत्रीय कार्यालय एकूण बेरीज,ZE16A117,WaterSupply,0.0
2020-21,CitizensPlan,CitizensPlan2021,7.0,,धनकवडी - सहकारनगर क्षेत्रीय कार्यालय एकूण बेरीज,ZE16B130,Sewerage_foul,14.0
2020-21,CitizensPlan,CitizensPlan2021,8.0,,सिंहगड रोड क्षेत्रीय कार्यालय एकूण बेरीज,CE20A1196,Roads,0.0
2020-21,CitizensPlan,CitizensPlan2021,8.0,,सिंहगड रोड क्षेत्रीय कार्यालय एकूण बेरीज,CE20C406,Electrical,0.0
2020-21,CitizensPlan,CitizensPlan2021,8.0,,सिंहगड रोड क्षेत्रीय कार्यालय एकूण बेरीज,CE22A547,Buildings,0.0
2020-21,CitizensPlan,CitizensPlan2021,8.0,,सिंहगड रोड क्षेत्रीय कार्यालय एकूण बेरीज,FE14A121,Slum,0.0
2020-21,CitizensPlan,CitizensPlan2021,8.0,,सिंहगड रोड क्षेत्रीय कार्यालय एकूण बेरीज,ZE16A117,WaterSupply,0.0
2020-21,CitizensPlan,CitizensPlan2021,8.0,,सिंहगड रोड क्षेत्रीय कार्यालय एकूण बेरीज,ZE16B130,Sewerage_foul,0.0
2020-21,CitizensPlan,CitizensPlan2021,9.0,,वारजे - कर्वेनगर क्षेत्रीय कार्यालय एकूण बेरीज,CE20A1196,Roads,42.5
2020-21,CitizensPlan,CitizensPlan2021,9.0,,वारजे - कर्वेनगर क्षेत्रीय कार्यालय एकूण बेरीज,CE20C406,Electrical,15.0
2020-21,CitizensPlan,CitizensPlan2021,9.0,,वारजे - कर्वेनगर क्षेत्रीय कार्यालय एकूण बेरीज,CE22A547,Buildings,40.0
2020-21,CitizensPlan,CitizensPlan2021,9.0,,वारजे - कर्वेनगर क्षेत्रीय कार्यालय एकूण बेरीज,FE14A121,Slum,47.5
2020-21,CitizensPlan,CitizensPlan2021,9.0,,वारजे - कर्वेनगर क्षेत्रीय कार्यालय एकूण बेरीज,ZE16A117,WaterSupply,0.0
2020-21,CitizensPlan,CitizensPlan2021,9.0,,वारजे - कर्वेनगर क्षेत्रीय कार्यालय एकूण बेरीज,ZE16B130,Sewerage_foul,24.0
2020-21,CitizensPlan,CitizensPlan2021,10.0,,हडपसर - मुंढवा क्षेत्रीय कार्यालय एकूण बेरीज,CE20A1196,Roads,5.0
2020-21,CitizensPlan,CitizensPlan2021,10.0,,हडपसर - मुंढवा क्षेत्रीय कार्यालय एकूण बेरीज,CE20C406,Electrical,5.0
2020-21,CitizensPlan,CitizensPlan2021,10.0,,हडपसर - मुंढवा क्षेत्रीय कार्यालय एकूण बेरीज,CE22A547,Buildings,0.0
2020-21,CitizensPlan,CitizensPlan2021,10.0,,हडपसर - मुंढवा क्षेत्रीय कार्यालय एकूण बेरीज,FE14A121,Slum,0.0
2020-21,CitizensPlan,CitizensPlan2021,10.0,,हडपसर - मुंढवा क्षेत्रीय कार्यालय एकूण बेरीज,ZE16A117,WaterSupply,0.0
2020-21,CitizensPlan,CitizensPlan2021,10.0,,हडपसर - मुंढवा क्षेत्रीय कार्यालय एकूण बेरीज,ZE16B130,Sewerage_foul,15.0
2020-21,CitizensPlan,CitizensPlan2021,11.0,,वानवडी - रामटेकडी क्षेत्रीय कार्यालय एकूण बेरीज,CE20A1196,Roads,72.0
2020-21,CitizensPlan,CitizensPlan2021,11.0,,वानवडी - रामटेकडी क्षेत्रीय कार्यालय एकूण बेरीज,CE20C406,Electrical,2.0
2020-21,CitizensPlan,CitizensPlan2021,11.0,,वानवडी - रामटेकडी क्षेत्रीय कार्यालय एकूण बेरीज,CE22A547,Buildings,38.0
2020-21,CitizensPlan,CitizensPlan2021,11.0,,वानवडी - रामटेकडी क्षेत्रीय कार्यालय एकूण बेरीज,FE14A121,Slum,0.0
2020-21,CitizensPlan,CitizensPlan2021,11.0,,वानवडी - रामटेकडी क्षेत्रीय कार्यालय एकूण बेरीज,ZE16A117,WaterSupply,20.0
2020-21,CitizensPlan,CitizensPlan2021,11.0,,वानवडी - रामटेकडी क्षेत्रीय कार्यालय एकूण बेरीज,ZE16B130,Sewerage_foul,28.0
2020-21,CitizensPlan,CitizensPlan2021,12.0,,कोंढवा - येवलेवाडी क्षेत्रीय कार्यालय एकूण बेरीज,CE20A1196,Roads,35.0
2020-21,CitizensPlan,CitizensPlan2021,12.0,,कोंढवा - येवलेवाडी क्षेत्रीय कार्यालय एकूण बेरीज,CE20C406,Electrical,25.0
2020-21,CitizensPlan,CitizensPlan2021,12.0,,कोंढवा - येवलेवाडी क्षेत्रीय कार्यालय एकूण बेरीज,CE22A547,Buildings,5.0
2020-21,CitizensPlan,CitizensPlan2021,12.0,,कोंढवा - येवलेवाडी क्षेत्रीय कार्यालय एकूण बेरीज,FE14A121,Slum,5.0
2020-21,CitizensPlan,CitizensPlan2021,12.0,,कोंढवा - येवलेवाडी क्षेत्रीय कार्यालय एकूण बेरीज,ZE16A117,WaterSupply,0.0
2020-21,CitizensPlan,CitizensPlan2021,12.0,,कोंढवा - येवलेवाडी क्षेत्रीय कार्यालय एकूण बेरीज,ZE16B130,Sewerage_foul,30.0
2020-21,CitizensPlan,CitizensPlan2021,13.0,,कसबा - विश्रामबागवाडा क्षेत्रीय कार्यालय एकूण बेरीज,CE20A1196,Roads,0.0
2020-21,CitizensPlan,CitizensPlan2021,13.0,,कसबा - विश्रामबागवाडा क्षेत्रीय कार्यालय एकूण बेरीज,CE20C406,Electrical,0.0
2020-21,CitizensPlan,CitizensPlan2021,13.0,,कसबा - विश्रामबागवाडा क्षेत्रीय कार्यालय एकूण बेरीज,CE22A547,Buildings,0.0
2020-21,CitizensPlan,CitizensPlan2021,13.0,,कसबा - विश्रामबागवाडा क्षेत्रीय कार्यालय एकूण बेरीज,FE14A121,Slum,0.0
2020-21,CitizensPlan,CitizensPlan2021,13.0,,कसबा - विश्रामबागवाडा क्षेत्रीय कार्यालय एकूण बेरीज,ZE16A117,WaterSupply,0.0
2020-21,CitizensPlan,CitizensPlan2021,13.0,,कसबा - विश्रामबागवाडा क्षेत्रीय कार्यालय एकूण बेरीज,ZE16B130,Sewerage_foul,0.0
2020-21,CitizensPlan,CitizensPlan2021,14.0,,भवानी पेठ क्षेत्रीय कार्यालय एकूण बेरीज,CE20A1196,Roads,0.0
2020-21,CitizensPlan,CitizensPlan2021,14.0,,भवानी पेठ क्षेत्रीय कार्यालय एकूण बेरीज,CE20C406,Electrical,0.0
2020-21,CitizensPlan,CitizensPlan2021,14.0,,भवानी पेठ क्षेत्रीय कार्यालय एकूण बेरीज,CE22A547,Buildings,0.0
2020-21,CitizensPlan,CitizensPlan2021,14.0,,भवानी पेठ क्षेत्रीय कार्यालय एकूण बेरीज,FE14A121,Slum,0.0
2020-21,CitizensPlan,CitizensPlan2021,14.0,,भवानी पेठ क्षेत्रीय कार्यालय एकूण बेरीज,ZE16A117,WaterSupply,0.0
2020-21,CitizensPlan,CitizensPlan2021,14.0,,भवानी पेठ क्षेत्रीय कार्यालय एकूण बेरीज,ZE16B130,Sewerage_foul,0.0
2020-21,CitizensPlan,CitizensPlan2021,15.0,,बिबवेवाडी क्षेत्रीय कार्यालय एकूण बेरीज,CE20A1196,Roads,60.0
2020-21,CitizensPlan,CitizensPlan2021,15.0,,बिबवेवाडी क्षेत्रीय कार्यालय एकूण बेरीज,CE20C406,Electrical,10.0
2020-21,CitizensPlan,CitizensPlan2021,15.0,,बिबवेवाडी क्षेत्रीय कार्यालय एकूण बेरीज,CE22A547,Buildings,40.0
2020-21,CitizensPlan,CitizensPlan2021,15.0,,बिबवेवाडी क्षेत्रीय कार्यालय एकूण बेरीज,FE14A121,Slum,0.0
2020-21,CitizensPlan,CitizensPlan2021,15.0,,बिबवेवाडी क्षेत्रीय कार्यालय एकूण बेरीज,ZE16A117,WaterSupply,10.0
2020-21,CitizensPlan,CitizensPlan2021,15.0,,बिबवेवाडी क्षेत्रीय कार्यालय एकूण बेरीज,ZE16B130,Sewerage_foul,50.0
2020-21,CitizensNonPlan,CitizensNonPlan2021,1.0,,नगररोड - वडगावशेरी क्षेत्रीय कार्यालय एकूण बेरीज,RE20A302,Roads,109.0
2020-21,CitizensNonPlan,CitizensNonPlan2021,1.0,,नगररोड - वडगावशेरी क्षेत्रीय कार्यालय एकूण बेरीज,RE20C302,Electrical,75.0
2020-21,CitizensNonPlan,CitizensNonPlan2021,1.0,,नगररोड - वडगावशेरी क्षेत्रीय कार्यालय एकूण बेरीज,RE22C302,Buildings,39.0
2020-21,CitizensNonPlan,CitizensNonPlan2021,1.0,,नगररोड - वडगावशेरी क्षेत्रीय कार्यालय एकूण बेरीज,RE14B302,Slum,5.0
2020-21,CitizensNonPlan,CitizensNonPlan2021,1.0,,नगररोड - वडगावशेरी क्षेत्रीय कार्यालय एकूण बेरीज,XE12B302,WaterSupply,10.0
2020-21,CitizensNonPlan,CitizensNonPlan2021,1.0,,नगररोड - वडगावशेरी क्षेत्रीय कार्यालय एकूण बेरीज,XE23A302,Sewerage_foul,52.0
2020-21,CitizensNonPlan,CitizensNonPlan2021,2.0,,येरवडा - कळस - धानोरी क्षेत्रीय कार्यालय एकूण बेरीज,RE20A302,Roads,90.0
2020-21,CitizensNonPlan,CitizensNonPlan2021,2.0,,येरवडा - कळस - धानोरी क्षेत्रीय कार्यालय एकूण बेरीज,RE20C302,Electrical,40.0
2020-21,CitizensNonPlan,CitizensNonPlan2021,2.0,,येरवडा - कळस - धानोरी क्षेत्रीय कार्यालय एकूण बेरीज,RE22C302,Buildings,55.0
2020-21,CitizensNonPlan,CitizensNonPlan2021,2.0,,येरवडा - कळस - धानोरी क्षेत्रीय कार्यालय एकूण बेरीज,RE14B302,Slum,40.0
2020-21,CitizensNonPlan,CitizensNonPlan2021,2.0,,येरवडा - कळस - धानोरी क्षेत्रीय कार्यालय एकूण बेरीज,XE12B302,WaterSupply,0.0
2020-21,CitizensNonPlan,CitizensNonPlan2021,2.0,,येरवडा - कळस - धानोरी क्षेत्रीय कार्यालय एकूण बेरीज,XE23A302,Sewerage_foul,75.0
2020-21,CitizensNonPlan,CitizensNonPlan2021,3.0,,ढोलेपाटील क्षेत्रीय कार्यालय एकूण बेरीज,RE20A302,Roads,52.5
2020-21,CitizensNonPlan,CitizensNonPlan2021,3.0,,ढोलेपाटील क्षेत्रीय कार्यालय एकूण बेरीज,RE20C302,Electrical,17.5
2020-21,CitizensNonPlan,CitizensNonPlan2021,3.0,,ढोलेपाटील क्षेत्रीय कार्यालय एकूण बेरीज,RE22C302,Buildings,40.0
2020-21,CitizensNonPlan,CitizensNonPlan2021,3.0,,ढोलेपाटील क्षेत्रीय कार्यालय एकूण बेरीज,RE14B302,Slum,50.0
2020-21,CitizensNonPlan,CitizensNonPlan2021,3.0,,ढोलेपाटील क्षेत्रीय कार्यालय एकूण बेरीज,XE12B302,WaterSupply,10.0
2020-21,CitizensNonPlan,CitizensNonPlan2021,3.0,,ढोलेपाटील क्षेत्रीय कार्यालय एकूण बेरीज,XE23A302,Sewerage_foul,30.0
2020-21,CitizensNonPlan,CitizensNonPlan2021,4.0,,औंध - बाणेर क्षेत्रीय कार्यालय एकूण बेरीज,RE20A302,Roads,68.0
2020-21,CitizensNonPlan,CitizensNonPlan2021,4.0,,औंध - बाणेर क्षेत्रीय कार्यालय एकूण बेरीज,RE20C302,Electrical,24.0
2020-21,CitizensNonPlan,CitizensNonPlan2021,4.0,,औंध - बाणेर क्षेत्रीय कार्यालय एकूण बेरीज,RE22C302,Buildings,52.0
2020-21,CitizensNonPlan,CitizensNonPlan2021,4.0,,औंध - बाणेर क्षेत्रीय कार्यालय एकूण बेरीज,RE14B302,Slum,24.0
2020-21,CitizensNonPlan,CitizensNonPlan2021,4.0,,औंध - बाणेर क्षेत्रीय कार्यालय एकूण बेरीज,XE12B302,WaterSupply,0.0
2020-21,CitizensNonPlan,CitizensNonPlan2021,4.0,,औंध - बाणेर क्षेत्रीय कार्यालय एकूण बेरीज,XE23A302,Sewerage_foul,32.0
2020-21,CitizensNonPlan,CitizensNonPlan2021,5.0,,शिवाजीनगर - घोले रोड क्षेत्रीय कार्यालय एकूण बेरीज,RE20A302,Roads,23.0
2020-21,CitizensNonPlan,CitizensNonPlan2021,5.0,,शिवाजीनगर - घोले रोड क्षेत्रीय कार्यालय एकूण बेरीज,RE20C302,Electrical,49.0
2020-21,CitizensNonPlan,CitizensNonPlan2021,5.0,,शिवाजीनगर - घोले रोड क्षेत्रीय कार्यालय एकूण बेरीज,RE22C302,Buildings,5.0
2020-21,CitizensNonPlan,CitizensNonPlan2021,5.0,,शिवाजीनगर - घोले रोड क्षेत्रीय कार्यालय एकूण बेरीज,RE14B302,Slum,60.0
2020-21,CitizensNonPlan,CitizensNonPlan2021,5.0,,शिवाजीनगर - घोले रोड क्षेत्रीय कार्यालय एकूण बेरीज,XE12B302,WaterSupply,19.0
2020-21,CitizensNonPlan,CitizensNonPlan2021,5.0,,शिवाजीनगर - घोले रोड क्षेत्रीय कार्यालय एकूण बेरीज,XE23A302,Sewerage_foul,44.0
2020-21,CitizensNonPlan,CitizensNonPlan2021,6.0,,कोथरूड - बावधन क्षेत्रीय कार्यालय एकूण बेरीज,RE20A302,Roads,92.5
2020-21,CitizensNonPlan,CitizensNonPlan2021,6.0,,कोथरूड - बावधन क्षेत्रीय कार्यालय एकूण बेरीज,RE20C302,Electrical,1.0
2020-21,CitizensNonPlan,CitizensNonPlan2021,6.0,,कोथरूड - बावधन क्षेत्रीय कार्यालय एकूण बेरीज,RE22C302,Buildings,25.5
2020-21,CitizensNonPlan,CitizensNonPlan2021,6.0,,कोथरूड - बावधन क्षेत्रीय कार्यालय एकूण बेरीज,RE14B302,Slum,29.0
2020-21,CitizensNonPlan,CitizensNonPlan2021,6.0,,कोथरूड - बावधन क्षेत्रीय कार्यालय एकूण बेरीज,XE12B302,WaterSupply,15.0
2020-21,CitizensNonPlan,CitizensNonPlan2021,6.0,,कोथरूड - बावधन क्षेत्रीय कार्यालय एकूण बेरीज,XE23A302,Sewerage_foul,75.0
2020-21,CitizensNonPlan,CitizensNonPlan2021,7.0,,धनकवडी - सहकारनगर क्षेत्रीय कार्यालय एकूण बेरीज,RE20A302,Roads,53.0
2020-21,CitizensNonPlan,CitizensNonPlan2021,7.0,,धनकवडी - सहकारनगर क्षेत्रीय कार्यालय एकूण बेरीज,RE20C302,Electrical,3.0
2020-21,CitizensNonPlan,CitizensNonPlan2021,7.0,,धनकवडी - सहकारनगर क्षेत्रीय कार्यालय एकूण बेरीज,RE22C302,Buildings,25.0
2020-21,CitizensNonPlan,CitizensNonPlan2021,7.0,,धनकवडी - सहकारनगर क्षेत्रीय कार्यालय एकूण बेरीज,RE14B302,Slum,22.0
2020-21,CitizensNonPlan,CitizensNonPlan2021,7.0,,धनकवडी - सहकारनगर क्षेत्रीय कार्यालय एकूण बेरीज,XE12B302,WaterSupply,0.0
2020-21,CitizensNonPlan,CitizensNonPlan2021,7.0,,धनकवडी - सहकारनगर क्षेत्रीय कार्यालय एकूण बेरीज,XE23A302,Sewerage_foul,97.0
2020-21,CitizensNonPlan,CitizensNonPlan2021,8.0,,सिंहगड रोड क्षेत्रीय कार्यालय एकूण बेरीज,RE20A302,Roads,170.0
2020-21,CitizensNonPlan,CitizensNonPlan2021,8.0,,सिंहगड रोड क्षेत्रीय कार्यालय एकूण बेरीज,RE20C302,Electrical,40.0
2020-21,CitizensNonPlan,CitizensNonPlan2021,8.0,,सिंहगड रोड क्षेत्रीय कार्यालय एकूण बेरीज,RE22C302,Buildings,15.0
2020-21,CitizensNonPlan,CitizensNonPlan2021,8.0,,सिंहगड रोड क्षेत्रीय कार्यालय एकूण बेरीज,RE14B302,Slum,10.0
2020-21,CitizensNonPlan,CitizensNonPlan2021,8.0,,सिंहगड रोड क्षेत्रीय कार्यालय एकूण बेरीज,XE12B302,WaterSupply,10.0
2020-21,CitizensNonPlan,CitizensNonPlan2021,8.0,,सिंहगड रोड क्षेत्रीय कार्यालय एकूण बेरीज,XE23A302,Sewerage_foul,55.0
2020-21,CitizensNonPlan,CitizensNonPlan2021,9.0,,वारजे - कर्वेनगर क्षेत्रीय कार्यालय एकूण बेरीज,RE20A302,Roads,43.0
2020-21,CitizensNonPlan,CitizensNonPlan2021,9.0,,वारजे - कर्वेनगर क्षेत्रीय कार्यालय एकूण बेरीज,RE20C302,Electrical,40.0
2020-21,CitizensNonPlan,CitizensNonPlan2021,9.0,,वारजे - कर्वेनगर क्षेत्रीय कार्यालय एकूण बेरीज,RE22C302,Buildings,9.0
2020-21,CitizensNonPlan,CitizensNonPlan2021,9.0,,वारजे - कर्वेनगर क्षेत्रीय कार्यालय एकूण बेरीज,RE14B302,Slum,10.0
2020-21,CitizensNonPlan,CitizensNonPlan2021,9.0,,वारजे - कर्वेनगर क्षेत्रीय कार्यालय एकूण बेरीज,XE12B302,WaterSupply,0.0
2020-21,CitizensNonPlan,CitizensNonPlan2021,9.0,,वारजे - कर्वेनगर क्षेत्रीय कार्यालय एकूण बेरीज,XE23A302,Sewerage_foul,29.0
2020-21,CitizensNonPlan,CitizensNonPlan2021,10.0,,हडपसर - मुंढवा क्षेत्रीय कार्यालय एकूण बेरीज,RE20A302,Roads,95.0
2020-21,CitizensNonPlan,CitizensNonPlan2021,10.0,,हडपसर - मुंढवा क्षेत्रीय कार्यालय एकूण बेरीज,RE20C302,Electrical,25.0
2020-21,CitizensNonPlan,CitizensNonPlan2021,10.0,,हडपसर - मुंढवा क्षेत्रीय कार्यालय एकूण बेरीज,RE22C302,Buildings,50.0
2020-21,CitizensNonPlan,CitizensNonPlan2021,10.0,,हडपसर - मुंढवा क्षेत्रीय कार्यालय एकूण बेरीज,RE14B302,Slum,5.0
2020-21,CitizensNonPlan,CitizensNonPlan2021,10.0,,हडपसर - मुंढवा क्षेत्रीय कार्यालय एकूण बेरीज,XE12B302,WaterSupply,10.0
2020-21,CitizensNonPlan,CitizensNonPlan2021,10.0,,हडपसर - मुंढवा क्षेत्रीय कार्यालय एकूण बेरीज,XE23A302,Sewerage_foul,90.0
2020-21,CitizensNonPlan,CitizensNonPlan2021,11.0,,वानवडी - रामटेकडी क्षेत्रीय कार्यालय एकूण बेरीज,RE20A302,Roads,33.0
2020-21,CitizensNonPlan,CitizensNonPlan2021,11.0,,वानवडी - रामटेकडी क्षेत्रीय कार्यालय एकूण बेरीज,RE20C302,Electrical,5.0
2020-21,CitizensNonPlan,CitizensNonPlan2021,11.0,,वानवडी - रामटेकडी क्षेत्रीय कार्यालय एकूण बेरीज,RE22C302,Buildings,14.0
2020-21,CitizensNonPlan,CitizensNonPlan2021,11.0,,वानवडी - रामटेकडी क्षेत्रीय कार्यालय एकूण बेरीज,RE14B302,Slum,0.0
2020-21,CitizensNonPlan,CitizensNonPlan2021,11.0,,वानवडी - रामटेकडी क्षेत्रीय कार्यालय एकूण बेरीज,XE12B302,WaterSupply,7.0
2020-21,CitizensNonPlan,CitizensNonPlan2021,11.0,,वानवडी - रामटेकडी क्षेत्रीय कार्यालय एकूण बेरीज,XE23A302,Sewerage_foul,51.0
2020-21,CitizensNonPlan,CitizensNonPlan2021,12.0,,कोंढवा - येवलेवाडी क्षेत्रीय कार्यालय एकूण बेरीज,RE20A302,Roads,51.0
2020-21,CitizensNonPlan,CitizensNonPlan2021,12.0,,कोंढवा - येवलेवाडी क्षेत्रीय कार्यालय एकूण बेरीज,RE20C302,Electrical,15.0
2020-21,CitizensNonPlan,CitizensNonPlan2021,12.0,,कोंढवा - येवलेवाडी क्षेत्रीय कार्यालय एकूण बेरीज,RE22C302,Buildings,4.0
2020-21,CitizensNonPlan,CitizensNonPlan2021,12.0,,कोंढवा - येवलेवाडी क्षेत्रीय कार्यालय एकूण बेरीज,RE14B302,Slum,0.0
2020-21,CitizensNonPlan,CitizensNonPlan2021,12.0,,कोंढवा - येवलेवाडी क्षेत्रीय कार्यालय एकूण बेरीज,XE12B302,WaterSupply,0.0
2020-21,CitizensNonPlan,CitizensNonPlan2021,12.0,,कोंढवा - येवलेवाडी क्षेत्रीय कार्यालय एकूण बेरीज,XE23A302,Sewerage_foul,30.0
2020-21,CitizensNonPlan,CitizensNonPlan2021,13.0,,कसबा - विश्रामबागवाडा क्षेत्रीय कार्यालय एकूण बेरीज,RE20A302,Roads,91.0
2020-21,CitizensNonPlan,CitizensNonPlan2021,13.0,,कसबा - विश्रामबागवाडा क्षेत्रीय कार्यालय एकूण बेरीज,RE20C302,Electrical,23.0
2020-21,CitizensNonPlan,CitizensNonPlan2021,13.0,,कसबा - विश्रामबागवाडा क्षेत्रीय कार्यालय एकूण बेरीज,RE22C302,Buildings,64.0
2020-21,CitizensNonPlan,CitizensNonPlan2021,13.0,,कसबा - विश्रामबागवाडा क्षेत्रीय कार्यालय एकूण बेरीज,RE14B302,Slum,55.0
2020-21,CitizensNonPlan,CitizensNonPlan2021,13.0,,कसबा - विश्रामबागवाडा क्षेत्रीय कार्यालय एकूण बेरीज,XE12B302,WaterSupply,0.0
2020-21,CitizensNonPlan,CitizensNonPlan2021,13.0,,कसबा - विश्रामबागवाडा क्षेत्रीय कार्यालय एकूण बेरीज,XE23A302,Sewerage_foul,67.0
2020-21,CitizensNonPlan,CitizensNonPlan2021,14.0,,भवानी पेठ क्षेत्रीय कार्यालय एकूण बेरीज,RE20A302,Roads,75.0
2020-21,CitizensNonPlan,CitizensNonPlan2021,14.0,,भवानी पेठ क्षेत्रीय कार्यालय एकूण बेरीज,RE20C302,Electrical,25.0
2020-21,CitizensNonPlan,CitizensNonPlan2021,14.0,,भवानी पेठ क्षेत्रीय कार्यालय एकूण बेरीज,RE22C302,Buildings,25.0
2020-21,CitizensNonPlan,CitizensNonPlan2021,14.0,,भवानी पेठ क्षेत्रीय कार्यालय एकूण बेरीज,RE14B302,Slum,83.0
2020-21,CitizensNonPlan,CitizensNonPlan2021,14.0,,भवानी पेठ क्षेत्रीय कार्यालय एकूण बेरीज,XE12B302,WaterSupply,22.0
2020-21,CitizensNonPlan,CitizensNonPlan2021,14.0,,भवानी पेठ क्षेत्रीय कार्यालय एकूण बेरीज,XE23A302,Sewerage_foul,70.0
2020-21,CitizensNonPlan,CitizensNonPlan2021,15.0,,बिबवेवाडी क्षेत्रीय कार्यालय एकूण बेरीज,RE20A302,Roads,10.0
2020-21,CitizensNonPlan,CitizensNonPlan2021,15.0,,बिबवेवाडी क्षेत्रीय कार्यालय एकूण बेरीज,RE20C302,Electrical,0.0
2020-21,CitizensNonPlan,CitizensNonPlan2021,15.0,,बिबवेवाडी क्षेत्रीय कार्यालय एकूण बेरीज,RE22C302,Buildings,30.0
2020-21,CitizensNonPlan,CitizensNonPlan2021,15.0,,बिबवेवाडी क्षेत्रीय कार्यालय एकूण बेरीज,RE14B302,Slum,30.0
2020-21,CitizensNonPlan,CitizensNonPlan2021,15.0,,बिबवेवाडी क्षेत्रीय कार्यालय एकूण बेरीज,XE12B302,WaterSupply,0.0
2020-21,CitizensNonPlan,CitizensNonPlan2021,15.0,,बिबवेवाडी क्षेत्रीय कार्यालय एकूण बेरीज,XE23A302,Sewerage_foul,35.0
2021-22,WardOfficePlan,WardOfficePlan2122,1.0,,नगररोड - वडगावशेरी क्षेत्रीय कार्यालय एकूण बेरीज,CE20A176,Roads,45.0
2021-22,WardOfficePlan,WardOfficePlan2122,1.0,,नगररोड - वडगावशेरी क्षेत्रीय कार्यालय एकूण बेरीज,CE20C118,Electrical,50.0
2021-22,WardOfficePlan,WardOfficePlan2122,1.0,,नगररोड - वडगावशेरी क्षेत्रीय कार्यालय एकूण बेरीज,CE22A114,Buildings,25.0
2021-22,WardOfficePlan,WardOfficePlan2122,1.0,,नगररोड - वडगावशेरी क्षेत्रीय कार्यालय एकूण बेरीज,FE14A118,Slum,0.0
2021-22,WardOfficePlan,WardOfficePlan2122,1.0,,नगररोड - वडगावशेरी क्षेत्रीय कार्यालय एकूण बेरीज,ZE16A115,WaterSupply,0.0
2021-22,WardOfficePlan,WardOfficePlan2122,1.0,,नगररोड - वडगावशेरी क्षेत्रीय कार्यालय एकूण बेरीज,ZE16B113,Sewerage_foul,30.0
2021-22,WardOfficePlan,WardOfficePlan2122,2.0,,येरवडा - कळस - धानोरी क्षेत्रीय कार्यालय एकूण बेरीज,CE20A176,Roads,0.0
2021-22,WardOfficePlan,WardOfficePlan2122,2.0,,येरवडा - कळस - धानोरी क्षेत्रीय कार्यालय एकूण बेरीज,CE20C118,Electrical,0.0
2021-22,WardOfficePlan,WardOfficePlan2122,2.0,,येरवडा - कळस - धानोरी क्षेत्रीय कार्यालय एकूण बेरीज,CE22A114,Buildings,0.0
2021-22,WardOfficePlan,WardOfficePlan2122,2.0,,येरवडा - कळस - धानोरी क्षेत्रीय कार्यालय एकूण बेरीज,FE14A118,Slum,0.0
2021-22,WardOfficePlan,WardOfficePlan2122,2.0,,येरवडा - कळस - धानोरी क्षेत्रीय कार्यालय एकूण बेरीज,ZE16A115,WaterSupply,0.0
2021-22,WardOfficePlan,WardOfficePlan2122,2.0,,येरवडा - कळस - धानोरी क्षेत्रीय कार्यालय एकूण बेरीज,ZE16B113,Sewerage_foul,0.0
2021-22,WardOfficePlan,WardOfficePlan2122,3.0,,ढोलेपाटील क्षेत्रीय कार्यालय एकूण बेरीज,CE20A176,Roads,0.0
2021-22,WardOfficePlan,WardOfficePlan2122,3.0,,ढोलेपाटील क्षेत्रीय कार्यालय एकूण बेरीज,CE20C118,Electrical,0.0
2021-22,WardOfficePlan,WardOfficePlan2122,3.0,,ढोलेपाटील क्षेत्रीय कार्यालय एकूण बेरीज,CE22A114,Buildings,0.0
2021-22,WardOfficePlan,WardOfficePlan2122,3.0,,ढोलेपाटील क्षेत्रीय कार्यालय एकूण बेरीज,FE14A118,Slum,0.0
2021-22,WardOfficePlan,WardOfficePlan2122,3.0,,ढोलेपाटील क्षेत्रीय कार्यालय एकूण बेरीज,ZE16A115,WaterSupply,0.0
2021-22,WardOfficePlan,WardOfficePlan2122,3.0,,ढोलेपाटील क्षेत्रीय कार्यालय एकूण बेरीज,ZE16B113,Sewerage_foul,0.0
2021-22,WardOfficePlan,WardOfficePlan2122,4.0,,औंध - बाणेर क्षेत्रीय कार्यालय एकूण बेरीज,CE20A176,Roads,0.0
2021-22,WardOfficePlan,WardOfficePlan2122,4.0,,औंध - बाणेर क्षेत्रीय कार्यालय एकूण बेरीज,CE20C118,Electrical,0.0
2021-22,WardOfficePlan,WardOfficePlan2122,4.0,,औंध - बाणेर क्षेत्रीय कार्यालय एकूण बेरीज,CE22A114,Buildings,0.0
2021-22,WardOfficePlan,WardOfficePlan2122,4.0,,औंध - बाणेर क्षेत्रीय कार्यालय एकूण बेरीज,FE14A118,Slum,0.0
2021-22,WardOfficePlan,WardOfficePlan2122,4.0,,औंध - बाणेर क्षेत्रीय कार्यालय एकूण बेरीज,ZE16A115,WaterSupply,0.0
2021-22,WardOfficePlan,WardOfficePlan2122,4.0,,औंध - बाणेर क्षेत्रीय कार्यालय एकूण बेरीज,ZE16B113,Sewerage_foul,0.0
2021-22,WardOfficePlan,WardOfficePlan2122,5.0,,शिवाजीनगर - घोले रोड क्षेत्रीय कार्यालय एकूण बेरीज,CE20A176,Roads,0.0
2021-22,WardOfficePlan,WardOfficePlan2122,5.0,,शिवाजीनगर - घोले रोड क्षेत्रीय कार्यालय एकूण बेरीज,CE20C118,Electrical,0.0
2021-22,WardOfficePlan,WardOfficePlan2122,5.0,,शिवाजीनगर - घोले रोड क्षेत्रीय कार्यालय एकूण बेरीज,CE22A114,Buildings,0.0
2021-22,WardOfficePlan,WardOfficePlan2122,5.0,,शिवाजीनगर - घोले रोड क्षेत्रीय कार्यालय एकूण बेरीज,FE14A118,Slum,0.0
2021-22,WardOfficePlan,WardOfficePlan2122,5.0,,शिवाजीनगर - घोले रोड क्षेत्रीय कार्यालय एकूण बेरीज,ZE16A115,WaterSupply,0.0
2021-22,WardOfficePlan,WardOfficePlan2122,5.0,,शिवाजीनगर - घोले रोड क्षेत्रीय कार्यालय एकूण बेरीज,ZE16B113,Sewerage_foul,0.0
2021-22,WardOfficePlan,WardOfficePlan2122,6.0,,कोथरूड - बावधन क्षेत्रीय कार्यालय एकूण बेरीज,CE20A176,Roads,10.0
2021-22,WardOfficePlan,WardOfficePlan2122,6.0,,कोथरूड - बावधन क्षेत्रीय कार्यालय एकूण बेरीज,CE20C118,Electrical,10.0
2021-22,WardOfficePlan,WardOfficePlan2122,6.0,,कोथरूड - बावधन क्षेत्रीय कार्यालय एकूण बेरीज,CE22A114,Buildings,10.0
2021-22,WardOfficePlan,WardOfficePlan2122,6.0,,कोथरूड - बावधन क्षेत्रीय कार्यालय एकूण बेरीज,FE14A118,Slum,0.0
2021-22,WardOfficePlan,WardOfficePlan2122,6.0,,कोथरूड - बावधन क्षेत्रीय कार्यालय एकूण बेरीज,ZE16A115,WaterSupply,0.0
2021-22,WardOfficePlan,WardOfficePlan2122,6.0,,कोथरूड - बावधन क्षेत्रीय कार्यालय एकूण बेरीज,ZE16B113,Sewerage_foul,0.0
2021-22,WardOfficePlan,WardOfficePlan2122,7.0,,धनकवडी - सहकारनगर क्षेत्रीय कार्यालय एकूण बेरीज,CE20A176,Roads,23.5
2021-22,WardOfficePlan,WardOfficePlan2122,7.0,,धनकवडी - सहकारनगर क्षेत्रीय कार्यालय एकूण बेरीज,CE20C118,Electrical,2.5
2021-22,WardOfficePlan,WardOfficePlan2122,7.0,,धनकवडी - सहकारनगर क्षेत्रीय कार्यालय एकूण बेरीज,CE22A114,Buildings,38.5
2021-22,WardOfficePlan,WardOfficePlan2122,7.0,,धनकवडी - सहकारनगर क्षेत्रीय कार्यालय एकूण बेरीज,FE14A118,Slum,0.0
2021-22,WardOfficePlan,WardOfficePlan2122,7.0,,धनकवडी - सहकारनगर क्षेत्रीय कार्यालय एकूण बेरीज,ZE16A115,WaterSupply,2.5
2021-22,WardOfficePlan,WardOfficePlan2122,7.0,,धनकवडी - सहकारनगर क्षेत्रीय कार्यालय एकूण बेरीज,ZE16B113,Sewerage_foul,10.0
2021-22,WardOfficePlan,WardOfficePlan2122,8.0,,सिंहगड रोड क्षेत्रीय कार्यालय एकूण बेरीज,CE20A176,Roads,171.45
2021-22,WardOfficePlan,WardOfficePlan2122,8.0,,सिंहगड रोड क्षेत्रीय कार्यालय एकूण बेरीज,CE20C118,Electrical,32.5
2021-22,WardOfficePlan,WardOfficePlan2122,8.0,,सिंहगड रोड क्षेत्रीय कार्यालय एकूण बेरीज,CE22A114,Buildings,60.05
2021-22,WardOfficePlan,WardOfficePlan2122,8.0,,सिंहगड रोड क्षेत्रीय कार्यालय एकूण बेरीज,FE14A118,Slum,60.0
2021-22,WardOfficePlan,WardOfficePlan2122,8.0,,सिंहगड रोड क्षेत्रीय कार्यालय एकूण बेरीज,ZE16A115,WaterSupply,0.0
2021-22,WardOfficePlan,WardOfficePlan2122,8.0,,सिंहगड रोड क्षेत्रीय कार्यालय एकूण बेरीज,ZE16B113,Sewerage_foul,126.0
2021-22,WardOfficePlan,WardOfficePlan2122,9.0,,वारजे - कर्वेनगर क्षेत्रीय कार्यालय एकूण बेरीज,CE20A176,Roads,5.0
2021-22,WardOfficePlan,WardOfficePlan2122,9.0,,वारजे - कर्वेनगर क्षेत्रीय कार्यालय एकूण बेरीज,CE20C118,Electrical,0.0
2021-22,WardOfficePlan,WardOfficePlan2122,9.0,,वारजे - कर्वेनगर क्षेत्रीय कार्यालय एकूण बेरीज,CE22A114,Buildings,17.5
2021-22,WardOfficePlan,WardOfficePlan2122,9.0,,वारजे - कर्वेनगर क्षेत्रीय कार्यालय एकूण बेरीज,FE14A118,Slum,22.5
2021-22,WardOfficePlan,WardOfficePlan2122,9.0,,वारजे - कर्वेनगर क्षेत्रीय कार्यालय एकूण बेरीज,ZE16A115,WaterSupply,0.0
2021-22,WardOfficePlan,WardOfficePlan2122,9.0,,वारजे - कर्वेनगर क्षेत्रीय कार्यालय एकूण बेरीज,ZE16B113,Sewerage_foul,7.5
2021-22,WardOfficePlan,WardOfficePlan2122,10.0,,हडपसर - मुंढवा क्षेत्रीय कार्यालय एकूण बेरीज,CE20A176,Roads,76.5
2021-22,WardOfficePlan,WardOfficePlan2122,10.0,,हडपसर - मुंढवा क्षेत्रीय कार्यालय एकूण बेरीज,CE20C118,Electrical,5.0
2021-22,WardOfficePlan,WardOfficePlan2122,10.0,,हडपसर - मुंढवा क्षेत्रीय कार्यालय एकूण बेरीज,CE22A114,Buildings,25.0
2021-22,WardOfficePlan,WardOfficePlan2122,10.0,,हडपसर - मुंढवा क्षेत्रीय कार्यालय एकूण बेरीज,FE14A118,Slum,0.0
2021-22,WardOfficePlan,WardOfficePlan2122,10.0,,हडपसर - मुंढवा क्षेत्रीय कार्यालय एकूण बेरीज,ZE16A115,WaterSupply,0.0
2021-22,WardOfficePlan,WardOfficePlan2122,10.0,,हडपसर - मुंढवा क्षेत्रीय कार्यालय एकूण बेरीज,ZE16B113,Sewerage_foul,30.0
2021-22,WardOfficePlan,WardOfficePlan2122,11.0,,वानवडी - रामटेकडी क्षेत्रीय कार्यालय एकूण बेरीज,CE20A176,Roads,69.0
2021-22,WardOfficePlan,WardOfficePlan2122,11.0,,वानवडी - रामटेकडी क्षेत्रीय कार्यालय एकूण बेरीज,CE20C118,Electrical,40.0
2021-22,WardOfficePlan,WardOfficePlan2122,11.0,,वानवडी - रामटेकडी क्षेत्रीय कार्यालय एकूण बेरीज,CE22A114,Buildings,10.0
2021-22,WardOfficePlan,WardOfficePlan2122,11.0,,वानवडी - रामटेकडी क्षेत्रीय कार्यालय एकूण बेरीज,FE14A118,Slum,0.0
2021-22,WardOfficePlan,WardOfficePlan2122,11.0,,वानवडी - रामटेकडी क्षेत्रीय कार्यालय एकूण बेरीज,ZE16A115,WaterSupply,0.0
2021-22,WardOfficePlan,WardOfficePlan2122,11.0,,वानवडी - रामटेकडी क्षेत्रीय कार्यालय एकूण बेरीज,ZE16B113,Sewerage_foul,22.5
2021-22,WardOfficePlan,WardOfficePlan2122,12.0,,कोंढवा - येवलेवाडी क्षेत्रीय कार्यालय एकूण बेरीज,CE20A176,Roads,42.5
2021-22,WardOfficePlan,WardOfficePlan2122,12.0,,कोंढवा - येवलेवाडी क्षेत्रीय कार्यालय एकूण बेरीज,CE20C118,Electrical,59.5
2021-22,WardOfficePlan,WardOfficePlan2122,12.0,,कोंढवा - येवलेवाडी क्षेत्रीय कार्यालय एकूण बेरीज,CE22A114,Buildings,0.0
2021-22,WardOfficePlan,WardOfficePlan2122,12.0,,कोंढवा - येवलेवाडी क्षेत्रीय कार्यालय एकूण बेरीज,FE14A118,Slum,0.0
2021-22,WardOfficePlan,WardOfficePlan2122,12.0,,कोंढवा - येवलेवाडी क्षेत्रीय कार्यालय एकूण बेरीज,ZE16A115,WaterSupply,0.0
2021-22,WardOfficePlan,WardOfficePlan2122,12.0,,कोंढवा - येवलेवाडी क्षेत्रीय कार्यालय एकूण बेरीज,ZE16B113,Sewerage_foul,25.0
2021-22,WardOfficePlan,WardOfficePlan2122,13.0,,कसबा - विश्रामबागवाडा क्षेत्रीय कार्यालय एकूण बेरीज,CE20A176,Roads,0.0
2021-22,WardOfficePlan,WardOfficePlan2122,13.0,,कसबा - विश्रामबागवाडा क्षेत्रीय कार्यालय एकूण बेरीज,CE20C118,Electrical,0.0
2021-22,WardOfficePlan,WardOfficePlan2122,13.0,,कसबा - विश्रामबागवाडा क्षेत्रीय कार्यालय एकूण बेरीज,CE22A114,Buildings,0.0
2021-22,WardOfficePlan,WardOfficePlan2122,13.0,,कसबा - विश्रामबागवाडा क्षेत्रीय कार्यालय एकूण बेरीज,FE14A118,Slum,0.0
2021-22,WardOfficePlan,WardOfficePlan2122,13.0,,कसबा - विश्रामबागवाडा क्षेत्रीय कार्यालय एकूण बेरीज,ZE16A115,WaterSupply,0.0
2021-22,WardOfficePlan,WardOfficePlan2122,13.0,,कसबा - विश्रामबागवाडा क्षेत्रीय कार्यालय एकूण बेरीज,ZE16B113,Sewerage_foul,0.0
2021-22,WardOfficePlan,WardOfficePlan2122,14.0,,भवानी पेठ क्षेत्रीय कार्यालय एकूण बेरीज,CE20A176,Roads,0.0
2021-22,WardOfficePlan,WardOfficePlan2122,14.0,,भवानी पेठ क्षेत्रीय कार्यालय एकूण बेरीज,CE20C118,Electrical,0.0
2021-22,WardOfficePlan,WardOfficePlan2122,14.0,,भवानी पेठ क्षेत्रीय कार्यालय एकूण बेरीज,CE22A114,Buildings,0.0
2021-22,WardOfficePlan,WardOfficePlan2122,14.0,,भवानी पेठ क्षेत्रीय कार्यालय एकूण बेरीज,FE14A118,Slum,0.0
2021-22,WardOfficePlan,WardOfficePlan2122,14.0,,भवानी पेठ क्षेत्रीय कार्यालय एकूण बेरीज,ZE16A115,WaterSupply,0.0
2021-22,WardOfficePlan,WardOfficePlan2122,14.0,,भवानी पेठ क्षेत्रीय कार्यालय एकूण बेरीज,ZE16B113,Sewerage_foul,0.0
2021-22,WardOfficePlan,WardOfficePlan2122,15.0,,बिबवेवाडी क्षेत्रीय कार्यालय एकूण बेरीज,CE20A176,Roads,25.0
2021-22,WardOfficePlan,WardOfficePlan2122,15.0,,बिबवेवाडी क्षेत्रीय कार्यालय एकूण बेरीज,CE20C118,Electrical,20.0
2021-22,WardOfficePlan,WardOfficePlan2122,15.0,,बिबवेवाडी क्षेत्रीय कार्यालय एकूण बेरीज,CE22A114,Buildings,0.0
2021-22,WardOfficePlan,WardOfficePlan2122,15.0,,बिबवेवाडी क्षेत्रीय कार्यालय एकूण बेरीज,FE14A118,Slum,0.0
2021-22,WardOfficePlan,WardOfficePlan2122,15.0,,बिबवेवाडी क्षेत्रीय कार्यालय एकूण बेरीज,ZE16A115,WaterSupply,0.0
2021-22,WardOfficePlan,WardOfficePlan2122,15.0,,बिबवेवाडी क्षेत्रीय कार्यालय एकूण बेरीज,ZE16B113,Sewerage_foul,105.0
2021-22,WardOfficeNonPlan,WardOfficeNonPlan2122,1.0,,नगररोड - वडगावशेरी क्षेत्रीय कार्यालय एकूण बेरीज,RE20A301,Roads,125.0
2021-22,WardOfficeNonPlan,WardOfficeNonPlan2122,1.0,,नगररोड - वडगावशेरी क्षेत्रीय कार्यालय एकूण बेरीज,RE20C301,Electrical,100.0
2021-22,WardOfficeNonPlan,WardOfficeNonPlan2122,1.0,,नगररोड - वडगावशेरी क्षेत्रीय कार्यालय एकूण बेरीज,RE22C301,Buildings,12.5
2021-22,WardOfficeNonPlan,WardOfficeNonPlan2122,1.0,,नगररोड - वडगावशेरी क्षेत्रीय कार्यालय एकूण बेरीज,RE14B301,Slum,0.0
2021-22,WardOfficeNonPlan,WardOfficeNonPlan2122,1.0,,नगररोड - वडगावशेरी क्षेत्रीय कार्यालय एकूण बेरीज,XE12B301,WaterSupply,0.0
2021-22,WardOfficeNonPlan,WardOfficeNonPlan2122,1.0,,नगररोड - वडगावशेरी क्षेत्रीय कार्यालय एकूण बेरीज,XE23A301,Sewerage_foul,62.5
2021-22,WardOfficeNonPlan,WardOfficeNonPlan2122,2.0,,येरवडा - कळस - धानोरी क्षेत्रीय कार्यालय एकूण बेरीज,RE20A301,Roads,140.0
2021-22,WardOfficeNonPlan,WardOfficeNonPlan2122,2.0,,येरवडा - कळस - धानोरी क्षेत्रीय कार्यालय एकूण बेरीज,RE20C301,Electrical,37.5
2021-22,WardOfficeNonPlan,WardOfficeNonPlan2122,2.0,,येरवडा - कळस - धानोरी क्षेत्रीय कार्यालय एकूण बेरीज,RE22C301,Buildings,74.0
2021-22,WardOfficeNonPlan,WardOfficeNonPlan2122,2.0,,येरवडा - कळस - धानोरी क्षेत्रीय कार्यालय एकूण बेरीज,RE14B301,Slum,47.5
2021-22,WardOfficeNonPlan,WardOfficeNonPlan2122,2.0,,येरवडा - कळस - धानोरी क्षेत्रीय कार्यालय एकूण बेरीज,XE12B301,WaterSupply,0.0
2021-22,WardOfficeNonPlan,WardOfficeNonPlan2122,2.0,,येरवडा - कळस - धानोरी क्षेत्रीय कार्यालय एकूण बेरीज,XE23A301,Sewerage_foul,151.0
2021-22,WardOfficeNonPlan,WardOfficeNonPlan2122,3.0,,ढोलेपाटील क्षेत्रीय कार्यालय एकूण बेरीज,RE20A301,Roads,82.5
2021-22,WardOfficeNonPlan,WardOfficeNonPlan2122,3.0,,ढोलेपाटील क्षेत्रीय कार्यालय एकूण बेरीज,RE20C301,Electrical,20.0
2021-22,WardOfficeNonPlan,WardOfficeNonPlan2122,3.0,,ढोलेपाटील क्षेत्रीय कार्यालय एकूण बेरीज,RE22C301,Buildings,42.5
2021-22,WardOfficeNonPlan,WardOfficeNonPlan2122,3.0,,ढोलेपाटील क्षेत्रीय कार्यालय एकूण बेरीज,RE14B301,Slum,87.5
2021-22,WardOfficeNonPlan,WardOfficeNonPlan2122,3.0,,ढोलेपाटील क्षेत्रीय कार्यालय एकूण बेरीज,XE12B301,WaterSupply,2.5
2021-22,WardOfficeNonPlan,WardOfficeNonPlan2122,3.0,,ढोलेपाटील क्षेत्रीय कार्यालय एकूण बेरीज,XE23A301,Sewerage_foul,65.0
2021-22,WardOfficeNonPlan,WardOfficeNonPlan2122,4.0,,औंध - बाणेर क्षेत्रीय कार्यालय एकूण बेरीज,RE20A301,Roads,60.0
2021-22,WardOfficeNonPlan,WardOfficeNonPlan2122,4.0,,औंध - बाणेर क्षेत्रीय कार्यालय एकूण बेरीज,RE20C301,Electrical,60.0
2021-22,WardOfficeNonPlan,WardOfficeNonPlan2122,4.0,,औंध - बाणेर क्षेत्रीय कार्यालय एकूण बेरीज,RE22C301,Buildings,60.0
2021-22,WardOfficeNonPlan,WardOfficeNonPlan2122,4.0,,औंध - बाणेर क्षेत्रीय कार्यालय एकूण बेरीज,RE14B301,Slum,60.0
2021-22,WardOfficeNonPlan,WardOfficeNonPlan2122,4.0,,औंध - बाणेर क्षेत्रीय कार्यालय एकूण बेरीज,XE12B301,WaterSupply,0.0
2021-22,WardOfficeNonPlan,WardOfficeNonPlan2122,4.0,,औंध - बाणेर क्षेत्रीय कार्यालय एकूण बेरीज,XE23A301,Sewerage_foul,60.0
2021-22,WardOfficeNonPlan,WardOfficeNonPlan2122,5.0,,शिवाजीनगर - घोले रोड क्षेत्रीय कार्यालय एकूण बेरीज,RE20A301,Roads,67.5
2021-22,WardOfficeNonPlan,WardOfficeNonPlan2122,5.0,,शिवाजीनगर - घोले रोड क्षेत्रीय कार्यालय एकूण बेरीज,RE20C301,Electrical,45.0
2021-22,WardOfficeNonPlan,WardOfficeNonPlan2122,5.0,,शिवाजीनगर - घोले रोड क्षेत्रीय कार्यालय एकूण बेरीज,RE22C301,Buildings,56.0
2021-22,WardOfficeNonPlan,WardOfficeNonPlan2122,5.0,,शिवाजीनगर - घोले रोड क्षेत्रीय कार्यालय एकूण बेरीज,RE14B301,Slum,64.0
2021-22,WardOfficeNonPlan,WardOfficeNonPlan2122,5.0,,शिवाजीनगर - घोले रोड क्षेत्रीय कार्यालय एकूण बेरीज,XE12B301,WaterSupply,0.0
2021-22,WardOfficeNonPlan,WardOfficeNonPlan2122,5.0,,शिवाजीनगर - घोले रोड क्षेत्रीय कार्यालय एकूण बेरीज,XE23A301,Sewerage_foul,67.5
2021-22,WardOfficeNonPlan,WardOfficeNonPlan2122,6.0,,कोथरूड - बावधन क्षेत्रीय कार्यालय एकूण बेरीज,RE20A301,Roads,132.0
2021-22,WardOfficeNonPlan,WardOfficeNonPlan2122,6.0,,कोथरूड - बावधन क्षेत्रीय कार्यालय एकूण बेरीज,RE20C301,Electrical,20.5
2021-22,WardOfficeNonPlan,WardOfficeNonPlan2122,6.0,,कोथरूड - बावधन क्षेत्रीय कार्यालय एकूण बेरीज,RE22C301,Buildings,87.5
2021-22,WardOfficeNonPlan,WardOfficeNonPlan2122,6.0,,कोथरूड - बावधन क्षेत्रीय कार्यालय एकूण बेरीज,RE14B301,Slum,97.5
2021-22,WardOfficeNonPlan,WardOfficeNonPlan2122,6.0,,कोथरूड - बावधन क्षेत्रीय कार्यालय एकूण बेरीज,XE12B301,WaterSupply,0.0
2021-22,WardOfficeNonPlan,WardOfficeNonPlan2122,6.0,,कोथरूड - बावधन क्षेत्रीय कार्यालय एकूण बेरीज,XE23A301,Sewerage_foul,82.5
2021-22,WardOfficeNonPlan,WardOfficeNonPlan2122,7.0,,धनकवडी - सहकारनगर क्षेत्रीय कार्यालय एकूण बेरीज,RE20A301,Roads,145.5
2021-22,WardOfficeNonPlan,WardOfficeNonPlan2122,7.0,,धनकवडी - सहकारनगर क्षेत्रीय कार्यालय एकूण बेरीज,RE20C301,Electrical,39.5
2021-22,WardOfficeNonPlan,WardOfficeNonPlan2122,7.0,,धनकवडी - सहकारनगर क्षेत्रीय कार्यालय एकूण बेरीज,RE22C301,Buildings,20.5
2021-22,WardOfficeNonPlan,WardOfficeNonPlan2122,7.0,,धनकवडी - सहकारनगर क्षेत्रीय कार्यालय एकूण बेरीज,RE14B301,Slum,46.0
2021-22,WardOfficeNonPlan,WardOfficeNonPlan2122,7.0,,धनकवडी - सहकारनगर क्षेत्रीय कार्यालय एकूण बेरीज,XE12B301,WaterSupply,2.5
2021-22,WardOfficeNonPlan,WardOfficeNonPlan2122,7.0,,धनकवडी - सहकारनगर क्षेत्रीय कार्यालय एकूण बेरीज,XE23A301,Sewerage_foul,119.0
2021-22,WardOfficeNonPlan,WardOfficeNonPlan2122,8.0,,सिंहगड रोड क्षेत्रीय कार्यालय एकूण बेरीज,RE20A301,Roads,0.0
2021-22,WardOfficeNonPlan,WardOfficeNonPlan2122,8.0,,सिंहगड रोड क्षेत्रीय कार्यालय एकूण बेरीज,RE20C301,Electrical,0.0
2021-22,WardOfficeNonPlan,WardOfficeNonPlan2122,8.0,,सिंहगड रोड क्षेत्रीय कार्यालय एकूण बेरीज,RE22C301,Buildings,0.0
2021-22,WardOfficeNonPlan,WardOfficeNonPlan2122,8.0,,सिंहगड रोड क्षेत्रीय कार्यालय एकूण बेरीज,RE14B301,Slum,0.0
2021-22,WardOfficeNonPlan,WardOfficeNonPlan2122,8.0,,सिंहगड रोड क्षेत्रीय कार्यालय एकूण बेरीज,XE12B301,WaterSupply,0.0
2021-22,WardOfficeNonPlan,WardOfficeNonPlan2122,8.0,,सिंहगड रोड क्षेत्रीय कार्यालय एकूण बेरीज,XE23A301,Sewerage_foul,0.0
2021-22,WardOfficeNonPlan,WardOfficeNonPlan2122,9.0,,वारजे - कर्वेनगर क्षेत्रीय कार्यालय एकूण बेरीज,RE20A301,Roads,112.5
2021-22,WardOfficeNonPlan,WardOfficeNonPlan2122,9.0,,वारजे - कर्वेनगर क्षेत्रीय कार्यालय एकूण बेरीज,RE20C301,Electrical,105.0
2021-22,WardOfficeNonPlan,WardOfficeNonPlan2122,9.0,,वारजे - कर्वेनगर क्षेत्रीय कार्यालय एकूण बेरीज,RE22C301,Buildings,32.5
2021-22,WardOfficeNonPlan,WardOfficeNonPlan2122,9.0,,वारजे - कर्वेनगर क्षेत्रीय कार्यालय एकूण बेरीज,RE14B301,Slum,57.5
2021-22,WardOfficeNonPlan,WardOfficeNonPlan2122,9.0,,वारजे - कर्वेनगर क्षेत्रीय कार्यालय एकूण बेरीज,XE12B301,WaterSupply,0.0
2021-22,WardOfficeNonPlan,WardOfficeNonPlan2122,9.0,,वारजे - कर्वेनगर क्षेत्रीय कार्यालय एकूण बेरीज,XE23A301,Sewerage_foul,90.0
2021-22,WardOfficeNonPlan,WardOfficeNonPlan2122,10.0,,हडपसर - मुंढवा क्षेत्रीय कार्यालय एकूण बेरीज,RE20A301,Roads,127.0
2021-22,WardOfficeNonPlan,WardOfficeNonPlan2122,10.0,,हडपसर - मुंढवा क्षेत्रीय कार्यालय एकूण बेरीज,RE20C301,Electrical,62.5
2021-22,WardOfficeNonPlan,WardOfficeNonPlan2122,10.0,,हडपसर - मुंढवा क्षेत्रीय कार्यालय एकूण बेरीज,RE22C301,Buildings,57.5
2021-22,WardOfficeNonPlan,WardOfficeNonPlan2122,10.0,,हडपसर - मुंढवा क्षेत्रीय कार्यालय एकूण बेरीज,RE14B301,Slum,17.5
2021-22,WardOfficeNonPlan,WardOfficeNonPlan2122,10.0,,हडपसर - मुंढवा क्षेत्रीय कार्यालय एकूण बेरीज,XE12B301,WaterSupply,5.0
2021-22,WardOfficeNonPlan,WardOfficeNonPlan2122,10.0,,हडपसर - मुंढवा क्षेत्रीय कार्यालय एकूण बेरीज,XE23A301,Sewerage_foul,44.0
2021-22,WardOfficeNonPlan,WardOfficeNonPlan2122,11.0,,वानवडी - रामटेकडी क्षेत्रीय कार्यालय एकूण बेरीज,RE20A301,Roads,80.0
2021-22,WardOfficeNonPlan,WardOfficeNonPlan2122,11.0,,वानवडी - रामटेकडी क्षेत्रीय कार्यालय एकूण बेरीज,RE20C301,Electrical,30.0
2021-22,WardOfficeNonPlan,WardOfficeNonPlan2122,11.0,,वानवडी - रामटेकडी क्षेत्रीय कार्यालय एकूण बेरीज,RE22C301,Buildings,23.5
2021-22,WardOfficeNonPlan,WardOfficeNonPlan2122,11.0,,वानवडी - रामटेकडी क्षेत्रीय कार्यालय एकूण बेरीज,RE14B301,Slum,20.0
2021-22,WardOfficeNonPlan,WardOfficeNonPlan2122,11.0,,वानवडी - रामटेकडी क्षेत्रीय कार्यालय एकूण बेरीज,XE12B301,WaterSupply,0.0
2021-22,WardOfficeNonPlan,WardOfficeNonPlan2122,11.0,,वानवडी - रामटेकडी क्षेत्रीय कार्यालय एकूण बेरीज,XE23A301,Sewerage_foul,117.5
2021-22,WardOfficeNonPlan,WardOfficeNonPlan2122,12.0,,कोंढवा - येवलेवाडी क्षेत्रीय कार्यालय एकूण बेरीज,RE20A301,Roads,50.0
2021-22,WardOfficeNonPlan,WardOfficeNonPlan2122,12.0,,कोंढवा - येवलेवाडी क्षेत्रीय कार्यालय एकूण बेरीज,RE20C301,Electrical,0.0
2021-22,WardOfficeNonPlan,WardOfficeNonPlan2122,12.0,,कोंढवा - येवलेवाडी क्षेत्रीय कार्यालय एकूण बेरीज,RE22C301,Buildings,35.5
2021-22,WardOfficeNonPlan,WardOfficeNonPlan2122,12.0,,कोंढवा - येवलेवाडी क्षेत्रीय कार्यालय एकूण बेरीज,RE14B301,Slum,0.0
2021-22,WardOfficeNonPlan,WardOfficeNonPlan2122,12.0,,कोंढवा - येवलेवाडी क्षेत्रीय कार्यालय एकूण बेरीज,XE12B301,WaterSupply,0.0
2021-22,WardOfficeNonPlan,WardOfficeNonPlan2122,12.0,,कोंढवा - येवलेवाडी क्षेत्रीय कार्यालय एकूण बेरीज,XE23A301,Sewerage_foul,87.5
2021-22,WardOfficeNonPlan,WardOfficeNonPlan2122,13.0,,कसबा - विश्रामबागवाडा क्षेत्रीय कार्यालय एकूण बेरीज,RE20A301,Roads,152.5
2021-22,WardOfficeNonPlan,WardOfficeNonPlan2122,13.0,,कसबा - विश्रामबागवाडा क्षेत्रीय कार्यालय एकूण बेरीज,RE20C301,Electrical,60.0
2021-22,WardOfficeNonPlan,WardOfficeNonPlan2122,13.0,,कसबा - विश्रामबागवाडा क्षेत्रीय कार्यालय एकूण बेरीज,RE22C301,Buildings,75.0
2021-22,WardOfficeNonPlan,WardOfficeNonPlan2122,13.0,,कसबा - विश्रामबागवाडा क्षेत्रीय कार्यालय एकूण बेरीज,RE14B301,Slum,82.5
2021-22,WardOfficeNonPlan,WardOfficeNonPlan2122,13.0,,कसबा - विश्रामबागवाडा क्षेत्रीय कार्यालय एकूण बेरीज,XE12B301,WaterSupply,0.0
2021-22,WardOfficeNonPlan,WardOfficeNonPlan2122,13.0,,कसबा - विश्रामबागवाडा क्षेत्रीय कार्यालय एकूण बेरीज,XE23A301,Sewerage_foul,80.0
2021-22,WardOfficeNonPlan,WardOfficeNonPlan2122,14.0,,भवानी पेठ क्षेत्रीय कार्यालय एकूण बेरीज,RE20A301,Roads,115.0
2021-22,WardOfficeNonPlan,WardOfficeNonPlan2122,14.0,,भवानी पेठ क्षेत्रीय कार्यालय एकूण बेरीज,RE20C301,Electrical,60.0
2021-22,WardOfficeNonPlan,WardOfficeNonPlan2122,14.0,,भवानी पेठ क्षेत्रीय कार्यालय एकूण बेरीज,RE22C301,Buildings,80.0
2021-22,WardOfficeNonPlan,WardOfficeNonPlan2122,14.0,,भवानी पेठ क्षेत्रीय कार्यालय एकूण बेरीज,RE14B301,Slum,70.0
2021-22,WardOfficeNonPlan,WardOfficeNonPlan2122,14.0,,भवानी पेठ क्षेत्रीय कार्यालय एकूण बेरीज,XE12B301,WaterSupply,0.0
2021-22,WardOfficeNonPlan,WardOfficeNonPlan2122,14.0,,भवानी पेठ क्षेत्रीय कार्यालय एकूण बेरीज,XE23A301,Sewerage_foul,125.0
2021-22,WardOfficeNonPlan,WardOfficeNonPlan2122,15.0,,बिबवेवाडी क्षेत्रीय कार्यालय एकूण बेरीज,RE20A301,Roads,75.0
2021-22,WardOfficeNonPlan,WardOfficeNonPlan2122,15.0,,बिबवेवाडी क्षेत्रीय कार्यालय एकूण बेरीज,RE20C301,Electrical,62.5
2021-22,WardOfficeNonPlan,WardOfficeNonPlan2122,15.0,,बिबवेवाडी क्षेत्रीय कार्यालय एकूण बेरीज,RE22C301,Buildings,50.0
2021-22,WardOfficeNonPlan,WardOfficeNonPlan2122,15.0,,बिबवेवाडी क्षेत्रीय कार्यालय एकूण बेरीज,RE14B301,Slum,30.0
2021-22,WardOfficeNonPlan,WardOfficeNonPlan2122,15.0,,बिबवेवाडी क्षेत्रीय कार्यालय एकूण बेरीज,XE12B301,WaterSupply,0.0
2021-22,WardOfficeNonPlan,WardOfficeNonPlan2122,15.0,,बिबवेवाडी क्षेत्रीय कार्यालय एकूण बेरीज,XE23A301,Sewerage_foul,45.0
2021-22,CitizensPlan,CitizensPlan2122,1.0,,नगररोड - वडगावशेरी क्षेत्रीय कार्यालय एकूण बेरीज,CE20A1196,Roads,0.0
2021-22,CitizensPlan,CitizensPlan2122,1.0,,नगररोड - वडगावशेरी क्षेत्रीय कार्यालय एकूण बेरीज,CE20C406,Electrical,0.0
2021-22,CitizensPlan,CitizensPlan2122,1.0,,नगररोड - वडगावशेरी क्षेत्रीय कार्यालय एकूण बेरीज,CE22A547,Buildings,0.0
2021-22,CitizensPlan,CitizensPlan2122,1.0,,नगररोड - वडगावशेरी क्षेत्रीय कार्यालय एकूण बेरीज,FE14A121,Slum,0.0
2021-22,CitizensPlan,CitizensPlan2122,1.0,,नगररोड - वडगावशेरी क्षेत्रीय कार्यालय एकूण बेरीज,ZE16A117,WaterSupply,0.0
2021-22,CitizensPlan,CitizensPlan2122,1.0,,नगररोड - वडगावशेरी क्षेत्रीय कार्यालय एकूण बेरीज,ZE16B130,Sewerage_foul,0.0
2021-22,CitizensPlan,CitizensPlan2122,2.0,,येरवडा - कळस - धानोरी क्षेत्रीय कार्यालय एकूण बेरीज,CE20A1196,Roads,0.0
2021-22,CitizensPlan,CitizensPlan2122,2.0,,येरवडा - कळस - धानोरी क्षेत्रीय कार्यालय एकूण बेरीज,CE20C406,Electrical,0.0
2021-22,CitizensPlan,CitizensPlan2122,2.0,,येरवडा - कळस - धानोरी क्षेत्रीय कार्यालय एकूण बेरीज,CE22A547,Buildings,0.0
2021-22,CitizensPlan,CitizensPlan2122,2.0,,येरवडा - कळस - धानोरी क्षेत्रीय कार्यालय एकूण बेरीज,FE14A121,Slum,0.0
2021-22,CitizensPlan,CitizensPlan2122,2.0,,येरवडा - कळस - धानोरी क्षेत्रीय कार्यालय एकूण बेरीज,ZE16A117,WaterSupply,0.0
2021-22,CitizensPlan,CitizensPlan2122,2.0,,येरवडा - कळस - धानोरी क्षेत्रीय कार्यालय एकूण बेरीज,ZE16B130,Sewerage_foul,0.0
2021-22,CitizensPlan,CitizensPlan2122,3.0,,ढोलेपाटील क्षेत्रीय कार्यालय एकूण बेरीज,CE20A1196,Roads,0.0
2021-22,CitizensPlan,CitizensPlan2122,3.0,,ढोलेपाटील क्षेत्रीय कार्यालय एकूण बेरीज,CE20C406,Electrical,0.0
2021-22,CitizensPlan,CitizensPlan2122,3.0,,ढोलेपाटील क्षेत्रीय कार्यालय एकूण बेरीज,CE22A547,Buildings,0.0
2021-22,CitizensPlan,CitizensPlan2122,3.0,,ढोलेपाटील क्षेत्रीय कार्यालय एकूण बेरीज,FE14A121,Slum,0.0
2021-22,CitizensPlan,CitizensPlan2122,3.0,,ढोलेपाटील क्षेत्रीय कार्यालय एकूण बेरीज,ZE16A117,WaterSupply,0.0
2021-22,CitizensPlan,CitizensPlan2122,3.0,,ढोलेपाटील क्षेत्रीय कार्यालय एकूण बेरीज,ZE16B130,Sewerage_foul,0.0
2021-22,CitizensPlan,CitizensPlan2122,4.0,,औंध - बाणेर क्षेत्रीय कार्यालय एकूण बेरीज,CE20A1196,Roads,0.0
2021-22,CitizensPlan,CitizensPlan2122,4.0,,औंध - बाणेर क्षेत्रीय कार्यालय एकूण बेरीज,CE20C406,Electrical,0.0
2021-22,CitizensPlan,CitizensPlan2122,4.0,,औंध - बाणेर क्षेत्रीय कार्यालय एकूण बेरीज,CE22A547,Buildings,0.0
2021-22,CitizensPlan,CitizensPlan2122,4.0,,औंध - बाणेर क्षेत्रीय कार्यालय एकूण बेरीज,FE14A121,Slum,0.0
2021-22,CitizensPlan,CitizensPlan2122,4.0,,औंध - बाणेर क्षेत्रीय कार्यालय एकूण बेरीज,ZE16A117,WaterSupply,0.0
2021-22,CitizensPlan,CitizensPlan2122,4.0,,औंध - बाणेर क्षेत्रीय कार्यालय एकूण बेरीज,ZE16B130,Sewerage_foul,0.0
2021-22,CitizensPlan,CitizensPlan2122,5.0,,शिवाजीनगर - घोले रोड क्षेत्रीय कार्यालय एकूण बेरीज,CE20A1196,Roads,0.0
2021-22,CitizensPlan,CitizensPlan2122,5.0,,शिवाजीनगर - घोले रोड क्षेत्रीय कार्यालय एकूण बेरीज,CE20C406,Electrical,0.0
2021-22,CitizensPlan,CitizensPlan2122,5.0,,शिवाजीनगर - घोले रोड क्षेत्रीय कार्यालय एकूण बेरीज,CE22A547,Buildings,0.0
2021-22,CitizensPlan,CitizensPlan2122,5.0,,शिवाजीनगर - घोले रोड क्षेत्रीय कार्यालय एकूण बेरीज,FE14A121,Slum,0.0
2021-22,CitizensPlan,CitizensPlan2122,5.0,,शिवाजीनगर - घोले रोड क्षेत्रीय कार्यालय एकूण बेरीज,ZE16A117,WaterSupply,0.0
2021-22,CitizensPlan,CitizensPlan2122,5.0,,शिवाजीनगर - घोले रोड क्षेत्रीय कार्यालय एकूण बेरीज,ZE16B130,Sewerage_foul,0.0
2021-22,CitizensPlan,CitizensPlan2122,6.0,,कोथरूड - बावधन क्षेत्रीय कार्यालय एकूण बेरीज,CE20A1196,Roads,33.0
2021-22,CitizensPlan,CitizensPlan2122,6.0,,कोथरूड - बावधन क्षेत्रीय कार्यालय एकूण बेरीज,CE20C406,Electrical,9.0
2021-22,CitizensPlan,CitizensPlan2122,6.0,,कोथरूड - बावधन क्षेत्रीय कार्यालय एकूण बेरीज,CE22A547,Buildings,0.0
2021-22,CitizensPlan,CitizensPlan2122,6.0,,कोथरूड - बावधन क्षेत्रीय कार्यालय एकूण बेरीज,FE14A121,Slum,0.0
2021-22,CitizensPlan,CitizensPlan2122,6.0,,कोथरूड - बावधन क्षेत्रीय कार्यालय एकूण बेरीज,ZE16A117,WaterSupply,5.0
2021-22,CitizensPlan,CitizensPlan2122,6.0,,कोथरूड - बावधन क्षेत्रीय कार्यालय एकूण बेरीज,ZE16B130,Sewerage_foul,5.0
2021-22,CitizensPlan,CitizensPlan2122,7.0,,धनकवडी - सहकारनगर क्षेत्रीय कार्यालय एकूण बेरीज,CE20A1196,Roads,20.0
2021-22,CitizensPlan,CitizensPlan2122,7.0,,धनकवडी - सहकारनगर क्षेत्रीय कार्यालय एकूण बेरीज,CE20C406,Electrical,0.0
2021-22,CitizensPlan,CitizensPlan2122,7.0,,धनकवडी - सहकारनगर क्षेत्रीय कार्यालय एकूण बेरीज,CE22A547,Buildings,18.0
2021-22,CitizensPlan,CitizensPlan2122,7.0,,धनकवडी - सहकारनगर क्षेत्रीय कार्यालय एकूण बेरीज,FE14A121,Slum,0.0
2021-22,CitizensPlan,CitizensPlan2122,7.0,,धनकवडी - सहकारनगर क्षेत्रीय कार्यालय एकूण बेरीज,ZE16A117,WaterSupply,0.0
2021-22,CitizensPlan,CitizensPlan2122,7.0,,धनकवडी - सहकारनगर क्षेत्रीय कार्यालय एकूण बेरीज,ZE16B130,Sewerage_foul,0.0
2021-22,CitizensPlan,CitizensPlan2122,8.0,,सिंहगड रोड क्षेत्रीय कार्यालय एकूण बेरीज,CE20A1196,Roads,130.0
2021-22,CitizensPlan,CitizensPlan2122,8.0,,सिंहगड रोड क्षेत्रीय कार्यालय एकूण बेरीज,CE20C406,Electrical,65.0
2021-22,CitizensPlan,CitizensPlan2122,8.0,,सिंहगड रोड क्षेत्रीय कार्यालय एकूण बेरीज,CE22A547,Buildings,0.0
2021-22,CitizensPlan,CitizensPlan2122,8.0,,सिंहगड रोड क्षेत्रीय कार्यालय एकूण बेरीज,FE14A121,Slum,40.0
2021-22,CitizensPlan,CitizensPlan2122,8.0,,सिंहगड रोड क्षेत्रीय कार्यालय एकूण बेरीज,ZE16A117,WaterSupply,0.0
2021-22,CitizensPlan,CitizensPlan2122,8.0,,सिंहगड रोड क्षेत्रीय कार्यालय एकूण बेरीज,ZE16B130,Sewerage_foul,65.0
2021-22,CitizensPlan,CitizensPlan2122,9.0,,वारजे - कर्वेनगर क्षेत्रीय कार्यालय एकूण बेरीज,CE20A1196,Roads,70.0
2021-22,CitizensPlan,CitizensPlan2122,9.0,,वारजे - कर्वेनगर क्षेत्रीय कार्यालय एकूण बेरीज,CE20C406,Electrical,20.0
2021-22,CitizensPlan,CitizensPlan2122,9.0,,वारजे - कर्वेनगर क्षेत्रीय कार्यालय एकूण बेरीज,CE22A547,Buildings,60.0
2021-22,CitizensPlan,CitizensPlan2122,9.0,,वारजे - कर्वेनगर क्षेत्रीय कार्यालय एकूण बेरीज,FE14A121,Slum,15.0
2021-22,CitizensPlan,CitizensPlan2122,9.0,,वारजे - कर्वेनगर क्षेत्रीय कार्यालय एकूण बेरीज,ZE16A117,WaterSupply,0.0
2021-22,CitizensPlan,CitizensPlan2122,9.0,,वारजे - कर्वेनगर क्षेत्रीय कार्यालय एकूण बेरीज,ZE16B130,Sewerage_foul,15.0
2021-22,CitizensPlan,CitizensPlan2122,10.0,,हडपसर - मुंढवा क्षेत्रीय कार्यालय एकूण बेरीज,CE20A1196,Roads,5.0
2021-22,CitizensPlan,CitizensPlan2122,10.0,,हडपसर - मुंढवा क्षेत्रीय कार्यालय एकूण बेरीज,CE20C406,Electrical,5.0
2021-22,CitizensPlan,CitizensPlan2122,10.0,,हडपसर - मुंढवा क्षेत्रीय कार्यालय एकूण बेरीज,CE22A547,Buildings,0.0
2021-22,CitizensPlan,CitizensPlan2122,10.0,,हडपसर - मुंढवा क्षेत्रीय कार्यालय एकूण बेरीज,FE14A121,Slum,0.0
2021-22,CitizensPlan,CitizensPlan2122,10.0,,हडपसर - मुंढवा क्षेत्रीय कार्यालय एकूण बेरीज,ZE16A117,WaterSupply,0.0
2021-22,CitizensPlan,CitizensPlan2122,10.0,,हडपसर - मुंढवा क्षेत्रीय कार्यालय एकूण बेरीज,ZE16B130,Sewerage_foul,5.0
2021-22,CitizensPlan,CitizensPlan2122,11.0,,वानवडी - रामटेकडी क्षेत्रीय कार्यालय एकूण बेरीज,CE20A1196,Roads,0.0
2021-22,CitizensPlan,CitizensPlan2122,11.0,,वानवडी - रामटेकडी क्षेत्रीय कार्यालय एकूण बेरीज,CE20C406,Electrical,0.0
2021-22,CitizensPlan,CitizensPlan2122,11.0,,वानवडी - रामटेकडी क्षेत्रीय कार्यालय एकूण बेरीज,CE22A547,Buildings,0.0
2021-22,CitizensPlan,CitizensPlan2122,11.0,,वानवडी - रामटेकडी क्षेत्रीय कार्यालय एकूण बेरीज,FE14A121,Slum,0.0
2021-22,CitizensPlan,CitizensPlan2122,11.0,,वानवडी - रामटेकडी क्षेत्रीय कार्यालय एकूण बेरीज,ZE16A117,WaterSupply,0.0
2021-22,CitizensPlan,CitizensPlan2122,11.0,,वानवडी - रामटेकडी क्षेत्रीय कार्यालय एकूण बेरीज,ZE16B130,Sewerage_foul,0.0
2021-22,CitizensPlan,CitizensPlan2122,12.0,,कोंढवा - येवलेवाडी क्षेत्रीय कार्यालय एकूण बेरीज,CE20A1196,Roads,66.0
2021-22,CitizensPlan,CitizensPlan2122,12.0,,कोंढवा - येवलेवाडी क्षेत्रीय कार्यालय एकूण बेरीज,CE20C406,Electrical,26.0
2021-22,CitizensPlan,CitizensPlan2122,12.0,,कोंढवा - येवलेवाडी क्षेत्रीय कार्यालय एकूण बेरीज,CE22A547,Buildings,0.0
2021-22,CitizensPlan,CitizensPlan2122,12.0,,कोंढवा - येवलेवाडी क्षेत्रीय कार्यालय एकूण बेरीज,FE14A121,Slum,0.0
2021-22,CitizensPlan,CitizensPlan2122,12.0,,कोंढवा - येवलेवाडी क्षेत्रीय कार्यालय एकूण बेरीज,ZE16A117,WaterSupply,0.0
2021-22,CitizensPlan,CitizensPlan2122,12.0,,कोंढवा - येवलेवाडी क्षेत्रीय कार्यालय एकूण बेरीज,ZE16B130,Sewerage_foul,23.0
2021-22,CitizensPlan,CitizensPlan2122,13.0,,कसबा - विश्रामबागवाडा क्षेत्रीय कार्यालय एकूण बेरीज,CE20A1196,Roads,0.0
2021-22,CitizensPlan,CitizensPlan2122,13.0,,कसबा - विश्रामबागवाडा क्षेत्रीय कार्यालय एकूण बेरीज,CE20C406,Electrical,0.0
2021-22,CitizensPlan,CitizensPlan2122,13.0,,कसबा - विश्रामबागवाडा क्षेत्रीय कार्यालय एकूण बेरीज,CE22A547,Buildings,0.0
2021-22,CitizensPlan,CitizensPlan2122,13.0,,कसबा - विश्रामबागवाडा क्षेत्रीय कार्यालय एकूण बेरीज,FE14A121,Slum,0.0
2021-22,CitizensPlan,CitizensPlan2122,13.0,,कसबा - विश्रामबागवाडा क्षेत्रीय कार्यालय एकूण बेरीज,ZE16A117,WaterSupply,0.0
2021-22,CitizensPlan,CitizensPlan2122,13.0,,कसबा - विश्रामबागवाडा क्षेत्रीय कार्यालय एकूण बेरीज,ZE16B130,Sewerage_foul,0.0
2021-22,CitizensPlan,CitizensPlan2122,14.0,,भवानी पेठ क्षेत्रीय कार्यालय एकूण बेरीज,CE20A1196,Roads,0.0
2021-22,CitizensPlan,CitizensPlan2122,14.0,,भवानी पेठ क्षेत्रीय कार्यालय एकूण बेरीज,CE20C406,Electrical,0.0
2021-22,CitizensPlan,CitizensPlan2122,14.0,,भवानी पेठ क्षेत्रीय कार्यालय एकूण बेरीज,CE22A547,Buildings,0.0
2021-22,CitizensPlan,CitizensPlan2122,14.0,,भवानी पेठ क्षेत्रीय कार्यालय एकूण बेरीज,FE14A121,Slum,0.0
2021-22,CitizensPlan,CitizensPlan2122,14.0,,भवानी पेठ क्षेत्रीय कार्यालय एकूण बेरीज,ZE16A117,WaterSupply,0.0
2021-22,CitizensPlan,CitizensPlan2122,14.0,,भवानी पेठ क्षेत्रीय कार्यालय एकूण बेरीज,ZE16B130,Sewerage_foul,0.0
2021-22,CitizensPlan,CitizensPlan2122,15.0,,बिबवेवाडी क्षेत्रीय कार्यालय एकूण बेरीज,CE20A1196,Roads,45.0
2021-22,CitizensPlan,CitizensPlan2122,15.0,,बिबवेवाडी क्षेत्रीय कार्यालय एकूण बेरीज,CE20C406,Electrical,15.0
2021-22,CitizensPlan,CitizensPlan2122,15.0,,बिबवेवाडी क्षेत्रीय कार्यालय एकूण बेरीज,CE22A547,Buildings,15.0
2021-22,CitizensPlan,CitizensPlan2122,15.0,,बिबवेवाडी क्षेत्रीय कार्यालय एकूण बेरीज,FE14A121,Slum,0.0
2021-22,CitizensPlan,CitizensPlan2122,15.0,,बिबवेवाडी क्षेत्रीय कार्यालय एकूण बेरीज,ZE16A117,WaterSupply,0.0
2021-22,CitizensPlan,CitizensPlan2122,15.0,,बिबवेवाडी क्षेत्रीय कार्यालय एकूण बेरीज,ZE16B130,Sewerage_foul,15.0
2021-22,CitizensNonPlan,CitizensNonPlan2122,1.0,,नगररोड - वडगावशेरी क्षेत्रीय कार्यालय एकूण बेरीज,RE20A302,Roads,142.0
2021-22,CitizensNonPlan,CitizensNonPlan2122,1.0,,नगररोड - वडगावशेरी क्षेत्रीय कार्यालय एकूण बेरीज,RE20C302,Electrical,20.0
2021-22,CitizensNonPlan,CitizensNonPlan2122,1.0,,नगररोड - वडगावशेरी क्षेत्रीय कार्यालय एकूण बेरीज,RE22C302,Buildings,35.0
2021-22,CitizensNonPlan,CitizensNonPlan2122,1.0,,नगररोड - वडगावशेरी क्षेत्रीय कार्यालय एकूण बेरीज,RE14B302,Slum,13.0
2021-22,CitizensNonPlan,CitizensNonPlan2122,1.0,,नगररोड - वडगावशेरी क्षेत्रीय कार्यालय एकूण बेरीज,XE12B302,WaterSupply,5.0
2021-22,CitizensNonPlan,CitizensNonPlan2122,1.0,,नगररोड - वडगावशेरी क्षेत्रीय कार्यालय एकूण बेरीज,XE23A302,Sewerage_foul,85.0
2021-22,CitizensNonPlan,CitizensNonPlan2122,2.0,,येरवडा - कळस - धानोरी क्षेत्रीय कार्यालय एकूण बेरीज,RE20A302,Roads,105.0
2021-22,CitizensNonPlan,CitizensNonPlan2122,2.0,,येरवडा - कळस - धानोरी क्षेत्रीय कार्यालय एकूण बेरीज,RE20C302,Electrical,30.0
2021-22,CitizensNonPlan,CitizensNonPlan2122,2.0,,येरवडा - कळस - धानोरी क्षेत्रीय कार्यालय एकूण बेरीज,RE22C302,Buildings,25.0
2021-22,CitizensNonPlan,CitizensNonPlan2122,2.0,,येरवडा - कळस - धानोरी क्षेत्रीय कार्यालय एकूण बेरीज,RE14B302,Slum,35.0
2021-22,CitizensNonPlan,CitizensNonPlan2122,2.0,,येरवडा - कळस - धानोरी क्षेत्रीय कार्यालय एकूण बेरीज,XE12B302,WaterSupply,0.0
2021-22,CitizensNonPlan,CitizensNonPlan2122,2.0,,येरवडा - कळस - धानोरी क्षेत्रीय कार्यालय एकूण बेरीज,XE23A302,Sewerage_foul,105.0
2021-22,CitizensNonPlan,CitizensNonPlan2122,3.0,,ढोलेपाटील क्षेत्रीय कार्यालय एकूण बेरीज,RE20A302,Roads,34.0
2021-22,CitizensNonPlan,CitizensNonPlan2122,3.0,,ढोलेपाटील क्षेत्रीय कार्यालय एकूण बेरीज,RE20C302,Electrical,11.5
2021-22,CitizensNonPlan,CitizensNonPlan2122,3.0,,ढोलेपाटील क्षेत्रीय कार्यालय एकूण बेरीज,RE22C302,Buildings,29.5
2021-22,CitizensNonPlan,CitizensNonPlan2122,3.0,,ढोलेपाटील क्षेत्रीय कार्यालय एकूण बेरीज,RE14B302,Slum,77.5
2021-22,CitizensNonPlan,CitizensNonPlan2122,3.0,,ढोलेपाटील क्षेत्रीय कार्यालय एकूण बेरीज,XE12B302,WaterSupply,0.0
2021-22,CitizensNonPlan,CitizensNonPlan2122,3.0,,ढोलेपाटील क्षेत्रीय कार्यालय एकूण बेरीज,XE23A302,Sewerage_foul,47.5
2021-22,CitizensNonPlan,CitizensNonPlan2122,4.0,,औंध - बाणेर क्षेत्रीय कार्यालय एकूण बेरीज,RE20A302,Roads,55.0
2021-22,CitizensNonPlan,CitizensNonPlan2122,4.0,,औंध - बाणेर क्षेत्रीय कार्यालय एकूण बेरीज,RE20C302,Electrical,50.0
2021-22,CitizensNonPlan,CitizensNonPlan2122,4.0,,औंध - बाणेर क्षेत्रीय कार्यालय एकूण बेरीज,RE22C302,Buildings,15.0
2021-22,CitizensNonPlan,CitizensNonPlan2122,4.0,,औंध - बाणेर क्षेत्रीय कार्यालय एकूण बेरीज,RE14B302,Slum,65.0
2021-22,CitizensNonPlan,CitizensNonPlan2122,4.0,,औंध - बाणेर क्षेत्रीय कार्यालय एकूण बेरीज,XE12B302,WaterSupply,0.0
2021-22,CitizensNonPlan,CitizensNonPlan2122,4.0,,औंध - बाणेर क्षेत्रीय कार्यालय एकूण बेरीज,XE23A302,Sewerage_foul,15.0
2021-22,CitizensNonPlan,CitizensNonPlan2122,5.0,,शिवाजीनगर - घोले रोड क्षेत्रीय कार्यालय एकूण बेरीज,RE20A302,Roads,24.0
2021-22,CitizensNonPlan,CitizensNonPlan2122,5.0,,शिवाजीनगर - घोले रोड क्षेत्रीय कार्यालय एकूण बेरीज,RE20C302,Electrical,17.0
2021-22,CitizensNonPlan,CitizensNonPlan2122,5.0,,शिवाजीनगर - घोले रोड क्षेत्रीय कार्यालय एकूण बेरीज,RE22C302,Buildings,33.0
2021-22,CitizensNonPlan,CitizensNonPlan2122,5.0,,शिवाजीनगर - घोले रोड क्षेत्रीय कार्यालय एकूण बेरीज,RE14B302,Slum,77.0
2021-22,CitizensNonPlan,CitizensNonPlan2122,5.0,,शिवाजीनगर - घोले रोड क्षेत्रीय कार्यालय एकूण बेरीज,XE12B302,WaterSupply,3.0
2021-22,CitizensNonPlan,CitizensNonPlan2122,5.0,,शिवाजीनगर - घोले रोड क्षेत्रीय कार्यालय एकूण बेरीज,XE23A302,Sewerage_foul,46.0
2021-22,CitizensNonPlan,CitizensNonPlan2122,6.0,,कोथरूड - बावधन क्षेत्रीय कार्यालय एकूण बेरीज,RE20A302,Roads,100.0
2021-22,CitizensNonPlan,CitizensNonPlan2122,6.0,,कोथरूड - बावधन क्षेत्रीय कार्यालय एकूण बेरीज,RE20C302,Electrical,2.0
2021-22,CitizensNonPlan,CitizensNonPlan2122,6.0,,कोथरूड - बावधन क्षेत्रीय कार्यालय एकूण बेरीज,RE22C302,Buildings,15.0
2021-22,CitizensNonPlan,CitizensNonPlan2122,6.0,,कोथरूड - बावधन क्षेत्रीय कार्यालय एकूण बेरीज,RE14B302,Slum,43.0
2021-22,CitizensNonPlan,CitizensNonPlan2122,6.0,,कोथरूड - बावधन क्षेत्रीय कार्यालय एकूण बेरीज,XE12B302,WaterSupply,0.0
2021-22,CitizensNonPlan,CitizensNonPlan2122,6.0,,कोथरूड - बावधन क्षेत्रीय कार्यालय एकूण बेरीज,XE23A302,Sewerage_foul,88.0
2021-22,CitizensNonPlan,CitizensNonPlan2122,7.0,,धनकवडी - सहकारनगर क्षेत्रीय कार्यालय एकूण बेरीज,RE20A302,Roads,76.0
2021-22,CitizensNonPlan,CitizensNonPlan2122,7.0,,धनकवडी - सहकारनगर क्षेत्रीय कार्यालय एकूण बेरीज,RE20C302,Electrical,30.0
2021-22,CitizensNonPlan,CitizensNonPlan2122,7.0,,धनकवडी - सहकारनगर क्षेत्रीय कार्यालय एकूण बेरीज,RE22C302,Buildings,33.0
2021-22,CitizensNonPlan,CitizensNonPlan2122,7.0,,धनकवडी - सहकारनगर क्षेत्रीय कार्यालय एकूण बेरीज,RE14B302,Slum,20.0
2021-22,CitizensNonPlan,CitizensNonPlan2122,7.0,,धनकवडी - सहकारनगर क्षेत्रीय कार्यालय एकूण बेरीज,XE12B302,WaterSupply,0.0
2021-22,CitizensNonPlan,CitizensNonPlan2122,7.0,,धनकवडी - सहकारनगर क्षेत्रीय कार्यालय एकूण बेरीज,XE23A302,Sewerage_foul,103.0
2021-22,CitizensNonPlan,CitizensNonPlan2122,8.0,,सिंहगड रोड क्षेत्रीय कार्यालय एकूण बेरीज,RE20A302,Roads,0.0
2021-22,CitizensNonPlan,CitizensNonPlan2122,8.0,,सिंहगड रोड क्षेत्रीय कार्यालय एकूण बेरीज,RE20C302,Electrical,0.0
2021-22,CitizensNonPlan,CitizensNonPlan2122,8.0,,सिंहगड रोड क्षेत्रीय कार्यालय एकूण बेरीज,RE22C302,Buildings,0.0
2021-22,CitizensNonPlan,CitizensNonPlan2122,8.0,,सिंहगड रोड क्षेत्रीय कार्यालय एकूण बेरीज,RE14B302,Slum,0.0
2021-22,CitizensNonPlan,CitizensNonPlan2122,8.0,,सिंहगड रोड क्षेत्रीय कार्यालय एकूण बेरीज,XE12B302,WaterSupply,0.0
2021-22,CitizensNonPlan,CitizensNonPlan2122,8.0,,सिंहगड रोड क्षेत्रीय कार्यालय एकूण बेरीज,XE23A302,Sewerage_foul,0.0
2021-22,CitizensNonPlan,CitizensNonPlan2122,9.0,,वारजे - कर्वेनगर क्षेत्रीय कार्यालय एकूण बेरीज,RE20A302,Roads,60.0
2021-22,CitizensNonPlan,CitizensNonPlan2122,9.0,,वारजे - कर्वेनगर क्षेत्रीय कार्यालय एकूण बेरीज,RE20C302,Electrical,0.0
2021-22,CitizensNonPlan,CitizensNonPlan2122,9.0,,वारजे - कर्वेनगर क्षेत्रीय कार्यालय एकूण बेरीज,RE22C302,Buildings,0.0
2021-22,CitizensNonPlan,CitizensNonPlan2122,9.0,,वारजे - कर्वेनगर क्षेत्रीय कार्यालय एकूण बेरीज,RE14B302,Slum,0.0
2021-22,CitizensNonPlan,CitizensNonPlan2122,9.0,,वारजे - कर्वेनगर क्षेत्रीय कार्यालय एकूण बेरीज,XE12B302,WaterSupply,0.0
2021-22,CitizensNonPlan,CitizensNonPlan2122,9.0,,वारजे - कर्वेनगर क्षेत्रीय कार्यालय एकूण बेरीज,XE23A302,Sewerage_foul,60.0
2021-22,CitizensNonPlan,CitizensNonPlan2122,10.0,,हडपसर - मुंढवा क्षेत्रीय कार्यालय एकूण बेरीज,RE20A302,Roads,105.0
2021-22,CitizensNonPlan,CitizensNonPlan2122,10.0,,हडपसर - मुंढवा क्षेत्रीय कार्यालय एकूण बेरीज,RE20C302,Electrical,25.0
2021-22,CitizensNonPlan,CitizensNonPlan2122,10.0,,हडपसर - मुंढवा क्षेत्रीय कार्यालय एकूण बेरीज,RE22C302,Buildings,20.0
2021-22,CitizensNonPlan,CitizensNonPlan2122,10.0,,हडपसर - मुंढवा क्षेत्रीय कार्यालय एकूण बेरीज,RE14B302,Slum,0.0
2021-22,CitizensNonPlan,CitizensNonPlan2122,10.0,,हडपसर - मुंढवा क्षेत्रीय कार्यालय एकूण बेरीज,XE12B302,WaterSupply,10.0
2021-22,CitizensNonPlan,CitizensNonPlan2122,10.0,,हडपसर - मुंढवा क्षेत्रीय कार्यालय एकूण बेरीज,XE23A302,Sewerage_foul,125.0
2021-22,CitizensNonPlan,CitizensNonPlan2122,11.0,,वानवडी - रामटेकडी क्षेत्रीय कार्यालय एकूण बेरीज,RE20A302,Roads,136.0
2021-22,CitizensNonPlan,CitizensNonPlan2122,11.0,,वानवडी - रामटेकडी क्षेत्रीय कार्यालय एकूण बेरीज,RE20C302,Electrical,40.0
2021-22,CitizensNonPlan,CitizensNonPlan2122,11.0,,वानवडी - रामटेकडी क्षेत्रीय कार्यालय एकूण बेरीज,RE22C302,Buildings,25.0
2021-22,CitizensNonPlan,CitizensNonPlan2122,11.0,,वानवडी - रामटेकडी क्षेत्रीय कार्यालय एकूण बेरीज,RE14B302,Slum,5.0
2021-22,CitizensNonPlan,CitizensNonPlan2122,11.0,,वानवडी - रामटेकडी क्षेत्रीय कार्यालय एकूण बेरीज,XE12B302,WaterSupply,0.0
2021-22,CitizensNonPlan,CitizensNonPlan2122,11.0,,वानवडी - रामटेकडी क्षेत्रीय कार्यालय एकूण बेरीज,XE23A302,Sewerage_foul,69.0
2021-22,CitizensNonPlan,CitizensNonPlan2122,12.0,,कोंढवा - येवलेवाडी क्षेत्रीय कार्यालय एकूण बेरीज,RE20A302,Roads,33.0
2021-22,CitizensNonPlan,CitizensNonPlan2122,12.0,,कोंढवा - येवलेवाडी क्षेत्रीय कार्यालय एकूण बेरीज,RE20C302,Electrical,0.0
2021-22,CitizensNonPlan,CitizensNonPlan2122,12.0,,कोंढवा - येवलेवाडी क्षेत्रीय कार्यालय एकूण बेरीज,RE22C302,Buildings,5.0
2021-22,CitizensNonPlan,CitizensNonPlan2122,12.0,,कोंढवा - येवलेवाडी क्षेत्रीय कार्यालय एकूण बेरीज,RE14B302,Slum,5.0
2021-22,CitizensNonPlan,CitizensNonPlan2122,12.0,,कोंढवा - येवलेवाडी क्षेत्रीय कार्यालय एकूण बेरीज,XE12B302,WaterSupply,0.0
2021-22,CitizensNonPlan,CitizensNonPlan2122,12.0,,कोंढवा - येवलेवाडी क्षेत्रीय कार्यालय एकूण बेरीज,XE23A302,Sewerage_foul,42.0
2021-22,CitizensNonPlan,CitizensNonPlan2122,13.0,,कसबा - विश्रामबागवाडा क्षेत्रीय कार्यालय एकूण बेरीज,RE20A302,Roads,100.0
2021-22,CitizensNonPlan,CitizensNonPlan2122,13.0,,कसबा - विश्रामबागवाडा क्षेत्रीय कार्यालय एकूण बेरीज,RE20C302,Electrical,53.0
2021-22,CitizensNonPlan,CitizensNonPlan2122,13.0,,कसबा - विश्रामबागवाडा क्षेत्रीय कार्यालय एकूण बेरीज,RE22C302,Buildings,38.0
2021-22,CitizensNonPlan,CitizensNonPlan2122,13.0,,कसबा - विश्रामबागवाडा क्षेत्रीय कार्यालय एकूण बेरीज,RE14B302,Slum,30.0
2021-22,CitizensNonPlan,CitizensNonPlan2122,13.0,,कसबा - विश्रामबागवाडा क्षेत्रीय कार्यालय एकूण बेरीज,XE12B302,WaterSupply,10.0
2021-22,CitizensNonPlan,CitizensNonPlan2122,13.0,,कसबा - विश्रामबागवाडा क्षेत्रीय कार्यालय एकूण बेरीज,XE23A302,Sewerage_foul,69.0
2021-22,CitizensNonPlan,CitizensNonPlan2122,14.0,,भवानी पेठ क्षेत्रीय कार्यालय एकूण बेरीज,RE20A302,Roads,74.0
2021-22,CitizensNonPlan,CitizensNonPlan2122,14.0,,भवानी पेठ क्षेत्रीय कार्यालय एकूण बेरीज,RE20C302,Electrical,13.0
2021-22,CitizensNonPlan,CitizensNonPlan2122,14.0,,भवानी पेठ क्षेत्रीय कार्यालय एकूण बेरीज,RE22C302,Buildings,10.0
2021-22,CitizensNonPlan,CitizensNonPlan2122,14.0,,भवानी पेठ क्षेत्रीय कार्यालय एकूण बेरीज,RE14B302,Slum,53.0
2021-22,CitizensNonPlan,CitizensNonPlan2122,14.0,,भवानी पेठ क्षेत्रीय कार्यालय एकूण बेरीज,XE12B302,WaterSupply,15.0
2021-22,CitizensNonPlan,CitizensNonPlan2122,14.0,,भवानी पेठ क्षेत्रीय कार्यालय एकूण बेरीज,XE23A302,Sewerage_foul,135.0
2021-22,CitizensNonPlan,CitizensNonPlan2122,15.0,,बिबवेवाडी क्षेत्रीय कार्यालय एकूण बेरीज,RE20A302,Roads,45.0
2021-22,CitizensNonPlan,CitizensNonPlan2122,15.0,,बिबवेवाडी क्षेत्रीय कार्यालय एकूण बेरीज,RE20C302,Electrical,35.0
2021-22,CitizensNonPlan,CitizensNonPlan2122,15.0,,बिबवेवाडी क्षेत्रीय कार्यालय एकूण बेरीज,RE22C302,Buildings,15.0
2021-22,CitizensNonPlan,CitizensNonPlan2122,15.0,,बिबवेवाडी क्षेत्रीय कार्यालय एकूण बेरीज,RE14B302,Slum,20.0
2021-22,CitizensNonPlan,CitizensNonPlan2122,15.0,,बिबवेवाडी क्षेत्रीय कार्यालय एकूण बेरीज,XE12B302,WaterSupply,0.0
2021-22,CitizensNonPlan,CitizensNonPlan2122,15.0,,बिबवेवाडी क्षेत्रीय कार्यालय एकूण बेरीज,XE23A302,Sewerage_foul,70.0
2022-23,WardOfficePlan,WardOfficePlan2223,1.0,,नगररोड - वडगावशेरी क्षेत्रीय कार्यालय एकूण बेरीज,CE20A176,Roads,80.0
2022-23,WardOfficePlan,WardOfficePlan2223,1.0,,नगररोड - वडगावशेरी क्षेत्रीय कार्यालय एकूण बेरीज,CE20C118,Electrical,67.5
2022-23,WardOfficePlan,WardOfficePlan2223,1.0,,नगररोड - वडगावशेरी क्षेत्रीय कार्यालय एकूण बेरीज,CE22A114,Buildings,17.5
2022-23,WardOfficePlan,WardOfficePlan2223,1.0,,नगररोड - वडगावशेरी क्षेत्रीय कार्यालय एकूण बेरीज,FE14A118,Slum,5.0
2022-23,WardOfficePlan,WardOfficePlan2223,1.0,,नगररोड - वडगावशेरी क्षेत्रीय कार्यालय एकूण बेरीज,ZE16A115,WaterSupply,25.0
2022-23,WardOfficePlan,WardOfficePlan2223,1.0,,नगररोड - वडगावशेरी क्षेत्रीय कार्यालय एकूण बेरीज,ZE16B113,Sewerage_foul,105.0
2022-23,WardOfficePlan,WardOfficePlan2223,2.0,,येरवडा - कळस - धानोरी क्षेत्रीय कार्यालय एकूण बेरीज,CE20A176,Roads,0.0
2022-23,WardOfficePlan,WardOfficePlan2223,2.0,,येरवडा - कळस - धानोरी क्षेत्रीय कार्यालय एकूण बेरीज,CE20C118,Electrical,0.0
2022-23,WardOfficePlan,WardOfficePlan2223,2.0,,येरवडा - कळस - धानोरी क्षेत्रीय कार्यालय एकूण बेरीज,CE22A114,Buildings,0.0
2022-23,WardOfficePlan,WardOfficePlan2223,2.0,,येरवडा - कळस - धानोरी क्षेत्रीय कार्यालय एकूण बेरीज,FE14A118,Slum,0.0
2022-23,WardOfficePlan,WardOfficePlan2223,2.0,,येरवडा - कळस - धानोरी क्षेत्रीय कार्यालय एकूण बेरीज,ZE16A115,WaterSupply,0.0
2022-23,WardOfficePlan,WardOfficePlan2223,2.0,,येरवडा - कळस - धानोरी क्षेत्रीय कार्यालय एकूण बेरीज,ZE16B113,Sewerage_foul,0.0
2022-23,WardOfficePlan,WardOfficePlan2223,3.0,,ढोलेपाटील क्षेत्रीय कार्यालय एकूण बेरीज,CE20A176,Roads,0.0
2022-23,WardOfficePlan,WardOfficePlan2223,3.0,,ढोलेपाटील क्षेत्रीय कार्यालय एकूण बेरीज,CE20C118,Electrical,0.0
2022-23,WardOfficePlan,WardOfficePlan2223,3.0,,ढोलेपाटील क्षेत्रीय कार्यालय एकूण बेरीज,CE22A114,Buildings,0.0
2022-23,WardOfficePlan,WardOfficePlan2223,3.0,,ढोलेपाटील क्षेत्रीय कार्यालय एकूण बेरीज,FE14A118,Slum,0.0
2022-23,WardOfficePlan,WardOfficePlan2223,3.0,,ढोलेपाटील क्षेत्रीय कार्यालय एकूण बेरीज,ZE16A115,WaterSupply,0.0
2022-23,WardOfficePlan,WardOfficePlan2223,3.0,,ढोलेपाटील क्षेत्रीय कार्यालय एकूण बेरीज,ZE16B113,Sewerage_foul,0.0
2022-23,WardOfficePlan,WardOfficePlan2223,4.0,,औंध - बाणेर क्षेत्रीय कार्यालय एकूण बेरीज,CE20A176,Roads,0.0
2022-23,WardOfficePlan,WardOfficePlan2223,4.0,,औंध - बाणेर क्षेत्रीय कार्यालय एकूण बेरीज,CE20C118,Electrical,0.0
2022-23,WardOfficePlan,WardOfficePlan2223,4.0,,औंध - बाणेर क्षेत्रीय कार्यालय एकूण बेरीज,CE22A114,Buildings,0.0
2022-23,WardOfficePlan,WardOfficePlan2223,4.0,,औंध - बाणेर क्षेत्रीय कार्यालय एकूण बेरीज,FE14A118,Slum,0.0
2022-23,WardOfficePlan,WardOfficePlan2223,4.0,,औंध - बाणेर क्षेत्रीय कार्यालय एकूण बेरीज,ZE16A115,WaterSupply,0.0
2022-23,WardOfficePlan,WardOfficePlan2223,4.0,,औंध - बाणेर क्षेत्रीय कार्यालय एकूण बेरीज,ZE16B113,Sewerage_foul,0.0
2022-23,WardOfficePlan,WardOfficePlan2223,5.0,,शिवाजीनगर - घोले रोड क्षेत्रीय कार्यालय एकूण बेरीज,CE20A176,Roads,0.0
2022-23,WardOfficePlan,WardOfficePlan2223,5.0,,शिवाजीनगर - घोले रोड क्षेत्रीय कार्यालय एकूण बेरीज,CE20C118,Electrical,0.0
2022-23,WardOfficePlan,WardOfficePlan2223,5.0,,शिवाजीनगर - घोले रोड क्षेत्रीय कार्यालय एकूण बेरीज,CE22A114,Buildings,0.0
2022-23,WardOfficePlan,WardOfficePlan2223,5.0,,शिवाजीनगर - घोले रोड क्षेत्रीय कार्यालय एकूण बेरीज,FE14A118,Slum,0.0
2022-23,WardOfficePlan,WardOfficePlan2223,5.0,,शिवाजीनगर - घोले रोड क्षेत्रीय कार्यालय एकूण बेरीज,ZE16A115,WaterSupply,0.0
2022-23,WardOfficePlan,WardOfficePlan2223,5.0,,शिवाजीनगर - घोले रोड क्षेत्रीय कार्यालय एकूण बेरीज,ZE16B113,Sewerage_foul,0.0
2022-23,WardOfficePlan,WardOfficePlan2223,6.0,,कोथरूड - बावधन क्षेत्रीय कार्यालय एकूण बेरीज,CE20A176,Roads,10.0
2022-23,WardOfficePlan,WardOfficePlan2223,6.0,,कोथरूड - बावधन क्षेत्रीय कार्यालय एकूण बेरीज,CE20C118,Electrical,10.0
2022-23,WardOfficePlan,WardOfficePlan2223,6.0,,कोथरूड - बावधन क्षेत्रीय कार्यालय एकूण बेरीज,CE22A114,Buildings,10.0
2022-23,WardOfficePlan,WardOfficePlan2223,6.0,,कोथरूड - बावधन क्षेत्रीय कार्यालय एकूण बेरीज,FE14A118,Slum,0.0
2022-23,WardOfficePlan,WardOfficePlan2223,6.0,,कोथरूड - बावधन क्षेत्रीय कार्यालय एकूण बेरीज,ZE16A115,WaterSupply,0.0
2022-23,WardOfficePlan,WardOfficePlan2223,6.0,,कोथरूड - बावधन क्षेत्रीय कार्यालय एकूण बेरीज,ZE16B113,Sewerage_foul,0.0
2022-23,WardOfficePlan,WardOfficePlan2223,7.0,,धनकवडी - सहकारनगर क्षेत्रीय कार्यालय एकूण बेरीज,CE20A176,Roads,60.0
2022-23,WardOfficePlan,WardOfficePlan2223,7.0,,धनकवडी - सहकारनगर क्षेत्रीय कार्यालय एकूण बेरीज,CE20C118,Electrical,17.5
2022-23,WardOfficePlan,WardOfficePlan2223,7.0,,धनकवडी - सहकारनगर क्षेत्रीय कार्यालय एकूण बेरीज,CE22A114,Buildings,7.5
2022-23,WardOfficePlan,WardOfficePlan2223,7.0,,धनकवडी - सहकारनगर क्षेत्रीय कार्यालय एकूण बेरीज,FE14A118,Slum,5.0
2022-23,WardOfficePlan,WardOfficePlan2223,7.0,,धनकवडी - सहकारनगर क्षेत्रीय कार्यालय एकूण बेरीज,ZE16A115,WaterSupply,2.5
2022-23,WardOfficePlan,WardOfficePlan2223,7.0,,धनकवडी - सहकारनगर क्षेत्रीय कार्यालय एकूण बेरीज,ZE16B113,Sewerage_foul,0.0
2022-23,WardOfficePlan,WardOfficePlan2223,8.0,,सिंहगड रोड क्षेत्रीय कार्यालय एकूण बेरीज,CE20A176,Roads,134.95
2022-23,WardOfficePlan,WardOfficePlan2223,8.0,,सिंहगड रोड क्षेत्रीय कार्यालय एकूण बेरीज,CE20C118,Electrical,27.5
2022-23,WardOfficePlan,WardOfficePlan2223,8.0,,सिंहगड रोड क्षेत्रीय कार्यालय एकूण बेरीज,CE22A114,Buildings,55.05
2022-23,WardOfficePlan,WardOfficePlan2223,8.0,,सिंहगड रोड क्षेत्रीय कार्यालय एकूण बेरीज,FE14A118,Slum,15.0
2022-23,WardOfficePlan,WardOfficePlan2223,8.0,,सिंहगड रोड क्षेत्रीय कार्यालय एकूण बेरीज,ZE16A115,WaterSupply,0.0
2022-23,WardOfficePlan,WardOfficePlan2223,8.0,,सिंहगड रोड क्षेत्रीय कार्यालय एकूण बेरीज,ZE16B113,Sewerage_foul,65.0
2022-23,WardOfficePlan,WardOfficePlan2223,9.0,,वारजे - कर्वेनगर क्षेत्रीय कार्यालय एकूण बेरीज,CE20A176,Roads,42.0
2022-23,WardOfficePlan,WardOfficePlan2223,9.0,,वारजे - कर्वेनगर क्षेत्रीय कार्यालय एकूण बेरीज,CE20C118,Electrical,5.0
2022-23,WardOfficePlan,WardOfficePlan2223,9.0,,वारजे - कर्वेनगर क्षेत्रीय कार्यालय एकूण बेरीज,CE22A114,Buildings,45.0
2022-23,WardOfficePlan,WardOfficePlan2223,9.0,,वारजे - कर्वेनगर क्षेत्रीय कार्यालय एकूण बेरीज,FE14A118,Slum,12.5
2022-23,WardOfficePlan,WardOfficePlan2223,9.0,,वारजे - कर्वेनगर क्षेत्रीय कार्यालय एकूण बेरीज,ZE16A115,WaterSupply,0.0
2022-23,WardOfficePlan,WardOfficePlan2223,9.0,,वारजे - कर्वेनगर क्षेत्रीय कार्यालय एकूण बेरीज,ZE16B113,Sewerage_foul,17.0
2022-23,WardOfficePlan,WardOfficePlan2223,10.0,,हडपसर - मुंढवा क्षेत्रीय कार्यालय एकूण बेरीज,CE20A176,Roads,0.0
2022-23,WardOfficePlan,WardOfficePlan2223,10.0,,हडपसर - मुंढवा क्षेत्रीय कार्यालय एकूण बेरीज,CE20C118,Electrical,0.0
2022-23,WardOfficePlan,WardOfficePlan2223,10.0,,हडपसर - मुंढवा क्षेत्रीय कार्यालय एकूण बेरीज,CE22A114,Buildings,0.0
2022-23,WardOfficePlan,WardOfficePlan2223,10.0,,हडपसर - मुंढवा क्षेत्रीय कार्यालय एकूण बेरीज,FE14A118,Slum,0.0
2022-23,WardOfficePlan,WardOfficePlan2223,10.0,,हडपसर - मुंढवा क्षेत्रीय कार्यालय एकूण बेरीज,ZE16A115,WaterSupply,0.0
2022-23,WardOfficePlan,WardOfficePlan2223,10.0,,हडपसर - मुंढवा क्षेत्रीय कार्यालय एकूण बेरीज,ZE16B113,Sewerage_foul,0.0
2022-23,WardOfficePlan,WardOfficePlan2223,11.0,,वानवडी - रामटेकडी क्षेत्रीय कार्यालय एकूण बेरीज,CE20A176,Roads,77.5
2022-23,WardOfficePlan,WardOfficePlan2223,11.0,,वानवडी - रामटेकडी क्षेत्रीय कार्यालय एकूण बेरीज,CE20C118,Electrical,47.5
2022-23,WardOfficePlan,WardOfficePlan2223,11.0,,वानवडी - रामटेकडी क्षेत्रीय कार्यालय एकूण बेरीज,CE22A114,Buildings,5.0
2022-23,WardOfficePlan,WardOfficePlan2223,11.0,,वानवडी - रामटेकडी क्षेत्रीय कार्यालय एकूण बेरीज,FE14A118,Slum,0.0
2022-23,WardOfficePlan,WardOfficePlan2223,11.0,,वानवडी - रामटेकडी क्षेत्रीय कार्यालय एकूण बेरीज,ZE16A115,WaterSupply,0.0
2022-23,WardOfficePlan,WardOfficePlan2223,11.0,,वानवडी - रामटेकडी क्षेत्रीय कार्यालय एकूण बेरीज,ZE16B113,Sewerage_foul,38.0
2022-23,WardOfficePlan,WardOfficePlan2223,12.0,,कोंढवा - येवलेवाडी क्षेत्रीय कार्यालय एकूण बेरीज,CE20A176,Roads,42.5
2022-23,WardOfficePlan,WardOfficePlan2223,12.0,,कोंढवा - येवलेवाडी क्षेत्रीय कार्यालय एकूण बेरीज,CE20C118,Electrical,59.5
2022-23,WardOfficePlan,WardOfficePlan2223,12.0,,कोंढवा - येवलेवाडी क्षेत्रीय कार्यालय एकूण बेरीज,CE22A114,Buildings,0.0
2022-23,WardOfficePlan,WardOfficePlan2223,12.0,,कोंढवा - येवलेवाडी क्षेत्रीय कार्यालय एकूण बेरीज,FE14A118,Slum,0.0
2022-23,WardOfficePlan,WardOfficePlan2223,12.0,,कोंढवा - येवलेवाडी क्षेत्रीय कार्यालय एकूण बेरीज,ZE16A115,WaterSupply,0.0
2022-23,WardOfficePlan,WardOfficePlan2223,12.0,,कोंढवा - येवलेवाडी क्षेत्रीय कार्यालय एकूण बेरीज,ZE16B113,Sewerage_foul,25.0
2022-23,WardOfficePlan,WardOfficePlan2223,13.0,,कसबा - विश्रामबागवाडा क्षेत्रीय कार्यालय एकूण बेरीज,CE20A176,Roads,0.0
2022-23,WardOfficePlan,WardOfficePlan2223,13.0,,कसबा - विश्रामबागवाडा क्षेत्रीय कार्यालय एकूण बेरीज,CE20C118,Electrical,0.0
2022-23,WardOfficePlan,WardOfficePlan2223,13.0,,कसबा - विश्रामबागवाडा क्षेत्रीय कार्यालय एकूण बेरीज,CE22A114,Buildings,0.0
2022-23,WardOfficePlan,WardOfficePlan2223,13.0,,कसबा - विश्रामबागवाडा क्षेत्रीय कार्यालय एकूण बेरीज,FE14A118,Slum,0.0
2022-23,WardOfficePlan,WardOfficePlan2223,13.0,,कसबा - विश्रामबागवाडा क्षेत्रीय कार्यालय एकूण बेरीज,ZE16A115,WaterSupply,0.0
2022-23,WardOfficePlan,WardOfficePlan2223,13.0,,कसबा - विश्रामबागवाडा क्षेत्रीय कार्यालय एकूण बेरीज,ZE16B113,Sewerage_foul,0.0
2022-23,WardOfficePlan,WardOfficePlan2223,14.0,,भवानी पेठ क्षेत्रीय कार्यालय एकूण बेरीज,CE20A176,Roads,0.0
2022-23,WardOfficePlan,WardOfficePlan2223,14.0,,भवानी पेठ क्षेत्रीय कार्यालय एकूण बेरीज,CE20C118,Electrical,0.0
2022-23,WardOfficePlan,WardOfficePlan2223,14.0,,भवानी पेठ क्षेत्रीय कार्यालय एकूण बेरीज,CE22A114,Buildings,0.0
2022-23,WardOfficePlan,WardOfficePlan2223,14.0,,भवानी पेठ क्षेत्रीय कार्यालय एकूण बेरीज,FE14A118,Slum,0.0
2022-23,WardOfficePlan,WardOfficePlan2223,14.0,,भवानी पेठ क्षेत्रीय कार्यालय एकूण बेरीज,ZE16A115,WaterSupply,0.0
2022-23,WardOfficePlan,WardOfficePlan2223,14.0,,भवानी पेठ क्षेत्रीय कार्यालय एकूण बेरीज,ZE16B113,Sewerage_foul,0.0
2022-23,WardOfficePlan,WardOfficePlan2223,15.0,,बिबवेवाडी क्षेत्रीय कार्यालय एकूण बेरीज,CE20A176,Roads,25.0
2022-23,WardOfficePlan,WardOfficePlan2223,15.0,,बिबवेवाडी क्षेत्रीय कार्यालय एकूण बेरीज,CE20C118,Electrical,20.0
2022-23,WardOfficePlan,WardOfficePlan2223,15.0,,बिबवेवाडी क्षेत्रीय कार्यालय एकूण बेरीज,CE22A114,Buildings,0.0
2022-23,WardOfficePlan,WardOfficePlan2223,15.0,,बिबवेवाडी क्षेत्रीय कार्यालय एकूण बेरीज,FE14A118,Slum,0.0
2022-23,WardOfficePlan,WardOfficePlan2223,15.0,,बिबवेवाडी क्षेत्रीय कार्यालय एकूण बेरीज,ZE16A115,WaterSupply,0.0
2022-23,WardOfficePlan,WardOfficePlan2223,15.0,,बिबवेवाडी क्षेत्रीय कार्यालय एकूण बेरीज,ZE16B113,Sewerage_foul,105.0
2022-23,WardOfficeNonPlan,WardOfficeNonPlan2223,1.0,,नगररोड - वडगावशेरी क्षेत्रीय कार्यालय एकूण बेरीज,RE20A301,Roads,52.0
2022-23,WardOfficeNonPlan,WardOfficeNonPlan2223,1.0,,नगररोड - वडगावशेरी क्षेत्रीय कार्यालय एकूण बेरीज,RE20C301,Electrical,27.5
2022-23,WardOfficeNonPlan,WardOfficeNonPlan2223,1.0,,नगररोड - वडगावशेरी क्षेत्रीय कार्यालय एकूण बेरीज,RE22C301,Buildings,15.0
2022-23,WardOfficeNonPlan,WardOfficeNonPlan2223,1.0,,नगररोड - वडगावशेरी क्षेत्रीय कार्यालय एकूण बेरीज,RE14B301,Slum,0.0
2022-23,WardOfficeNonPlan,WardOfficeNonPlan2223,1.0,,नगररोड - वडगावशेरी क्षेत्रीय कार्यालय एकूण बेरीज,XE12B301,WaterSupply,7.5
2022-23,WardOfficeNonPlan,WardOfficeNonPlan2223,1.0,,नगररोड - वडगावशेरी क्षेत्रीय कार्यालय एकूण बेरीज,XE23A301,Sewerage_foul,47.5
2022-23,WardOfficeNonPlan,WardOfficeNonPlan2223,2.0,,येरवडा - कळस - धानोरी क्षेत्रीय कार्यालय एकूण बेरीज,RE20A301,Roads,106.5
2022-23,WardOfficeNonPlan,WardOfficeNonPlan2223,2.0,,येरवडा - कळस - धानोरी क्षेत्रीय कार्यालय एकूण बेरीज,RE20C301,Electrical,57.5
2022-23,WardOfficeNonPlan,WardOfficeNonPlan2223,2.0,,येरवडा - कळस - धानोरी क्षेत्रीय कार्यालय एकूण बेरीज,RE22C301,Buildings,85.0
2022-23,WardOfficeNonPlan,WardOfficeNonPlan2223,2.0,,येरवडा - कळस - धानोरी क्षेत्रीय कार्यालय एकूण बेरीज,RE14B301,Slum,47.5
2022-23,WardOfficeNonPlan,WardOfficeNonPlan2223,2.0,,येरवडा - कळस - धानोरी क्षेत्रीय कार्यालय एकूण बेरीज,XE12B301,WaterSupply,0.0
2022-23,WardOfficeNonPlan,WardOfficeNonPlan2223,2.0,,येरवडा - कळस - धानोरी क्षेत्रीय कार्यालय एकूण बेरीज,XE23A301,Sewerage_foul,153.5
2022-23,WardOfficeNonPlan,WardOfficeNonPlan2223,3.0,,ढोलेपाटील क्षेत्रीय कार्यालय एकूण बेरीज,RE20A301,Roads,75.0
2022-23,WardOfficeNonPlan,WardOfficeNonPlan2223,3.0,,ढोलेपाटील क्षेत्रीय कार्यालय एकूण बेरीज,RE20C301,Electrical,22.5
2022-23,WardOfficeNonPlan,WardOfficeNonPlan2223,3.0,,ढोलेपाटील क्षेत्रीय कार्यालय एकूण बेरीज,RE22C301,Buildings,40.0
2022-23,WardOfficeNonPlan,WardOfficeNonPlan2223,3.0,,ढोलेपाटील क्षेत्रीय कार्यालय एकूण बेरीज,RE14B301,Slum,90.0
2022-23,WardOfficeNonPlan,WardOfficeNonPlan2223,3.0,,ढोलेपाटील क्षेत्रीय कार्यालय एकूण बेरीज,XE12B301,WaterSupply,5.0
2022-23,WardOfficeNonPlan,WardOfficeNonPlan2223,3.0,,ढोलेपाटील क्षेत्रीय कार्यालय एकूण बेरीज,XE23A301,Sewerage_foul,67.5
2022-23,WardOfficeNonPlan,WardOfficeNonPlan2223,4.0,,औंध - बाणेर क्षेत्रीय कार्यालय एकूण बेरीज,RE20A301,Roads,60.0
2022-23,WardOfficeNonPlan,WardOfficeNonPlan2223,4.0,,औंध - बाणेर क्षेत्रीय कार्यालय एकूण बेरीज,RE20C301,Electrical,60.0
2022-23,WardOfficeNonPlan,WardOfficeNonPlan2223,4.0,,औंध - बाणेर क्षेत्रीय कार्यालय एकूण बेरीज,RE22C301,Buildings,60.0
2022-23,WardOfficeNonPlan,WardOfficeNonPlan2223,4.0,,औंध - बाणेर क्षेत्रीय कार्यालय एकूण बेरीज,RE14B301,Slum,60.0
2022-23,WardOfficeNonPlan,WardOfficeNonPlan2223,4.0,,औंध - बाणेर क्षेत्रीय कार्यालय एकूण बेरीज,XE12B301,WaterSupply,0.0
2022-23,WardOfficeNonPlan,WardOfficeNonPlan2223,4.0,,औंध - बाणेर क्षेत्रीय कार्यालय एकूण बेरीज,XE23A301,Sewerage_foul,60.0
2022-23,WardOfficeNonPlan,WardOfficeNonPlan2223,5.0,,शिवाजीनगर - घोले रोड क्षेत्रीय कार्यालय एकूण बेरीज,RE20A301,Roads,57.5
2022-23,WardOfficeNonPlan,WardOfficeNonPlan2223,5.0,,शिवाजीनगर - घोले रोड क्षेत्रीय कार्यालय एकूण बेरीज,RE20C301,Electrical,45.0
2022-23,WardOfficeNonPlan,WardOfficeNonPlan2223,5.0,,शिवाजीनगर - घोले रोड क्षेत्रीय कार्यालय एकूण बेरीज,RE22C301,Buildings,66.0
2022-23,WardOfficeNonPlan,WardOfficeNonPlan2223,5.0,,शिवाजीनगर - घोले रोड क्षेत्रीय कार्यालय एकूण बेरीज,RE14B301,Slum,64.0
2022-23,WardOfficeNonPlan,WardOfficeNonPlan2223,5.0,,शिवाजीनगर - घोले रोड क्षेत्रीय कार्यालय एकूण बेरीज,XE12B301,WaterSupply,0.0
2022-23,WardOfficeNonPlan,WardOfficeNonPlan2223,5.0,,शिवाजीनगर - घोले रोड क्षेत्रीय कार्यालय एकूण बेरीज,XE23A301,Sewerage_foul,67.5
2022-23,WardOfficeNonPlan,WardOfficeNonPlan2223,6.0,,कोथरूड - बावधन क्षेत्रीय कार्यालय एकूण बेरीज,RE20A301,Roads,134.0
2022-23,WardOfficeNonPlan,WardOfficeNonPlan2223,6.0,,कोथरूड - बावधन क्षेत्रीय कार्यालय एकूण बेरीज,RE20C301,Electrical,20.5
2022-23,WardOfficeNonPlan,WardOfficeNonPlan2223,6.0,,कोथरूड - बावधन क्षेत्रीय कार्यालय एकूण बेरीज,RE22C301,Buildings,88.0
2022-23,WardOfficeNonPlan,WardOfficeNonPlan2223,6.0,,कोथरूड - बावधन क्षेत्रीय कार्यालय एकूण बेरीज,RE14B301,Slum,98.0
2022-23,WardOfficeNonPlan,WardOfficeNonPlan2223,6.0,,कोथरूड - बावधन क्षेत्रीय कार्यालय एकूण बेरीज,XE12B301,WaterSupply,0.0
2022-23,WardOfficeNonPlan,WardOfficeNonPlan2223,6.0,,कोथरूड - बावधन क्षेत्रीय कार्यालय एकूण बेरीज,XE23A301,Sewerage_foul,79.5
2022-23,WardOfficeNonPlan,WardOfficeNonPlan2223,7.0,,धनकवडी - सहकारनगर क्षेत्रीय कार्यालय एकूण बेरीज,RE20A301,Roads,102.5
2022-23,WardOfficeNonPlan,WardOfficeNonPlan2223,7.0,,धनकवडी - सहकारनगर क्षेत्रीय कार्यालय एकूण बेरीज,RE20C301,Electrical,17.5
2022-23,WardOfficeNonPlan,WardOfficeNonPlan2223,7.0,,धनकवडी - सहकारनगर क्षेत्रीय कार्यालय एकूण बेरीज,RE22C301,Buildings,25.0
2022-23,WardOfficeNonPlan,WardOfficeNonPlan2223,7.0,,धनकवडी - सहकारनगर क्षेत्रीय कार्यालय एकूण बेरीज,RE14B301,Slum,55.0
2022-23,WardOfficeNonPlan,WardOfficeNonPlan2223,7.0,,धनकवडी - सहकारनगर क्षेत्रीय कार्यालय एकूण बेरीज,XE12B301,WaterSupply,7.5
2022-23,WardOfficeNonPlan,WardOfficeNonPlan2223,7.0,,धनकवडी - सहकारनगर क्षेत्रीय कार्यालय एकूण बेरीज,XE23A301,Sewerage_foul,150.0
2022-23,WardOfficeNonPlan,WardOfficeNonPlan2223,8.0,,सिंहगड रोड क्षेत्रीय कार्यालय एकूण बेरीज,RE20A301,Roads,36.5
2022-23,WardOfficeNonPlan,WardOfficeNonPlan2223,8.0,,सिंहगड रोड क्षेत्रीय कार्यालय एकूण बेरीज,RE20C301,Electrical,5.0
2022-23,WardOfficeNonPlan,WardOfficeNonPlan2223,8.0,,सिंहगड रोड क्षेत्रीय कार्यालय एकूण बेरीज,RE22C301,Buildings,5.0
2022-23,WardOfficeNonPlan,WardOfficeNonPlan2223,8.0,,सिंहगड रोड क्षेत्रीय कार्यालय एकूण बेरीज,RE14B301,Slum,45.0
2022-23,WardOfficeNonPlan,WardOfficeNonPlan2223,8.0,,सिंहगड रोड क्षेत्रीय कार्यालय एकूण बेरीज,XE12B301,WaterSupply,0.0
2022-23,WardOfficeNonPlan,WardOfficeNonPlan2223,8.0,,सिंहगड रोड क्षेत्रीय कार्यालय एकूण बेरीज,XE23A301,Sewerage_foul,61.0
2022-23,WardOfficeNonPlan,WardOfficeNonPlan2223,9.0,,वारजे - कर्वेनगर क्षेत्रीय कार्यालय एकूण बेरीज,RE20A301,Roads,114.0
2022-23,WardOfficeNonPlan,WardOfficeNonPlan2223,9.0,,वारजे - कर्वेनगर क्षेत्रीय कार्यालय एकूण बेरीज,RE20C301,Electrical,68.5
2022-23,WardOfficeNonPlan,WardOfficeNonPlan2223,9.0,,वारजे - कर्वेनगर क्षेत्रीय कार्यालय एकूण बेरीज,RE22C301,Buildings,27.5
2022-23,WardOfficeNonPlan,WardOfficeNonPlan2223,9.0,,वारजे - कर्वेनगर क्षेत्रीय कार्यालय एकूण बेरीज,RE14B301,Slum,37.5
2022-23,WardOfficeNonPlan,WardOfficeNonPlan2223,9.0,,वारजे - कर्वेनगर क्षेत्रीय कार्यालय एकूण बेरीज,XE12B301,WaterSupply,0.0
2022-23,WardOfficeNonPlan,WardOfficeNonPlan2223,9.0,,वारजे - कर्वेनगर क्षेत्रीय कार्यालय एकूण बेरीज,XE23A301,Sewerage_foul,81.0
2022-23,WardOfficeNonPlan,WardOfficeNonPlan2223,10.0,,हडपसर - मुंढवा क्षेत्रीय कार्यालय एकूण बेरीज,RE20A301,Roads,200.0
2022-23,WardOfficeNonPlan,WardOfficeNonPlan2223,10.0,,हडपसर - मुंढवा क्षेत्रीय कार्यालय एकूण बेरीज,RE20C301,Electrical,62.5
2022-23,WardOfficeNonPlan,WardOfficeNonPlan2223,10.0,,हडपसर - मुंढवा क्षेत्रीय कार्यालय एकूण बेरीज,RE22C301,Buildings,37.5
2022-23,WardOfficeNonPlan,WardOfficeNonPlan2223,10.0,,हडपसर - मुंढवा क्षेत्रीय कार्यालय एकूण बेरीज,RE14B301,Slum,10.0
2022-23,WardOfficeNonPlan,WardOfficeNonPlan2223,10.0,,हडपसर - मुंढवा क्षेत्रीय कार्यालय एकूण बेरीज,XE12B301,WaterSupply,0.0
2022-23,WardOfficeNonPlan,WardOfficeNonPlan2223,10.0,,हडपसर - मुंढवा क्षेत्रीय कार्यालय एकूण बेरीज,XE23A301,Sewerage_foul,140.0
2022-23,WardOfficeNonPlan,WardOfficeNonPlan2223,11.0,,वानवडी - रामटेकडी क्षेत्रीय कार्यालय एकूण बेरीज,RE20A301,Roads,75.0
2022-23,WardOfficeNonPlan,WardOfficeNonPlan2223,11.0,,वानवडी - रामटेकडी क्षेत्रीय कार्यालय एकूण बेरीज,RE20C301,Electrical,20.0
2022-23,WardOfficeNonPlan,WardOfficeNonPlan2223,11.0,,वानवडी - रामटेकडी क्षेत्रीय कार्यालय एकूण बेरीज,RE22C301,Buildings,17.5
2022-23,WardOfficeNonPlan,WardOfficeNonPlan2223,11.0,,वानवडी - रामटेकडी क्षेत्रीय कार्यालय एकूण बेरीज,RE14B301,Slum,15.0
2022-23,WardOfficeNonPlan,WardOfficeNonPlan2223,11.0,,वानवडी - रामटेकडी क्षेत्रीय कार्यालय एकूण बेरीज,XE12B301,WaterSupply,0.0
2022-23,WardOfficeNonPlan,WardOfficeNonPlan2223,11.0,,वानवडी - रामटेकडी क्षेत्रीय कार्यालय एकूण बेरीज,XE23A301,Sewerage_foul,117.5
2022-23,WardOfficeNonPlan,WardOfficeNonPlan2223,12.0,,कोंढवा - येवलेवाडी क्षेत्रीय कार्यालय एकूण बेरीज,RE20A301,Roads,50.0
2022-23,WardOfficeNonPlan,WardOfficeNonPlan2223,12.0,,कोंढवा - येवलेवाडी क्षेत्रीय कार्यालय एकूण बेरीज,RE20C301,Electrical,0.0
2022-23,WardOfficeNonPlan,WardOfficeNonPlan2223,12.0,,कोंढवा - येवलेवाडी क्षेत्रीय कार्यालय एकूण बेरीज,RE22C301,Buildings,35.5
2022-23,WardOfficeNonPlan,WardOfficeNonPlan2223,12.0,,कोंढवा - येवलेवाडी क्षेत्रीय कार्यालय एकूण बेरीज,RE14B301,Slum,0.0
2022-23,WardOfficeNonPlan,WardOfficeNonPlan2223,12.0,,कोंढवा - येवलेवाडी क्षेत्रीय कार्यालय एकूण बेरीज,XE12B301,WaterSupply,0.0
2022-23,WardOfficeNonPlan,WardOfficeNonPlan2223,12.0,,कोंढवा - येवलेवाडी क्षेत्रीय कार्यालय एकूण बेरीज,XE23A301,Sewerage_foul,87.5
2022-23,WardOfficeNonPlan,WardOfficeNonPlan2223,13.0,,कसबा - विश्रामबागवाडा क्षेत्रीय कार्यालय एकूण बेरीज,RE20A301,Roads,160.0
2022-23,WardOfficeNonPlan,WardOfficeNonPlan2223,13.0,,कसबा - विश्रामबागवाडा क्षेत्रीय कार्यालय एकूण बेरीज,RE20C301,Electrical,62.5
2022-23,WardOfficeNonPlan,WardOfficeNonPlan2223,13.0,,कसबा - विश्रामबागवाडा क्षेत्रीय कार्यालय एकूण बेरीज,RE22C301,Buildings,72.5
2022-23,WardOfficeNonPlan,WardOfficeNonPlan2223,13.0,,कसबा - विश्रामबागवाडा क्षेत्रीय कार्यालय एकूण बेरीज,RE14B301,Slum,85.0
2022-23,WardOfficeNonPlan,WardOfficeNonPlan2223,13.0,,कसबा - विश्रामबागवाडा क्षेत्रीय कार्यालय एकूण बेरीज,XE12B301,WaterSupply,0.0
2022-23,WardOfficeNonPlan,WardOfficeNonPlan2223,13.0,,कसबा - विश्रामबागवाडा क्षेत्रीय कार्यालय एकूण बेरीज,XE23A301,Sewerage_foul,70.0
2022-23,WardOfficeNonPlan,WardOfficeNonPlan2223,14.0,,भवानी पेठ क्षेत्रीय कार्यालय एकूण बेरीज,RE20A301,Roads,120.0
2022-23,WardOfficeNonPlan,WardOfficeNonPlan2223,14.0,,भवानी पेठ क्षेत्रीय कार्यालय एकूण बेरीज,RE20C301,Electrical,70.0
2022-23,WardOfficeNonPlan,WardOfficeNonPlan2223,14.0,,भवानी पेठ क्षेत्रीय कार्यालय एकूण बेरीज,RE22C301,Buildings,80.0
2022-23,WardOfficeNonPlan,WardOfficeNonPlan2223,14.0,,भवानी पेठ क्षेत्रीय कार्यालय एकूण बेरीज,RE14B301,Slum,70.0
2022-23,WardOfficeNonPlan,WardOfficeNonPlan2223,14.0,,भवानी पेठ क्षेत्रीय कार्यालय एकूण बेरीज,XE12B301,WaterSupply,0.0
2022-23,WardOfficeNonPlan,WardOfficeNonPlan2223,14.0,,भवानी पेठ क्षेत्रीय कार्यालय एकूण बेरीज,XE23A301,Sewerage_foul,110.0
2022-23,WardOfficeNonPlan,WardOfficeNonPlan2223,15.0,,बिबवेवाडी क्षेत्रीय कार्यालय एकूण बेरीज,RE20A301,Roads,75.0
2022-23,WardOfficeNonPlan,WardOfficeNonPlan2223,15.0,,बिबवेवाडी क्षेत्रीय कार्यालय एकूण बेरीज,RE20C301,Electrical,62.5
2022-23,WardOfficeNonPlan,WardOfficeNonPlan2223,15.0,,बिबवेवाडी क्षेत्रीय कार्यालय एकूण बेरीज,RE22C301,Buildings,50.0
2022-23,WardOfficeNonPlan,WardOfficeNonPlan2223,15.0,,बिबवेवाडी क्षेत्रीय कार्यालय एकूण बेरीज,RE14B301,Slum,30.0
2022-23,WardOfficeNonPlan,WardOfficeNonPlan2223,15.0,,बिबवेवाडी क्षेत्रीय कार्यालय एकूण बेरीज,XE12B301,WaterSupply,0.0
2022-23,WardOfficeNonPlan,WardOfficeNonPlan2223,15.0,,बिबवेवाडी क्षेत्रीय कार्यालय एकूण बेरीज,XE23A301,Sewerage_foul,45.0
2022-23,CitizensPlan,CitizensPlan2223,1.0,,नगररोड - वडगावशेरी क्षेत्रीय कार्यालय एकूण बेरीज,CE20A1196,Roads,0.0
2022-23,CitizensPlan,CitizensPlan2223,1.0,,नगररोड - वडगावशेरी क्षेत्रीय कार्यालय एकूण बेरीज,CE20C406,Electrical,0.0
2022-23,CitizensPlan,CitizensPlan2223,1.0,,नगररोड - वडगावशेरी क्षेत्रीय कार्यालय एकूण बेरीज,CE22A547,Buildings,0.0
2022-23,CitizensPlan,CitizensPlan2223,1.0,,नगररोड - वडगावशेरी क्षेत्रीय कार्यालय एकूण बेरीज,FE14A121,Slum,0.0
2022-23,CitizensPlan,CitizensPlan2223,1.0,,नगररोड - वडगावशेरी क्षेत्रीय कार्यालय एकूण बेरीज,ZE16A117,WaterSupply,0.0
2022-23,CitizensPlan,CitizensPlan2223,1.0,,नगररोड - वडगावशेरी क्षेत्रीय कार्यालय एकूण बेरीज,ZE16B130,Sewerage_foul,0.0
2022-23,CitizensPlan,CitizensPlan2223,2.0,,येरवडा - कळस - धानोरी क्षेत्रीय कार्यालय एकूण बेरीज,CE20A1196,Roads,0.0
2022-23,CitizensPlan,CitizensPlan2223,2.0,,येरवडा - कळस - धानोरी क्षेत्रीय कार्यालय एकूण बेरीज,CE20C406,Electrical,0.0
2022-23,CitizensPlan,CitizensPlan2223,2.0,,येरवडा - कळस - धानोरी क्षेत्रीय कार्यालय एकूण बेरीज,CE22A547,Buildings,0.0
2022-23,CitizensPlan,CitizensPlan2223,2.0,,येरवडा - कळस - धानोरी क्षेत्रीय कार्यालय एकूण बेरीज,FE14A121,Slum,0.0
2022-23,CitizensPlan,CitizensPlan2223,2.0,,येरवडा - कळस - धानोरी क्षेत्रीय कार्यालय एकूण बेरीज,ZE16A117,WaterSupply,0.0
2022-23,CitizensPlan,CitizensPlan2223,2.0,,येरवडा - कळस - धानोरी क्षेत्रीय कार्यालय एकूण बेरीज,ZE16B130,Sewerage_foul,0.0
2022-23,CitizensPlan,CitizensPlan2223,3.0,,ढोलेपाटील क्षेत्रीय कार्यालय एकूण बेरीज,CE20A1196,Roads,0.0
2022-23,CitizensPlan,CitizensPlan2223,3.0,,ढोलेपाटील क्षेत्रीय कार्यालय एकूण बेरीज,CE20C406,Electrical,0.0
2022-23,CitizensPlan,CitizensPlan2223,3.0,,ढोलेपाटील क्षेत्रीय कार्यालय एकूण बेरीज,CE22A547,Buildings,0.0
2022-23,CitizensPlan,CitizensPlan2223,3.0,,ढोलेपाटील क्षेत्रीय कार्यालय एकूण बेरीज,FE14A121,Slum,0.0
2022-23,CitizensPlan,CitizensPlan2223,3.0,,ढोलेपाटील क्षेत्रीय कार्यालय एकूण बेरीज,ZE16A117,WaterSupply,0.0
2022-23,CitizensPlan,CitizensPlan2223,3.0,,ढोलेपाटील क्षेत्रीय कार्यालय एकूण बेरीज,ZE16B130,Sewerage_foul,0.0
2022-23,CitizensPlan,CitizensPlan2223,4.0,,औंध - बाणेर क्षेत्रीय कार्यालय एकूण बेरीज,CE20A1196,Roads,0.0
2022-23,CitizensPlan,CitizensPlan2223,4.0,,औंध - बाणेर क्षेत्रीय कार्यालय एकूण बेरीज,CE20C406,Electrical,0.0
2022-23,CitizensPlan,CitizensPlan2223,4.0,,औंध - बाणेर क्षेत्रीय कार्यालय एकूण बेरीज,CE22A547,Buildings,0.0
2022-23,CitizensPlan,CitizensPlan2223,4.0,,औंध - बाणेर क्षेत्रीय कार्यालय एकूण बेरीज,FE14A121,Slum,0.0
2022-23,CitizensPlan,CitizensPlan2223,4.0,,औंध - बाणेर क्षेत्रीय कार्यालय एकूण बेरीज,ZE16A117,WaterSupply,0.0
2022-23,CitizensPlan,CitizensPlan2223,4.0,,औंध - बाणेर क्षेत्रीय कार्यालय एकूण बेरीज,ZE16B130,Sewerage_foul,0.0
2022-23,CitizensPlan,CitizensPlan2223,5.0,,शिवाजीनगर - घोले रोड क्षेत्रीय कार्यालय एकूण बेरीज,CE20A1196,Roads,0.0
2022-23,CitizensPlan,CitizensPlan2223,5.0,,शिवाजीनगर - घोले रोड क्षेत्रीय कार्यालय एकूण बेरीज,CE20C406,Electrical,0.0
2022-23,CitizensPlan,CitizensPlan2223,5.0,,शिवाजीनगर - घोले रोड क्षेत्रीय कार्यालय एकूण बेरीज,CE22A547,Buildings,0.0
2022-23,CitizensPlan,CitizensPlan2223,5.0,,शिवाजीनगर - घोले रोड क्षेत्रीय कार्यालय एकूण बेरीज,FE14A121,Slum,0.0
2022-23,CitizensPlan,CitizensPlan2223,5.0,,शिवाजीनगर - घोले रोड क्षेत्रीय कार्यालय एकूण बेरीज,ZE16A117,WaterSupply,0.0
2022-23,CitizensPlan,CitizensPlan2223,5.0,,शिवाजीनगर - घोले रोड क्षेत्रीय कार्यालय एकूण बेरीज,ZE16B130,Sewerage_foul,0.0
2022-23,CitizensPlan,CitizensPlan2223,6.0,,कोथरूड - बावधन क्षेत्रीय कार्यालय एकूण बेरीज,CE20A1196,Roads,46.5
2022-23,CitizensPlan,CitizensPlan2223,6.0,,कोथरूड - बावधन क्षेत्रीय कार्यालय एकूण बेरीज,CE20C406,Electrical,25.0
2022-23,CitizensPlan,CitizensPlan2223,6.0,,कोथरूड - बावधन क्षेत्रीय कार्यालय एकूण बेरीज,CE22A547,Buildings,0.0
2022-23,CitizensPlan,CitizensPlan2223,6.0,,कोथरूड - बावधन क्षेत्रीय कार्यालय एकूण बेरीज,FE14A121,Slum,0.0
2022-23,CitizensPlan,CitizensPlan2223,6.0,,कोथरूड - बावधन क्षेत्रीय कार्यालय एकूण बेरीज,ZE16A117,WaterSupply,5.0
2022-23,CitizensPlan,CitizensPlan2223,6.0,,कोथरूड - बावधन क्षेत्रीय कार्यालय एकूण बेरीज,ZE16B130,Sewerage_foul,37.5
2022-23,CitizensPlan,CitizensPlan2223,7.0,,धनकवडी - सहकारनगर क्षेत्रीय कार्यालय एकूण बेरीज,CE20A1196,Roads,31.0
2022-23,CitizensPlan,CitizensPlan2223,7.0,,धनकवडी - सहकारनगर क्षेत्रीय कार्यालय एकूण बेरीज,CE20C406,Electrical,24.0
2022-23,CitizensPlan,CitizensPlan2223,7.0,,धनकवडी - सहकारनगर क्षेत्रीय कार्यालय एकूण बेरीज,CE22A547,Buildings,31.0
2022-23,CitizensPlan,CitizensPlan2223,7.0,,धनकवडी - सहकारनगर क्षेत्रीय कार्यालय एकूण बेरीज,FE14A121,Slum,0.0
2022-23,CitizensPlan,CitizensPlan2223,7.0,,धनकवडी - सहकारनगर क्षेत्रीय कार्यालय एकूण बेरीज,ZE16A117,WaterSupply,5.0
2022-23,CitizensPlan,CitizensPlan2223,7.0,,धनकवडी - सहकारनगर क्षेत्रीय कार्यालय एकूण बेरीज,ZE16B130,Sewerage_foul,24.0
2022-23,CitizensPlan,CitizensPlan2223,8.0,,सिंहगड रोड क्षेत्रीय कार्यालय एकूण बेरीज,CE20A1196,Roads,105.0
2022-23,CitizensPlan,CitizensPlan2223,8.0,,सिंहगड रोड क्षेत्रीय कार्यालय एकूण बेरीज,CE20C406,Electrical,40.0
2022-23,CitizensPlan,CitizensPlan2223,8.0,,सिंहगड रोड क्षेत्रीय कार्यालय एकूण बेरीज,CE22A547,Buildings,0.0
2022-23,CitizensPlan,CitizensPlan2223,8.0,,सिंहगड रोड क्षेत्रीय कार्यालय एकूण बेरीज,FE14A121,Slum,5.0
2022-23,CitizensPlan,CitizensPlan2223,8.0,,सिंहगड रोड क्षेत्रीय कार्यालय एकूण बेरीज,ZE16A117,WaterSupply,0.0
2022-23,CitizensPlan,CitizensPlan2223,8.0,,सिंहगड रोड क्षेत्रीय कार्यालय एकूण बेरीज,ZE16B130,Sewerage_foul,30.0
2022-23,CitizensPlan,CitizensPlan2223,9.0,,वारजे - कर्वेनगर क्षेत्रीय कार्यालय एकूण बेरीज,CE20A1196,Roads,42.5
2022-23,CitizensPlan,CitizensPlan2223,9.0,,वारजे - कर्वेनगर क्षेत्रीय कार्यालय एकूण बेरीज,CE20C406,Electrical,15.0
2022-23,CitizensPlan,CitizensPlan2223,9.0,,वारजे - कर्वेनगर क्षेत्रीय कार्यालय एकूण बेरीज,CE22A547,Buildings,40.0
2022-23,CitizensPlan,CitizensPlan2223,9.0,,वारजे - कर्वेनगर क्षेत्रीय कार्यालय एकूण बेरीज,FE14A121,Slum,47.5
2022-23,CitizensPlan,CitizensPlan2223,9.0,,वारजे - कर्वेनगर क्षेत्रीय कार्यालय एकूण बेरीज,ZE16A117,WaterSupply,0.0
2022-23,CitizensPlan,CitizensPlan2223,9.0,,वारजे - कर्वेनगर क्षेत्रीय कार्यालय एकूण बेरीज,ZE16B130,Sewerage_foul,24.0
2022-23,CitizensPlan,CitizensPlan2223,10.0,,हडपसर - मुंढवा क्षेत्रीय कार्यालय एकूण बेरीज,CE20A1196,Roads,0.0
2022-23,CitizensPlan,CitizensPlan2223,10.0,,हडपसर - मुंढवा क्षेत्रीय कार्यालय एकूण बेरीज,CE20C406,Electrical,0.0
2022-23,CitizensPlan,CitizensPlan2223,10.0,,हडपसर - मुंढवा क्षेत्रीय कार्यालय एकूण बेरीज,CE22A547,Buildings,0.0
2022-23,CitizensPlan,CitizensPlan2223,10.0,,हडपसर - मुंढवा क्षेत्रीय कार्यालय एकूण बेरीज,FE14A121,Slum,0.0
2022-23,CitizensPlan,CitizensPlan2223,10.0,,हडपसर - मुंढवा क्षेत्रीय कार्यालय एकूण बेरीज,ZE16A117,WaterSupply,0.0
2022-23,CitizensPlan,CitizensPlan2223,10.0,,हडपसर - मुंढवा क्षेत्रीय कार्यालय एकूण बेरीज,ZE16B130,Sewerage_foul,0.0
2022-23,CitizensPlan,CitizensPlan2223,11.0,,वानवडी - रामटेकडी क्षेत्रीय कार्यालय एकूण बेरीज,CE20A1196,Roads,0.0
2022-23,CitizensPlan,CitizensPlan2223,11.0,,वानवडी - रामटेकडी क्षेत्रीय कार्यालय एकूण बेरीज,CE20C406,Electrical,0.0
2022-23,CitizensPlan,CitizensPlan2223,11.0,,वानवडी - रामटेकडी क्षेत्रीय कार्यालय एकूण बेरीज,CE22A547,Buildings,0.0
2022-23,CitizensPlan,CitizensPlan2223,11.0,,वानवडी - रामटेकडी क्षेत्रीय कार्यालय एकूण बेरीज,FE14A121,Slum,0.0
2022-23,CitizensPlan,CitizensPlan2223,11.0,,वानवडी - रामटेकडी क्षेत्रीय कार्यालय एकूण बेरीज,ZE16A117,WaterSupply,5.0
2022-23,CitizensPlan,CitizensPlan2223,11.0,,वानवडी - रामटेकडी क्षेत्रीय कार्यालय एकूण बेरीज,ZE16B130,Sewerage_foul,0.0
2022-23,CitizensPlan,CitizensPlan2223,12.0,,कोंढवा - येवलेवाडी क्षेत्रीय कार्यालय एकूण बेरीज,CE20A1196,Roads,103.0
2022-23,CitizensPlan,CitizensPlan2223,12.0,,कोंढवा - येवलेवाडी क्षेत्रीय कार्यालय एकूण बेरीज,CE20C406,Electrical,24.0
2022-23,CitizensPlan,CitizensPlan2223,12.0,,कोंढवा - येवलेवाडी क्षेत्रीय कार्यालय एकूण बेरीज,CE22A547,Buildings,0.0
2022-23,CitizensPlan,CitizensPlan2223,12.0,,कोंढवा - येवलेवाडी क्षेत्रीय कार्यालय एकूण बेरीज,FE14A121,Slum,0.0
2022-23,CitizensPlan,CitizensPlan2223,12.0,,कोंढवा - येवलेवाडी क्षेत्रीय कार्यालय एकूण बेरीज,ZE16A117,WaterSupply,0.0
2022-23,CitizensPlan,CitizensPlan2223,12.0,,कोंढवा - येवलेवाडी क्षेत्रीय कार्यालय एकूण बेरीज,ZE16B130,Sewerage_foul,21.0
2022-23,CitizensPlan,CitizensPlan2223,13.0,,कसबा - विश्रामबागवाडा क्षेत्रीय कार्यालय एकूण बेरीज,CE20A1196,Roads,0.0
2022-23,CitizensPlan,CitizensPlan2223,13.0,,कसबा - विश्रामबागवाडा क्षेत्रीय कार्यालय एकूण बेरीज,CE20C406,Electrical,0.0
2022-23,CitizensPlan,CitizensPlan2223,13.0,,कसबा - विश्रामबागवाडा क्षेत्रीय कार्यालय एकूण बेरीज,CE22A547,Buildings,0.0
2022-23,CitizensPlan,CitizensPlan2223,13.0,,कसबा - विश्रामबागवाडा क्षेत्रीय कार्यालय एकूण बेरीज,FE14A121,Slum,0.0
2022-23,CitizensPlan,CitizensPlan2223,13.0,,कसबा - विश्रामबागवाडा क्षेत्रीय कार्यालय एकूण बेरीज,ZE16A117,WaterSupply,0.0
2022-23,CitizensPlan,CitizensPlan2223,13.0,,कसबा - विश्रामबागवाडा क्षेत्रीय कार्यालय एकूण बेरीज,ZE16B130,Sewerage_foul,0.0
2022-23,CitizensPlan,CitizensPlan2223,14.0,,भवानी पेठ क्षेत्रीय कार्यालय एकूण बेरीज,CE20A1196,Roads,0.0
2022-23,CitizensPlan,CitizensPlan2223,14.0,,भवानी पेठ क्षेत्रीय कार्यालय एकूण बेरीज,CE20C406,Electrical,0.0
2022-23,CitizensPlan,CitizensPlan2223,14.0,,भवानी पेठ क्षेत्रीय कार्यालय एकूण बेरीज,CE22A547,Buildings,0.0
2022-23,CitizensPlan,CitizensPlan2223,14.0,,भवानी पेठ क्षेत्रीय कार्यालय एकूण बेरीज,FE14A121,Slum,0.0
2022-23,CitizensPlan,CitizensPlan2223,14.0,,भवानी पेठ क्षेत्रीय कार्यालय एकूण बेरीज,ZE16A117,WaterSupply,0.0
2022-23,CitizensPlan,CitizensPlan2223,14.0,,भवानी पेठ क्षेत्रीय कार्यालय एकूण बेरीज,ZE16B130,Sewerage_foul,0.0
2022-23,CitizensPlan,CitizensPlan2223,15.0,,बिबवेवाडी क्षेत्रीय कार्यालय एकूण बेरीज,CE20A1196,Roads,41.0
2022-23,CitizensPlan,CitizensPlan2223,15.0,,बिबवेवाडी क्षेत्रीय कार्यालय एकूण बेरीज,CE20C406,Electrical,23.0
2022-23,CitizensPlan,CitizensPlan2223,15.0,,बिबवेवाडी क्षेत्रीय कार्यालय एकूण बेरीज,CE22A547,Buildings,10.0
2022-23,CitizensPlan,CitizensPlan2223,15.0,,बिबवेवाडी क्षेत्रीय कार्यालय एकूण बेरीज,FE14A121,Slum,3.0
2022-23,CitizensPlan,CitizensPlan2223,15.0,,बिबवेवाडी क्षेत्रीय कार्यालय एकूण बेरीज,ZE16A117,WaterSupply,0.0
2022-23,CitizensPlan,CitizensPlan2223,15.0,,बिबवेवाडी क्षेत्रीय कार्यालय एकूण बेरीज,ZE16B130,Sewerage_foul,33.0
2022-23,CitizensNonPlan,CitizensNonPlan2223,1.0,,नगररोड - वडगावशेरी क्षेत्रीय कार्यालय एकूण बेरीज,RE20A302,Roads,105.0
2022-23,CitizensNonPlan,CitizensNonPlan2223,1.0,,नगररोड - वडगावशेरी क्षेत्रीय कार्यालय एकूण बेरीज,RE20C302,Electrical,35.0
2022-23,CitizensNonPlan,CitizensNonPlan2223,1.0,,नगररोड - वडगावशेरी क्षेत्रीय कार्यालय एकूण बेरीज,RE22C302,Buildings,60.0
2022-23,CitizensNonPlan,CitizensNonPlan2223,1.0,,नगररोड - वडगावशेरी क्षेत्रीय कार्यालय एकूण बेरीज,RE14B302,Slum,0.0
2022-23,CitizensNonPlan,CitizensNonPlan2223,1.0,,नगररोड - वडगावशेरी क्षेत्रीय कार्यालय एकूण बेरीज,XE12B302,WaterSupply,10.0
2022-23,CitizensNonPlan,CitizensNonPlan2223,1.0,,नगररोड - वडगावशेरी क्षेत्रीय कार्यालय एकूण बेरीज,XE23A302,Sewerage_foul,90.0
2022-23,CitizensNonPlan,CitizensNonPlan2223,2.0,,येरवडा - कळस - धानोरी क्षेत्रीय कार्यालय एकूण बेरीज,RE20A302,Roads,105.0
2022-23,CitizensNonPlan,CitizensNonPlan2223,2.0,,येरवडा - कळस - धानोरी क्षेत्रीय कार्यालय एकूण बेरीज,RE20C302,Electrical,25.0
2022-23,CitizensNonPlan,CitizensNonPlan2223,2.0,,येरवडा - कळस - धानोरी क्षेत्रीय कार्यालय एकूण बेरीज,RE22C302,Buildings,30.0
2022-23,CitizensNonPlan,CitizensNonPlan2223,2.0,,येरवडा - कळस - धानोरी क्षेत्रीय कार्यालय एकूण बेरीज,RE14B302,Slum,55.0
2022-23,CitizensNonPlan,CitizensNonPlan2223,2.0,,येरवडा - कळस - धानोरी क्षेत्रीय कार्यालय एकूण बेरीज,XE12B302,WaterSupply,0.0
2022-23,CitizensNonPlan,CitizensNonPlan2223,2.0,,येरवडा - कळस - धानोरी क्षेत्रीय कार्यालय एकूण बेरीज,XE23A302,Sewerage_foul,85.0
2022-23,CitizensNonPlan,CitizensNonPlan2223,3.0,,ढोलेपाटील क्षेत्रीय कार्यालय एकूण बेरीज,RE20A302,Roads,7.5
2022-23,CitizensNonPlan,CitizensNonPlan2223,3.0,,ढोलेपाटील क्षेत्रीय कार्यालय एकूण बेरीज,RE20C302,Electrical,9.5
2022-23,CitizensNonPlan,CitizensNonPlan2223,3.0,,ढोलेपाटील क्षेत्रीय कार्यालय एकूण बेरीज,RE22C302,Buildings,8.0
2022-23,CitizensNonPlan,CitizensNonPlan2223,3.0,,ढोलेपाटील क्षेत्रीय कार्यालय एकूण बेरीज,RE14B302,Slum,70.0
2022-23,CitizensNonPlan,CitizensNonPlan2223,3.0,,ढोलेपाटील क्षेत्रीय कार्यालय एकूण बेरीज,XE12B302,WaterSupply,7.5
2022-23,CitizensNonPlan,CitizensNonPlan2223,3.0,,ढोलेपाटील क्षेत्रीय कार्यालय एकूण बेरीज,XE23A302,Sewerage_foul,22.5
2022-23,CitizensNonPlan,CitizensNonPlan2223,4.0,,औंध - बाणेर क्षेत्रीय कार्यालय एकूण बेरीज,RE20A302,Roads,45.0
2022-23,CitizensNonPlan,CitizensNonPlan2223,4.0,,औंध - बाणेर क्षेत्रीय कार्यालय एकूण बेरीज,RE20C302,Electrical,47.0
2022-23,CitizensNonPlan,CitizensNonPlan2223,4.0,,औंध - बाणेर क्षेत्रीय कार्यालय एकूण बेरीज,RE22C302,Buildings,83.0
2022-23,CitizensNonPlan,CitizensNonPlan2223,4.0,,औंध - बाणेर क्षेत्रीय कार्यालय एकूण बेरीज,RE14B302,Slum,10.0
2022-23,CitizensNonPlan,CitizensNonPlan2223,4.0,,औंध - बाणेर क्षेत्रीय कार्यालय एकूण बेरीज,XE12B302,WaterSupply,0.0
2022-23,CitizensNonPlan,CitizensNonPlan2223,4.0,,औंध - बाणेर क्षेत्रीय कार्यालय एकूण बेरीज,XE23A302,Sewerage_foul,15.0
2022-23,CitizensNonPlan,CitizensNonPlan2223,5.0,,शिवाजीनगर - घोले रोड क्षेत्रीय कार्यालय एकूण बेरीज,RE20A302,Roads,25.0
2022-23,CitizensNonPlan,CitizensNonPlan2223,5.0,,शिवाजीनगर - घोले रोड क्षेत्रीय कार्यालय एकूण बेरीज,RE20C302,Electrical,20.0
2022-23,CitizensNonPlan,CitizensNonPlan2223,5.0,,शिवाजीनगर - घोले रोड क्षेत्रीय कार्यालय एकूण बेरीज,RE22C302,Buildings,25.0
2022-23,CitizensNonPlan,CitizensNonPlan2223,5.0,,शिवाजीनगर - घोले रोड क्षेत्रीय कार्यालय एकूण बेरीज,RE14B302,Slum,40.0
2022-23,CitizensNonPlan,CitizensNonPlan2223,5.0,,शिवाजीनगर - घोले रोड क्षेत्रीय कार्यालय एकूण बेरीज,XE12B302,WaterSupply,15.0
2022-23,CitizensNonPlan,CitizensNonPlan2223,5.0,,शिवाजीनगर - घोले रोड क्षेत्रीय कार्यालय एकूण बेरीज,XE23A302,Sewerage_foul,75.0
2022-23,CitizensNonPlan,CitizensNonPlan2223,6.0,,कोथरूड - बावधन क्षेत्रीय कार्यालय एकूण बेरीज,RE20A302,Roads,77.0
2022-23,CitizensNonPlan,CitizensNonPlan2223,6.0,,कोथरूड - बावधन क्षेत्रीय कार्यालय एकूण बेरीज,RE20C302,Electrical,7.0
2022-23,CitizensNonPlan,CitizensNonPlan2223,6.0,,कोथरूड - बावधन क्षेत्रीय कार्यालय एकूण बेरीज,RE22C302,Buildings,0.0
2022-23,CitizensNonPlan,CitizensNonPlan2223,6.0,,कोथरूड - बावधन क्षेत्रीय कार्यालय एकूण बेरीज,RE14B302,Slum,47.0
2022-23,CitizensNonPlan,CitizensNonPlan2223,6.0,,कोथरूड - बावधन क्षेत्रीय कार्यालय एकूण बेरीज,XE12B302,WaterSupply,10.0
2022-23,CitizensNonPlan,CitizensNonPlan2223,6.0,,कोथरूड - बावधन क्षेत्रीय कार्यालय एकूण बेरीज,XE23A302,Sewerage_foul,45.0
2022-23,CitizensNonPlan,CitizensNonPlan2223,7.0,,धनकवडी - सहकारनगर क्षेत्रीय कार्यालय एकूण बेरीज,RE20A302,Roads,42.0
2022-23,CitizensNonPlan,CitizensNonPlan2223,7.0,,धनकवडी - सहकारनगर क्षेत्रीय कार्यालय एकूण बेरीज,RE20C302,Electrical,8.0
2022-23,CitizensNonPlan,CitizensNonPlan2223,7.0,,धनकवडी - सहकारनगर क्षेत्रीय कार्यालय एकूण बेरीज,RE22C302,Buildings,16.0
2022-23,CitizensNonPlan,CitizensNonPlan2223,7.0,,धनकवडी - सहकारनगर क्षेत्रीय कार्यालय एकूण बेरीज,RE14B302,Slum,29.0
2022-23,CitizensNonPlan,CitizensNonPlan2223,7.0,,धनकवडी - सहकारनगर क्षेत्रीय कार्यालय एकूण बेरीज,XE12B302,WaterSupply,0.0
2022-23,CitizensNonPlan,CitizensNonPlan2223,7.0,,धनकवडी - सहकारनगर क्षेत्रीय कार्यालय एकूण बेरीज,XE23A302,Sewerage_foul,90.0
2022-23,CitizensNonPlan,CitizensNonPlan2223,8.0,,सिंहगड रोड क्षेत्रीय कार्यालय एकूण बेरीज,RE20A302,Roads,25.0
2022-23,CitizensNonPlan,CitizensNonPlan2223,8.0,,सिंहगड रोड क्षेत्रीय कार्यालय एकूण बेरीज,RE20C302,Electrical,25.0
2022-23,CitizensNonPlan,CitizensNonPlan2223,8.0,,सिंहगड रोड क्षेत्रीय कार्यालय एकूण बेरीज,RE22C302,Buildings,0.0
2022-23,CitizensNonPlan,CitizensNonPlan2223,8.0,,सिंहगड रोड क्षेत्रीय कार्यालय एकूण बेरीज,RE14B302,Slum,35.0
2022-23,CitizensNonPlan,CitizensNonPlan2223,8.0,,सिंहगड रोड क्षेत्रीय कार्यालय एकूण बेरीज,XE12B302,WaterSupply,0.0
2022-23,CitizensNonPlan,CitizensNonPlan2223,8.0,,सिंहगड रोड क्षेत्रीय कार्यालय एकूण बेरीज,XE23A302,Sewerage_foul,35.0
2022-23,CitizensNonPlan,CitizensNonPlan2223,9.0,,वारजे - कर्वेनगर क्षेत्रीय कार्यालय एकूण बेरीज,RE20A302,Roads,43.0
2022-23,CitizensNonPlan,CitizensNonPlan2223,9.0,,वारजे - कर्वेनगर क्षेत्रीय कार्यालय एकूण बेरीज,RE20C302,Electrical,40.0
2022-23,CitizensNonPlan,CitizensNonPlan2223,9.0,,वारजे - कर्वेनगर क्षेत्रीय कार्यालय एकूण बेरीज,RE22C302,Buildings,9.0
2022-23,CitizensNonPlan,CitizensNonPlan2223,9.0,,वारजे - कर्वेनगर क्षेत्रीय कार्यालय एकूण बेरीज,RE14B302,Slum,10.0
2022-23,CitizensNonPlan,CitizensNonPlan2223,9.0,,वारजे - कर्वेनगर क्षेत्रीय कार्यालय एकूण बेरीज,XE12B302,WaterSupply,0.0
2022-23,CitizensNonPlan,CitizensNonPlan2223,9.0,,वारजे - कर्वेनगर क्षेत्रीय कार्यालय एकूण बेरीज,XE23A302,Sewerage_foul,29.0
2022-23,CitizensNonPlan,CitizensNonPlan2223,10.0,,हडपसर - मुंढवा क्षेत्रीय कार्यालय एकूण बेरीज,RE20A302,Roads,140.0
2022-23,CitizensNonPlan,CitizensNonPlan2223,10.0,,हडपसर - मुंढवा क्षेत्रीय कार्यालय एकूण बेरीज,RE20C302,Electrical,45.0
2022-23,CitizensNonPlan,CitizensNonPlan2223,10.0,,हडपसर - मुंढवा क्षेत्रीय कार्यालय एकूण बेरीज,RE22C302,Buildings,25.0
2022-23,CitizensNonPlan,CitizensNonPlan2223,10.0,,हडपसर - मुंढवा क्षेत्रीय कार्यालय एकूण बेरीज,RE14B302,Slum,0.0
2022-23,CitizensNonPlan,CitizensNonPlan2223,10.0,,हडपसर - मुंढवा क्षेत्रीय कार्यालय एकूण बेरीज,XE12B302,WaterSupply,10.0
2022-23,CitizensNonPlan,CitizensNonPlan2223,10.0,,हडपसर - मुंढवा क्षेत्रीय कार्यालय एकूण बेरीज,XE23A302,Sewerage_foul,80.0
2022-23,CitizensNonPlan,CitizensNonPlan2223,11.0,,वानवडी - रामटेकडी क्षेत्रीय कार्यालय एकूण बेरीज,RE20A302,Roads,100.0
2022-23,CitizensNonPlan,CitizensNonPlan2223,11.0,,वानवडी - रामटेकडी क्षेत्रीय कार्यालय एकूण बेरीज,RE20C302,Electrical,25.0
2022-23,CitizensNonPlan,CitizensNonPlan2223,11.0,,वानवडी - रामटेकडी क्षेत्रीय कार्यालय एकूण बेरीज,RE22C302,Buildings,20.0
2022-23,CitizensNonPlan,CitizensNonPlan2223,11.0,,वानवडी - रामटेकडी क्षेत्रीय कार्यालय एकूण बेरीज,RE14B302,Slum,15.0
2022-23,CitizensNonPlan,CitizensNonPlan2223,11.0,,वानवडी - रामटेकडी क्षेत्रीय कार्यालय एकूण बेरीज,XE12B302,WaterSupply,0.0
2022-23,CitizensNonPlan,CitizensNonPlan2223,11.0,,वानवडी - रामटेकडी क्षेत्रीय कार्यालय एकूण बेरीज,XE23A302,Sewerage_foul,110.0
2022-23,CitizensNonPlan,CitizensNonPlan2223,12.0,,कोंढवा - येवलेवाडी क्षेत्रीय कार्यालय एकूण बेरीज,RE20A302,Roads,15.0
2022-23,CitizensNonPlan,CitizensNonPlan2223,12.0,,कोंढवा - येवलेवाडी क्षेत्रीय कार्यालय एकूण बेरीज,RE20C302,Electrical,5.0
2022-23,CitizensNonPlan,CitizensNonPlan2223,12.0,,कोंढवा - येवलेवाडी क्षेत्रीय कार्यालय एकूण बेरीज,RE22C302,Buildings,5.0
2022-23,CitizensNonPlan,CitizensNonPlan2223,12.0,,कोंढवा - येवलेवाडी क्षेत्रीय कार्यालय एकूण बेरीज,RE14B302,Slum,0.0
2022-23,CitizensNonPlan,CitizensNonPlan2223,12.0,,कोंढवा - येवलेवाडी क्षेत्रीय कार्यालय एकूण बेरीज,XE12B302,WaterSupply,0.0
2022-23,CitizensNonPlan,CitizensNonPlan2223,12.0,,कोंढवा - येवलेवाडी क्षेत्रीय कार्यालय एकूण बेरीज,XE23A302,Sewerage_foul,27.0
2022-23,CitizensNonPlan,CitizensNonPlan2223,13.0,,कसबा - विश्रामबागवाडा क्षेत्रीय कार्यालय एकूण बेरीज,RE20A302,Roads,85.0
2022-23,CitizensNonPlan,CitizensNonPlan2223,13.0,,कसबा - विश्रामबागवाडा क्षेत्रीय कार्यालय एकूण बेरीज,RE20C302,Electrical,30.0
2022-23,CitizensNonPlan,CitizensNonPlan2223,13.0,,कसबा - विश्रामबागवाडा क्षेत्रीय कार्यालय एकूण बेरीज,RE22C302,Buildings,55.0
2022-23,CitizensNonPlan,CitizensNonPlan2223,13.0,,कसबा - विश्रामबागवाडा क्षेत्रीय कार्यालय एकूण बेरीज,RE14B302,Slum,70.0
2022-23,CitizensNonPlan,CitizensNonPlan2223,13.0,,कसबा - विश्रामबागवाडा क्षेत्रीय कार्यालय एकूण बेरीज,XE12B302,WaterSupply,10.0
2022-23,CitizensNonPlan,CitizensNonPlan2223,13.0,,कसबा - विश्रामबागवाडा क्षेत्रीय कार्यालय एकूण बेरीज,XE23A302,Sewerage_foul,50.0
2022-23,CitizensNonPlan,CitizensNonPlan2223,14.0,,भवानी पेठ क्षेत्रीय कार्यालय एकूण बेरीज,RE20A302,Roads,94.0
2022-23,CitizensNonPlan,CitizensNonPlan2223,14.0,,भवानी पेठ क्षेत्रीय कार्यालय एकूण बेरीज,RE20C302,Electrical,15.0
2022-23,CitizensNonPlan,CitizensNonPlan2223,14.0,,भवानी पेठ क्षेत्रीय कार्यालय एकूण बेरीज,RE22C302,Buildings,17.0
2022-23,CitizensNonPlan,CitizensNonPlan2223,14.0,,भवानी पेठ क्षेत्रीय कार्यालय एकूण बेरीज,RE14B302,Slum,66.0
2022-23,CitizensNonPlan,CitizensNonPlan2223,14.0,,भवानी पेठ क्षेत्रीय कार्यालय एकूण बेरीज,XE12B302,WaterSupply,3.0
2022-23,CitizensNonPlan,CitizensNonPlan2223,14.0,,भवानी पेठ क्षेत्रीय कार्यालय एकूण बेरीज,XE23A302,Sewerage_foul,105.0
2022-23,CitizensNonPlan,CitizensNonPlan2223,15.0,,बिबवेवाडी क्षेत्रीय कार्यालय एकूण बेरीज,RE20A302,Roads,58.0
2022-23,CitizensNonPlan,CitizensNonPlan2223,15.0,,बिबवेवाडी क्षेत्रीय कार्यालय एकूण बेरीज,RE20C302,Electrical,18.0
2022-23,CitizensNonPlan,CitizensNonPlan2223,15.0,,बिबवेवाडी क्षेत्रीय कार्यालय एकूण बेरीज,RE22C302,Buildings,33.0
2022-23,CitizensNonPlan,CitizensNonPlan2223,15.0,,बिबवेवाडी क्षेत्रीय कार्यालय एकूण बेरीज,RE14B302,Slum,13.0
2022-23,CitizensNonPlan,CitizensNonPlan2223,15.0,,बिबवेवाडी क्षेत्रीय कार्यालय एकूण बेरीज,XE12B302,WaterSupply,0.0
2022-23,CitizensNonPlan,CitizensNonPlan2223,15.0,,बिबवेवाडी क्षेत्रीय कार्यालय एकूण बेरीज,XE23A302,Sewerage_foul,40.0
2023-24,WardOfficePlan,WardOfficePlan2324,1.0,,नगररोड - वडगावशेरी क्षेत्रीय कार्यालय एकूण बेरीज,CE20A176,Roads,170.0
2023-24,WardOfficePlan,WardOfficePlan2324,1.0,,नगररोड - वडगावशेरी क्षेत्रीय कार्यालय एकूण बेरीज,CE20C118,Electrical,20.0
2023-24,WardOfficePlan,WardOfficePlan2324,1.0,,नगररोड - वडगावशेरी क्षेत्रीय कार्यालय एकूण बेरीज,CE22A114,Buildings,35.0
2023-24,WardOfficePlan,WardOfficePlan2324,1.0,,नगररोड - वडगावशेरी क्षेत्रीय कार्यालय एकूण बेरीज,FE14A118,Slum,
2023-24,WardOfficePlan,WardOfficePlan2324,1.0,,नगररोड - वडगावशेरी क्षेत्रीय कार्यालय एकूण बेरीज,ZE16A115,WaterSupply,
2023-24,WardOfficePlan,WardOfficePlan2324,1.0,,नगररोड - वडगावशेरी क्षेत्रीय कार्यालय एकूण बेरीज,ZE16B113,Sewerage_foul,110.0
2023-24,WardOfficePlan,WardOfficePlan2324,2.0,,येरवडा - कळस - धानोरी क्षेत्रीय कार्यालय एकूण बेरीज,CE20A176,Roads,
2023-24,WardOfficePlan,WardOfficePlan2324,2.0,,येरवडा - कळस - धानोरी क्षेत्रीय कार्यालय एकूण बेरीज,CE20C118,Electrical,
2023-24,WardOfficePlan,WardOfficePlan2324,2.0,,येरवडा - कळस - धानोरी क्षेत्रीय कार्यालय एकूण बेरीज,CE22A114,Buildings,
2023-24,WardOfficePlan,WardOfficePlan2324,2.0,,येरवडा - कळस - धानोरी क्षेत्रीय कार्यालय एकूण बेरीज,FE14A118,Slum,
2023-24,WardOfficePlan,WardOfficePlan2324,2.0,,येरवडा - कळस - धानोरी क्षेत्रीय कार्यालय एकूण बेरीज,ZE16A115,WaterSupply,
2023-24,WardOfficePlan,WardOfficePlan2324,2.0,,येरवडा - कळस - धानोरी क्षेत्रीय कार्यालय एकूण बेरीज,ZE16B113,Sewerage_foul,
2023-24,WardOfficePlan,WardOfficePlan2324,3.0,,ढोलेपाटील रोड क्षेत्रीय कार्यालय एकूण बेरीज,CE20A176,Roads,
2023-24,WardOfficePlan,WardOfficePlan2324,3.0,,ढोलेपाटील रोड क्षेत्रीय कार्यालय एकूण बेरीज,CE20C118,Electrical,
2023-24,WardOfficePlan,WardOfficePlan2324,3.0,,ढोलेपाटील रोड क्षेत्रीय कार्यालय एकूण बेरीज,CE22A114,Buildings,
2023-24,WardOfficePlan,WardOfficePlan2324,3.0,,ढोलेपाटील रोड क्षेत्रीय कार्यालय एकूण बेरीज,FE14A118,Slum,
2023-24,WardOfficePlan,WardOfficePlan2324,3.0,,ढोलेपाटील रोड क्षेत्रीय कार्यालय एकूण बेरीज,ZE16A115,WaterSupply,
2023-24,WardOfficePlan,WardOfficePlan2324,3.0,,ढोलेपाटील रोड क्षेत्रीय कार्यालय एकूण बेरीज,ZE16B113,Sewerage_foul,
2023-24,WardOfficePlan,WardOfficePlan2324,4.0,,औंध - बाणेर क्षेत्रीय कार्यालय एकूण बेरीज,CE20A176,Roads,
2023-24,WardOfficePlan,WardOfficePlan2324,4.0,,औंध - बाणेर क्षेत्रीय कार्यालय एकूण बेरीज,CE20C118,Electrical,
2023-24,WardOfficePlan,WardOfficePlan2324,4.0,,औंध - बाणेर क्षेत्रीय कार्यालय एकूण बेरीज,CE22A114,Buildings,
2023-24,WardOfficePlan,WardOfficePlan2324,4.0,,औंध - बाणेर क्षेत्रीय कार्यालय एकूण बेरीज,FE14A118,Slum,
2023-24,WardOfficePlan,WardOfficePlan2324,4.0,,औंध - बाणेर क्षेत्रीय कार्यालय एकूण बेरीज,ZE16A115,WaterSupply,
2023-24,WardOfficePlan,WardOfficePlan2324,4.0,,औंध - बाणेर क्षेत्रीय कार्यालय एकूण बेरीज,ZE16B113,Sewerage_foul,
2023-24,WardOfficePlan,WardOfficePlan2324,5.0,,शिवाजीनगर - घोलेरोड क्षेत्रीय कार्यालय एकूण बेरीज,CE20A176,Roads,
2023-24,WardOfficePlan,WardOfficePlan2324,5.0,,शिवाजीनगर - घोलेरोड क्षेत्रीय कार्यालय एकूण बेरीज,CE20C118,Electrical,
2023-24,WardOfficePlan,WardOfficePlan2324,5.0,,शिवाजीनगर - घोलेरोड क्षेत्रीय कार्यालय एकूण बेरीज,CE22A114,Buildings,
2023-24,WardOfficePlan,WardOfficePlan2324,5.0,,शिवाजीनगर - घोलेरोड क्षेत्रीय कार्यालय एकूण बेरीज,FE14A118,Slum,
2023-24,WardOfficePlan,WardOfficePlan2324,5.0,,शिवाजीनगर - घोलेरोड क्षेत्रीय कार्यालय एकूण बेरीज,ZE16A115,WaterSupply,
2023-24,WardOfficePlan,WardOfficePlan2324,5.0,,शिवाजीनगर - घोलेरोड क्षेत्रीय कार्यालय एकूण बेरीज,ZE16B113,Sewerage_foul,
2023-24,WardOfficePlan,WardOfficePlan2324,6.0,,कोथरूड - बावधन क्षेत्रीय कार्यालय एकूण बेरीज,CE20A176,Roads,10.0
2023-24,WardOfficePlan,WardOfficePlan2324,6.0,,कोथरूड - बावधन क्षेत्रीय कार्यालय एकूण बेरीज,CE20C118,Electrical,
2023-24,WardOfficePlan,WardOfficePlan2324,6.0,,कोथरूड - बावधन क्षेत्रीय कार्यालय एकूण बेरीज,CE22A114,Buildings,10.0
2023-24,WardOfficePlan,WardOfficePlan2324,6.0,,कोथरूड - बावधन क्षेत्रीय कार्यालय एकूण बेरीज,FE14A118,Slum,
2023-24,WardOfficePlan,WardOfficePlan2324,6.0,,कोथरूड - बावधन क्षेत्रीय कार्यालय एकूण बेरीज,ZE16A115,WaterSupply,
2023-24,WardOfficePlan,WardOfficePlan2324,6.0,,कोथरूड - बावधन क्षेत्रीय कार्यालय एकूण बेरीज,ZE16B113,Sewerage_foul,
2023-24,WardOfficePlan,WardOfficePlan2324,7.0,,धनकवडी - सहकारनगर क्षेत्रीय कार्यालय एकूण बेरीज,CE20A176,Roads,
2023-24,WardOfficePlan,WardOfficePlan2324,7.0,,धनकवडी - सहकारनगर क्षेत्रीय कार्यालय एकूण बेरीज,CE20C118,Electrical,
2023-24,WardOfficePlan,WardOfficePlan2324,7.0,,धनकवडी - सहकारनगर क्षेत्रीय कार्यालय एकूण बेरीज,CE22A114,Buildings,15.0
2023-24,WardOfficePlan,WardOfficePlan2324,7.0,,धनकवडी - सहकारनगर क्षेत्रीय कार्यालय एकूण बेरीज,FE14A118,Slum,
2023-24,WardOfficePlan,WardOfficePlan2324,7.0,,धनकवडी - सहकारनगर क्षेत्रीय कार्यालय एकूण बेरीज,ZE16A115,WaterSupply,
2023-24,WardOfficePlan,WardOfficePlan2324,7.0,,धनकवडी - सहकारनगर क्षेत्रीय कार्यालय एकूण बेरीज,ZE16B113,Sewerage_foul,
2023-24,WardOfficePlan,WardOfficePlan2324,8.0,,सिंहगडरोड क्षेत्रीय कार्यालय एकूण बेरीज,CE20A176,Roads,121.0
2023-24,WardOfficePlan,WardOfficePlan2324,8.0,,सिंहगडरोड क्षेत्रीय कार्यालय एकूण बेरीज,CE20C118,Electrical,44.0
2023-24,WardOfficePlan,WardOfficePlan2324,8.0,,सिंहगडरोड क्षेत्रीय कार्यालय एकूण बेरीज,CE22A114,Buildings,69.0
2023-24,WardOfficePlan,WardOfficePlan2324,8.0,,सिंहगडरोड क्षेत्रीय कार्यालय एकूण बेरीज,FE14A118,Slum,18.0
2023-24,WardOfficePlan,WardOfficePlan2324,8.0,,सिंहगडरोड क्षेत्रीय कार्यालय एकूण बेरीज,ZE16A115,WaterSupply,
2023-24,WardOfficePlan,WardOfficePlan2324,8.0,,सिंहगडरोड क्षेत्रीय कार्यालय एकूण बेरीज,ZE16B113,Sewerage_foul,100.0
2023-24,WardOfficePlan,WardOfficePlan2324,9.0,,वारजे - कर्वेनगर क्षेत्रीय कार्यालय एकूण बेरीज,CE20A176,Roads,125.0
2023-24,WardOfficePlan,WardOfficePlan2324,9.0,,वारजे - कर्वेनगर क्षेत्रीय कार्यालय एकूण बेरीज,CE20C118,Electrical,40.0
2023-24,WardOfficePlan,WardOfficePlan2324,9.0,,वारजे - कर्वेनगर क्षेत्रीय कार्यालय एकूण बेरीज,CE22A114,Buildings,10.0
2023-24,WardOfficePlan,WardOfficePlan2324,9.0,,वारजे - कर्वेनगर क्षेत्रीय कार्यालय एकूण बेरीज,FE14A118,Slum,30.0
2023-24,WardOfficePlan,WardOfficePlan2324,9.0,,वारजे - कर्वेनगर क्षेत्रीय कार्यालय एकूण बेरीज,ZE16A115,WaterSupply,
2023-24,WardOfficePlan,WardOfficePlan2324,9.0,,वारजे - कर्वेनगर क्षेत्रीय कार्यालय एकूण बेरीज,ZE16B113,Sewerage_foul,115.0
2023-24,WardOfficePlan,WardOfficePlan2324,10.0,,हडपसर - मुंढवा क्षेत्रीय कार्यालय एकूण बेरीज,CE20A176,Roads,455.0
2023-24,WardOfficePlan,WardOfficePlan2324,10.0,,हडपसर - मुंढवा क्षेत्रीय कार्यालय एकूण बेरीज,CE20C118,Electrical,150.0
2023-24,WardOfficePlan,WardOfficePlan2324,10.0,,हडपसर - मुंढवा क्षेत्रीय कार्यालय एकूण बेरीज,CE22A114,Buildings,
2023-24,WardOfficePlan,WardOfficePlan2324,10.0,,हडपसर - मुंढवा क्षेत्रीय कार्यालय एकूण बेरीज,FE14A118,Slum,10.0
2023-24,WardOfficePlan,WardOfficePlan2324,10.0,,हडपसर - मुंढवा क्षेत्रीय कार्यालय एकूण बेरीज,ZE16A115,WaterSupply,
2023-24,WardOfficePlan,WardOfficePlan2324,10.0,,हडपसर - मुंढवा क्षेत्रीय कार्यालय एकूण बेरीज,ZE16B113,Sewerage_foul,340.0
2023-24,WardOfficePlan,WardOfficePlan2324,11.0,,वानवडी - रामटेकडी क्षेत्रीय कार्यालय एकूण बेरीज,CE20A176,Roads,
2023-24,WardOfficePlan,WardOfficePlan2324,11.0,,वानवडी - रामटेकडी क्षेत्रीय कार्यालय एकूण बेरीज,CE20C118,Electrical,
2023-24,WardOfficePlan,WardOfficePlan2324,11.0,,वानवडी - रामटेकडी क्षेत्रीय कार्यालय एकूण बेरीज,CE22A114,Buildings,
2023-24,WardOfficePlan,WardOfficePlan2324,11.0,,वानवडी - रामटेकडी क्षेत्रीय कार्यालय एकूण बेरीज,FE14A118,Slum,
2023-24,WardOfficePlan,WardOfficePlan2324,11.0,,वानवडी - रामटेकडी क्षेत्रीय कार्यालय एकूण बेरीज,ZE16A115,WaterSupply,
2023-24,WardOfficePlan,WardOfficePlan2324,11.0,,वानवडी - रामटेकडी क्षेत्रीय कार्यालय एकूण बेरीज,ZE16B113,Sewerage_foul,
2023-24,WardOfficePlan,WardOfficePlan2324,12.0,,कोंढवा - येवलेवाडी क्षेत्रीय कार्यालय एकूण बेरीज,CE20A176,Roads,
2023-24,WardOfficePlan,WardOfficePlan2324,12.0,,कोंढवा - येवलेवाडी क्षेत्रीय कार्यालय एकूण बेरीज,CE20C118,Electrical,
2023-24,WardOfficePlan,WardOfficePlan2324,12.0,,कोंढवा - येवलेवाडी क्षेत्रीय कार्यालय एकूण बेरीज,CE22A114,Buildings,
2023-24,WardOfficePlan,WardOfficePlan2324,12.0,,कोंढवा - येवलेवाडी क्षेत्रीय कार्यालय एकूण बेरीज,FE14A118,Slum,
2023-24,WardOfficePlan,WardOfficePlan2324,12.0,,कोंढवा - येवलेवाडी क्षेत्रीय कार्यालय एकूण बेरीज,ZE16A115,WaterSupply,
2023-24,WardOfficePlan,WardOfficePlan2324,12.0,,कोंढवा - येवलेवाडी क्षेत्रीय कार्यालय एकूण बेरीज,ZE16B113,Sewerage_foul,
2023-24,WardOfficePlan,WardOfficePlan2324,13.0,,कसबा - विश्रामबागवाडा क्षेत्रीय कार्यालय एकूण बेरीज,CE20A176,Roads,
2023-24,WardOfficePlan,WardOfficePlan2324,13.0,,कसबा - विश्रामबागवाडा क्षेत्रीय कार्यालय एकूण बेरीज,CE20C118,Electrical,
2023-24,WardOfficePlan,WardOfficePlan2324,13.0,,कसबा - विश्रामबागवाडा क्षेत्रीय कार्यालय एकूण बेरीज,CE22A114,Buildings,
2023-24,WardOfficePlan,WardOfficePlan2324,13.0,,कसबा - विश्रामबागवाडा क्षेत्रीय कार्यालय एकूण बेरीज,FE14A118,Slum,
2023-24,WardOfficePlan,WardOfficePlan2324,13.0,,कसबा - विश्रामबागवाडा क्षेत्रीय कार्यालय एकूण बेरीज,ZE16A115,WaterSupply,
2023-24,WardOfficePlan,WardOfficePlan2324,13.0,,कसबा - विश्रामबागवाडा क्षेत्रीय कार्यालय एकूण बेरीज,ZE16B113,Sewerage_foul,
2023-24,WardOfficePlan,WardOfficePlan2324,14.0,,भवानीपेठ क्षेत्रीय कार्यालय एकूण बेरीज,CE20A176,Roads,
2023-24,WardOfficePlan,WardOfficePlan2324,14.0,,भवानीपेठ क्षेत्रीय कार्यालय एकूण बेरीज,CE20C118,Electrical,
2023-24,WardOfficePlan,WardOfficePlan2324,14.0,,भवानीपेठ क्षेत्रीय कार्यालय एकूण बेरीज,CE22A114,Buildings,
2023-24,WardOfficePlan,WardOfficePlan2324,14.0,,भवानीपेठ क्षेत्रीय कार्यालय एकूण बेरीज,FE14A118,Slum,
2023-24,WardOfficePlan,WardOfficePlan2324,14.0,,भवानीपेठ क्षेत्रीय कार्यालय एकूण बेरीज,ZE16A115,WaterSupply,
2023-24,WardOfficePlan,WardOfficePlan2324,14.0,,भवानीपेठ क्षेत्रीय कार्यालय एकूण बेरीज,ZE16B113,Sewerage_foul,
2023-24,WardOfficePlan,WardOfficePlan2324,15.0,,बिबवेवाडी क्षेत्रीय कार्यालय एकूण बेरीज,CE20A176,Roads,
2023-24,WardOfficePlan,WardOfficePlan2324,15.0,,बिबवेवाडी क्षेत्रीय कार्यालय एकूण बेरीज,CE20C118,Electrical,
2023-24,WardOfficePlan,WardOfficePlan2324,15.0,,बिबवेवाडी क्षेत्रीय कार्यालय एकूण बेरीज,CE22A114,Buildings,
2023-24,WardOfficePlan,WardOfficePlan2324,15.0,,बिबवेवाडी क्षेत्रीय कार्यालय एकूण बेरीज,FE14A118,Slum,
2023-24,WardOfficePlan,WardOfficePlan2324,15.0,,बिबवेवाडी क्षेत्रीय कार्यालय एकूण बेरीज,ZE16A115,WaterSupply,
2023-24,WardOfficePlan,WardOfficePlan2324,15.0,,बिबवेवाडी क्षेत्रीय कार्यालय एकूण बेरीज,ZE16B113,Sewerage_foul,
2023-24,WardOfficeNonPlan,WardOfficeNonPlan2324,1.0,,नगररोड - वडगावशेरी क्षेत्रीय कार्यालय एकूण बेरीज,RE20A301,Roads,285.0
2023-24,WardOfficeNonPlan,WardOfficeNonPlan2324,1.0,,नगररोड - वडगावशेरी क्षेत्रीय कार्यालय एकूण बेरीज,RE20C301,Electrical,45.0
2023-24,WardOfficeNonPlan,WardOfficeNonPlan2324,1.0,,नगररोड - वडगावशेरी क्षेत्रीय कार्यालय एकूण बेरीज,RE22C301,Buildings,40.0
2023-24,WardOfficeNonPlan,WardOfficeNonPlan2324,1.0,,नगररोड - वडगावशेरी क्षेत्रीय कार्यालय एकूण बेरीज,RE14B301,Slum,65.0
2023-24,WardOfficeNonPlan,WardOfficeNonPlan2324,1.0,,नगररोड - वडगावशेरी क्षेत्रीय कार्यालय एकूण बेरीज,XE12B301,WaterSupply,10.0
2023-24,WardOfficeNonPlan,WardOfficeNonPlan2324,1.0,,नगररोड - वडगावशेरी क्षेत्रीय कार्यालय एकूण बेरीज,XE23A301,Sewerage_foul,345.0
2023-24,WardOfficeNonPlan,WardOfficeNonPlan2324,2.0,,येरवडा - कळस - धानोरी क्षेत्रीय कार्यालय एकूण बेरीज,RE20A301,Roads,330.0
2023-24,WardOfficeNonPlan,WardOfficeNonPlan2324,2.0,,येरवडा - कळस - धानोरी क्षेत्रीय कार्यालय एकूण बेरीज,RE20C301,Electrical,75.0
2023-24,WardOfficeNonPlan,WardOfficeNonPlan2324,2.0,,येरवडा - कळस - धानोरी क्षेत्रीय कार्यालय एकूण बेरीज,RE22C301,Buildings,90.0
2023-24,WardOfficeNonPlan,WardOfficeNonPlan2324,2.0,,येरवडा - कळस - धानोरी क्षेत्रीय कार्यालय एकूण बेरीज,RE14B301,Slum,135.0
2023-24,WardOfficeNonPlan,WardOfficeNonPlan2324,2.0,,येरवडा - कळस - धानोरी क्षेत्रीय कार्यालय एकूण बेरीज,XE12B301,WaterSupply,
2023-24,WardOfficeNonPlan,WardOfficeNonPlan2324,2.0,,येरवडा - कळस - धानोरी क्षेत्रीय कार्यालय एकूण बेरीज,XE23A301,Sewerage_foul,270.0
2023-24,WardOfficeNonPlan,WardOfficeNonPlan2324,3.0,,ढोलेपाटील रोड क्षेत्रीय कार्यालय एकूण बेरीज,RE20A301,Roads,140.0
2023-24,WardOfficeNonPlan,WardOfficeNonPlan2324,3.0,,ढोलेपाटील रोड क्षेत्रीय कार्यालय एकूण बेरीज,RE20C301,Electrical,20.0
2023-24,WardOfficeNonPlan,WardOfficeNonPlan2324,3.0,,ढोलेपाटील रोड क्षेत्रीय कार्यालय एकूण बेरीज,RE22C301,Buildings,160.0
2023-24,WardOfficeNonPlan,WardOfficeNonPlan2324,3.0,,ढोलेपाटील रोड क्षेत्रीय कार्यालय एकूण बेरीज,RE14B301,Slum,165.0
2023-24,WardOfficeNonPlan,WardOfficeNonPlan2324,3.0,,ढोलेपाटील रोड क्षेत्रीय कार्यालय एकूण बेरीज,XE12B301,WaterSupply,
2023-24,WardOfficeNonPlan,WardOfficeNonPlan2324,3.0,,ढोलेपाटील रोड क्षेत्रीय कार्यालय एकूण बेरीज,XE23A301,Sewerage_foul,190.0
2023-24,WardOfficeNonPlan,WardOfficeNonPlan2324,4.0,,औंध - बाणेर क्षेत्रीय कार्यालय एकूण बेरीज,RE20A301,Roads,120.0
2023-24,WardOfficeNonPlan,WardOfficeNonPlan2324,4.0,,औंध - बाणेर क्षेत्रीय कार्यालय एकूण बेरीज,RE20C301,Electrical,120.0
2023-24,WardOfficeNonPlan,WardOfficeNonPlan2324,4.0,,औंध - बाणेर क्षेत्रीय कार्यालय एकूण बेरीज,RE22C301,Buildings,120.0
2023-24,WardOfficeNonPlan,WardOfficeNonPlan2324,4.0,,औंध - बाणेर क्षेत्रीय कार्यालय एकूण बेरीज,RE14B301,Slum,120.0
2023-24,WardOfficeNonPlan,WardOfficeNonPlan2324,4.0,,औंध - बाणेर क्षेत्रीय कार्यालय एकूण बेरीज,XE12B301,WaterSupply,
2023-24,WardOfficeNonPlan,WardOfficeNonPlan2324,4.0,,औंध - बाणेर क्षेत्रीय कार्यालय एकूण बेरीज,XE23A301,Sewerage_foul,120.0
2023-24,WardOfficeNonPlan,WardOfficeNonPlan2324,5.0,,शिवाजीनगर - घोलेरोड क्षेत्रीय कार्यालय एकूण बेरीज,RE20A301,Roads,120.0
2023-24,WardOfficeNonPlan,WardOfficeNonPlan2324,5.0,,शिवाजीनगर - घोलेरोड क्षेत्रीय कार्यालय एकूण बेरीज,RE20C301,Electrical,125.0
2023-24,WardOfficeNonPlan,WardOfficeNonPlan2324,5.0,,शिवाजीनगर - घोलेरोड क्षेत्रीय कार्यालय एकूण बेरीज,RE22C301,Buildings,135.0
2023-24,WardOfficeNonPlan,WardOfficeNonPlan2324,5.0,,शिवाजीनगर - घोलेरोड क्षेत्रीय कार्यालय एकूण बेरीज,RE14B301,Slum,135.0
2023-24,WardOfficeNonPlan,WardOfficeNonPlan2324,5.0,,शिवाजीनगर - घोलेरोड क्षेत्रीय कार्यालय एकूण बेरीज,XE12B301,WaterSupply,
2023-24,WardOfficeNonPlan,WardOfficeNonPlan2324,5.0,,शिवाजीनगर - घोलेरोड क्षेत्रीय कार्यालय एकूण बेरीज,XE23A301,Sewerage_foul,160.0
2023-24,WardOfficeNonPlan,WardOfficeNonPlan2324,6.0,,कोथरूड - बावधन क्षेत्रीय कार्यालय एकूण बेरीज,RE20A301,Roads,165.0
2023-24,WardOfficeNonPlan,WardOfficeNonPlan2324,6.0,,कोथरूड - बावधन क्षेत्रीय कार्यालय एकूण बेरीज,RE20C301,Electrical,185.0
2023-24,WardOfficeNonPlan,WardOfficeNonPlan2324,6.0,,कोथरूड - बावधन क्षेत्रीय कार्यालय एकूण बेरीज,RE22C301,Buildings,150.0
2023-24,WardOfficeNonPlan,WardOfficeNonPlan2324,6.0,,कोथरूड - बावधन क्षेत्रीय कार्यालय एकूण बेरीज,RE14B301,Slum,130.0
2023-24,WardOfficeNonPlan,WardOfficeNonPlan2324,6.0,,कोथरूड - बावधन क्षेत्रीय कार्यालय एकूण बेरीज,XE12B301,WaterSupply,
2023-24,WardOfficeNonPlan,WardOfficeNonPlan2324,6.0,,कोथरूड - बावधन क्षेत्रीय कार्यालय एकूण बेरीज,XE23A301,Sewerage_foul,250.0
2023-24,WardOfficeNonPlan,WardOfficeNonPlan2324,7.0,,धनकवडी - सहकारनगर क्षेत्रीय कार्यालय एकूण बेरीज,RE20A301,Roads,280.0
2023-24,WardOfficeNonPlan,WardOfficeNonPlan2324,7.0,,धनकवडी - सहकारनगर क्षेत्रीय कार्यालय एकूण बेरीज,RE20C301,Electrical,120.0
2023-24,WardOfficeNonPlan,WardOfficeNonPlan2324,7.0,,धनकवडी - सहकारनगर क्षेत्रीय कार्यालय एकूण बेरीज,RE22C301,Buildings,50.0
2023-24,WardOfficeNonPlan,WardOfficeNonPlan2324,7.0,,धनकवडी - सहकारनगर क्षेत्रीय कार्यालय एकूण बेरीज,RE14B301,Slum,135.0
2023-24,WardOfficeNonPlan,WardOfficeNonPlan2324,7.0,,धनकवडी - सहकारनगर क्षेत्रीय कार्यालय एकूण बेरीज,XE12B301,WaterSupply,
2023-24,WardOfficeNonPlan,WardOfficeNonPlan2324,7.0,,धनकवडी - सहकारनगर क्षेत्रीय कार्यालय एकूण बेरीज,XE23A301,Sewerage_foul,300.0
2023-24,WardOfficeNonPlan,WardOfficeNonPlan2324,8.0,,सिंहगडरोड क्षेत्रीय कार्यालय एकूण बेरीज,RE20A301,Roads,243.0
2023-24,WardOfficeNonPlan,WardOfficeNonPlan2324,8.0,,सिंहगडरोड क्षेत्रीय कार्यालय एकूण बेरीज,RE20C301,Electrical,62.0
2023-24,WardOfficeNonPlan,WardOfficeNonPlan2324,8.0,,सिंहगडरोड क्षेत्रीय कार्यालय एकूण बेरीज,RE22C301,Buildings,70.0
2023-24,WardOfficeNonPlan,WardOfficeNonPlan2324,8.0,,सिंहगडरोड क्षेत्रीय कार्यालय एकूण बेरीज,RE14B301,Slum,59.0
2023-24,WardOfficeNonPlan,WardOfficeNonPlan2324,8.0,,सिंहगडरोड क्षेत्रीय कार्यालय एकूण बेरीज,XE12B301,WaterSupply,
2023-24,WardOfficeNonPlan,WardOfficeNonPlan2324,8.0,,सिंहगडरोड क्षेत्रीय कार्यालय एकूण बेरीज,XE23A301,Sewerage_foul,114.0
2023-24,WardOfficeNonPlan,WardOfficeNonPlan2324,9.0,,वारजे - कर्वेनगर क्षेत्रीय कार्यालय एकूण बेरीज,RE20A301,Roads,95.0
2023-24,WardOfficeNonPlan,WardOfficeNonPlan2324,9.0,,वारजे - कर्वेनगर क्षेत्रीय कार्यालय एकूण बेरीज,RE20C301,Electrical,90.0
2023-24,WardOfficeNonPlan,WardOfficeNonPlan2324,9.0,,वारजे - कर्वेनगर क्षेत्रीय कार्यालय एकूण बेरीज,RE22C301,Buildings,105.0
2023-24,WardOfficeNonPlan,WardOfficeNonPlan2324,9.0,,वारजे - कर्वेनगर क्षेत्रीय कार्यालय एकूण बेरीज,RE14B301,Slum,10.0
2023-24,WardOfficeNonPlan,WardOfficeNonPlan2324,9.0,,वारजे - कर्वेनगर क्षेत्रीय कार्यालय एकूण बेरीज,XE12B301,WaterSupply,
2023-24,WardOfficeNonPlan,WardOfficeNonPlan2324,9.0,,वारजे - कर्वेनगर क्षेत्रीय कार्यालय एकूण बेरीज,XE23A301,Sewerage_foul,55.0
2023-24,WardOfficeNonPlan,WardOfficeNonPlan2324,10.0,,हडपसर - मुंढवा क्षेत्रीय कार्यालय एकूण बेरीज,RE20A301,Roads,10.0
2023-24,WardOfficeNonPlan,WardOfficeNonPlan2324,10.0,,हडपसर - मुंढवा क्षेत्रीय कार्यालय एकूण बेरीज,RE20C301,Electrical,10.0
2023-24,WardOfficeNonPlan,WardOfficeNonPlan2324,10.0,,हडपसर - मुंढवा क्षेत्रीय कार्यालय एकूण बेरीज,RE22C301,Buildings,135.0
2023-24,WardOfficeNonPlan,WardOfficeNonPlan2324,10.0,,हडपसर - मुंढवा क्षेत्रीय कार्यालय एकूण बेरीज,RE14B301,Slum,
2023-24,WardOfficeNonPlan,WardOfficeNonPlan2324,10.0,,हडपसर - मुंढवा क्षेत्रीय कार्यालय एकूण बेरीज,XE12B301,WaterSupply,
2023-24,WardOfficeNonPlan,WardOfficeNonPlan2324,10.0,,हडपसर - मुंढवा क्षेत्रीय कार्यालय एकूण बेरीज,XE23A301,Sewerage_foul,15.0
2023-24,WardOfficeNonPlan,WardOfficeNonPlan2324,11.0,,वानवडी - रामटेकडी क्षेत्रीय कार्यालय एकूण बेरीज,RE20A301,Roads,305.0
2023-24,WardOfficeNonPlan,WardOfficeNonPlan2324,11.0,,वानवडी - रामटेकडी क्षेत्रीय कार्यालय एकूण बेरीज,RE20C301,Electrical,95.0
2023-24,WardOfficeNonPlan,WardOfficeNonPlan2324,11.0,,वानवडी - रामटेकडी क्षेत्रीय कार्यालय एकूण बेरीज,RE22C301,Buildings,60.0
2023-24,WardOfficeNonPlan,WardOfficeNonPlan2324,11.0,,वानवडी - रामटेकडी क्षेत्रीय कार्यालय एकूण बेरीज,RE14B301,Slum,40.0
2023-24,WardOfficeNonPlan,WardOfficeNonPlan2324,11.0,,वानवडी - रामटेकडी क्षेत्रीय कार्यालय एकूण बेरीज,XE12B301,WaterSupply,
2023-24,WardOfficeNonPlan,WardOfficeNonPlan2324,11.0,,वानवडी - रामटेकडी क्षेत्रीय कार्यालय एकूण बेरीज,XE23A301,Sewerage_foul,400.0
2023-24,WardOfficeNonPlan,WardOfficeNonPlan2324,12.0,,कोंढवा - येवलेवाडी क्षेत्रीय कार्यालय एकूण बेरीज,RE20A301,Roads,230.0
2023-24,WardOfficeNonPlan,WardOfficeNonPlan2324,12.0,,कोंढवा - येवलेवाडी क्षेत्रीय कार्यालय एकूण बेरीज,RE20C301,Electrical,120.0
2023-24,WardOfficeNonPlan,WardOfficeNonPlan2324,12.0,,कोंढवा - येवलेवाडी क्षेत्रीय कार्यालय एकूण बेरीज,RE22C301,Buildings,75.0
2023-24,WardOfficeNonPlan,WardOfficeNonPlan2324,12.0,,कोंढवा - येवलेवाडी क्षेत्रीय कार्यालय एकूण बेरीज,RE14B301,Slum,
2023-24,WardOfficeNonPlan,WardOfficeNonPlan2324,12.0,,कोंढवा - येवलेवाडी क्षेत्रीय कार्यालय एकूण बेरीज,XE12B301,WaterSupply,
2023-24,WardOfficeNonPlan,WardOfficeNonPlan2324,12.0,,कोंढवा - येवलेवाडी क्षेत्रीय कार्यालय एकूण बेरीज,XE23A301,Sewerage_foul,250.0
2023-24,WardOfficeNonPlan,WardOfficeNonPlan2324,13.0,,कसबा - विश्रामबागवाडा क्षेत्रीय कार्यालय एकूण बेरीज,RE20A301,Roads,245.0
2023-24,WardOfficeNonPlan,WardOfficeNonPlan2324,13.0,,कसबा - विश्रामबागवाडा क्षेत्रीय कार्यालय एकूण बेरीज,RE20C301,Electrical,153.0
2023-24,WardOfficeNonPlan,WardOfficeNonPlan2324,13.0,,कसबा - विश्रामबागवाडा क्षेत्रीय कार्यालय एकूण बेरीज,RE22C301,Buildings,200.0
2023-24,WardOfficeNonPlan,WardOfficeNonPlan2324,13.0,,कसबा - विश्रामबागवाडा क्षेत्रीय कार्यालय एकूण बेरीज,RE14B301,Slum,101.0
2023-24,WardOfficeNonPlan,WardOfficeNonPlan2324,13.0,,कसबा - विश्रामबागवाडा क्षेत्रीय कार्यालय एकूण बेरीज,XE12B301,WaterSupply,
2023-24,WardOfficeNonPlan,WardOfficeNonPlan2324,13.0,,कसबा - विश्रामबागवाडा क्षेत्रीय कार्यालय एकूण बेरीज,XE23A301,Sewerage_foul,201.0
2023-24,WardOfficeNonPlan,WardOfficeNonPlan2324,14.0,,भवानीपेठ क्षेत्रीय कार्यालय एकूण बेरीज,RE20A301,Roads,145.0
2023-24,WardOfficeNonPlan,WardOfficeNonPlan2324,14.0,,भवानीपेठ क्षेत्रीय कार्यालय एकूण बेरीज,RE20C301,Electrical,75.0
2023-24,WardOfficeNonPlan,WardOfficeNonPlan2324,14.0,,भवानीपेठ क्षेत्रीय कार्यालय एकूण बेरीज,RE22C301,Buildings,120.0
2023-24,WardOfficeNonPlan,WardOfficeNonPlan2324,14.0,,भवानीपेठ क्षेत्रीय कार्यालय एकूण बेरीज,RE14B301,Slum,105.0
2023-24,WardOfficeNonPlan,WardOfficeNonPlan2324,14.0,,भवानीपेठ क्षेत्रीय कार्यालय एकूण बेरीज,XE12B301,WaterSupply,
2023-24,WardOfficeNonPlan,WardOfficeNonPlan2324,14.0,,भवानीपेठ क्षेत्रीय कार्यालय एकूण बेरीज,XE23A301,Sewerage_foul,230.0
2023-24,WardOfficeNonPlan,WardOfficeNonPlan2324,15.0,,बिबवेवाडी क्षेत्रीय कार्यालय एकूण बेरीज,RE20A301,Roads,205.0
2023-24,WardOfficeNonPlan,WardOfficeNonPlan2324,15.0,,बिबवेवाडी क्षेत्रीय कार्यालय एकूण बेरीज,RE20C301,Electrical,230.0
2023-24,WardOfficeNonPlan,WardOfficeNonPlan2324,15.0,,बिबवेवाडी क्षेत्रीय कार्यालय एकूण बेरीज,RE22C301,Buildings,105.0
2023-24,WardOfficeNonPlan,WardOfficeNonPlan2324,15.0,,बिबवेवाडी क्षेत्रीय कार्यालय एकूण बेरीज,RE14B301,Slum,50.0
2023-24,WardOfficeNonPlan,WardOfficeNonPlan2324,15.0,,बिबवेवाडी क्षेत्रीय कार्यालय एकूण बेरीज,XE12B301,WaterSupply,
2023-24,WardOfficeNonPlan,WardOfficeNonPlan2324,15.0,,बिबवेवाडी क्षेत्रीय कार्यालय एकूण बेरीज,XE23A301,Sewerage_foul,535.0
2023-24,CitizensPlan,CitizensPlan2324,1.0,,नगररोड - वडगावशेरी क्षेत्रीय कार्यालय एकूण बेरीज,CE20A1196,Roads,135.0
2023-24,CitizensPlan,CitizensPlan2324,1.0,,नगररोड - वडगावशेरी क्षेत्रीय कार्यालय एकूण बेरीज,CE20C406,Electrical,40.0
2023-24,CitizensPlan,CitizensPlan2324,1.0,,नगररोड - वडगावशेरी क्षेत्रीय कार्यालय एकूण बेरीज,CE22A547,Buildings,30.0
2023-24,CitizensPlan,CitizensPlan2324,1.0,,नगररोड - वडगावशेरी क्षेत्रीय कार्यालय एकूण बेरीज,FE14A121,Slum,10.0
2023-24,CitizensPlan,CitizensPlan2324,1.0,,नगररोड - वडगावशेरी क्षेत्रीय कार्यालय एकूण बेरीज,ZE16A117,WaterSupply,30.0
2023-24,CitizensPlan,CitizensPlan2324,1.0,,नगररोड - वडगावशेरी क्षेत्रीय कार्यालय एकूण बेरीज,ZE16B130,Sewerage_foul,130.0
2023-24,CitizensPlan,CitizensPlan2324,2.0,,येरवडा - कळस - धानोरी क्षेत्रीय कार्यालय एकूण बेरीज,CE20A1196,Roads,
2023-24,CitizensPlan,CitizensPlan2324,2.0,,येरवडा - कळस - धानोरी क्षेत्रीय कार्यालय एकूण बेरीज,CE20C406,Electrical,
2023-24,CitizensPlan,CitizensPlan2324,2.0,,येरवडा - कळस - धानोरी क्षेत्रीय कार्यालय एकूण बेरीज,CE22A547,Buildings,
2023-24,CitizensPlan,CitizensPlan2324,2.0,,येरवडा - कळस - धानोरी क्षेत्रीय कार्यालय एकूण बेरीज,FE14A121,Slum,
2023-24,CitizensPlan,CitizensPlan2324,2.0,,येरवडा - कळस - धानोरी क्षेत्रीय कार्यालय एकूण बेरीज,ZE16A117,WaterSupply,
2023-24,CitizensPlan,CitizensPlan2324,2.0,,येरवडा - कळस - धानोरी क्षेत्रीय कार्यालय एकूण बेरीज,ZE16B130,Sewerage_foul,
2023-24,CitizensPlan,CitizensPlan2324,3.0,,ढोलेपाटील रोड क्षेत्रीय कार्यालय एकूण बेरीज,CE20A1196,Roads,
2023-24,CitizensPlan,CitizensPlan2324,3.0,,ढोलेपाटील रोड क्षेत्रीय कार्यालय एकूण बेरीज,CE20C406,Electrical,
2023-24,CitizensPlan,CitizensPlan2324,3.0,,ढोलेपाटील रोड क्षेत्रीय कार्यालय एकूण बेरीज,CE22A547,Buildings,
2023-24,CitizensPlan,CitizensPlan2324,3.0,,ढोलेपाटील रोड क्षेत्रीय कार्यालय एकूण बेरीज,FE14A121,Slum,
2023-24,CitizensPlan,CitizensPlan2324,3.0,,ढोलेपाटील रोड क्षेत्रीय कार्यालय एकूण बेरीज,ZE16A117,WaterSupply,
2023-24,CitizensPlan,CitizensPlan2324,3.0,,ढोलेपाटील रोड क्षेत्रीय कार्यालय एकूण बेरीज,ZE16B130,Sewerage_foul,
2023-24,CitizensPlan,CitizensPlan2324,4.0,,औंध - बाणेर क्षेत्रीय कार्यालय एकूण बेरीज,CE20A1196,Roads,
2023-24,CitizensPlan,CitizensPlan2324,4.0,,औंध - बाणेर क्षेत्रीय कार्यालय एकूण बेरीज,CE20C406,Electrical,
2023-24,CitizensPlan,CitizensPlan2324,4.0,,औंध - बाणेर क्षेत्रीय कार्यालय एकूण बेरीज,CE22A547,Buildings,
2023-24,CitizensPlan,CitizensPlan2324,4.0,,औंध - बाणेर क्षेत्रीय कार्यालय एकूण बेरीज,FE14A121,Slum,
2023-24,CitizensPlan,CitizensPlan2324,4.0,,औंध - बाणेर क्षेत्रीय कार्यालय एकूण बेरीज,ZE16A117,WaterSupply,
2023-24,CitizensPlan,CitizensPlan2324,4.0,,औंध - बाणेर क्षेत्रीय कार्यालय एकूण बेरीज,ZE16B130,Sewerage_foul,
2023-24,CitizensPlan,CitizensPlan2324,5.0,,शिवाजीनगर - घोलेरोड क्षेत्रीय कार्यालय एकूण बेरीज,CE20A1196,Roads,
2023-24,CitizensPlan,CitizensPlan2324,5.0,,शिवाजीनगर - घोलेरोड क्षेत्रीय कार्यालय एकूण बेरीज,CE20C406,Electrical,
2023-24,CitizensPlan,CitizensPlan2324,5.0,,शिवाजीनगर - घोलेरोड क्षेत्रीय कार्यालय एकूण बेरीज,CE22A547,Buildings,
2023-24,CitizensPlan,CitizensPlan2324,5.0,,शिवाजीनगर - घोलेरोड क्षेत्रीय कार्यालय एकूण बेरीज,FE14A121,Slum,
2023-24,CitizensPlan,CitizensPlan2324,5.0,,शिवाजीनगर - घोलेरोड क्षेत्रीय कार्यालय एकूण बेरीज,ZE16A117,WaterSupply,
2023-24,CitizensPlan,CitizensPlan2324,5.0,,शिवाजीनगर - घोलेरोड क्षेत्रीय कार्यालय एकूण बेरीज,ZE16B130,Sewerage_foul,
2023-24,CitizensPlan,CitizensPlan2324,6.0,,कोथरूड - बावधन क्षेत्रीय कार्यालय एकूण बेरीज,CE20A1196,Roads,10.0
2023-24,CitizensPlan,CitizensPlan2324,6.0,,कोथरूड - बावधन क्षेत्रीय कार्यालय एकूण बेरीज,CE20C406,Electrical,15.0
2023-24,CitizensPlan,CitizensPlan2324,6.0,,कोथरूड - बावधन क्षेत्रीय कार्यालय एकूण बेरीज,CE22A547,Buildings,10.0
2023-24,CitizensPlan,CitizensPlan2324,6.0,,कोथरूड - बावधन क्षेत्रीय कार्यालय एकूण बेरीज,FE14A121,Slum,
2023-24,CitizensPlan,CitizensPlan2324,6.0,,कोथरूड - बावधन क्षेत्रीय कार्यालय एकूण बेरीज,ZE16A117,WaterSupply,
2023-24,CitizensPlan,CitizensPlan2324,6.0,,कोथरूड - बावधन क्षेत्रीय कार्यालय एकूण बेरीज,ZE16B130,Sewerage_foul,
2023-24,CitizensPlan,CitizensPlan2324,7.0,,धनकवडी - सहकारनगर क्षेत्रीय कार्यालय एकूण बेरीज,CE20A1196,Roads,
2023-24,CitizensPlan,CitizensPlan2324,7.0,,धनकवडी - सहकारनगर क्षेत्रीय कार्यालय एकूण बेरीज,CE20C406,Electrical,10.0
2023-24,CitizensPlan,CitizensPlan2324,7.0,,धनकवडी - सहकारनगर क्षेत्रीय कार्यालय एकूण बेरीज,CE22A547,Buildings,15.0
2023-24,CitizensPlan,CitizensPlan2324,7.0,,धनकवडी - सहकारनगर क्षेत्रीय कार्यालय एकूण बेरीज,FE14A121,Slum,
2023-24,CitizensPlan,CitizensPlan2324,7.0,,धनकवडी - सहकारनगर क्षेत्रीय कार्यालय एकूण बेरीज,ZE16A117,WaterSupply,
2023-24,CitizensPlan,CitizensPlan2324,7.0,,धनकवडी - सहकारनगर क्षेत्रीय कार्यालय एकूण बेरीज,ZE16B130,Sewerage_foul,
2023-24,CitizensPlan,CitizensPlan2324,8.0,,सिंहगडरोड क्षेत्रीय कार्यालय एकूण बेरीज,CE20A1196,Roads,
2023-24,CitizensPlan,CitizensPlan2324,8.0,,सिंहगडरोड क्षेत्रीय कार्यालय एकूण बेरीज,CE20C406,Electrical,
2023-24,CitizensPlan,CitizensPlan2324,8.0,,सिंहगडरोड क्षेत्रीय कार्यालय एकूण बेरीज,CE22A547,Buildings,
2023-24,CitizensPlan,CitizensPlan2324,8.0,,सिंहगडरोड क्षेत्रीय कार्यालय एकूण बेरीज,FE14A121,Slum,
2023-24,CitizensPlan,CitizensPlan2324,8.0,,सिंहगडरोड क्षेत्रीय कार्यालय एकूण बेरीज,ZE16A117,WaterSupply,
2023-24,CitizensPlan,CitizensPlan2324,8.0,,सिंहगडरोड क्षेत्रीय कार्यालय एकूण बेरीज,ZE16B130,Sewerage_foul,
2023-24,CitizensPlan,CitizensPlan2324,9.0,,वारजे - कर्वेनगर क्षेत्रीय कार्यालय एकूण बेरीज,CE20A1196,Roads,25.0
2023-24,CitizensPlan,CitizensPlan2324,9.0,,वारजे - कर्वेनगर क्षेत्रीय कार्यालय एकूण बेरीज,CE20C406,Electrical,
2023-24,CitizensPlan,CitizensPlan2324,9.0,,वारजे - कर्वेनगर क्षेत्रीय कार्यालय एकूण बेरीज,CE22A547,Buildings,15.0
2023-24,CitizensPlan,CitizensPlan2324,9.0,,वारजे - कर्वेनगर क्षेत्रीय कार्यालय एकूण बेरीज,FE14A121,Slum,15.0
2023-24,CitizensPlan,CitizensPlan2324,9.0,,वारजे - कर्वेनगर क्षेत्रीय कार्यालय एकूण बेरीज,ZE16A117,WaterSupply,
2023-24,CitizensPlan,CitizensPlan2324,9.0,,वारजे - कर्वेनगर क्षेत्रीय कार्यालय एकूण बेरीज,ZE16B130,Sewerage_foul,50.0
2023-24,CitizensPlan,CitizensPlan2324,10.0,,हडपसर - मुंढवा क्षेत्रीय कार्यालय एकूण बेरीज,CE20A1196,Roads,75.0
2023-24,CitizensPlan,CitizensPlan2324,10.0,,हडपसर - मुंढवा क्षेत्रीय कार्यालय एकूण बेरीज,CE20C406,Electrical,20.0
2023-24,CitizensPlan,CitizensPlan2324,10.0,,हडपसर - मुंढवा क्षेत्रीय कार्यालय एकूण बेरीज,CE22A547,Buildings,10.0
2023-24,CitizensPlan,CitizensPlan2324,10.0,,हडपसर - मुंढवा क्षेत्रीय कार्यालय एकूण बेरीज,FE14A121,Slum,
2023-24,CitizensPlan,CitizensPlan2324,10.0,,हडपसर - मुंढवा क्षेत्रीय कार्यालय एकूण बेरीज,ZE16A117,WaterSupply,5.0
2023-24,CitizensPlan,CitizensPlan2324,10.0,,हडपसर - मुंढवा क्षेत्रीय कार्यालय एकूण बेरीज,ZE16B130,Sewerage_foul,70.0
2023-24,CitizensPlan,CitizensPlan2324,11.0,,वानवडी - रामटेकडी क्षेत्रीय कार्यालय एकूण बेरीज,CE20A1196,Roads,
2023-24,CitizensPlan,CitizensPlan2324,11.0,,वानवडी - रामटेकडी क्षेत्रीय कार्यालय एकूण बेरीज,CE20C406,Electrical,
2023-24,CitizensPlan,CitizensPlan2324,11.0,,वानवडी - रामटेकडी क्षेत्रीय कार्यालय एकूण बेरीज,CE22A547,Buildings,
2023-24,CitizensPlan,CitizensPlan2324,11.0,,वानवडी - रामटेकडी क्षेत्रीय कार्यालय एकूण बेरीज,FE14A121,Slum,
2023-24,CitizensPlan,CitizensPlan2324,11.0,,वानवडी - रामटेकडी क्षेत्रीय कार्यालय एकूण बेरीज,ZE16A117,WaterSupply,
2023-24,CitizensPlan,CitizensPlan2324,11.0,,वानवडी - रामटेकडी क्षेत्रीय कार्यालय एकूण बेरीज,ZE16B130,Sewerage_foul,10.0
2023-24,CitizensPlan,CitizensPlan2324,12.0,,कोंढवा - येवलेवाडी क्षेत्रीय कार्यालय एकूण बेरीज,CE20A1196,Roads,
2023-24,CitizensPlan,CitizensPlan2324,12.0,,कोंढवा - येवलेवाडी क्षेत्रीय कार्यालय एकूण बेरीज,CE20C406,Electrical,
2023-24,CitizensPlan,CitizensPlan2324,12.0,,कोंढवा - येवलेवाडी क्षेत्रीय कार्यालय एकूण बेरीज,CE22A547,Buildings,
2023-24,CitizensPlan,CitizensPlan2324,12.0,,कोंढवा - येवलेवाडी क्षेत्रीय कार्यालय एकूण बेरीज,FE14A121,Slum,
2023-24,CitizensPlan,CitizensPlan2324,12.0,,कोंढवा - येवलेवाडी क्षेत्रीय कार्यालय एकूण बेरीज,ZE16A117,WaterSupply,
2023-24,CitizensPlan,CitizensPlan2324,12.0,,कोंढवा - येवलेवाडी क्षेत्रीय कार्यालय एकूण बेरीज,ZE16B130,Sewerage_foul,
2023-24,CitizensPlan,CitizensPlan2324,13.0,,कसबा - विश्रामबागवाडा क्षेत्रीय कार्यालय एकूण बेरीज,CE20A1196,Roads,
2023-24,CitizensPlan,CitizensPlan2324,13.0,,कसबा - विश्रामबागवाडा क्षेत्रीय कार्यालय एकूण बेरीज,CE20C406,Electrical,
2023-24,CitizensPlan,CitizensPlan2324,13.0,,कसबा - विश्रामबागवाडा क्षेत्रीय कार्यालय एकूण बेरीज,CE22A547,Buildings,
2023-24,CitizensPlan,CitizensPlan2324,13.0,,कसबा - विश्रामबागवाडा क्षेत्रीय कार्यालय एकूण बेरीज,FE14A121,Slum,
2023-24,CitizensPlan,CitizensPlan2324,13.0,,कसबा - विश्रामबागवाडा क्षेत्रीय कार्यालय एकूण बेरीज,ZE16A117,WaterSupply,
2023-24,CitizensPlan,CitizensPlan2324,13.0,,कसबा - विश्रामबागवाडा क्षेत्रीय कार्यालय एकूण बेरीज,ZE16B130,Sewerage_foul,
2023-24,CitizensPlan,CitizensPlan2324,14.0,,भवानीपेठ क्षेत्रीय कार्यालय एकूण बेरीज,CE20A1196,Roads,
2023-24,CitizensPlan,CitizensPlan2324,14.0,,भवानीपेठ क्षेत्रीय कार्यालय एकूण बेरीज,CE20C406,Electrical,
2023-24,CitizensPlan,CitizensPlan2324,14.0,,भवानीपेठ क्षेत्रीय कार्यालय एकूण बेरीज,CE22A547,Buildings,
2023-24,CitizensPlan,CitizensPlan2324,14.0,,भवानीपेठ क्षेत्रीय कार्यालय एकूण बेरीज,FE14A121,Slum,
2023-24,CitizensPlan,CitizensPlan2324,14.0,,भवानीपेठ क्षेत्रीय कार्यालय एकूण बेरीज,ZE16A117,WaterSupply,
2023-24,CitizensPlan,CitizensPlan2324,14.0,,भवानीपेठ क्षेत्रीय कार्यालय एकूण बेरीज,ZE16B130,Sewerage_foul,
2023-24,CitizensPlan,CitizensPlan2324,15.0,,बिबवेवाडी क्षेत्रीय कार्यालय एकूण बेरीज,CE20A1196,Roads,25.0
2023-24,CitizensPlan,CitizensPlan2324,15.0,,बिबवेवाडी क्षेत्रीय कार्यालय एकूण बेरीज,CE20C406,Electrical,35.0
2023-24,CitizensPlan,CitizensPlan2324,15.0,,बिबवेवाडी क्षेत्रीय कार्यालय एकूण बेरीज,CE22A547,Buildings,5.0
2023-24,CitizensPlan,CitizensPlan2324,15.0,,बिबवेवाडी क्षेत्रीय कार्यालय एकूण बेरीज,FE14A121,Slum,
2023-24,CitizensPlan,CitizensPlan2324,15.0,,बिबवेवाडी क्षेत्रीय कार्यालय एकूण बेरीज,ZE16A117,WaterSupply,
2023-24,CitizensPlan,CitizensPlan2324,15.0,,बिबवेवाडी क्षेत्रीय कार्यालय एकूण बेरीज,ZE16B130,Sewerage_foul,15.0
2023-24,CitizensNonPlan,CitizensNonPlan2324,1.0,,नगररोड - वडगावशेरी क्षेत्रीय कार्यालय एकूण बेरीज,RE20A302,Roads,
2023-24,CitizensNonPlan,CitizensNonPlan2324,1.0,,नगररोड - वडगावशेरी क्षेत्रीय कार्यालय एकूण बेरीज,RE20C302,Electrical,
2023-24,CitizensNonPlan,CitizensNonPlan2324,1.0,,नगररोड - वडगावशेरी क्षेत्रीय कार्यालय एकूण बेरीज,RE22C302,Buildings,
2023-24,CitizensNonPlan,CitizensNonPlan2324,1.0,,नगररोड - वडगावशेरी क्षेत्रीय कार्यालय एकूण बेरीज,RE14B302,Slum,
2023-24,CitizensNonPlan,CitizensNonPlan2324,1.0,,नगररोड - वडगावशेरी क्षेत्रीय कार्यालय एकूण बेरीज,XE12B302,WaterSupply,
2023-24,CitizensNonPlan,CitizensNonPlan2324,1.0,,नगररोड - वडगावशेरी क्षेत्रीय कार्यालय एकूण बेरीज,XE23A302,Sewerage_foul,
2023-24,CitizensNonPlan,CitizensNonPlan2324,2.0,,येरवडा - कळस - धानोरी क्षेत्रीय कार्यालय एकूण बेरीज,RE20A302,Roads,75.0
2023-24,CitizensNonPlan,CitizensNonPlan2324,2.0,,येरवडा - कळस - धानोरी क्षेत्रीय कार्यालय एकूण बेरीज,RE20C302,Electrical,20.0
2023-24,CitizensNonPlan,CitizensNonPlan2324,2.0,,येरवडा - कळस - धानोरी क्षेत्रीय कार्यालय एकूण बेरीज,RE22C302,Buildings,55.0
2023-24,CitizensNonPlan,CitizensNonPlan2324,2.0,,येरवडा - कळस - धानोरी क्षेत्रीय कार्यालय एकूण बेरीज,RE14B302,Slum,30.0
2023-24,CitizensNonPlan,CitizensNonPlan2324,2.0,,येरवडा - कळस - धानोरी क्षेत्रीय कार्यालय एकूण बेरीज,XE12B302,WaterSupply,
2023-24,CitizensNonPlan,CitizensNonPlan2324,2.0,,येरवडा - कळस - धानोरी क्षेत्रीय कार्यालय एकूण बेरीज,XE23A302,Sewerage_foul,120.0
2023-24,CitizensNonPlan,CitizensNonPlan2324,3.0,,ढोलेपाटील रोड क्षेत्रीय कार्यालय एकूण बेरीज,RE20A302,Roads,27.5
2023-24,CitizensNonPlan,CitizensNonPlan2324,3.0,,ढोलेपाटील रोड क्षेत्रीय कार्यालय एकूण बेरीज,RE20C302,Electrical,20.0
2023-24,CitizensNonPlan,CitizensNonPlan2324,3.0,,ढोलेपाटील रोड क्षेत्रीय कार्यालय एकूण बेरीज,RE22C302,Buildings,17.5
2023-24,CitizensNonPlan,CitizensNonPlan2324,3.0,,ढोलेपाटील रोड क्षेत्रीय कार्यालय एकूण बेरीज,RE14B302,Slum,120.5
2023-24,CitizensNonPlan,CitizensNonPlan2324,3.0,,ढोलेपाटील रोड क्षेत्रीय कार्यालय एकूण बेरीज,XE12B302,WaterSupply,7.0
2023-24,CitizensNonPlan,CitizensNonPlan2324,3.0,,ढोलेपाटील रोड क्षेत्रीय कार्यालय एकूण बेरीज,XE23A302,Sewerage_foul,32.5
2023-24,CitizensNonPlan,CitizensNonPlan2324,4.0,,औंध - बाणेर क्षेत्रीय कार्यालय एकूण बेरीज,RE20A302,Roads,50.0
2023-24,CitizensNonPlan,CitizensNonPlan2324,4.0,,औंध - बाणेर क्षेत्रीय कार्यालय एकूण बेरीज,RE20C302,Electrical,35.0
2023-24,CitizensNonPlan,CitizensNonPlan2324,4.0,,औंध - बाणेर क्षेत्रीय कार्यालय एकूण बेरीज,RE22C302,Buildings,55.0
2023-24,CitizensNonPlan,CitizensNonPlan2324,4.0,,औंध - बाणेर क्षेत्रीय कार्यालय एकूण बेरीज,RE14B302,Slum,45.0
2023-24,CitizensNonPlan,CitizensNonPlan2324,4.0,,औंध - बाणेर क्षेत्रीय कार्यालय एकूण बेरीज,XE12B302,WaterSupply,15.0
2023-24,CitizensNonPlan,CitizensNonPlan2324,4.0,,औंध - बाणेर क्षेत्रीय कार्यालय एकूण बेरीज,XE23A302,Sewerage_foul,75.0
2023-24,CitizensNonPlan,CitizensNonPlan2324,5.0,,शिवाजीनगर - घोलेरोड क्षेत्रीय कार्यालय एकूण बेरीज,RE20A302,Roads,40.0
2023-24,CitizensNonPlan,CitizensNonPlan2324,5.0,,शिवाजीनगर - घोलेरोड क्षेत्रीय कार्यालय एकूण बेरीज,RE20C302,Electrical,50.0
2023-24,CitizensNonPlan,CitizensNonPlan2324,5.0,,शिवाजीनगर - घोलेरोड क्षेत्रीय कार्यालय एकूण बेरीज,RE22C302,Buildings,45.0
2023-24,CitizensNonPlan,CitizensNonPlan2324,5.0,,शिवाजीनगर - घोलेरोड क्षेत्रीय कार्यालय एकूण बेरीज,RE14B302,Slum,55.0
2023-24,CitizensNonPlan,CitizensNonPlan2324,5.0,,शिवाजीनगर - घोलेरोड क्षेत्रीय कार्यालय एकूण बेरीज,XE12B302,WaterSupply,
2023-24,CitizensNonPlan,CitizensNonPlan2324,5.0,,शिवाजीनगर - घोलेरोड क्षेत्रीय कार्यालय एकूण बेरीज,XE23A302,Sewerage_foul,35.0
2023-24,CitizensNonPlan,CitizensNonPlan2324,6.0,,कोथरूड - बावधन क्षेत्रीय कार्यालय एकूण बेरीज,RE20A302,Roads,100.0
2023-24,CitizensNonPlan,CitizensNonPlan2324,6.0,,कोथरूड - बावधन क्षेत्रीय कार्यालय एकूण बेरीज,RE20C302,Electrical,30.0
2023-24,CitizensNonPlan,CitizensNonPlan2324,6.0,,कोथरूड - बावधन क्षेत्रीय कार्यालय एकूण बेरीज,RE22C302,Buildings,70.0
2023-24,CitizensNonPlan,CitizensNonPlan2324,6.0,,कोथरूड - बावधन क्षेत्रीय कार्यालय एकूण बेरीज,RE14B302,Slum,35.0
2023-24,CitizensNonPlan,CitizensNonPlan2324,6.0,,कोथरूड - बावधन क्षेत्रीय कार्यालय एकूण बेरीज,XE12B302,WaterSupply,
2023-24,CitizensNonPlan,CitizensNonPlan2324,6.0,,कोथरूड - बावधन क्षेत्रीय कार्यालय एकूण बेरीज,XE23A302,Sewerage_foul,30.0
2023-24,CitizensNonPlan,CitizensNonPlan2324,7.0,,धनकवडी - सहकारनगर क्षेत्रीय कार्यालय एकूण बेरीज,RE20A302,Roads,50.0
2023-24,CitizensNonPlan,CitizensNonPlan2324,7.0,,धनकवडी - सहकारनगर क्षेत्रीय कार्यालय एकूण बेरीज,RE20C302,Electrical,55.0
2023-24,CitizensNonPlan,CitizensNonPlan2324,7.0,,धनकवडी - सहकारनगर क्षेत्रीय कार्यालय एकूण बेरीज,RE22C302,Buildings,20.0
2023-24,CitizensNonPlan,CitizensNonPlan2324,7.0,,धनकवडी - सहकारनगर क्षेत्रीय कार्यालय एकूण बेरीज,RE14B302,Slum,35.0
2023-24,CitizensNonPlan,CitizensNonPlan2324,7.0,,धनकवडी - सहकारनगर क्षेत्रीय कार्यालय एकूण बेरीज,XE12B302,WaterSupply,
2023-24,CitizensNonPlan,CitizensNonPlan2324,7.0,,धनकवडी - सहकारनगर क्षेत्रीय कार्यालय एकूण बेरीज,XE23A302,Sewerage_foul,115.0
2023-24,CitizensNonPlan,CitizensNonPlan2324,8.0,,सिंहगडरोड क्षेत्रीय कार्यालय एकूण बेरीज,RE20A302,Roads,120.0
2023-24,CitizensNonPlan,CitizensNonPlan2324,8.0,,सिंहगडरोड क्षेत्रीय कार्यालय एकूण बेरीज,RE20C302,Electrical,35.0
2023-24,CitizensNonPlan,CitizensNonPlan2324,8.0,,सिंहगडरोड क्षेत्रीय कार्यालय एकूण बेरीज,RE22C302,Buildings,50.0
2023-24,CitizensNonPlan,CitizensNonPlan2324,8.0,,सिंहगडरोड क्षेत्रीय कार्यालय एकूण बेरीज,RE14B302,Slum,25.0
2023-24,CitizensNonPlan,CitizensNonPlan2324,8.0,,सिंहगडरोड क्षेत्रीय कार्यालय एकूण बेरीज,XE12B302,WaterSupply,
2023-24,CitizensNonPlan,CitizensNonPlan2324,8.0,,सिंहगडरोड क्षेत्रीय कार्यालय एकूण बेरीज,XE23A302,Sewerage_foul,70.0
2023-24,CitizensNonPlan,CitizensNonPlan2324,9.0,,वारजे - कर्वेनगर क्षेत्रीय कार्यालय एकूण बेरीज,RE20A302,Roads,25.0
2023-24,CitizensNonPlan,CitizensNonPlan2324,9.0,,वारजे - कर्वेनगर क्षेत्रीय कार्यालय एकूण बेरीज,RE20C302,Electrical,30.0
2023-24,CitizensNonPlan,CitizensNonPlan2324,9.0,,वारजे - कर्वेनगर क्षेत्रीय कार्यालय एकूण बेरीज,RE22C302,Buildings,35.0
2023-24,CitizensNonPlan,CitizensNonPlan2324,9.0,,वारजे - कर्वेनगर क्षेत्रीय कार्यालय एकूण बेरीज,RE14B302,Slum,15.0
2023-24,CitizensNonPlan,CitizensNonPlan2324,9.0,,वारजे - कर्वेनगर क्षेत्रीय कार्यालय एकूण बेरीज,XE12B302,WaterSupply,
2023-24,CitizensNonPlan,CitizensNonPlan2324,9.0,,वारजे - कर्वेनगर क्षेत्रीय कार्यालय एकूण बेरीज,XE23A302,Sewerage_foul,15.0
2023-24,CitizensNonPlan,CitizensNonPlan2324,10.0,,हडपसर - मुंढवा क्षेत्रीय कार्यालय एकूण बेरीज,RE20A302,Roads,45.0
2023-24,CitizensNonPlan,CitizensNonPlan2324,10.0,,हडपसर - मुंढवा क्षेत्रीय कार्यालय एकूण बेरीज,RE20C302,Electrical,55.0
2023-24,CitizensNonPlan,CitizensNonPlan2324,10.0,,हडपसर - मुंढवा क्षेत्रीय कार्यालय एकूण बेरीज,RE22C302,Buildings,10.0
2023-24,CitizensNonPlan,CitizensNonPlan2324,10.0,,हडपसर - मुंढवा क्षेत्रीय कार्यालय एकूण बेरीज,RE14B302,Slum,40.0
2023-24,CitizensNonPlan,CitizensNonPlan2324,10.0,,हडपसर - मुंढवा क्षेत्रीय कार्यालय एकूण बेरीज,XE12B302,WaterSupply,
2023-24,CitizensNonPlan,CitizensNonPlan2324,10.0,,हडपसर - मुंढवा क्षेत्रीय कार्यालय एकूण बेरीज,XE23A302,Sewerage_foul,45.0
2023-24,CitizensNonPlan,CitizensNonPlan2324,11.0,,वानवडी - रामटेकडी क्षेत्रीय कार्यालय एकूण बेरीज,RE20A302,Roads,115.0
2023-24,CitizensNonPlan,CitizensNonPlan2324,11.0,,वानवडी - रामटेकडी क्षेत्रीय कार्यालय एकूण बेरीज,RE20C302,Electrical,5.0
2023-24,CitizensNonPlan,CitizensNonPlan2324,11.0,,वानवडी - रामटेकडी क्षेत्रीय कार्यालय एकूण बेरीज,RE22C302,Buildings,15.0
2023-24,CitizensNonPlan,CitizensNonPlan2324,11.0,,वानवडी - रामटेकडी क्षेत्रीय कार्यालय एकूण बेरीज,RE14B302,Slum,30.0
2023-24,CitizensNonPlan,CitizensNonPlan2324,11.0,,वानवडी - रामटेकडी क्षेत्रीय कार्यालय एकूण बेरीज,XE12B302,WaterSupply,
2023-24,CitizensNonPlan,CitizensNonPlan2324,11.0,,वानवडी - रामटेकडी क्षेत्रीय कार्यालय एकूण बेरीज,XE23A302,Sewerage_foul,125.0
2023-24,CitizensNonPlan,CitizensNonPlan2324,12.0,,कोंढवा - येवलेवाडी क्षेत्रीय कार्यालय एकूण बेरीज,RE20A302,Roads,102.0
2023-24,CitizensNonPlan,CitizensNonPlan2324,12.0,,कोंढवा - येवलेवाडी क्षेत्रीय कार्यालय एकूण बेरीज,RE20C302,Electrical,33.0
2023-24,CitizensNonPlan,CitizensNonPlan2324,12.0,,कोंढवा - येवलेवाडी क्षेत्रीय कार्यालय एकूण बेरीज,RE22C302,Buildings,4.0
2023-24,CitizensNonPlan,CitizensNonPlan2324,12.0,,कोंढवा - येवलेवाडी क्षेत्रीय कार्यालय एकूण बेरीज,RE14B302,Slum,
2023-24,CitizensNonPlan,CitizensNonPlan2324,12.0,,कोंढवा - येवलेवाडी क्षेत्रीय कार्यालय एकूण बेरीज,XE12B302,WaterSupply,
2023-24,CitizensNonPlan,CitizensNonPlan2324,12.0,,कोंढवा - येवलेवाडी क्षेत्रीय कार्यालय एकूण बेरीज,XE23A302,Sewerage_foul,86.0
2023-24,CitizensNonPlan,CitizensNonPlan2324,13.0,,कसबा - विश्रामबागवाडा क्षेत्रीय कार्यालय एकूण बेरीज,RE20A302,Roads,58.5
2023-24,CitizensNonPlan,CitizensNonPlan2324,13.0,,कसबा - विश्रामबागवाडा क्षेत्रीय कार्यालय एकूण बेरीज,RE20C302,Electrical,49.5
2023-24,CitizensNonPlan,CitizensNonPlan2324,13.0,,कसबा - विश्रामबागवाडा क्षेत्रीय कार्यालय एकूण बेरीज,RE22C302,Buildings,58.0
2023-24,CitizensNonPlan,CitizensNonPlan2324,13.0,,कसबा - विश्रामबागवाडा क्षेत्रीय कार्यालय एकूण बेरीज,RE14B302,Slum,69.0
2023-24,CitizensNonPlan,CitizensNonPlan2324,13.0,,कसबा - विश्रामबागवाडा क्षेत्रीय कार्यालय एकूण बेरीज,XE12B302,WaterSupply,
2023-24,CitizensNonPlan,CitizensNonPlan2324,13.0,,कसबा - विश्रामबागवाडा क्षेत्रीय कार्यालय एकूण बेरीज,XE23A302,Sewerage_foul,65.0
2023-24,CitizensNonPlan,CitizensNonPlan2324,14.0,,भवानीपेठ क्षेत्रीय कार्यालय एकूण बेरीज,RE20A302,Roads,57.5
2023-24,CitizensNonPlan,CitizensNonPlan2324,14.0,,भवानीपेठ क्षेत्रीय कार्यालय एकूण बेरीज,RE20C302,Electrical,32.5
2023-24,CitizensNonPlan,CitizensNonPlan2324,14.0,,भवानीपेठ क्षेत्रीय कार्यालय एकूण बेरीज,RE22C302,Buildings,10.0
2023-24,CitizensNonPlan,CitizensNonPlan2324,14.0,,भवानीपेठ क्षेत्रीय कार्यालय एकूण बेरीज,RE14B302,Slum,32.5
2023-24,CitizensNonPlan,CitizensNonPlan2324,14.0,,भवानीपेठ क्षेत्रीय कार्यालय एकूण बेरीज,XE12B302,WaterSupply,
2023-24,CitizensNonPlan,CitizensNonPlan2324,14.0,,भवानीपेठ क्षेत्रीय कार्यालय एकूण बेरीज,XE23A302,Sewerage_foul,92.5
2023-24,CitizensNonPlan,CitizensNonPlan2324,15.0,,बिबवेवाडी क्षेत्रीय कार्यालय एकूण बेरीज,RE20A302,Roads,60.0
2023-24,CitizensNonPlan,CitizensNonPlan2324,15.0,,बिबवेवाडी क्षेत्रीय कार्यालय एकूण बेरीज,RE20C302,Electrical,45.0
2023-24,CitizensNonPlan,CitizensNonPlan2324,15.0,,बिबवेवाडी क्षेत्रीय कार्यालय एकूण बेरीज,RE22C302,Buildings,30.0
2023-24,CitizensNonPlan,CitizensNonPlan2324,15.0,,बिबवेवाडी क्षेत्रीय कार्यालय एकूण बेरीज,RE14B302,Slum,10.0
2023-24,CitizensNonPlan,CitizensNonPlan2324,15.0,,बिबवेवाडी क्षेत्रीय कार्यालय एकूण बेरीज,XE12B302,WaterSupply,
2023-24,CitizensNonPlan,CitizensNonPlan2324,15.0,,बिबवेवाडी क्षेत्रीय कार्यालय एकूण बेरीज,XE23A302,Sewerage_foul,150.0
2024-25,WardOfficePlan,WardOfficePlan2425,1.0,"3, 4, 5, 42**",नगररोड - वडगावशेरी क्षेत्रीय कार्यालय एकूण बेरीज,CE20A176,Roads,185.0
2024-25,WardOfficePlan,WardOfficePlan2425,1.0,"3, 4, 5, 42**",नगररोड - वडगावशेरी क्षेत्रीय कार्यालय एकूण बेरीज,CE20C118,Electrical,85.0
2024-25,WardOfficePlan,WardOfficePlan2425,1.0,"3, 4, 5, 42**",नगररोड - वडगावशेरी क्षेत्रीय कार्यालय एकूण बेरीज,CE22A114,Buildings,10.0
2024-25,WardOfficePlan,WardOfficePlan2425,1.0,"3, 4, 5, 42**",नगररोड - वडगावशेरी क्षेत्रीय कार्यालय एकूण बेरीज,FE14A118,Slum,
2024-25,WardOfficePlan,WardOfficePlan2425,1.0,"3, 4, 5, 42**",नगररोड - वडगावशेरी क्षेत्रीय कार्यालय एकूण बेरीज,ZE16A115,WaterSupply,
2024-25,WardOfficePlan,WardOfficePlan2425,1.0,"3, 4, 5, 42**",नगररोड - वडगावशेरी क्षेत्रीय कार्यालय एकूण बेरीज,ZE16B113,Sewerage_foul,100.0
2024-25,WardOfficePlan,WardOfficePlan2425,2.0,"1, 2, 6",येरवडा - कळस - धानोरी क्षेत्रीय कार्यालय एकूण बेरीज,CE20A176,Roads,
2024-25,WardOfficePlan,WardOfficePlan2425,2.0,"1, 2, 6",येरवडा - कळस - धानोरी क्षेत्रीय कार्यालय एकूण बेरीज,CE20C118,Electrical,
2024-25,WardOfficePlan,WardOfficePlan2425,2.0,"1, 2, 6",येरवडा - कळस - धानोरी क्षेत्रीय कार्यालय एकूण बेरीज,CE22A114,Buildings,
2024-25,WardOfficePlan,WardOfficePlan2425,2.0,"1, 2, 6",येरवडा - कळस - धानोरी क्षेत्रीय कार्यालय एकूण बेरीज,FE14A118,Slum,
2024-25,WardOfficePlan,WardOfficePlan2425,2.0,"1, 2, 6",येरवडा - कळस - धानोरी क्षेत्रीय कार्यालय एकूण बेरीज,ZE16A115,WaterSupply,
2024-25,WardOfficePlan,WardOfficePlan2425,2.0,"1, 2, 6",येरवडा - कळस - धानोरी क्षेत्रीय कार्यालय एकूण बेरीज,ZE16B113,Sewerage_foul,
2024-25,WardOfficePlan,WardOfficePlan2425,3.0,"20, 21",ढोलेपाटील क्षेत्रीय कार्यालय एकूण बेरीज,CE20A176,Roads,
2024-25,WardOfficePlan,WardOfficePlan2425,3.0,"20, 21",ढोलेपाटील क्षेत्रीय कार्यालय एकूण बेरीज,CE20C118,Electrical,
2024-25,WardOfficePlan,WardOfficePlan2425,3.0,"20, 21",ढोलेपाटील क्षेत्रीय कार्यालय एकूण बेरीज,CE22A114,Buildings,10.0
2024-25,WardOfficePlan,WardOfficePlan2425,3.0,"20, 21",ढोलेपाटील क्षेत्रीय कार्यालय एकूण बेरीज,FE14A118,Slum,
2024-25,WardOfficePlan,WardOfficePlan2425,3.0,"20, 21",ढोलेपाटील क्षेत्रीय कार्यालय एकूण बेरीज,ZE16A115,WaterSupply,
2024-25,WardOfficePlan,WardOfficePlan2425,3.0,"20, 21",ढोलेपाटील क्षेत्रीय कार्यालय एकूण बेरीज,ZE16B113,Sewerage_foul,
2024-25,WardOfficePlan,WardOfficePlan2425,4.0,"8, 9",औंध - बाणेर क्षेत्रीय कार्यालय एकूण बेरीज,CE20A176,Roads,
2024-25,WardOfficePlan,WardOfficePlan2425,4.0,"8, 9",औंध - बाणेर क्षेत्रीय कार्यालय एकूण बेरीज,CE20C118,Electrical,
2024-25,WardOfficePlan,WardOfficePlan2425,4.0,"8, 9",औंध - बाणेर क्षेत्रीय कार्यालय एकूण बेरीज,CE22A114,Buildings,
2024-25,WardOfficePlan,WardOfficePlan2425,4.0,"8, 9",औंध - बाणेर क्षेत्रीय कार्यालय एकूण बेरीज,FE14A118,Slum,
2024-25,WardOfficePlan,WardOfficePlan2425,4.0,"8, 9",औंध - बाणेर क्षेत्रीय कार्यालय एकूण बेरीज,ZE16A115,WaterSupply,
2024-25,WardOfficePlan,WardOfficePlan2425,4.0,"8, 9",औंध - बाणेर क्षेत्रीय कार्यालय एकूण बेरीज,ZE16B113,Sewerage_foul,
2024-25,WardOfficePlan,WardOfficePlan2425,5.0,"7, 14",शिवाजीनगर - घोले रोड क्षेत्रीय कार्यालय एकूण बेरीज,CE20A176,Roads,
2024-25,WardOfficePlan,WardOfficePlan2425,5.0,"7, 14",शिवाजीनगर - घोले रोड क्षेत्रीय कार्यालय एकूण बेरीज,CE20C118,Electrical,
2024-25,WardOfficePlan,WardOfficePlan2425,5.0,"7, 14",शिवाजीनगर - घोले रोड क्षेत्रीय कार्यालय एकूण बेरीज,CE22A114,Buildings,
2024-25,WardOfficePlan,WardOfficePlan2425,5.0,"7, 14",शिवाजीनगर - घोले रोड क्षेत्रीय कार्यालय एकूण बेरीज,FE14A118,Slum,
2024-25,WardOfficePlan,WardOfficePlan2425,5.0,"7, 14",शिवाजीनगर - घोले रोड क्षेत्रीय कार्यालय एकूण बेरीज,ZE16A115,WaterSupply,
2024-25,WardOfficePlan,WardOfficePlan2425,5.0,"7, 14",शिवाजीनगर - घोले रोड क्षेत्रीय कार्यालय एकूण बेरीज,ZE16B113,Sewerage_foul,
2024-25,WardOfficePlan,WardOfficePlan2425,6.0,"10, 11, 12",कोथरूड - बावधन क्षेत्रीय कार्यालय एकूण बेरीज,CE20A176,Roads,
2024-25,WardOfficePlan,WardOfficePlan2425,6.0,"10, 11, 12",कोथरूड - बावधन क्षेत्रीय कार्यालय एकूण बेरीज,CE20C118,Electrical,
2024-25,WardOfficePlan,WardOfficePlan2425,6.0,"10, 11, 12",कोथरूड - बावधन क्षेत्रीय कार्यालय एकूण बेरीज,CE22A114,Buildings,
2024-25,WardOfficePlan,WardOfficePlan2425,6.0,"10, 11, 12",कोथरूड - बावधन क्षेत्रीय कार्यालय एकूण बेरीज,FE14A118,Slum,
2024-25,WardOfficePlan,WardOfficePlan2425,6.0,"10, 11, 12",कोथरूड - बावधन क्षेत्रीय कार्यालय एकूण बेरीज,ZE16A115,WaterSupply,
2024-25,WardOfficePlan,WardOfficePlan2425,6.0,"10, 11, 12",कोथरूड - बावधन क्षेत्रीय कार्यालय एकूण बेरीज,ZE16B113,Sewerage_foul,
2024-25,WardOfficePlan,WardOfficePlan2425,7.0,"35, 39, 40, 42**",धनकवडी - सहकारनगर क्षेत्रीय कार्यालय एकूण बेरीज,CE20A176,Roads,105.0
2024-25,WardOfficePlan,WardOfficePlan2425,7.0,"35, 39, 40, 42**",धनकवडी - सहकारनगर क्षेत्रीय कार्यालय एकूण बेरीज,CE20C118,Electrical,80.0
2024-25,WardOfficePlan,WardOfficePlan2425,7.0,"35, 39, 40, 42**",धनकवडी - सहकारनगर क्षेत्रीय कार्यालय एकूण बेरीज,CE22A114,Buildings,10.0
2024-25,WardOfficePlan,WardOfficePlan2425,7.0,"35, 39, 40, 42**",धनकवडी - सहकारनगर क्षेत्रीय कार्यालय एकूण बेरीज,FE14A118,Slum,
2024-25,WardOfficePlan,WardOfficePlan2425,7.0,"35, 39, 40, 42**",धनकवडी - सहकारनगर क्षेत्रीय कार्यालय एकूण बेरीज,ZE16A115,WaterSupply,10.0
2024-25,WardOfficePlan,WardOfficePlan2425,7.0,"35, 39, 40, 42**",धनकवडी - सहकारनगर क्षेत्रीय कार्यालय एकूण बेरीज,ZE16B113,Sewerage_foul,100.0
2024-25,WardOfficePlan,WardOfficePlan2425,8.0,"30, 33, 34, 42**",सिंहगड रोड क्षेत्रीय कार्यालय एकूण बेरीज,CE20A176,Roads,75.0
2024-25,WardOfficePlan,WardOfficePlan2425,8.0,"30, 33, 34, 42**",सिंहगड रोड क्षेत्रीय कार्यालय एकूण बेरीज,CE20C118,Electrical,10.0
2024-25,WardOfficePlan,WardOfficePlan2425,8.0,"30, 33, 34, 42**",सिंहगड रोड क्षेत्रीय कार्यालय एकूण बेरीज,CE22A114,Buildings,23.0
2024-25,WardOfficePlan,WardOfficePlan2425,8.0,"30, 33, 34, 42**",सिंहगड रोड क्षेत्रीय कार्यालय एकूण बेरीज,FE14A118,Slum,
2024-25,WardOfficePlan,WardOfficePlan2425,8.0,"30, 33, 34, 42**",सिंहगड रोड क्षेत्रीय कार्यालय एकूण बेरीज,ZE16A115,WaterSupply,
2024-25,WardOfficePlan,WardOfficePlan2425,8.0,"30, 33, 34, 42**",सिंहगड रोड क्षेत्रीय कार्यालय एकूण बेरीज,ZE16B113,Sewerage_foul,10.0
2024-25,WardOfficePlan,WardOfficePlan2425,9.0,"13, 31, 32, 42**",वारजे - कर्वेनगर क्षेत्रीय कार्यालय एकूण बेरीज,CE20A176,Roads,135.0
2024-25,WardOfficePlan,WardOfficePlan2425,9.0,"13, 31, 32, 42**",वारजे - कर्वेनगर क्षेत्रीय कार्यालय एकूण बेरीज,CE20C118,Electrical,100.0
2024-25,WardOfficePlan,WardOfficePlan2425,9.0,"13, 31, 32, 42**",वारजे - कर्वेनगर क्षेत्रीय कार्यालय एकूण बेरीज,CE22A114,Buildings,65.0
2024-25,WardOfficePlan,WardOfficePlan2425,9.0,"13, 31, 32, 42**",वारजे - कर्वेनगर क्षेत्रीय कार्यालय एकूण बेरीज,FE14A118,Slum,35.0
2024-25,WardOfficePlan,WardOfficePlan2425,9.0,"13, 31, 32, 42**",वारजे - कर्वेनगर क्षेत्रीय कार्यालय एकूण बेरीज,ZE16A115,WaterSupply,
2024-25,WardOfficePlan,WardOfficePlan2425,9.0,"13, 31, 32, 42**",वारजे - कर्वेनगर क्षेत्रीय कार्यालय एकूण बेरीज,ZE16B113,Sewerage_foul,90.0
2024-25,WardOfficePlan,WardOfficePlan2425,10.0,"22, 23, 26, 42**",हडपसर - मुंढवा क्षेत्रीय कार्यालय एकूण बेरीज,CE20A176,Roads,131.0
2024-25,WardOfficePlan,WardOfficePlan2425,10.0,"22, 23, 26, 42**",हडपसर - मुंढवा क्षेत्रीय कार्यालय एकूण बेरीज,CE20C118,Electrical,64.0
2024-25,WardOfficePlan,WardOfficePlan2425,10.0,"22, 23, 26, 42**",हडपसर - मुंढवा क्षेत्रीय कार्यालय एकूण बेरीज,CE22A114,Buildings,10.0
2024-25,WardOfficePlan,WardOfficePlan2425,10.0,"22, 23, 26, 42**",हडपसर - मुंढवा क्षेत्रीय कार्यालय एकूण बेरीज,FE14A118,Slum,
2024-25,WardOfficePlan,WardOfficePlan2425,10.0,"22, 23, 26, 42**",हडपसर - मुंढवा क्षेत्रीय कार्यालय एकूण बेरीज,ZE16A115,WaterSupply,
2024-25,WardOfficePlan,WardOfficePlan2425,10.0,"22, 23, 26, 42**",हडपसर - मुंढवा क्षेत्रीय कार्यालय एकूण बेरीज,ZE16B113,Sewerage_foul,180.0
2024-25,WardOfficePlan,WardOfficePlan2425,11.0,"24***, 25, 27",वानवडी - रामटेकडी क्षेत्रीय कार्यालय एकूण बेरीज,CE20A176,Roads,60.0
2024-25,WardOfficePlan,WardOfficePlan2425,11.0,"24***, 25, 27",वानवडी - रामटेकडी क्षेत्रीय कार्यालय एकूण बेरीज,CE20C118,Electrical,
2024-25,WardOfficePlan,WardOfficePlan2425,11.0,"24***, 25, 27",वानवडी - रामटेकडी क्षेत्रीय कार्यालय एकूण बेरीज,CE22A114,Buildings,
2024-25,WardOfficePlan,WardOfficePlan2425,11.0,"24***, 25, 27",वानवडी - रामटेकडी क्षेत्रीय कार्यालय एकूण बेरीज,FE14A118,Slum,5.0
2024-25,WardOfficePlan,WardOfficePlan2425,11.0,"24***, 25, 27",वानवडी - रामटेकडी क्षेत्रीय कार्यालय एकूण बेरीज,ZE16A115,WaterSupply,
2024-25,WardOfficePlan,WardOfficePlan2425,11.0,"24***, 25, 27",वानवडी - रामटेकडी क्षेत्रीय कार्यालय एकूण बेरीज,ZE16B113,Sewerage_foul,70.0
2024-25,WardOfficePlan,WardOfficePlan2425,12.0,"38, 41, 42**",कोंढवा - येवलेवाडी क्षेत्रीय कार्यालय एकूण बेरीज,CE20A176,Roads,177.0
2024-25,WardOfficePlan,WardOfficePlan2425,12.0,"38, 41, 42**",कोंढवा - येवलेवाडी क्षेत्रीय कार्यालय एकूण बेरीज,CE20C118,Electrical,119.0
2024-25,WardOfficePlan,WardOfficePlan2425,12.0,"38, 41, 42**",कोंढवा - येवलेवाडी क्षेत्रीय कार्यालय एकूण बेरीज,CE22A114,Buildings,
2024-25,WardOfficePlan,WardOfficePlan2425,12.0,"38, 41, 42**",कोंढवा - येवलेवाडी क्षेत्रीय कार्यालय एकूण बेरीज,FE14A118,Slum,
2024-25,WardOfficePlan,WardOfficePlan2425,12.0,"38, 41, 42**",कोंढवा - येवलेवाडी क्षेत्रीय कार्यालय एकूण बेरीज,ZE16A115,WaterSupply,
2024-25,WardOfficePlan,WardOfficePlan2425,12.0,"38, 41, 42**",कोंढवा - येवलेवाडी क्षेत्रीय कार्यालय एकूण बेरीज,ZE16B113,Sewerage_foul,104.0
2024-25,WardOfficePlan,WardOfficePlan2425,13.0,"15, 16, 29",कसबा - विश्रामबागवाडा क्षेत्रीय कार्यालय एकूण बेरीज,CE20A176,Roads,
2024-25,WardOfficePlan,WardOfficePlan2425,13.0,"15, 16, 29",कसबा - विश्रामबागवाडा क्षेत्रीय कार्यालय एकूण बेरीज,CE20C118,Electrical,
2024-25,WardOfficePlan,WardOfficePlan2425,13.0,"15, 16, 29",कसबा - विश्रामबागवाडा क्षेत्रीय कार्यालय एकूण बेरीज,CE22A114,Buildings,
2024-25,WardOfficePlan,WardOfficePlan2425,13.0,"15, 16, 29",कसबा - विश्रामबागवाडा क्षेत्रीय कार्यालय एकूण बेरीज,FE14A118,Slum,
2024-25,WardOfficePlan,WardOfficePlan2425,13.0,"15, 16, 29",कसबा - विश्रामबागवाडा क्षेत्रीय कार्यालय एकूण बेरीज,ZE16A115,WaterSupply,
2024-25,WardOfficePlan,WardOfficePlan2425,13.0,"15, 16, 29",कसबा - विश्रामबागवाडा क्षेत्रीय कार्यालय एकूण बेरीज,ZE16B113,Sewerage_foul,
2024-25,WardOfficePlan,WardOfficePlan2425,14.0,"17, 18, 19",भवानी पेठ क्षेत्रीय कार्यालय एकूण बेरीज,CE20A176,Roads,
2024-25,WardOfficePlan,WardOfficePlan2425,14.0,"17, 18, 19",भवानी पेठ क्षेत्रीय कार्यालय एकूण बेरीज,CE20C118,Electrical,
2024-25,WardOfficePlan,WardOfficePlan2425,14.0,"17, 18, 19",भवानी पेठ क्षेत्रीय कार्यालय एकूण बेरीज,CE22A114,Buildings,
2024-25,WardOfficePlan,WardOfficePlan2425,14.0,"17, 18, 19",भवानी पेठ क्षेत्रीय कार्यालय एकूण बेरीज,FE14A118,Slum,
2024-25,WardOfficePlan,WardOfficePlan2425,14.0,"17, 18, 19",भवानी पेठ क्षेत्रीय कार्यालय एकूण बेरीज,ZE16A115,WaterSupply,
2024-25,WardOfficePlan,WardOfficePlan2425,14.0,"17, 18, 19",भवानी पेठ क्षेत्रीय कार्यालय एकूण बेरीज,ZE16B113,Sewerage_foul,
2024-25,WardOfficePlan,WardOfficePlan2425,15.0,"28, 36, 37***",बिबवेवाडी क्षेत्रीय कार्यालय एकूण बेरीज,CE20A176,Roads,85.0
2024-25,WardOfficePlan,WardOfficePlan2425,15.0,"28, 36, 37***",बिबवेवाडी क्षेत्रीय कार्यालय एकूण बेरीज,CE20C118,Electrical,45.0
2024-25,WardOfficePlan,WardOfficePlan2425,15.0,"28, 36, 37***",बिबवेवाडी क्षेत्रीय कार्यालय एकूण बेरीज,CE22A114,Buildings,
2024-25,WardOfficePlan,WardOfficePlan2425,15.0,"28, 36, 37***",बिबवेवाडी क्षेत्रीय कार्यालय एकूण बेरीज,FE14A118,Slum,30.0
2024-25,WardOfficePlan,WardOfficePlan2425,15.0,"28, 36, 37***",बिबवेवाडी क्षेत्रीय कार्यालय एकूण बेरीज,ZE16A115,WaterSupply,
2024-25,WardOfficePlan,WardOfficePlan2425,15.0,"28, 36, 37***",बिबवेवाडी क्षेत्रीय कार्यालय एकूण बेरीज,ZE16B113,Sewerage_foul,105.0
2024-25,WardOfficeNonPlan,WardOfficeNonPlan2425,1.0,"3, 4, 5, 42**",नगररोड - वडगावशेरी क्षेत्रीय कार्यालय एकूण बेरीज,RE20A301,Roads,50.0
2024-25,WardOfficeNonPlan,WardOfficeNonPlan2425,1.0,"3, 4, 5, 42**",नगररोड - वडगावशेरी क्षेत्रीय कार्यालय एकूण बेरीज,RE20C301,Electrical,125.0
2024-25,WardOfficeNonPlan,WardOfficeNonPlan2425,1.0,"3, 4, 5, 42**",नगररोड - वडगावशेरी क्षेत्रीय कार्यालय एकूण बेरीज,RE22C301,Buildings,60.0
2024-25,WardOfficeNonPlan,WardOfficeNonPlan2425,1.0,"3, 4, 5, 42**",नगररोड - वडगावशेरी क्षेत्रीय कार्यालय एकूण बेरीज,RE14B301,Slum,70.0
2024-25,WardOfficeNonPlan,WardOfficeNonPlan2425,1.0,"3, 4, 5, 42**",नगररोड - वडगावशेरी क्षेत्रीय कार्यालय एकूण बेरीज,XE12B301,WaterSupply,
2024-25,WardOfficeNonPlan,WardOfficeNonPlan2425,1.0,"3, 4, 5, 42**",नगररोड - वडगावशेरी क्षेत्रीय कार्यालय एकूण बेरीज,XE23A301,Sewerage_foul,240.0
2024-25,WardOfficeNonPlan,WardOfficeNonPlan2425,2.0,"1, 2, 6",येरवडा - कळस - धानोरी क्षेत्रीय कार्यालय एकूण बेरीज,RE20A301,Roads,225.0
2024-25,WardOfficeNonPlan,WardOfficeNonPlan2425,2.0,"1, 2, 6",येरवडा - कळस - धानोरी क्षेत्रीय कार्यालय एकूण बेरीज,RE20C301,Electrical,90.0
2024-25,WardOfficeNonPlan,WardOfficeNonPlan2425,2.0,"1, 2, 6",येरवडा - कळस - धानोरी क्षेत्रीय कार्यालय एकूण बेरीज,RE22C301,Buildings,140.0
2024-25,WardOfficeNonPlan,WardOfficeNonPlan2425,2.0,"1, 2, 6",येरवडा - कळस - धानोरी क्षेत्रीय कार्यालय एकूण बेरीज,RE14B301,Slum,115.0
2024-25,WardOfficeNonPlan,WardOfficeNonPlan2425,2.0,"1, 2, 6",येरवडा - कळस - धानोरी क्षेत्रीय कार्यालय एकूण बेरीज,XE12B301,WaterSupply,
2024-25,WardOfficeNonPlan,WardOfficeNonPlan2425,2.0,"1, 2, 6",येरवडा - कळस - धानोरी क्षेत्रीय कार्यालय एकूण बेरीज,XE23A301,Sewerage_foul,330.0
2024-25,WardOfficeNonPlan,WardOfficeNonPlan2425,3.0,"20, 21",ढोलेपाटील क्षेत्रीय कार्यालय एकूण बेरीज,RE20A301,Roads,135.0
2024-25,WardOfficeNonPlan,WardOfficeNonPlan2425,3.0,"20, 21",ढोलेपाटील क्षेत्रीय कार्यालय एकूण बेरीज,RE20C301,Electrical,60.0
2024-25,WardOfficeNonPlan,WardOfficeNonPlan2425,3.0,"20, 21",ढोलेपाटील क्षेत्रीय कार्यालय एकूण बेरीज,RE22C301,Buildings,82.0
2024-25,WardOfficeNonPlan,WardOfficeNonPlan2425,3.0,"20, 21",ढोलेपाटील क्षेत्रीय कार्यालय एकूण बेरीज,RE14B301,Slum,143.0
2024-25,WardOfficeNonPlan,WardOfficeNonPlan2425,3.0,"20, 21",ढोलेपाटील क्षेत्रीय कार्यालय एकूण बेरीज,XE12B301,WaterSupply,
2024-25,WardOfficeNonPlan,WardOfficeNonPlan2425,3.0,"20, 21",ढोलेपाटील क्षेत्रीय कार्यालय एकूण बेरीज,XE23A301,Sewerage_foul,170.0
2024-25,WardOfficeNonPlan,WardOfficeNonPlan2425,4.0,"8, 9",औंध - बाणेर क्षेत्रीय कार्यालय एकूण बेरीज,RE20A301,Roads,118.0
2024-25,WardOfficeNonPlan,WardOfficeNonPlan2425,4.0,"8, 9",औंध - बाणेर क्षेत्रीय कार्यालय एकूण बेरीज,RE20C301,Electrical,114.0
2024-25,WardOfficeNonPlan,WardOfficeNonPlan2425,4.0,"8, 9",औंध - बाणेर क्षेत्रीय कार्यालय एकूण बेरीज,RE22C301,Buildings,126.0
2024-25,WardOfficeNonPlan,WardOfficeNonPlan2425,4.0,"8, 9",औंध - बाणेर क्षेत्रीय कार्यालय एकूण बेरीज,RE14B301,Slum,120.0
2024-25,WardOfficeNonPlan,WardOfficeNonPlan2425,4.0,"8, 9",औंध - बाणेर क्षेत्रीय कार्यालय एकूण बेरीज,XE12B301,WaterSupply,
2024-25,WardOfficeNonPlan,WardOfficeNonPlan2425,4.0,"8, 9",औंध - बाणेर क्षेत्रीय कार्यालय एकूण बेरीज,XE23A301,Sewerage_foul,122.0
2024-25,WardOfficeNonPlan,WardOfficeNonPlan2425,5.0,"7, 14",शिवाजीनगर - घोले रोड क्षेत्रीय कार्यालय एकूण बेरीज,RE20A301,Roads,120.0
2024-25,WardOfficeNonPlan,WardOfficeNonPlan2425,5.0,"7, 14",शिवाजीनगर - घोले रोड क्षेत्रीय कार्यालय एकूण बेरीज,RE20C301,Electrical,120.0
2024-25,WardOfficeNonPlan,WardOfficeNonPlan2425,5.0,"7, 14",शिवाजीनगर - घोले रोड क्षेत्रीय कार्यालय एकूण बेरीज,RE22C301,Buildings,120.0
2024-25,WardOfficeNonPlan,WardOfficeNonPlan2425,5.0,"7, 14",शिवाजीनगर - घोले रोड क्षेत्रीय कार्यालय एकूण बेरीज,RE14B301,Slum,120.0
2024-25,WardOfficeNonPlan,WardOfficeNonPlan2425,5.0,"7, 14",शिवाजीनगर - घोले रोड क्षेत्रीय कार्यालय एकूण बेरीज,XE12B301,WaterSupply,
2024-25,WardOfficeNonPlan,WardOfficeNonPlan2425,5.0,"7, 14",शिवाजीनगर - घोले रोड क्षेत्रीय कार्यालय एकूण बेरीज,XE23A301,Sewerage_foul,120.0
2024-25,WardOfficeNonPlan,WardOfficeNonPlan2425,6.0,"10, 11, 12",कोथरूड - बावधन क्षेत्रीय कार्यालय एकूण बेरीज,RE20A301,Roads,180.0
2024-25,WardOfficeNonPlan,WardOfficeNonPlan2425,6.0,"10, 11, 12",कोथरूड - बावधन क्षेत्रीय कार्यालय एकूण बेरीज,RE20C301,Electrical,150.0
2024-25,WardOfficeNonPlan,WardOfficeNonPlan2425,6.0,"10, 11, 12",कोथरूड - बावधन क्षेत्रीय कार्यालय एकूण बेरीज,RE22C301,Buildings,150.0
2024-25,WardOfficeNonPlan,WardOfficeNonPlan2425,6.0,"10, 11, 12",कोथरूड - बावधन क्षेत्रीय कार्यालय एकूण बेरीज,RE14B301,Slum,155.0
2024-25,WardOfficeNonPlan,WardOfficeNonPlan2425,6.0,"10, 11, 12",कोथरूड - बावधन क्षेत्रीय कार्यालय एकूण बेरीज,XE12B301,WaterSupply,
2024-25,WardOfficeNonPlan,WardOfficeNonPlan2425,6.0,"10, 11, 12",कोथरूड - बावधन क्षेत्रीय कार्यालय एकूण बेरीज,XE23A301,Sewerage_foul,265.0
2024-25,WardOfficeNonPlan,WardOfficeNonPlan2425,7.0,"35, 39, 40, 42**",धनकवडी - सहकारनगर क्षेत्रीय कार्यालय एकूण बेरीज,RE20A301,Roads,165.0
2024-25,WardOfficeNonPlan,WardOfficeNonPlan2425,7.0,"35, 39, 40, 42**",धनकवडी - सहकारनगर क्षेत्रीय कार्यालय एकूण बेरीज,RE20C301,Electrical,80.0
2024-25,WardOfficeNonPlan,WardOfficeNonPlan2425,7.0,"35, 39, 40, 42**",धनकवडी - सहकारनगर क्षेत्रीय कार्यालय एकूण बेरीज,RE22C301,Buildings,140.0
2024-25,WardOfficeNonPlan,WardOfficeNonPlan2425,7.0,"35, 39, 40, 42**",धनकवडी - सहकारनगर क्षेत्रीय कार्यालय एकूण बेरीज,RE14B301,Slum,75.0
2024-25,WardOfficeNonPlan,WardOfficeNonPlan2425,7.0,"35, 39, 40, 42**",धनकवडी - सहकारनगर क्षेत्रीय कार्यालय एकूण बेरीज,XE12B301,WaterSupply,
2024-25,WardOfficeNonPlan,WardOfficeNonPlan2425,7.0,"35, 39, 40, 42**",धनकवडी - सहकारनगर क्षेत्रीय कार्यालय एकूण बेरीज,XE23A301,Sewerage_foul,160.0
2024-25,WardOfficeNonPlan,WardOfficeNonPlan2425,8.0,"30, 33, 34, 42**",सिंहगड रोड क्षेत्रीय कार्यालय एकूण बेरीज,RE20A301,Roads,192.0
2024-25,WardOfficeNonPlan,WardOfficeNonPlan2425,8.0,"30, 33, 34, 42**",सिंहगड रोड क्षेत्रीय कार्यालय एकूण बेरीज,RE20C301,Electrical,125.0
2024-25,WardOfficeNonPlan,WardOfficeNonPlan2425,8.0,"30, 33, 34, 42**",सिंहगड रोड क्षेत्रीय कार्यालय एकूण बेरीज,RE22C301,Buildings,124.0
2024-25,WardOfficeNonPlan,WardOfficeNonPlan2425,8.0,"30, 33, 34, 42**",सिंहगड रोड क्षेत्रीय कार्यालय एकूण बेरीज,RE14B301,Slum,130.0
2024-25,WardOfficeNonPlan,WardOfficeNonPlan2425,8.0,"30, 33, 34, 42**",सिंहगड रोड क्षेत्रीय कार्यालय एकूण बेरीज,XE12B301,WaterSupply,
2024-25,WardOfficeNonPlan,WardOfficeNonPlan2425,8.0,"30, 33, 34, 42**",सिंहगड रोड क्षेत्रीय कार्यालय एकूण बेरीज,XE23A301,Sewerage_foul,236.0
2024-25,WardOfficeNonPlan,WardOfficeNonPlan2425,9.0,"13, 31, 32, 42**",वारजे - कर्वेनगर क्षेत्रीय कार्यालय एकूण बेरीज,RE20A301,Roads,95.0
2024-25,WardOfficeNonPlan,WardOfficeNonPlan2425,9.0,"13, 31, 32, 42**",वारजे - कर्वेनगर क्षेत्रीय कार्यालय एकूण बेरीज,RE20C301,Electrical,90.0
2024-25,WardOfficeNonPlan,WardOfficeNonPlan2425,9.0,"13, 31, 32, 42**",वारजे - कर्वेनगर क्षेत्रीय कार्यालय एकूण बेरीज,RE22C301,Buildings,100.0
2024-25,WardOfficeNonPlan,WardOfficeNonPlan2425,9.0,"13, 31, 32, 42**",वारजे - कर्वेनगर क्षेत्रीय कार्यालय एकूण बेरीज,RE14B301,Slum,85.0
2024-25,WardOfficeNonPlan,WardOfficeNonPlan2425,9.0,"13, 31, 32, 42**",वारजे - कर्वेनगर क्षेत्रीय कार्यालय एकूण बेरीज,XE12B301,WaterSupply,
2024-25,WardOfficeNonPlan,WardOfficeNonPlan2425,9.0,"13, 31, 32, 42**",वारजे - कर्वेनगर क्षेत्रीय कार्यालय एकूण बेरीज,XE23A301,Sewerage_foul,130.0
2024-25,WardOfficeNonPlan,WardOfficeNonPlan2425,10.0,"22, 23, 26, 42**",हडपसर - मुंढवा क्षेत्रीय कार्यालय एकूण बेरीज,RE20A301,Roads,88.0
2024-25,WardOfficeNonPlan,WardOfficeNonPlan2425,10.0,"22, 23, 26, 42**",हडपसर - मुंढवा क्षेत्रीय कार्यालय एकूण बेरीज,RE20C301,Electrical,125.0
2024-25,WardOfficeNonPlan,WardOfficeNonPlan2425,10.0,"22, 23, 26, 42**",हडपसर - मुंढवा क्षेत्रीय कार्यालय एकूण बेरीज,RE22C301,Buildings,112.0
2024-25,WardOfficeNonPlan,WardOfficeNonPlan2425,10.0,"22, 23, 26, 42**",हडपसर - मुंढवा क्षेत्रीय कार्यालय एकूण बेरीज,RE14B301,Slum,
2024-25,WardOfficeNonPlan,WardOfficeNonPlan2425,10.0,"22, 23, 26, 42**",हडपसर - मुंढवा क्षेत्रीय कार्यालय एकूण बेरीज,XE12B301,WaterSupply,
2024-25,WardOfficeNonPlan,WardOfficeNonPlan2425,10.0,"22, 23, 26, 42**",हडपसर - मुंढवा क्षेत्रीय कार्यालय एकूण बेरीज,XE23A301,Sewerage_foul,215.0
2024-25,WardOfficeNonPlan,WardOfficeNonPlan2425,11.0,"24***, 25, 27",वानवडी - रामटेकडी क्षेत्रीय कार्यालय एकूण बेरीज,RE20A301,Roads,185.0
2024-25,WardOfficeNonPlan,WardOfficeNonPlan2425,11.0,"24***, 25, 27",वानवडी - रामटेकडी क्षेत्रीय कार्यालय एकूण बेरीज,RE20C301,Electrical,75.0
2024-25,WardOfficeNonPlan,WardOfficeNonPlan2425,11.0,"24***, 25, 27",वानवडी - रामटेकडी क्षेत्रीय कार्यालय एकूण बेरीज,RE22C301,Buildings,135.0
2024-25,WardOfficeNonPlan,WardOfficeNonPlan2425,11.0,"24***, 25, 27",वानवडी - रामटेकडी क्षेत्रीय कार्यालय एकूण बेरीज,RE14B301,Slum,100.0
2024-25,WardOfficeNonPlan,WardOfficeNonPlan2425,11.0,"24***, 25, 27",वानवडी - रामटेकडी क्षेत्रीय कार्यालय एकूण बेरीज,XE12B301,WaterSupply,
2024-25,WardOfficeNonPlan,WardOfficeNonPlan2425,11.0,"24***, 25, 27",वानवडी - रामटेकडी क्षेत्रीय कार्यालय एकूण बेरीज,XE23A301,Sewerage_foul,195.0
2024-25,WardOfficeNonPlan,WardOfficeNonPlan2425,12.0,"38, 41, 42**",कोंढवा - येवलेवाडी क्षेत्रीय कार्यालय एकूण बेरीज,RE20A301,Roads,46.0
2024-25,WardOfficeNonPlan,WardOfficeNonPlan2425,12.0,"38, 41, 42**",कोंढवा - येवलेवाडी क्षेत्रीय कार्यालय एकूण बेरीज,RE20C301,Electrical,
2024-25,WardOfficeNonPlan,WardOfficeNonPlan2425,12.0,"38, 41, 42**",कोंढवा - येवलेवाडी क्षेत्रीय कार्यालय एकूण बेरीज,RE22C301,Buildings,53.0
2024-25,WardOfficeNonPlan,WardOfficeNonPlan2425,12.0,"38, 41, 42**",कोंढवा - येवलेवाडी क्षेत्रीय कार्यालय एकूण बेरीज,RE14B301,Slum,20.0
2024-25,WardOfficeNonPlan,WardOfficeNonPlan2425,12.0,"38, 41, 42**",कोंढवा - येवलेवाडी क्षेत्रीय कार्यालय एकूण बेरीज,XE12B301,WaterSupply,
2024-25,WardOfficeNonPlan,WardOfficeNonPlan2425,12.0,"38, 41, 42**",कोंढवा - येवलेवाडी क्षेत्रीय कार्यालय एकूण बेरीज,XE23A301,Sewerage_foul,106.0
2024-25,WardOfficeNonPlan,WardOfficeNonPlan2425,13.0,"15, 16, 29",कसबा - विश्रामबागवाडा क्षेत्रीय कार्यालय एकूण बेरीज,RE20A301,Roads,246.0
2024-25,WardOfficeNonPlan,WardOfficeNonPlan2425,13.0,"15, 16, 29",कसबा - विश्रामबागवाडा क्षेत्रीय कार्यालय एकूण बेरीज,RE20C301,Electrical,87.0
2024-25,WardOfficeNonPlan,WardOfficeNonPlan2425,13.0,"15, 16, 29",कसबा - विश्रामबागवाडा क्षेत्रीय कार्यालय एकूण बेरीज,RE22C301,Buildings,217.0
2024-25,WardOfficeNonPlan,WardOfficeNonPlan2425,13.0,"15, 16, 29",कसबा - विश्रामबागवाडा क्षेत्रीय कार्यालय एकूण बेरीज,RE14B301,Slum,176.0
2024-25,WardOfficeNonPlan,WardOfficeNonPlan2425,13.0,"15, 16, 29",कसबा - विश्रामबागवाडा क्षेत्रीय कार्यालय एकूण बेरीज,XE12B301,WaterSupply,
2024-25,WardOfficeNonPlan,WardOfficeNonPlan2425,13.0,"15, 16, 29",कसबा - विश्रामबागवाडा क्षेत्रीय कार्यालय एकूण बेरीज,XE23A301,Sewerage_foul,174.0
2024-25,WardOfficeNonPlan,WardOfficeNonPlan2425,14.0,"17, 18, 19",भवानी पेठ क्षेत्रीय कार्यालय एकूण बेरीज,RE20A301,Roads,175.0
2024-25,WardOfficeNonPlan,WardOfficeNonPlan2425,14.0,"17, 18, 19",भवानी पेठ क्षेत्रीय कार्यालय एकूण बेरीज,RE20C301,Electrical,110.0
2024-25,WardOfficeNonPlan,WardOfficeNonPlan2425,14.0,"17, 18, 19",भवानी पेठ क्षेत्रीय कार्यालय एकूण बेरीज,RE22C301,Buildings,250.0
2024-25,WardOfficeNonPlan,WardOfficeNonPlan2425,14.0,"17, 18, 19",भवानी पेठ क्षेत्रीय कार्यालय एकूण बेरीज,RE14B301,Slum,120.0
2024-25,WardOfficeNonPlan,WardOfficeNonPlan2425,14.0,"17, 18, 19",भवानी पेठ क्षेत्रीय कार्यालय एकूण बेरीज,XE12B301,WaterSupply,
2024-25,WardOfficeNonPlan,WardOfficeNonPlan2425,14.0,"17, 18, 19",भवानी पेठ क्षेत्रीय कार्यालय एकूण बेरीज,XE23A301,Sewerage_foul,245.0
2024-25,WardOfficeNonPlan,WardOfficeNonPlan2425,15.0,"28, 36, 37***",बिबवेवाडी क्षेत्रीय कार्यालय एकूण बेरीज,RE20A301,Roads,130.0
2024-25,WardOfficeNonPlan,WardOfficeNonPlan2425,15.0,"28, 36, 37***",बिबवेवाडी क्षेत्रीय कार्यालय एकूण बेरीज,RE20C301,Electrical,75.0
2024-25,WardOfficeNonPlan,WardOfficeNonPlan2425,15.0,"28, 36, 37***",बिबवेवाडी क्षेत्रीय कार्यालय एकूण बेरीज,RE22C301,Buildings,80.0
2024-25,WardOfficeNonPlan,WardOfficeNonPlan2425,15.0,"28, 36, 37***",बिबवेवाडी क्षेत्रीय कार्यालय एकूण बेरीज,RE14B301,Slum,30.0
2024-25,WardOfficeNonPlan,WardOfficeNonPlan2425,15.0,"28, 36, 37***",बिबवेवाडी क्षेत्रीय कार्यालय एकूण बेरीज,XE12B301,WaterSupply,
2024-25,WardOfficeNonPlan,WardOfficeNonPlan2425,15.0,"28, 36, 37***",बिबवेवाडी क्षेत्रीय कार्यालय एकूण बेरीज,XE23A301,Sewerage_foul,245.0
2024-25,CitizensPlan,CitizensPlan2425,1.0,"3, 4, 5, 42**",नगररोड - वडगावशेरी क्षेत्रीय कार्यालय एकूण बेरीज,CE20A119,Roads,31.0
2024-25,CitizensPlan,CitizensPlan2425,1.0,"3, 4, 5, 42**",नगररोड - वडगावशेरी क्षेत्रीय कार्यालय एकूण बेरीज,CE20C406,Electrical,17.0
2024-25,CitizensPlan,CitizensPlan2425,1.0,"3, 4, 5, 42**",नगररोड - वडगावशेरी क्षेत्रीय कार्यालय एकूण बेरीज,CE22A547,Buildings,
2024-25,CitizensPlan,CitizensPlan2425,1.0,"3, 4, 5, 42**",नगररोड - वडगावशेरी क्षेत्रीय कार्यालय एकूण बेरीज,FE14A121,Slum,
2024-25,CitizensPlan,CitizensPlan2425,1.0,"3, 4, 5, 42**",नगररोड - वडगावशेरी क्षेत्रीय कार्यालय एकूण बेरीज,ZE16A117,WaterSupply,
2024-25,CitizensPlan,CitizensPlan2425,1.0,"3, 4, 5, 42**",नगररोड - वडगावशेरी क्षेत्रीय कार्यालय एकूण बेरीज,ZE16B130,Sewerage_foul,69.0
2024-25,CitizensPlan,CitizensPlan2425,2.0,"1, 2, 6",येरवडा - कळस - धानोरी क्षेत्रीय कार्यालय एकूण बेरीज,CE20A119,Roads,
2024-25,CitizensPlan,CitizensPlan2425,2.0,"1, 2, 6",येरवडा - कळस - धानोरी क्षेत्रीय कार्यालय एकूण बेरीज,CE20C406,Electrical,
2024-25,CitizensPlan,CitizensPlan2425,2.0,"1, 2, 6",येरवडा - कळस - धानोरी क्षेत्रीय कार्यालय एकूण बेरीज,CE22A547,Buildings,
2024-25,CitizensPlan,CitizensPlan2425,2.0,"1, 2, 6",येरवडा - कळस - धानोरी क्षेत्रीय कार्यालय एकूण बेरीज,FE14A121,Slum,
2024-25,CitizensPlan,CitizensPlan2425,2.0,"1, 2, 6",येरवडा - कळस - धानोरी क्षेत्रीय कार्यालय एकूण बेरीज,ZE16A117,WaterSupply,
2024-25,CitizensPlan,CitizensPlan2425,2.0,"1, 2, 6",येरवडा - कळस - धानोरी क्षेत्रीय कार्यालय एकूण बेरीज,ZE16B130,Sewerage_foul,
2024-25,CitizensPlan,CitizensPlan2425,3.0,"20, 21",ढोलेपाटील क्षेत्रीय कार्यालय एकूण बेरीज,CE20A119,Roads,
2024-25,CitizensPlan,CitizensPlan2425,3.0,"20, 21",ढोलेपाटील क्षेत्रीय कार्यालय एकूण बेरीज,CE20C406,Electrical,
2024-25,CitizensPlan,CitizensPlan2425,3.0,"20, 21",ढोलेपाटील क्षेत्रीय कार्यालय एकूण बेरीज,CE22A547,Buildings,
2024-25,CitizensPlan,CitizensPlan2425,3.0,"20, 21",ढोलेपाटील क्षेत्रीय कार्यालय एकूण बेरीज,FE14A121,Slum,
2024-25,CitizensPlan,CitizensPlan2425,3.0,"20, 21",ढोलेपाटील क्षेत्रीय कार्यालय एकूण बेरीज,ZE16A117,WaterSupply,
2024-25,CitizensPlan,CitizensPlan2425,3.0,"20, 21",ढोलेपाटील क्षेत्रीय कार्यालय एकूण बेरीज,ZE16B130,Sewerage_foul,
2024-25,CitizensPlan,CitizensPlan2425,4.0,"8, 9",औंध - बाणेर क्षेत्रीय कार्यालय एकूण बेरीज,CE20A119,Roads,
2024-25,CitizensPlan,CitizensPlan2425,4.0,"8, 9",औंध - बाणेर क्षेत्रीय कार्यालय एकूण बेरीज,CE20C406,Electrical,
2024-25,CitizensPlan,CitizensPlan2425,4.0,"8, 9",औंध - बाणेर क्षेत्रीय कार्यालय एकूण बेरीज,CE22A547,Buildings,
2024-25,CitizensPlan,CitizensPlan2425,4.0,"8, 9",औंध - बाणेर क्षेत्रीय कार्यालय एकूण बेरीज,FE14A121,Slum,
2024-25,CitizensPlan,CitizensPlan2425,4.0,"8, 9",औंध - बाणेर क्षेत्रीय कार्यालय एकूण बेरीज,ZE16A117,WaterSupply,
2024-25,CitizensPlan,CitizensPlan2425,4.0,"8, 9",औंध - बाणेर क्षेत्रीय कार्यालय एकूण बेरीज,ZE16B130,Sewerage_foul,
2024-25,CitizensPlan,CitizensPlan2425,5.0,"7, 14",शिवाजीनगर - घोले रोड क्षेत्रीय कार्यालय एकूण बेरीज,CE20A119,Roads,
2024-25,CitizensPlan,CitizensPlan2425,5.0,"7, 14",शिवाजीनगर - घोले रोड क्षेत्रीय कार्यालय एकूण बेरीज,CE20C406,Electrical,
2024-25,CitizensPlan,CitizensPlan2425,5.0,"7, 14",शिवाजीनगर - घोले रोड क्षेत्रीय कार्यालय एकूण बेरीज,CE22A547,Buildings,
2024-25,CitizensPlan,CitizensPlan2425,5.0,"7, 14",शिवाजीनगर - घोले रोड क्षेत्रीय कार्यालय एकूण बेरीज,FE14A121,Slum,
2024-25,CitizensPlan,CitizensPlan2425,5.0,"7, 14",शिवाजीनगर - घोले रोड क्षेत्रीय कार्यालय एकूण बेरीज,ZE16A117,WaterSupply,
2024-25,CitizensPlan,CitizensPlan2425,5.0,"7, 14",शिवाजीनगर - घोले रोड क्षेत्रीय कार्यालय एकूण बेरीज,ZE16B130,Sewerage_foul,
2024-25,CitizensPlan,CitizensPlan2425,6.0,"10, 11, 12",कोथरूड - बावधन क्षेत्रीय कार्यालय एकूण बेरीज,CE20A119,Roads,
2024-25,CitizensPlan,CitizensPlan2425,6.0,"10, 11, 12",कोथरूड - बावधन क्षेत्रीय कार्यालय एकूण बेरीज,CE20C406,Electrical,
2024-25,CitizensPlan,CitizensPlan2425,6.0,"10, 11, 12",कोथरूड - बावधन क्षेत्रीय कार्यालय एकूण बेरीज,CE22A547,Buildings,
2024-25,CitizensPlan,CitizensPlan2425,6.0,"10, 11, 12",कोथरूड - बावधन क्षेत्रीय कार्यालय एकूण बेरीज,FE14A121,Slum,
2024-25,CitizensPlan,CitizensPlan2425,6.0,"10, 11, 12",कोथरूड - बावधन क्षेत्रीय कार्यालय एकूण बेरीज,ZE16A117,WaterSupply,
2024-25,CitizensPlan,CitizensPlan2425,6.0,"10, 11, 12",कोथरूड - बावधन क्षेत्रीय कार्यालय एकूण बेरीज,ZE16B130,Sewerage_foul,
2024-25,CitizensPlan,CitizensPlan2425,7.0,"35, 39, 40, 42**",धनकवडी - सहकारनगर क्षेत्रीय कार्यालय एकूण बेरीज,CE20A119,Roads,18.0
2024-25,CitizensPlan,CitizensPlan2425,7.0,"35, 39, 40, 42**",धनकवडी - सहकारनगर क्षेत्रीय कार्यालय एकूण बेरीज,CE20C406,Electrical,35.0
2024-25,CitizensPlan,CitizensPlan2425,7.0,"35, 39, 40, 42**",धनकवडी - सहकारनगर क्षेत्रीय कार्यालय एकूण बेरीज,CE22A547,Buildings,35.0
2024-25,CitizensPlan,CitizensPlan2425,7.0,"35, 39, 40, 42**",धनकवडी - सहकारनगर क्षेत्रीय कार्यालय एकूण बेरीज,FE14A121,Slum,5.0
2024-25,CitizensPlan,CitizensPlan2425,7.0,"35, 39, 40, 42**",धनकवडी - सहकारनगर क्षेत्रीय कार्यालय एकूण बेरीज,ZE16A117,WaterSupply,
2024-25,CitizensPlan,CitizensPlan2425,7.0,"35, 39, 40, 42**",धनकवडी - सहकारनगर क्षेत्रीय कार्यालय एकूण बेरीज,ZE16B130,Sewerage_foul,30.0
2024-25,CitizensPlan,CitizensPlan2425,8.0,"30, 33, 34, 42**",सिंहगड रोड क्षेत्रीय कार्यालय एकूण बेरीज,CE20A119,Roads,43.0
2024-25,CitizensPlan,CitizensPlan2425,8.0,"30, 33, 34, 42**",सिंहगड रोड क्षेत्रीय कार्यालय एकूण बेरीज,CE20C406,Electrical,37.0
2024-25,CitizensPlan,CitizensPlan2425,8.0,"30, 33, 34, 42**",सिंहगड रोड क्षेत्रीय कार्यालय एकूण बेरीज,CE22A547,Buildings,10.0
2024-25,CitizensPlan,CitizensPlan2425,8.0,"30, 33, 34, 42**",सिंहगड रोड क्षेत्रीय कार्यालय एकूण बेरीज,FE14A121,Slum,
2024-25,CitizensPlan,CitizensPlan2425,8.0,"30, 33, 34, 42**",सिंहगड रोड क्षेत्रीय कार्यालय एकूण बेरीज,ZE16A117,WaterSupply,
2024-25,CitizensPlan,CitizensPlan2425,8.0,"30, 33, 34, 42**",सिंहगड रोड क्षेत्रीय कार्यालय एकूण बेरीज,ZE16B130,Sewerage_foul,20.0
2024-25,CitizensPlan,CitizensPlan2425,9.0,"13, 31, 32, 42**",वारजे - कर्वेनगर क्षेत्रीय कार्यालय एकूण बेरीज,CE20A119,Roads,49.0
2024-25,CitizensPlan,CitizensPlan2425,9.0,"13, 31, 32, 42**",वारजे - कर्वेनगर क्षेत्रीय कार्यालय एकूण बेरीज,CE20C406,Electrical,25.0
2024-25,CitizensPlan,CitizensPlan2425,9.0,"13, 31, 32, 42**",वारजे - कर्वेनगर क्षेत्रीय कार्यालय एकूण बेरीज,CE22A547,Buildings,
2024-25,CitizensPlan,CitizensPlan2425,9.0,"13, 31, 32, 42**",वारजे - कर्वेनगर क्षेत्रीय कार्यालय एकूण बेरीज,FE14A121,Slum,15.0
2024-25,CitizensPlan,CitizensPlan2425,9.0,"13, 31, 32, 42**",वारजे - कर्वेनगर क्षेत्रीय कार्यालय एकूण बेरीज,ZE16A117,WaterSupply,
2024-25,CitizensPlan,CitizensPlan2425,9.0,"13, 31, 32, 42**",वारजे - कर्वेनगर क्षेत्रीय कार्यालय एकूण बेरीज,ZE16B130,Sewerage_foul,55.0
2024-25,CitizensPlan,CitizensPlan2425,10.0,"22, 23, 26, 42**",हडपसर - मुंढवा क्षेत्रीय कार्यालय एकूण बेरीज,CE20A119,Roads,65.0
2024-25,CitizensPlan,CitizensPlan2425,10.0,"22, 23, 26, 42**",हडपसर - मुंढवा क्षेत्रीय कार्यालय एकूण बेरीज,CE20C406,Electrical,69.0
2024-25,CitizensPlan,CitizensPlan2425,10.0,"22, 23, 26, 42**",हडपसर - मुंढवा क्षेत्रीय कार्यालय एकूण बेरीज,CE22A547,Buildings,5.0
2024-25,CitizensPlan,CitizensPlan2425,10.0,"22, 23, 26, 42**",हडपसर - मुंढवा क्षेत्रीय कार्यालय एकूण बेरीज,FE14A121,Slum,
2024-25,CitizensPlan,CitizensPlan2425,10.0,"22, 23, 26, 42**",हडपसर - मुंढवा क्षेत्रीय कार्यालय एकूण बेरीज,ZE16A117,WaterSupply,
2024-25,CitizensPlan,CitizensPlan2425,10.0,"22, 23, 26, 42**",हडपसर - मुंढवा क्षेत्रीय कार्यालय एकूण बेरीज,ZE16B130,Sewerage_foul,69.0
2024-25,CitizensPlan,CitizensPlan2425,11.0,"24***, 25, 27",वानवडी - रामटेकडी क्षेत्रीय कार्यालय एकूण बेरीज,CE20A119,Roads,
2024-25,CitizensPlan,CitizensPlan2425,11.0,"24***, 25, 27",वानवडी - रामटेकडी क्षेत्रीय कार्यालय एकूण बेरीज,CE20C406,Electrical,5.0
2024-25,CitizensPlan,CitizensPlan2425,11.0,"24***, 25, 27",वानवडी - रामटेकडी क्षेत्रीय कार्यालय एकूण बेरीज,CE22A547,Buildings,
2024-25,CitizensPlan,CitizensPlan2425,11.0,"24***, 25, 27",वानवडी - रामटेकडी क्षेत्रीय कार्यालय एकूण बेरीज,FE14A121,Slum,
2024-25,CitizensPlan,CitizensPlan2425,11.0,"24***, 25, 27",वानवडी - रामटेकडी क्षेत्रीय कार्यालय एकूण बेरीज,ZE16A117,WaterSupply,
2024-25,CitizensPlan,CitizensPlan2425,11.0,"24***, 25, 27",वानवडी - रामटेकडी क्षेत्रीय कार्यालय एकूण बेरीज,ZE16B130,Sewerage_foul,50.0
2024-25,CitizensPlan,CitizensPlan2425,12.0,"38, 41, 42**",कोंढवा - येवलेवाडी क्षेत्रीय कार्यालय एकूण बेरीज,CE20A119,Roads,67.0
2024-25,CitizensPlan,CitizensPlan2425,12.0,"38, 41, 42**",कोंढवा - येवलेवाडी क्षेत्रीय कार्यालय एकूण बेरीज,CE20C406,Electrical,24.0
2024-25,CitizensPlan,CitizensPlan2425,12.0,"38, 41, 42**",कोंढवा - येवलेवाडी क्षेत्रीय कार्यालय एकूण बेरीज,CE22A547,Buildings,
2024-25,CitizensPlan,CitizensPlan2425,12.0,"38, 41, 42**",कोंढवा - येवलेवाडी क्षेत्रीय कार्यालय एकूण बेरीज,FE14A121,Slum,
2024-25,CitizensPlan,CitizensPlan2425,12.0,"38, 41, 42**",कोंढवा - येवलेवाडी क्षेत्रीय कार्यालय एकूण बेरीज,ZE16A117,WaterSupply,
2024-25,CitizensPlan,CitizensPlan2425,12.0,"38, 41, 42**",कोंढवा - येवलेवाडी क्षेत्रीय कार्यालय एकूण बेरीज,ZE16B130,Sewerage_foul,57.0
2024-25,CitizensPlan,CitizensPlan2425,13.0,"15, 16, 29",कसबा - विश्रामबागवाडा क्षेत्रीय कार्यालय एकूण बेरीज,CE20A119,Roads,
2024-25,CitizensPlan,CitizensPlan2425,13.0,"15, 16, 29",कसबा - विश्रामबागवाडा क्षेत्रीय कार्यालय एकूण बेरीज,CE20C406,Electrical,
2024-25,CitizensPlan,CitizensPlan2425,13.0,"15, 16, 29",कसबा - विश्रामबागवाडा क्षेत्रीय कार्यालय एकूण बेरीज,CE22A547,Buildings,
2024-25,CitizensPlan,CitizensPlan2425,13.0,"15, 16, 29",कसबा - विश्रामबागवाडा क्षेत्रीय कार्यालय एकूण बेरीज,FE14A121,Slum,
2024-25,CitizensPlan,CitizensPlan2425,13.0,"15, 16, 29",कसबा - विश्रामबागवाडा क्षेत्रीय कार्यालय एकूण बेरीज,ZE16A117,WaterSupply,
2024-25,CitizensPlan,CitizensPlan2425,13.0,"15, 16, 29",कसबा - विश्रामबागवाडा क्षेत्रीय कार्यालय एकूण बेरीज,ZE16B130,Sewerage_foul,
2024-25,CitizensPlan,CitizensPlan2425,14.0,"17, 18, 19",भवानी पेठ क्षेत्रीय कार्यालय एकूण बेरीज,CE20A119,Roads,
2024-25,CitizensPlan,CitizensPlan2425,14.0,"17, 18, 19",भवानी पेठ क्षेत्रीय कार्यालय एकूण बेरीज,CE20C406,Electrical,
2024-25,CitizensPlan,CitizensPlan2425,14.0,"17, 18, 19",भवानी पेठ क्षेत्रीय कार्यालय एकूण बेरीज,CE22A547,Buildings,
2024-25,CitizensPlan,CitizensPlan2425,14.0,"17, 18, 19",भवानी पेठ क्षेत्रीय कार्यालय एकूण बेरीज,FE14A121,Slum,
2024-25,CitizensPlan,CitizensPlan2425,14.0,"17, 18, 19",भवानी पेठ क्षेत्रीय कार्यालय एकूण बेरीज,ZE16A117,WaterSupply,
2024-25,CitizensPlan,CitizensPlan2425,14.0,"17, 18, 19",भवानी पेठ क्षेत्रीय कार्यालय एकूण बेरीज,ZE16B130,Sewerage_foul,
2024-25,CitizensPlan,CitizensPlan2425,15.0,"28, 36, 37***",बिबवेवाडी क्षेत्रीय कार्यालय एकूण बेरीज,CE20A119,Roads,15.0
2024-25,CitizensPlan,CitizensPlan2425,15.0,"28, 36, 37***",बिबवेवाडी क्षेत्रीय कार्यालय एकूण बेरीज,CE20C406,Electrical,10.0
2024-25,CitizensPlan,CitizensPlan2425,15.0,"28, 36, 37***",बिबवेवाडी क्षेत्रीय कार्यालय एकूण बेरीज,CE22A547,Buildings,55.0
2024-25,CitizensPlan,CitizensPlan2425,15.0,"28, 36, 37***",बिबवेवाडी क्षेत्रीय कार्यालय एकूण बेरीज,FE14A121,Slum,10.0
2024-25,CitizensPlan,CitizensPlan2425,15.0,"28, 36, 37***",बिबवेवाडी क्षेत्रीय कार्यालय एकूण बेरीज,ZE16A117,WaterSupply,
2024-25,CitizensPlan,CitizensPlan2425,15.0,"28, 36, 37***",बिबवेवाडी क्षेत्रीय कार्यालय एकूण बेरीज,ZE16B130,Sewerage_foul,45.0
2024-25,CitizensNonPlan,CitizensNonPlan2425,1.0,"3, 4, 5, 42**",नगररोड - वडगावशेरी क्षेत्रीय कार्यालय एकूण बेरीज,RE20A302,Roads,40.0
2024-25,CitizensNonPlan,CitizensNonPlan2425,1.0,"3, 4, 5, 42**",नगररोड - वडगावशेरी क्षेत्रीय कार्यालय एकूण बेरीज,RE20C302,Electrical,15.0
2024-25,CitizensNonPlan,CitizensNonPlan2425,1.0,"3, 4, 5, 42**",नगररोड - वडगावशेरी क्षेत्रीय कार्यालय एकूण बेरीज,RE22C302,Buildings,
2024-25,CitizensNonPlan,CitizensNonPlan2425,1.0,"3, 4, 5, 42**",नगररोड - वडगावशेरी क्षेत्रीय कार्यालय एकूण बेरीज,RE14B302,Slum,13.0
2024-25,CitizensNonPlan,CitizensNonPlan2425,1.0,"3, 4, 5, 42**",नगररोड - वडगावशेरी क्षेत्रीय कार्यालय एकूण बेरीज,XE12B302,WaterSupply,
2024-25,CitizensNonPlan,CitizensNonPlan2425,1.0,"3, 4, 5, 42**",नगररोड - वडगावशेरी क्षेत्रीय कार्यालय एकूण बेरीज,XE23A302,Sewerage_foul,123.0
2024-25,CitizensNonPlan,CitizensNonPlan2425,2.0,"1, 2, 6",येरवडा - कळस - धानोरी क्षेत्रीय कार्यालय एकूण बेरीज,RE20A302,Roads,75.0
2024-25,CitizensNonPlan,CitizensNonPlan2425,2.0,"1, 2, 6",येरवडा - कळस - धानोरी क्षेत्रीय कार्यालय एकूण बेरीज,RE20C302,Electrical,
2024-25,CitizensNonPlan,CitizensNonPlan2425,2.0,"1, 2, 6",येरवडा - कळस - धानोरी क्षेत्रीय कार्यालय एकूण बेरीज,RE22C302,Buildings,75.0
2024-25,CitizensNonPlan,CitizensNonPlan2425,2.0,"1, 2, 6",येरवडा - कळस - धानोरी क्षेत्रीय कार्यालय एकूण बेरीज,RE14B302,Slum,30.0
2024-25,CitizensNonPlan,CitizensNonPlan2425,2.0,"1, 2, 6",येरवडा - कळस - धानोरी क्षेत्रीय कार्यालय एकूण बेरीज,XE12B302,WaterSupply,
2024-25,CitizensNonPlan,CitizensNonPlan2425,2.0,"1, 2, 6",येरवडा - कळस - धानोरी क्षेत्रीय कार्यालय एकूण बेरीज,XE23A302,Sewerage_foul,120.0
2024-25,CitizensNonPlan,CitizensNonPlan2425,3.0,"20, 21",ढोलेपाटील क्षेत्रीय कार्यालय एकूण बेरीज,RE20A302,Roads,54.0
2024-25,CitizensNonPlan,CitizensNonPlan2425,3.0,"20, 21",ढोलेपाटील क्षेत्रीय कार्यालय एकूण बेरीज,RE20C302,Electrical,32.0
2024-25,CitizensNonPlan,CitizensNonPlan2425,3.0,"20, 21",ढोलेपाटील क्षेत्रीय कार्यालय एकूण बेरीज,RE22C302,Buildings,28.0
2024-25,CitizensNonPlan,CitizensNonPlan2425,3.0,"20, 21",ढोलेपाटील क्षेत्रीय कार्यालय एकूण बेरीज,RE14B302,Slum,34.0
2024-25,CitizensNonPlan,CitizensNonPlan2425,3.0,"20, 21",ढोलेपाटील क्षेत्रीय कार्यालय एकूण बेरीज,XE12B302,WaterSupply,3.0
2024-25,CitizensNonPlan,CitizensNonPlan2425,3.0,"20, 21",ढोलेपाटील क्षेत्रीय कार्यालय एकूण बेरीज,XE23A302,Sewerage_foul,49.0
2024-25,CitizensNonPlan,CitizensNonPlan2425,4.0,"8, 9",औंध - बाणेर क्षेत्रीय कार्यालय एकूण बेरीज,RE20A302,Roads,45.0
2024-25,CitizensNonPlan,CitizensNonPlan2425,4.0,"8, 9",औंध - बाणेर क्षेत्रीय कार्यालय एकूण बेरीज,RE20C302,Electrical,40.0
2024-25,CitizensNonPlan,CitizensNonPlan2425,4.0,"8, 9",औंध - बाणेर क्षेत्रीय कार्यालय एकूण बेरीज,RE22C302,Buildings,40.0
2024-25,CitizensNonPlan,CitizensNonPlan2425,4.0,"8, 9",औंध - बाणेर क्षेत्रीय कार्यालय एकूण बेरीज,RE14B302,Slum,30.0
2024-25,CitizensNonPlan,CitizensNonPlan2425,4.0,"8, 9",औंध - बाणेर क्षेत्रीय कार्यालय एकूण बेरीज,XE12B302,WaterSupply,
2024-25,CitizensNonPlan,CitizensNonPlan2425,4.0,"8, 9",औंध - बाणेर क्षेत्रीय कार्यालय एकूण बेरीज,XE23A302,Sewerage_foul,45.0
2024-25,CitizensNonPlan,CitizensNonPlan2425,5.0,"7, 14",शिवाजीनगर - घोले रोड क्षेत्रीय कार्यालय एकूण बेरीज,RE20A302,Roads,40.0
2024-25,CitizensNonPlan,CitizensNonPlan2425,5.0,"7, 14",शिवाजीनगर - घोले रोड क्षेत्रीय कार्यालय एकूण बेरीज,RE20C302,Electrical,40.0
2024-25,CitizensNonPlan,CitizensNonPlan2425,5.0,"7, 14",शिवाजीनगर - घोले रोड क्षेत्रीय कार्यालय एकूण बेरीज,RE22C302,Buildings,40.0
2024-25,CitizensNonPlan,CitizensNonPlan2425,5.0,"7, 14",शिवाजीनगर - घोले रोड क्षेत्रीय कार्यालय एकूण बेरीज,RE14B302,Slum,40.0
2024-25,CitizensNonPlan,CitizensNonPlan2425,5.0,"7, 14",शिवाजीनगर - घोले रोड क्षेत्रीय कार्यालय एकूण बेरीज,XE12B302,WaterSupply,
2024-25,CitizensNonPlan,CitizensNonPlan2425,5.0,"7, 14",शिवाजीनगर - घोले रोड क्षेत्रीय कार्यालय एकूण बेरीज,XE23A302,Sewerage_foul,40.0
2024-25,CitizensNonPlan,CitizensNonPlan2425,6.0,"10, 11, 12",कोथरूड - बावधन क्षेत्रीय कार्यालय एकूण बेरीज,RE20A302,Roads,55.0
2024-25,CitizensNonPlan,CitizensNonPlan2425,6.0,"10, 11, 12",कोथरूड - बावधन क्षेत्रीय कार्यालय एकूण बेरीज,RE20C302,Electrical,45.0
2024-25,CitizensNonPlan,CitizensNonPlan2425,6.0,"10, 11, 12",कोथरूड - बावधन क्षेत्रीय कार्यालय एकूण बेरीज,RE22C302,Buildings,75.0
2024-25,CitizensNonPlan,CitizensNonPlan2425,6.0,"10, 11, 12",कोथरूड - बावधन क्षेत्रीय कार्यालय एकूण बेरीज,RE14B302,Slum,55.0
2024-25,CitizensNonPlan,CitizensNonPlan2425,6.0,"10, 11, 12",कोथरूड - बावधन क्षेत्रीय कार्यालय एकूण बेरीज,XE12B302,WaterSupply,
2024-25,CitizensNonPlan,CitizensNonPlan2425,6.0,"10, 11, 12",कोथरूड - बावधन क्षेत्रीय कार्यालय एकूण बेरीज,XE23A302,Sewerage_foul,70.0
2024-25,CitizensNonPlan,CitizensNonPlan2425,7.0,"35, 39, 40, 42**",धनकवडी - सहकारनगर क्षेत्रीय कार्यालय एकूण बेरीज,RE20A302,Roads,70.0
2024-25,CitizensNonPlan,CitizensNonPlan2425,7.0,"35, 39, 40, 42**",धनकवडी - सहकारनगर क्षेत्रीय कार्यालय एकूण बेरीज,RE20C302,Electrical,25.0
2024-25,CitizensNonPlan,CitizensNonPlan2425,7.0,"35, 39, 40, 42**",धनकवडी - सहकारनगर क्षेत्रीय कार्यालय एकूण बेरीज,RE22C302,Buildings,20.0
2024-25,CitizensNonPlan,CitizensNonPlan2425,7.0,"35, 39, 40, 42**",धनकवडी - सहकारनगर क्षेत्रीय कार्यालय एकूण बेरीज,RE14B302,Slum,5.0
2024-25,CitizensNonPlan,CitizensNonPlan2425,7.0,"35, 39, 40, 42**",धनकवडी - सहकारनगर क्षेत्रीय कार्यालय एकूण बेरीज,XE12B302,WaterSupply,
2024-25,CitizensNonPlan,CitizensNonPlan2425,7.0,"35, 39, 40, 42**",धनकवडी - सहकारनगर क्षेत्रीय कार्यालय एकूण बेरीज,XE23A302,Sewerage_foul,65.0
2024-25,CitizensNonPlan,CitizensNonPlan2425,8.0,"30, 33, 34, 42**",सिंहगड रोड क्षेत्रीय कार्यालय एकूण बेरीज,RE20A302,Roads,65.0
2024-25,CitizensNonPlan,CitizensNonPlan2425,8.0,"30, 33, 34, 42**",सिंहगड रोड क्षेत्रीय कार्यालय एकूण बेरीज,RE20C302,Electrical,13.0
2024-25,CitizensNonPlan,CitizensNonPlan2425,8.0,"30, 33, 34, 42**",सिंहगड रोड क्षेत्रीय कार्यालय एकूण बेरीज,RE22C302,Buildings,51.0
2024-25,CitizensNonPlan,CitizensNonPlan2425,8.0,"30, 33, 34, 42**",सिंहगड रोड क्षेत्रीय कार्यालय एकूण बेरीज,RE14B302,Slum,24.0
2024-25,CitizensNonPlan,CitizensNonPlan2425,8.0,"30, 33, 34, 42**",सिंहगड रोड क्षेत्रीय कार्यालय एकूण बेरीज,XE12B302,WaterSupply,
2024-25,CitizensNonPlan,CitizensNonPlan2425,8.0,"30, 33, 34, 42**",सिंहगड रोड क्षेत्रीय कार्यालय एकूण बेरीज,XE23A302,Sewerage_foul,45.0
2024-25,CitizensNonPlan,CitizensNonPlan2425,9.0,"13, 31, 32, 42**",वारजे - कर्वेनगर क्षेत्रीय कार्यालय एकूण बेरीज,RE20A302,Roads,45.0
2024-25,CitizensNonPlan,CitizensNonPlan2425,9.0,"13, 31, 32, 42**",वारजे - कर्वेनगर क्षेत्रीय कार्यालय एकूण बेरीज,RE20C302,Electrical,30.0
2024-25,CitizensNonPlan,CitizensNonPlan2425,9.0,"13, 31, 32, 42**",वारजे - कर्वेनगर क्षेत्रीय कार्यालय एकूण बेरीज,RE22C302,Buildings,30.0
2024-25,CitizensNonPlan,CitizensNonPlan2425,9.0,"13, 31, 32, 42**",वारजे - कर्वेनगर क्षेत्रीय कार्यालय एकूण बेरीज,RE14B302,Slum,10.0
2024-25,CitizensNonPlan,CitizensNonPlan2425,9.0,"13, 31, 32, 42**",वारजे - कर्वेनगर क्षेत्रीय कार्यालय एकूण बेरीज,XE12B302,WaterSupply,
2024-25,CitizensNonPlan,CitizensNonPlan2425,9.0,"13, 31, 32, 42**",वारजे - कर्वेनगर क्षेत्रीय कार्यालय एकूण बेरीज,XE23A302,Sewerage_foul,49.0
2024-25,CitizensNonPlan,CitizensNonPlan2425,10.0,"22, 23, 26, 42**",हडपसर - मुंढवा क्षेत्रीय कार्यालय एकूण बेरीज,RE20A302,Roads,55.0
2024-25,CitizensNonPlan,CitizensNonPlan2425,10.0,"22, 23, 26, 42**",हडपसर - मुंढवा क्षेत्रीय कार्यालय एकूण बेरीज,RE20C302,Electrical,
2024-25,CitizensNonPlan,CitizensNonPlan2425,10.0,"22, 23, 26, 42**",हडपसर - मुंढवा क्षेत्रीय कार्यालय एकूण बेरीज,RE22C302,Buildings,5.0
2024-25,CitizensNonPlan,CitizensNonPlan2425,10.0,"22, 23, 26, 42**",हडपसर - मुंढवा क्षेत्रीय कार्यालय एकूण बेरीज,RE14B302,Slum,
2024-25,CitizensNonPlan,CitizensNonPlan2425,10.0,"22, 23, 26, 42**",हडपसर - मुंढवा क्षेत्रीय कार्यालय एकूण बेरीज,XE12B302,WaterSupply,
2024-25,CitizensNonPlan,CitizensNonPlan2425,10.0,"22, 23, 26, 42**",हडपसर - मुंढवा क्षेत्रीय कार्यालय एकूण बेरीज,XE23A302,Sewerage_foul,40.0
2024-25,CitizensNonPlan,CitizensNonPlan2425,11.0,"24***, 25, 27",वानवडी - रामटेकडी क्षेत्रीय कार्यालय एकूण बेरीज,RE20A302,Roads,100.0
2024-25,CitizensNonPlan,CitizensNonPlan2425,11.0,"24***, 25, 27",वानवडी - रामटेकडी क्षेत्रीय कार्यालय एकूण बेरीज,RE20C302,Electrical,10.0
2024-25,CitizensNonPlan,CitizensNonPlan2425,11.0,"24***, 25, 27",वानवडी - रामटेकडी क्षेत्रीय कार्यालय एकूण बेरीज,RE22C302,Buildings,45.0
2024-25,CitizensNonPlan,CitizensNonPlan2425,11.0,"24***, 25, 27",वानवडी - रामटेकडी क्षेत्रीय कार्यालय एकूण बेरीज,RE14B302,Slum,20.0
2024-25,CitizensNonPlan,CitizensNonPlan2425,11.0,"24***, 25, 27",वानवडी - रामटेकडी क्षेत्रीय कार्यालय एकूण बेरीज,XE12B302,WaterSupply,
2024-25,CitizensNonPlan,CitizensNonPlan2425,11.0,"24***, 25, 27",वानवडी - रामटेकडी क्षेत्रीय कार्यालय एकूण बेरीज,XE23A302,Sewerage_foul,45.0
2024-25,CitizensNonPlan,CitizensNonPlan2425,12.0,"38, 41, 42**",कोंढवा - येवलेवाडी क्षेत्रीय कार्यालय एकूण बेरीज,RE20A302,Roads,8.0
2024-25,CitizensNonPlan,CitizensNonPlan2425,12.0,"38, 41, 42**",कोंढवा - येवलेवाडी क्षेत्रीय कार्यालय एकूण बेरीज,RE20C302,Electrical,17.0
2024-25,CitizensNonPlan,CitizensNonPlan2425,12.0,"38, 41, 42**",कोंढवा - येवलेवाडी क्षेत्रीय कार्यालय एकूण बेरीज,RE22C302,Buildings,10.0
2024-25,CitizensNonPlan,CitizensNonPlan2425,12.0,"38, 41, 42**",कोंढवा - येवलेवाडी क्षेत्रीय कार्यालय एकूण बेरीज,RE14B302,Slum,
2024-25,CitizensNonPlan,CitizensNonPlan2425,12.0,"38, 41, 42**",कोंढवा - येवलेवाडी क्षेत्रीय कार्यालय एकूण बेरीज,XE12B302,WaterSupply,
2024-25,CitizensNonPlan,CitizensNonPlan2425,12.0,"38, 41, 42**",कोंढवा - येवलेवाडी क्षेत्रीय कार्यालय एकूण बेरीज,XE23A302,Sewerage_foul,25.0
2024-25,CitizensNonPlan,CitizensNonPlan2425,13.0,"15, 16, 29",कसबा - विश्रामबागवाडा क्षेत्रीय कार्यालय एकूण बेरीज,RE20A302,Roads,78.0
2024-25,CitizensNonPlan,CitizensNonPlan2425,13.0,"15, 16, 29",कसबा - विश्रामबागवाडा क्षेत्रीय कार्यालय एकूण बेरीज,RE20C302,Electrical,18.0
2024-25,CitizensNonPlan,CitizensNonPlan2425,13.0,"15, 16, 29",कसबा - विश्रामबागवाडा क्षेत्रीय कार्यालय एकूण बेरीज,RE22C302,Buildings,64.0
2024-25,CitizensNonPlan,CitizensNonPlan2425,13.0,"15, 16, 29",कसबा - विश्रामबागवाडा क्षेत्रीय कार्यालय एकूण बेरीज,RE14B302,Slum,57.0
2024-25,CitizensNonPlan,CitizensNonPlan2425,13.0,"15, 16, 29",कसबा - विश्रामबागवाडा क्षेत्रीय कार्यालय एकूण बेरीज,XE12B302,WaterSupply,3.0
2024-25,CitizensNonPlan,CitizensNonPlan2425,13.0,"15, 16, 29",कसबा - विश्रामबागवाडा क्षेत्रीय कार्यालय एकूण बेरीज,XE23A302,Sewerage_foul,80.0
2024-25,CitizensNonPlan,CitizensNonPlan2425,14.0,"17, 18, 19",भवानी पेठ क्षेत्रीय कार्यालय एकूण बेरीज,RE20A302,Roads,35.0
2024-25,CitizensNonPlan,CitizensNonPlan2425,14.0,"17, 18, 19",भवानी पेठ क्षेत्रीय कार्यालय एकूण बेरीज,RE20C302,Electrical,80.0
2024-25,CitizensNonPlan,CitizensNonPlan2425,14.0,"17, 18, 19",भवानी पेठ क्षेत्रीय कार्यालय एकूण बेरीज,RE22C302,Buildings,30.0
2024-25,CitizensNonPlan,CitizensNonPlan2425,14.0,"17, 18, 19",भवानी पेठ क्षेत्रीय कार्यालय एकूण बेरीज,RE14B302,Slum,40.0
2024-25,CitizensNonPlan,CitizensNonPlan2425,14.0,"17, 18, 19",भवानी पेठ क्षेत्रीय कार्यालय एकूण बेरीज,XE12B302,WaterSupply,
2024-25,CitizensNonPlan,CitizensNonPlan2425,14.0,"17, 18, 19",भवानी पेठ क्षेत्रीय कार्यालय एकूण बेरीज,XE23A302,Sewerage_foul,115.0
2024-25,CitizensNonPlan,CitizensNonPlan2425,15.0,"28, 36, 37***",बिबवेवाडी क्षेत्रीय कार्यालय एकूण बेरीज,RE20A302,Roads,25.0
2024-25,CitizensNonPlan,CitizensNonPlan2425,15.0,"28, 36, 37***",बिबवेवाडी क्षेत्रीय कार्यालय एकूण बेरीज,RE20C302,Electrical,5.0
2024-25,CitizensNonPlan,CitizensNonPlan2425,15.0,"28, 36, 37***",बिबवेवाडी क्षेत्रीय कार्यालय एकूण बेरीज,RE22C302,Buildings,10.0
2024-25,CitizensNonPlan,CitizensNonPlan2425,15.0,"28, 36, 37***",बिबवेवाडी क्षेत्रीय कार्यालय एकूण बेरीज,RE14B302,Slum,30.0
2024-25,CitizensNonPlan,CitizensNonPlan2425,15.0,"28, 36, 37***",बिबवेवाडी क्षेत्रीय कार्यालय एकूण बेरीज,XE12B302,WaterSupply,
2024-25,CitizensNonPlan,CitizensNonPlan2425,15.0,"28, 36, 37***",बिबवेवाडी क्षेत्रीय कार्यालय एकूण बेरीज,XE23A302,Sewerage_foul,70.0
2025-26,WardOfficePlan,WardOfficePlan2526,1.0,"3, 4, 5, 42**",नगररोड - वडगावशेरी क्षेत्रीय कार्यालय एकूण बेरीज,CE20A176,Roads,155.0
2025-26,WardOfficePlan,WardOfficePlan2526,1.0,"3, 4, 5, 42**",नगररोड - वडगावशेरी क्षेत्रीय कार्यालय एकूण बेरीज,CE20C118,Electrical,95.0
2025-26,WardOfficePlan,WardOfficePlan2526,1.0,"3, 4, 5, 42**",नगररोड - वडगावशेरी क्षेत्रीय कार्यालय एकूण बेरीज,CE22A114,Buildings,10.0
2025-26,WardOfficePlan,WardOfficePlan2526,1.0,"3, 4, 5, 42**",नगररोड - वडगावशेरी क्षेत्रीय कार्यालय एकूण बेरीज,FE14A118,Slum,
2025-26,WardOfficePlan,WardOfficePlan2526,1.0,"3, 4, 5, 42**",नगररोड - वडगावशेरी क्षेत्रीय कार्यालय एकूण बेरीज,ZE16A115,WaterSupply,
2025-26,WardOfficePlan,WardOfficePlan2526,1.0,"3, 4, 5, 42**",नगररोड - वडगावशेरी क्षेत्रीय कार्यालय एकूण बेरीज,ZE16B113,Sewerage_foul,210.0
2025-26,WardOfficePlan,WardOfficePlan2526,2.0,"1, 2, 6",येरवडा - कळस - धानोरी क्षेत्रीय कार्यालय एकूण बेरीज,CE20A176,Roads,
2025-26,WardOfficePlan,WardOfficePlan2526,2.0,"1, 2, 6",येरवडा - कळस - धानोरी क्षेत्रीय कार्यालय एकूण बेरीज,CE20C118,Electrical,
2025-26,WardOfficePlan,WardOfficePlan2526,2.0,"1, 2, 6",येरवडा - कळस - धानोरी क्षेत्रीय कार्यालय एकूण बेरीज,CE22A114,Buildings,
2025-26,WardOfficePlan,WardOfficePlan2526,2.0,"1, 2, 6",येरवडा - कळस - धानोरी क्षेत्रीय कार्यालय एकूण बेरीज,FE14A118,Slum,
2025-26,WardOfficePlan,WardOfficePlan2526,2.0,"1, 2, 6",येरवडा - कळस - धानोरी क्षेत्रीय कार्यालय एकूण बेरीज,ZE16A115,WaterSupply,
2025-26,WardOfficePlan,WardOfficePlan2526,2.0,"1, 2, 6",येरवडा - कळस - धानोरी क्षेत्रीय कार्यालय एकूण बेरीज,ZE16B113,Sewerage_foul,
2025-26,WardOfficePlan,WardOfficePlan2526,3.0,"20, 21",ढोलेपाटील क्षेत्रीय कार्यालय एकूण बेरीज,CE20A176,Roads,
2025-26,WardOfficePlan,WardOfficePlan2526,3.0,"20, 21",ढोलेपाटील क्षेत्रीय कार्यालय एकूण बेरीज,CE20C118,Electrical,
2025-26,WardOfficePlan,WardOfficePlan2526,3.0,"20, 21",ढोलेपाटील क्षेत्रीय कार्यालय एकूण बेरीज,CE22A114,Buildings,
2025-26,WardOfficePlan,WardOfficePlan2526,3.0,"20, 21",ढोलेपाटील क्षेत्रीय कार्यालय एकूण बेरीज,FE14A118,Slum,
2025-26,WardOfficePlan,WardOfficePlan2526,3.0,"20, 21",ढोलेपाटील क्षेत्रीय कार्यालय एकूण बेरीज,ZE16A115,WaterSupply,
2025-26,WardOfficePlan,WardOfficePlan2526,3.0,"20, 21",ढोलेपाटील क्षेत्रीय कार्यालय एकूण बेरीज,ZE16B113,Sewerage_foul,
2025-26,WardOfficePlan,WardOfficePlan2526,4.0,"8, 9",औंध - बाणेर क्षेत्रीय कार्यालय एकूण बेरीज,CE20A176,Roads,
2025-26,WardOfficePlan,WardOfficePlan2526,4.0,"8, 9",औंध - बाणेर क्षेत्रीय कार्यालय एकूण बेरीज,CE20C118,Electrical,
2025-26,WardOfficePlan,WardOfficePlan2526,4.0,"8, 9",औंध - बाणेर क्षेत्रीय कार्यालय एकूण बेरीज,CE22A114,Buildings,
2025-26,WardOfficePlan,WardOfficePlan2526,4.0,"8, 9",औंध - बाणेर क्षेत्रीय कार्यालय एकूण बेरीज,FE14A118,Slum,
2025-26,WardOfficePlan,WardOfficePlan2526,4.0,"8, 9",औंध - बाणेर क्षेत्रीय कार्यालय एकूण बेरीज,ZE16A115,WaterSupply,
2025-26,WardOfficePlan,WardOfficePlan2526,4.0,"8, 9",औंध - बाणेर क्षेत्रीय कार्यालय एकूण बेरीज,ZE16B113,Sewerage_foul,
2025-26,WardOfficePlan,WardOfficePlan2526,5.0,"7, 14",शिवाजीनगर - घोले रोड क्षेत्रीय कार्यालय एकूण बेरीज,CE20A176,Roads,
2025-26,WardOfficePlan,WardOfficePlan2526,5.0,"7, 14",शिवाजीनगर - घोले रोड क्षेत्रीय कार्यालय एकूण बेरीज,CE20C118,Electrical,
2025-26,WardOfficePlan,WardOfficePlan2526,5.0,"7, 14",शिवाजीनगर - घोले रोड क्षेत्रीय कार्यालय एकूण बेरीज,CE22A114,Buildings,
2025-26,WardOfficePlan,WardOfficePlan2526,5.0,"7, 14",शिवाजीनगर - घोले रोड क्षेत्रीय कार्यालय एकूण बेरीज,FE14A118,Slum,
2025-26,WardOfficePlan,WardOfficePlan2526,5.0,"7, 14",शिवाजीनगर - घोले रोड क्षेत्रीय कार्यालय एकूण बेरीज,ZE16A115,WaterSupply,
2025-26,WardOfficePlan,WardOfficePlan2526,5.0,"7, 14",शिवाजीनगर - घोले रोड क्षेत्रीय कार्यालय एकूण बेरीज,ZE16B113,Sewerage_foul,
2025-26,WardOfficePlan,WardOfficePlan2526,6.0,"10, 11, 12",कोथरूड - बावधन क्षेत्रीय कार्यालय एकूण बेरीज,CE20A176,Roads,
2025-26,WardOfficePlan,WardOfficePlan2526,6.0,"10, 11, 12",कोथरूड - बावधन क्षेत्रीय कार्यालय एकूण बेरीज,CE20C118,Electrical,
2025-26,WardOfficePlan,WardOfficePlan2526,6.0,"10, 11, 12",कोथरूड - बावधन क्षेत्रीय कार्यालय एकूण बेरीज,CE22A114,Buildings,
2025-26,WardOfficePlan,WardOfficePlan2526,6.0,"10, 11, 12",कोथरूड - बावधन क्षेत्रीय कार्यालय एकूण बेरीज,FE14A118,Slum,
2025-26,WardOfficePlan,WardOfficePlan2526,6.0,"10, 11, 12",कोथरूड - बावधन क्षेत्रीय कार्यालय एकूण बेरीज,ZE16A115,WaterSupply,
2025-26,WardOfficePlan,WardOfficePlan2526,6.0,"10, 11, 12",कोथरूड - बावधन क्षेत्रीय कार्यालय एकूण बेरीज,ZE16B113,Sewerage_foul,
2025-26,WardOfficePlan,WardOfficePlan2526,7.0,"35, 39, 40, 42**",धनकवडी - सहकारनगर क्षेत्रीय कार्यालय एकूण बेरीज,CE20A176,Roads,95.0
2025-26,WardOfficePlan,WardOfficePlan2526,7.0,"35, 39, 40, 42**",धनकवडी - सहकारनगर क्षेत्रीय कार्यालय एकूण बेरीज,CE20C118,Electrical,120.0
2025-26,WardOfficePlan,WardOfficePlan2526,7.0,"35, 39, 40, 42**",धनकवडी - सहकारनगर क्षेत्रीय कार्यालय एकूण बेरीज,CE22A114,Buildings,110.0
2025-26,WardOfficePlan,WardOfficePlan2526,7.0,"35, 39, 40, 42**",धनकवडी - सहकारनगर क्षेत्रीय कार्यालय एकूण बेरीज,FE14A118,Slum,10.0
2025-26,WardOfficePlan,WardOfficePlan2526,7.0,"35, 39, 40, 42**",धनकवडी - सहकारनगर क्षेत्रीय कार्यालय एकूण बेरीज,ZE16A115,WaterSupply,10.0
2025-26,WardOfficePlan,WardOfficePlan2526,7.0,"35, 39, 40, 42**",धनकवडी - सहकारनगर क्षेत्रीय कार्यालय एकूण बेरीज,ZE16B113,Sewerage_foul,280.0
2025-26,WardOfficePlan,WardOfficePlan2526,8.0,"30, 33, 34, 42**",सिंहगड रोड क्षेत्रीय कार्यालय एकूण बेरीज,CE20A176,Roads,175.0
2025-26,WardOfficePlan,WardOfficePlan2526,8.0,"30, 33, 34, 42**",सिंहगड रोड क्षेत्रीय कार्यालय एकूण बेरीज,CE20C118,Electrical,
2025-26,WardOfficePlan,WardOfficePlan2526,8.0,"30, 33, 34, 42**",सिंहगड रोड क्षेत्रीय कार्यालय एकूण बेरीज,CE22A114,Buildings,20.0
2025-26,WardOfficePlan,WardOfficePlan2526,8.0,"30, 33, 34, 42**",सिंहगड रोड क्षेत्रीय कार्यालय एकूण बेरीज,FE14A118,Slum,20.0
2025-26,WardOfficePlan,WardOfficePlan2526,8.0,"30, 33, 34, 42**",सिंहगड रोड क्षेत्रीय कार्यालय एकूण बेरीज,ZE16A115,WaterSupply,
2025-26,WardOfficePlan,WardOfficePlan2526,8.0,"30, 33, 34, 42**",सिंहगड रोड क्षेत्रीय कार्यालय एकूण बेरीज,ZE16B113,Sewerage_foul,50.0
2025-26,WardOfficePlan,WardOfficePlan2526,9.0,"13, 31, 32, 42**",वारजे - कर्वेनगर क्षेत्रीय कार्यालय एकूण बेरीज,CE20A176,Roads,35.0
2025-26,WardOfficePlan,WardOfficePlan2526,9.0,"13, 31, 32, 42**",वारजे - कर्वेनगर क्षेत्रीय कार्यालय एकूण बेरीज,CE20C118,Electrical,15.0
2025-26,WardOfficePlan,WardOfficePlan2526,9.0,"13, 31, 32, 42**",वारजे - कर्वेनगर क्षेत्रीय कार्यालय एकूण बेरीज,CE22A114,Buildings,85.0
2025-26,WardOfficePlan,WardOfficePlan2526,9.0,"13, 31, 32, 42**",वारजे - कर्वेनगर क्षेत्रीय कार्यालय एकूण बेरीज,FE14A118,Slum,15.0
2025-26,WardOfficePlan,WardOfficePlan2526,9.0,"13, 31, 32, 42**",वारजे - कर्वेनगर क्षेत्रीय कार्यालय एकूण बेरीज,ZE16A115,WaterSupply,
2025-26,WardOfficePlan,WardOfficePlan2526,9.0,"13, 31, 32, 42**",वारजे - कर्वेनगर क्षेत्रीय कार्यालय एकूण बेरीज,ZE16B113,Sewerage_foul,50.0
2025-26,WardOfficePlan,WardOfficePlan2526,10.0,"22, 23, 26, 42**",हडपसर - मुंढवा क्षेत्रीय कार्यालय एकूण बेरीज,CE20A176,Roads,142.0
2025-26,WardOfficePlan,WardOfficePlan2526,10.0,"22, 23, 26, 42**",हडपसर - मुंढवा क्षेत्रीय कार्यालय एकूण बेरीज,CE20C118,Electrical,103.0
2025-26,WardOfficePlan,WardOfficePlan2526,10.0,"22, 23, 26, 42**",हडपसर - मुंढवा क्षेत्रीय कार्यालय एकूण बेरीज,CE22A114,Buildings,13.0
2025-26,WardOfficePlan,WardOfficePlan2526,10.0,"22, 23, 26, 42**",हडपसर - मुंढवा क्षेत्रीय कार्यालय एकूण बेरीज,FE14A118,Slum,
2025-26,WardOfficePlan,WardOfficePlan2526,10.0,"22, 23, 26, 42**",हडपसर - मुंढवा क्षेत्रीय कार्यालय एकूण बेरीज,ZE16A115,WaterSupply,
2025-26,WardOfficePlan,WardOfficePlan2526,10.0,"22, 23, 26, 42**",हडपसर - मुंढवा क्षेत्रीय कार्यालय एकूण बेरीज,ZE16B113,Sewerage_foul,58.0
2025-26,WardOfficePlan,WardOfficePlan2526,11.0,"24***, 25, 27",वानवडी - रामटेकडी क्षेत्रीय कार्यालय एकूण बेरीज,CE20A176,Roads,45.0
2025-26,WardOfficePlan,WardOfficePlan2526,11.0,"24***, 25, 27",वानवडी - रामटेकडी क्षेत्रीय कार्यालय एकूण बेरीज,CE20C118,Electrical,
2025-26,WardOfficePlan,WardOfficePlan2526,11.0,"24***, 25, 27",वानवडी - रामटेकडी क्षेत्रीय कार्यालय एकूण बेरीज,CE22A114,Buildings,
2025-26,WardOfficePlan,WardOfficePlan2526,11.0,"24***, 25, 27",वानवडी - रामटेकडी क्षेत्रीय कार्यालय एकूण बेरीज,FE14A118,Slum,
2025-26,WardOfficePlan,WardOfficePlan2526,11.0,"24***, 25, 27",वानवडी - रामटेकडी क्षेत्रीय कार्यालय एकूण बेरीज,ZE16A115,WaterSupply,
2025-26,WardOfficePlan,WardOfficePlan2526,11.0,"24***, 25, 27",वानवडी - रामटेकडी क्षेत्रीय कार्यालय एकूण बेरीज,ZE16B113,Sewerage_foul,40.0
2025-26,WardOfficePlan,WardOfficePlan2526,12.0,"38, 41, 42**",कोंढवा - येवलेवाडी क्षेत्रीय कार्यालय एकूण बेरीज,CE20A176,Roads,155.0
2025-26,WardOfficePlan,WardOfficePlan2526,12.0,"38, 41, 42**",कोंढवा - येवलेवाडी क्षेत्रीय कार्यालय एकूण बेरीज,CE20C118,Electrical,
2025-26,WardOfficePlan,WardOfficePlan2526,12.0,"38, 41, 42**",कोंढवा - येवलेवाडी क्षेत्रीय कार्यालय एकूण बेरीज,CE22A114,Buildings,4.0
2025-26,WardOfficePlan,WardOfficePlan2526,12.0,"38, 41, 42**",कोंढवा - येवलेवाडी क्षेत्रीय कार्यालय एकूण बेरीज,FE14A118,Slum,
2025-26,WardOfficePlan,WardOfficePlan2526,12.0,"38, 41, 42**",कोंढवा - येवलेवाडी क्षेत्रीय कार्यालय एकूण बेरीज,ZE16A115,WaterSupply,
2025-26,WardOfficePlan,WardOfficePlan2526,12.0,"38, 41, 42**",कोंढवा - येवलेवाडी क्षेत्रीय कार्यालय एकूण बेरीज,ZE16B113,Sewerage_foul,105.0
2025-26,WardOfficePlan,WardOfficePlan2526,13.0,"15, 16, 29",कसबा - विश्रामबागवाडा क्षेत्रीय कार्यालय एकूण बेरीज,CE20A176,Roads,
2025-26,WardOfficePlan,WardOfficePlan2526,13.0,"15, 16, 29",कसबा - विश्रामबागवाडा क्षेत्रीय कार्यालय एकूण बेरीज,CE20C118,Electrical,
2025-26,WardOfficePlan,WardOfficePlan2526,13.0,"15, 16, 29",कसबा - विश्रामबागवाडा क्षेत्रीय कार्यालय एकूण बेरीज,CE22A114,Buildings,
2025-26,WardOfficePlan,WardOfficePlan2526,13.0,"15, 16, 29",कसबा - विश्रामबागवाडा क्षेत्रीय कार्यालय एकूण बेरीज,FE14A118,Slum,
2025-26,WardOfficePlan,WardOfficePlan2526,13.0,"15, 16, 29",कसबा - विश्रामबागवाडा क्षेत्रीय कार्यालय एकूण बेरीज,ZE16A115,WaterSupply,
2025-26,WardOfficePlan,WardOfficePlan2526,13.0,"15, 16, 29",कसबा - विश्रामबागवाडा क्षेत्रीय कार्यालय एकूण बेरीज,ZE16B113,Sewerage_foul,
2025-26,WardOfficePlan,WardOfficePlan2526,14.0,"17, 18, 19",भवानी पेठ क्षेत्रीय कार्यालय एकूण बेरीज,CE20A176,Roads,
2025-26,WardOfficePlan,WardOfficePlan2526,14.0,"17, 18, 19",भवानी पेठ क्षेत्रीय कार्यालय एकूण बेरीज,CE20C118,Electrical,
2025-26,WardOfficePlan,WardOfficePlan2526,14.0,"17, 18, 19",भवानी पेठ क्षेत्रीय कार्यालय एकूण बेरीज,CE22A114,Buildings,
2025-26,WardOfficePlan,WardOfficePlan2526,14.0,"17, 18, 19",भवानी पेठ क्षेत्रीय कार्यालय एकूण बेरीज,FE14A118,Slum,
2025-26,WardOfficePlan,WardOfficePlan2526,14.0,"17, 18, 19",भवानी पेठ क्षेत्रीय कार्यालय एकूण बेरीज,ZE16A115,WaterSupply,
2025-26,WardOfficePlan,WardOfficePlan2526,14.0,"17, 18, 19",भवानी पेठ क्षेत्रीय कार्यालय एकूण बेरीज,ZE16B113,Sewerage_foul,
2025-26,WardOfficePlan,WardOfficePlan2526,15.0,"28, 36, 37***",बिबवेवाडी क्षेत्रीय कार्यालय एकूण बेरीज,CE20A176,Roads,50.0
2025-26,WardOfficePlan,WardOfficePlan2526,15.0,"28, 36, 37***",बिबवेवाडी क्षेत्रीय कार्यालय एकूण बेरीज,CE20C118,Electrical,90.0
2025-26,WardOfficePlan,WardOfficePlan2526,15.0,"28, 36, 37***",बिबवेवाडी क्षेत्रीय कार्यालय एकूण बेरीज,CE22A114,Buildings,45.0
2025-26,WardOfficePlan,WardOfficePlan2526,15.0,"28, 36, 37***",बिबवेवाडी क्षेत्रीय कार्यालय एकूण बेरीज,FE14A118,Slum,20.0
2025-26,WardOfficePlan,WardOfficePlan2526,15.0,"28, 36, 37***",बिबवेवाडी क्षेत्रीय कार्यालय एकूण बेरीज,ZE16A115,WaterSupply,
2025-26,WardOfficePlan,WardOfficePlan2526,15.0,"28, 36, 37***",बिबवेवाडी क्षेत्रीय कार्यालय एकूण बेरीज,ZE16B113,Sewerage_foul,70.0
2025-26,WardOfficeNonPlan,WardOfficeNonPlan2526,1.0,"3, 4, 5, 42**",नगररोड - वडगावशेरी क्षेत्रीय कार्यालय एकूण बेरीज,RE20A301,Roads,90.0
2025-26,WardOfficeNonPlan,WardOfficeNonPlan2526,1.0,"3, 4, 5, 42**",नगररोड - वडगावशेरी क्षेत्रीय कार्यालय एकूण बेरीज,RE20C301,Electrical,90.0
2025-26,WardOfficeNonPlan,WardOfficeNonPlan2526,1.0,"3, 4, 5, 42**",नगररोड - वडगावशेरी क्षेत्रीय कार्यालय एकूण बेरीज,RE22C301,Buildings,50.0
2025-26,WardOfficeNonPlan,WardOfficeNonPlan2526,1.0,"3, 4, 5, 42**",नगररोड - वडगावशेरी क्षेत्रीय कार्यालय एकूण बेरीज,RE14B301,Slum,60.0
2025-26,WardOfficeNonPlan,WardOfficeNonPlan2526,1.0,"3, 4, 5, 42**",नगररोड - वडगावशेरी क्षेत्रीय कार्यालय एकूण बेरीज,XE12B301,WaterSupply,
2025-26,WardOfficeNonPlan,WardOfficeNonPlan2526,1.0,"3, 4, 5, 42**",नगररोड - वडगावशेरी क्षेत्रीय कार्यालय एकूण बेरीज,XE23A301,Sewerage_foul,165.0
2025-26,WardOfficeNonPlan,WardOfficeNonPlan2526,2.0,"1, 2, 6",येरवडा - कळस - धानोरी क्षेत्रीय कार्यालय एकूण बेरीज,RE20A301,Roads,205.0
2025-26,WardOfficeNonPlan,WardOfficeNonPlan2526,2.0,"1, 2, 6",येरवडा - कळस - धानोरी क्षेत्रीय कार्यालय एकूण बेरीज,RE20C301,Electrical,105.0
2025-26,WardOfficeNonPlan,WardOfficeNonPlan2526,2.0,"1, 2, 6",येरवडा - कळस - धानोरी क्षेत्रीय कार्यालय एकूण बेरीज,RE22C301,Buildings,150.0
2025-26,WardOfficeNonPlan,WardOfficeNonPlan2526,2.0,"1, 2, 6",येरवडा - कळस - धानोरी क्षेत्रीय कार्यालय एकूण बेरीज,RE14B301,Slum,130.0
2025-26,WardOfficeNonPlan,WardOfficeNonPlan2526,2.0,"1, 2, 6",येरवडा - कळस - धानोरी क्षेत्रीय कार्यालय एकूण बेरीज,XE12B301,WaterSupply,
2025-26,WardOfficeNonPlan,WardOfficeNonPlan2526,2.0,"1, 2, 6",येरवडा - कळस - धानोरी क्षेत्रीय कार्यालय एकूण बेरीज,XE23A301,Sewerage_foul,310.0
2025-26,WardOfficeNonPlan,WardOfficeNonPlan2526,3.0,"20, 21",ढोलेपाटील क्षेत्रीय कार्यालय एकूण बेरीज,RE20A301,Roads,145.0
2025-26,WardOfficeNonPlan,WardOfficeNonPlan2526,3.0,"20, 21",ढोलेपाटील क्षेत्रीय कार्यालय एकूण बेरीज,RE20C301,Electrical,85.0
2025-26,WardOfficeNonPlan,WardOfficeNonPlan2526,3.0,"20, 21",ढोलेपाटील क्षेत्रीय कार्यालय एकूण बेरीज,RE22C301,Buildings,85.0
2025-26,WardOfficeNonPlan,WardOfficeNonPlan2526,3.0,"20, 21",ढोलेपाटील क्षेत्रीय कार्यालय एकूण बेरीज,RE14B301,Slum,145.0
2025-26,WardOfficeNonPlan,WardOfficeNonPlan2526,3.0,"20, 21",ढोलेपाटील क्षेत्रीय कार्यालय एकूण बेरीज,XE12B301,WaterSupply,
2025-26,WardOfficeNonPlan,WardOfficeNonPlan2526,3.0,"20, 21",ढोलेपाटील क्षेत्रीय कार्यालय एकूण बेरीज,XE23A301,Sewerage_foul,140.0
2025-26,WardOfficeNonPlan,WardOfficeNonPlan2526,4.0,"8, 9",औंध - बाणेर क्षेत्रीय कार्यालय एकूण बेरीज,RE20A301,Roads,120.0
2025-26,WardOfficeNonPlan,WardOfficeNonPlan2526,4.0,"8, 9",औंध - बाणेर क्षेत्रीय कार्यालय एकूण बेरीज,RE20C301,Electrical,120.0
2025-26,WardOfficeNonPlan,WardOfficeNonPlan2526,4.0,"8, 9",औंध - बाणेर क्षेत्रीय कार्यालय एकूण बेरीज,RE22C301,Buildings,120.0
2025-26,WardOfficeNonPlan,WardOfficeNonPlan2526,4.0,"8, 9",औंध - बाणेर क्षेत्रीय कार्यालय एकूण बेरीज,RE14B301,Slum,120.0
2025-26,WardOfficeNonPlan,WardOfficeNonPlan2526,4.0,"8, 9",औंध - बाणेर क्षेत्रीय कार्यालय एकूण बेरीज,XE12B301,WaterSupply,
2025-26,WardOfficeNonPlan,WardOfficeNonPlan2526,4.0,"8, 9",औंध - बाणेर क्षेत्रीय कार्यालय एकूण बेरीज,XE23A301,Sewerage_foul,120.0
2025-26,WardOfficeNonPlan,WardOfficeNonPlan2526,5.0,"7, 14",शिवाजीनगर - घोले रोड क्षेत्रीय कार्यालय एकूण बेरीज,RE20A301,Roads,120.0
2025-26,WardOfficeNonPlan,WardOfficeNonPlan2526,5.0,"7, 14",शिवाजीनगर - घोले रोड क्षेत्रीय कार्यालय एकूण बेरीज,RE20C301,Electrical,120.0
2025-26,WardOfficeNonPlan,WardOfficeNonPlan2526,5.0,"7, 14",शिवाजीनगर - घोले रोड क्षेत्रीय कार्यालय एकूण बेरीज,RE22C301,Buildings,120.0
2025-26,WardOfficeNonPlan,WardOfficeNonPlan2526,5.0,"7, 14",शिवाजीनगर - घोले रोड क्षेत्रीय कार्यालय एकूण बेरीज,RE14B301,Slum,120.0
2025-26,WardOfficeNonPlan,WardOfficeNonPlan2526,5.0,"7, 14",शिवाजीनगर - घोले रोड क्षेत्रीय कार्यालय एकूण बेरीज,XE12B301,WaterSupply,
2025-26,WardOfficeNonPlan,WardOfficeNonPlan2526,5.0,"7, 14",शिवाजीनगर - घोले रोड क्षेत्रीय कार्यालय एकूण बेरीज,XE23A301,Sewerage_foul,120.0
2025-26,WardOfficeNonPlan,WardOfficeNonPlan2526,6.0,"10, 11, 12",कोथरूड - बावधन क्षेत्रीय कार्यालय एकूण बेरीज,RE20A301,Roads,200.0
2025-26,WardOfficeNonPlan,WardOfficeNonPlan2526,6.0,"10, 11, 12",कोथरूड - बावधन क्षेत्रीय कार्यालय एकूण बेरीज,RE20C301,Electrical,150.0
2025-26,WardOfficeNonPlan,WardOfficeNonPlan2526,6.0,"10, 11, 12",कोथरूड - बावधन क्षेत्रीय कार्यालय एकूण बेरीज,RE22C301,Buildings,140.0
2025-26,WardOfficeNonPlan,WardOfficeNonPlan2526,6.0,"10, 11, 12",कोथरूड - बावधन क्षेत्रीय कार्यालय एकूण बेरीज,RE14B301,Slum,155.0
2025-26,WardOfficeNonPlan,WardOfficeNonPlan2526,6.0,"10, 11, 12",कोथरूड - बावधन क्षेत्रीय कार्यालय एकूण बेरीज,XE12B301,WaterSupply,
2025-26,WardOfficeNonPlan,WardOfficeNonPlan2526,6.0,"10, 11, 12",कोथरूड - बावधन क्षेत्रीय कार्यालय एकूण बेरीज,XE23A301,Sewerage_foul,255.0
2025-26,WardOfficeNonPlan,WardOfficeNonPlan2526,7.0,"35, 39, 40, 42**",धनकवडी - सहकारनगर क्षेत्रीय कार्यालय एकूण बेरीज,RE20A301,Roads,135.0
2025-26,WardOfficeNonPlan,WardOfficeNonPlan2526,7.0,"35, 39, 40, 42**",धनकवडी - सहकारनगर क्षेत्रीय कार्यालय एकूण बेरीज,RE20C301,Electrical,
2025-26,WardOfficeNonPlan,WardOfficeNonPlan2526,7.0,"35, 39, 40, 42**",धनकवडी - सहकारनगर क्षेत्रीय कार्यालय एकूण बेरीज,RE22C301,Buildings,55.0
2025-26,WardOfficeNonPlan,WardOfficeNonPlan2526,7.0,"35, 39, 40, 42**",धनकवडी - सहकारनगर क्षेत्रीय कार्यालय एकूण बेरीज,RE14B301,Slum,25.0
2025-26,WardOfficeNonPlan,WardOfficeNonPlan2526,7.0,"35, 39, 40, 42**",धनकवडी - सहकारनगर क्षेत्रीय कार्यालय एकूण बेरीज,XE12B301,WaterSupply,
2025-26,WardOfficeNonPlan,WardOfficeNonPlan2526,7.0,"35, 39, 40, 42**",धनकवडी - सहकारनगर क्षेत्रीय कार्यालय एकूण बेरीज,XE23A301,Sewerage_foul,85.0
2025-26,WardOfficeNonPlan,WardOfficeNonPlan2526,8.0,"30, 33, 34, 42**",सिंहगड रोड क्षेत्रीय कार्यालय एकूण बेरीज,RE20A301,Roads,131.0
2025-26,WardOfficeNonPlan,WardOfficeNonPlan2526,8.0,"30, 33, 34, 42**",सिंहगड रोड क्षेत्रीय कार्यालय एकूण बेरीज,RE20C301,Electrical,120.0
2025-26,WardOfficeNonPlan,WardOfficeNonPlan2526,8.0,"30, 33, 34, 42**",सिंहगड रोड क्षेत्रीय कार्यालय एकूण बेरीज,RE22C301,Buildings,156.0
2025-26,WardOfficeNonPlan,WardOfficeNonPlan2526,8.0,"30, 33, 34, 42**",सिंहगड रोड क्षेत्रीय कार्यालय एकूण बेरीज,RE14B301,Slum,83.0
2025-26,WardOfficeNonPlan,WardOfficeNonPlan2526,8.0,"30, 33, 34, 42**",सिंहगड रोड क्षेत्रीय कार्यालय एकूण बेरीज,XE12B301,WaterSupply,
2025-26,WardOfficeNonPlan,WardOfficeNonPlan2526,8.0,"30, 33, 34, 42**",सिंहगड रोड क्षेत्रीय कार्यालय एकूण बेरीज,XE23A301,Sewerage_foul,170.0
2025-26,WardOfficeNonPlan,WardOfficeNonPlan2526,9.0,"13, 31, 32, 42**",वारजे - कर्वेनगर क्षेत्रीय कार्यालय एकूण बेरीज,RE20A301,Roads,270.0
2025-26,WardOfficeNonPlan,WardOfficeNonPlan2526,9.0,"13, 31, 32, 42**",वारजे - कर्वेनगर क्षेत्रीय कार्यालय एकूण बेरीज,RE20C301,Electrical,30.0
2025-26,WardOfficeNonPlan,WardOfficeNonPlan2526,9.0,"13, 31, 32, 42**",वारजे - कर्वेनगर क्षेत्रीय कार्यालय एकूण बेरीज,RE22C301,Buildings,105.0
2025-26,WardOfficeNonPlan,WardOfficeNonPlan2526,9.0,"13, 31, 32, 42**",वारजे - कर्वेनगर क्षेत्रीय कार्यालय एकूण बेरीज,RE14B301,Slum,95.0
2025-26,WardOfficeNonPlan,WardOfficeNonPlan2526,9.0,"13, 31, 32, 42**",वारजे - कर्वेनगर क्षेत्रीय कार्यालय एकूण बेरीज,XE12B301,WaterSupply,
2025-26,WardOfficeNonPlan,WardOfficeNonPlan2526,9.0,"13, 31, 32, 42**",वारजे - कर्वेनगर क्षेत्रीय कार्यालय एकूण बेरीज,XE23A301,Sewerage_foul,225.0
2025-26,WardOfficeNonPlan,WardOfficeNonPlan2526,10.0,"22, 23, 26, 42**",हडपसर - मुंढवा क्षेत्रीय कार्यालय एकूण बेरीज,RE20A301,Roads,120.0
2025-26,WardOfficeNonPlan,WardOfficeNonPlan2526,10.0,"22, 23, 26, 42**",हडपसर - मुंढवा क्षेत्रीय कार्यालय एकूण बेरीज,RE20C301,Electrical,132.0
2025-26,WardOfficeNonPlan,WardOfficeNonPlan2526,10.0,"22, 23, 26, 42**",हडपसर - मुंढवा क्षेत्रीय कार्यालय एकूण बेरीज,RE22C301,Buildings,42.5
2025-26,WardOfficeNonPlan,WardOfficeNonPlan2526,10.0,"22, 23, 26, 42**",हडपसर - मुंढवा क्षेत्रीय कार्यालय एकूण बेरीज,RE14B301,Slum,3.0
2025-26,WardOfficeNonPlan,WardOfficeNonPlan2526,10.0,"22, 23, 26, 42**",हडपसर - मुंढवा क्षेत्रीय कार्यालय एकूण बेरीज,XE12B301,WaterSupply,
2025-26,WardOfficeNonPlan,WardOfficeNonPlan2526,10.0,"22, 23, 26, 42**",हडपसर - मुंढवा क्षेत्रीय कार्यालय एकूण बेरीज,XE23A301,Sewerage_foul,311.5
2025-26,WardOfficeNonPlan,WardOfficeNonPlan2526,11.0,"24***, 25, 27",वानवडी - रामटेकडी क्षेत्रीय कार्यालय एकूण बेरीज,RE20A301,Roads,235.0
2025-26,WardOfficeNonPlan,WardOfficeNonPlan2526,11.0,"24***, 25, 27",वानवडी - रामटेकडी क्षेत्रीय कार्यालय एकूण बेरीज,RE20C301,Electrical,80.0
2025-26,WardOfficeNonPlan,WardOfficeNonPlan2526,11.0,"24***, 25, 27",वानवडी - रामटेकडी क्षेत्रीय कार्यालय एकूण बेरीज,RE22C301,Buildings,90.0
2025-26,WardOfficeNonPlan,WardOfficeNonPlan2526,11.0,"24***, 25, 27",वानवडी - रामटेकडी क्षेत्रीय कार्यालय एकूण बेरीज,RE14B301,Slum,55.0
2025-26,WardOfficeNonPlan,WardOfficeNonPlan2526,11.0,"24***, 25, 27",वानवडी - रामटेकडी क्षेत्रीय कार्यालय एकूण बेरीज,XE12B301,WaterSupply,
2025-26,WardOfficeNonPlan,WardOfficeNonPlan2526,11.0,"24***, 25, 27",वानवडी - रामटेकडी क्षेत्रीय कार्यालय एकूण बेरीज,XE23A301,Sewerage_foul,280.0
2025-26,WardOfficeNonPlan,WardOfficeNonPlan2526,12.0,"38, 41, 42**",कोंढवा - येवलेवाडी क्षेत्रीय कार्यालय एकूण बेरीज,RE20A301,Roads,62.0
2025-26,WardOfficeNonPlan,WardOfficeNonPlan2526,12.0,"38, 41, 42**",कोंढवा - येवलेवाडी क्षेत्रीय कार्यालय एकूण बेरीज,RE20C301,Electrical,115.0
2025-26,WardOfficeNonPlan,WardOfficeNonPlan2526,12.0,"38, 41, 42**",कोंढवा - येवलेवाडी क्षेत्रीय कार्यालय एकूण बेरीज,RE22C301,Buildings,55.0
2025-26,WardOfficeNonPlan,WardOfficeNonPlan2526,12.0,"38, 41, 42**",कोंढवा - येवलेवाडी क्षेत्रीय कार्यालय एकूण बेरीज,RE14B301,Slum,20.0
2025-26,WardOfficeNonPlan,WardOfficeNonPlan2526,12.0,"38, 41, 42**",कोंढवा - येवलेवाडी क्षेत्रीय कार्यालय एकूण बेरीज,XE12B301,WaterSupply,
2025-26,WardOfficeNonPlan,WardOfficeNonPlan2526,12.0,"38, 41, 42**",कोंढवा - येवलेवाडी क्षेत्रीय कार्यालय एकूण बेरीज,XE23A301,Sewerage_foul,109.0
2025-26,WardOfficeNonPlan,WardOfficeNonPlan2526,13.0,"15, 16, 29",कसबा - विश्रामबागवाडा क्षेत्रीय कार्यालय एकूण बेरीज,RE20A301,Roads,230.0
2025-26,WardOfficeNonPlan,WardOfficeNonPlan2526,13.0,"15, 16, 29",कसबा - विश्रामबागवाडा क्षेत्रीय कार्यालय एकूण बेरीज,RE20C301,Electrical,90.0
2025-26,WardOfficeNonPlan,WardOfficeNonPlan2526,13.0,"15, 16, 29",कसबा - विश्रामबागवाडा क्षेत्रीय कार्यालय एकूण बेरीज,RE22C301,Buildings,220.0
2025-26,WardOfficeNonPlan,WardOfficeNonPlan2526,13.0,"15, 16, 29",कसबा - विश्रामबागवाडा क्षेत्रीय कार्यालय एकूण बेरीज,RE14B301,Slum,180.0
2025-26,WardOfficeNonPlan,WardOfficeNonPlan2526,13.0,"15, 16, 29",कसबा - विश्रामबागवाडा क्षेत्रीय कार्यालय एकूण बेरीज,XE12B301,WaterSupply,
2025-26,WardOfficeNonPlan,WardOfficeNonPlan2526,13.0,"15, 16, 29",कसबा - विश्रामबागवाडा क्षेत्रीय कार्यालय एकूण बेरीज,XE23A301,Sewerage_foul,180.0
2025-26,WardOfficeNonPlan,WardOfficeNonPlan2526,14.0,"17, 18, 19",भवानी पेठ क्षेत्रीय कार्यालय एकूण बेरीज,RE20A301,Roads,135.0
2025-26,WardOfficeNonPlan,WardOfficeNonPlan2526,14.0,"17, 18, 19",भवानी पेठ क्षेत्रीय कार्यालय एकूण बेरीज,RE20C301,Electrical,180.0
2025-26,WardOfficeNonPlan,WardOfficeNonPlan2526,14.0,"17, 18, 19",भवानी पेठ क्षेत्रीय कार्यालय एकूण बेरीज,RE22C301,Buildings,190.0
2025-26,WardOfficeNonPlan,WardOfficeNonPlan2526,14.0,"17, 18, 19",भवानी पेठ क्षेत्रीय कार्यालय एकूण बेरीज,RE14B301,Slum,85.0
2025-26,WardOfficeNonPlan,WardOfficeNonPlan2526,14.0,"17, 18, 19",भवानी पेठ क्षेत्रीय कार्यालय एकूण बेरीज,XE12B301,WaterSupply,
2025-26,WardOfficeNonPlan,WardOfficeNonPlan2526,14.0,"17, 18, 19",भवानी पेठ क्षेत्रीय कार्यालय एकूण बेरीज,XE23A301,Sewerage_foul,310.0
2025-26,WardOfficeNonPlan,WardOfficeNonPlan2526,15.0,"28, 36, 37***",बिबवेवाडी क्षेत्रीय कार्यालय एकूण बेरीज,RE20A301,Roads,145.0
2025-26,WardOfficeNonPlan,WardOfficeNonPlan2526,15.0,"28, 36, 37***",बिबवेवाडी क्षेत्रीय कार्यालय एकूण बेरीज,RE20C301,Electrical,80.0
2025-26,WardOfficeNonPlan,WardOfficeNonPlan2526,15.0,"28, 36, 37***",बिबवेवाडी क्षेत्रीय कार्यालय एकूण बेरीज,RE22C301,Buildings,85.0
2025-26,WardOfficeNonPlan,WardOfficeNonPlan2526,15.0,"28, 36, 37***",बिबवेवाडी क्षेत्रीय कार्यालय एकूण बेरीज,RE14B301,Slum,45.0
2025-26,WardOfficeNonPlan,WardOfficeNonPlan2526,15.0,"28, 36, 37***",बिबवेवाडी क्षेत्रीय कार्यालय एकूण बेरीज,XE12B301,WaterSupply,
2025-26,WardOfficeNonPlan,WardOfficeNonPlan2526,15.0,"28, 36, 37***",बिबवेवाडी क्षेत्रीय कार्यालय एकूण बेरीज,XE23A301,Sewerage_foul,195.0
2025-26,CitizensPlan,CitizensPlan2526,1.0,"3, 4, 5, 42**",नगररोड - वडगावशेरी क्षेत्रीय कार्यालय एकूण बेरीज,CE20A119,Roads,28.0
2025-26,CitizensPlan,CitizensPlan2526,1.0,"3, 4, 5, 42**",नगररोड - वडगावशेरी क्षेत्रीय कार्यालय एकूण बेरीज,CE20C406,Electrical,42.0
2025-26,CitizensPlan,CitizensPlan2526,1.0,"3, 4, 5, 42**",नगररोड - वडगावशेरी क्षेत्रीय कार्यालय एकूण बेरीज,CE22A547,Buildings,
2025-26,CitizensPlan,CitizensPlan2526,1.0,"3, 4, 5, 42**",नगररोड - वडगावशेरी क्षेत्रीय कार्यालय एकूण बेरीज,FE14A121,Slum,
2025-26,CitizensPlan,CitizensPlan2526,1.0,"3, 4, 5, 42**",नगररोड - वडगावशेरी क्षेत्रीय कार्यालय एकूण बेरीज,ZE16A117,WaterSupply,
2025-26,CitizensPlan,CitizensPlan2526,1.0,"3, 4, 5, 42**",नगररोड - वडगावशेरी क्षेत्रीय कार्यालय एकूण बेरीज,ZE16B130,Sewerage_foul,85.0
2025-26,CitizensPlan,CitizensPlan2526,2.0,"1, 2, 6",येरवडा - कळस - धानोरी क्षेत्रीय कार्यालय एकूण बेरीज,CE20A119,Roads,
2025-26,CitizensPlan,CitizensPlan2526,2.0,"1, 2, 6",येरवडा - कळस - धानोरी क्षेत्रीय कार्यालय एकूण बेरीज,CE20C406,Electrical,
2025-26,CitizensPlan,CitizensPlan2526,2.0,"1, 2, 6",येरवडा - कळस - धानोरी क्षेत्रीय कार्यालय एकूण बेरीज,CE22A547,Buildings,
2025-26,CitizensPlan,CitizensPlan2526,2.0,"1, 2, 6",येरवडा - कळस - धानोरी क्षेत्रीय कार्यालय एकूण बेरीज,FE14A121,Slum,
2025-26,CitizensPlan,CitizensPlan2526,2.0,"1, 2, 6",येरवडा - कळस - धानोरी क्षेत्रीय कार्यालय एकूण बेरीज,ZE16A117,WaterSupply,
2025-26,CitizensPlan,CitizensPlan2526,2.0,"1, 2, 6",येरवडा - कळस - धानोरी क्षेत्रीय कार्यालय एकूण बेरीज,ZE16B130,Sewerage_foul,
2025-26,CitizensPlan,CitizensPlan2526,3.0,"20, 21",ढोलेपाटील क्षेत्रीय कार्यालय एकूण बेरीज,CE20A119,Roads,
2025-26,CitizensPlan,CitizensPlan2526,3.0,"20, 21",ढोलेपाटील क्षेत्रीय कार्यालय एकूण बेरीज,CE20C406,Electrical,
2025-26,CitizensPlan,CitizensPlan2526,3.0,"20, 21",ढोलेपाटील क्षेत्रीय कार्यालय एकूण बेरीज,CE22A547,Buildings,
2025-26,CitizensPlan,CitizensPlan2526,3.0,"20, 21",ढोलेपाटील क्षेत्रीय कार्यालय एकूण बेरीज,FE14A121,Slum,
2025-26,CitizensPlan,CitizensPlan2526,3.0,"20, 21",ढोलेपाटील क्षेत्रीय कार्यालय एकूण बेरीज,ZE16A117,WaterSupply,
2025-26,CitizensPlan,CitizensPlan2526,3.0,"20, 21",ढोलेपाटील क्षेत्रीय कार्यालय एकूण बेरीज,ZE16B130,Sewerage_foul,
2025-26,CitizensPlan,CitizensPlan2526,4.0,"8, 9",औंध - बाणेर क्षेत्रीय कार्यालय एकूण बेरीज,CE20A119,Roads,
2025-26,CitizensPlan,CitizensPlan2526,4.0,"8, 9",औंध - बाणेर क्षेत्रीय कार्यालय एकूण बेरीज,CE20C406,Electrical,
2025-26,CitizensPlan,CitizensPlan2526,4.0,"8, 9",औंध - बाणेर क्षेत्रीय कार्यालय एकूण बेरीज,CE22A547,Buildings,
2025-26,CitizensPlan,CitizensPlan2526,4.0,"8, 9",औंध - बाणेर क्षेत्रीय कार्यालय एकूण बेरीज,FE14A121,Slum,
2025-26,CitizensPlan,CitizensPlan2526,4.0,"8, 9",औंध - बाणेर क्षेत्रीय कार्यालय एकूण बेरीज,ZE16A117,WaterSupply,
2025-26,CitizensPlan,CitizensPlan2526,4.0,"8, 9",औंध - बाणेर क्षेत्रीय कार्यालय एकूण बेरीज,ZE16B130,Sewerage_foul,
2025-26,CitizensPlan,CitizensPlan2526,5.0,"7, 14",शिवाजीनगर - घोले रोड क्षेत्रीय कार्यालय एकूण बेरीज,CE20A119,Roads,
2025-26,CitizensPlan,CitizensPlan2526,5.0,"7, 14",शिवाजीनगर - घोले रोड क्षेत्रीय कार्यालय एकूण बेरीज,CE20C406,Electrical,
2025-26,CitizensPlan,CitizensPlan2526,5.0,"7, 14",शिवाजीनगर - घोले रोड क्षेत्रीय कार्यालय एकूण बेरीज,CE22A547,Buildings,
2025-26,CitizensPlan,CitizensPlan2526,5.0,"7, 14",शिवाजीनगर - घोले रोड क्षेत्रीय कार्यालय एकूण बेरीज,FE14A121,Slum,
2025-26,CitizensPlan,CitizensPlan2526,5.0,"7, 14",शिवाजीनगर - घोले रोड क्षेत्रीय कार्यालय एकूण बेरीज,ZE16A117,WaterSupply,
2025-26,CitizensPlan,CitizensPlan2526,5.0,"7, 14",शिवाजीनगर - घोले रोड क्षेत्रीय कार्यालय एकूण बेरीज,ZE16B130,Sewerage_foul,
2025-26,CitizensPlan,CitizensPlan2526,6.0,"10, 11, 12",कोथरूड - बावधन क्षेत्रीय कार्यालय एकूण बेरीज,CE20A119,Roads,
2025-26,CitizensPlan,CitizensPlan2526,6.0,"10, 11, 12",कोथरूड - बावधन क्षेत्रीय कार्यालय एकूण बेरीज,CE20C406,Electrical,
2025-26,CitizensPlan,CitizensPlan2526,6.0,"10, 11, 12",कोथरूड - बावधन क्षेत्रीय कार्यालय एकूण बेरीज,CE22A547,Buildings,
2025-26,CitizensPlan,CitizensPlan2526,6.0,"10, 11, 12",कोथरूड - बावधन क्षेत्रीय कार्यालय एकूण बेरीज,FE14A121,Slum,
2025-26,CitizensPlan,CitizensPlan2526,6.0,"10, 11, 12",कोथरूड - बावधन क्षेत्रीय कार्यालय एकूण बेरीज,ZE16A117,WaterSupply,
2025-26,CitizensPlan,CitizensPlan2526,6.0,"10, 11, 12",कोथरूड - बावधन क्षेत्रीय कार्यालय एकूण बेरीज,ZE16B130,Sewerage_foul,
2025-26,CitizensPlan,CitizensPlan2526,7.0,"35, 39, 40, 42**",धनकवडी - सहकारनगर क्षेत्रीय कार्यालय एकूण बेरीज,CE20A119,Roads,48.0
2025-26,CitizensPlan,CitizensPlan2526,7.0,"35, 39, 40, 42**",धनकवडी - सहकारनगर क्षेत्रीय कार्यालय एकूण बेरीज,CE20C406,Electrical,55.0
2025-26,CitizensPlan,CitizensPlan2526,7.0,"35, 39, 40, 42**",धनकवडी - सहकारनगर क्षेत्रीय कार्यालय एकूण बेरीज,CE22A547,Buildings,50.0
2025-26,CitizensPlan,CitizensPlan2526,7.0,"35, 39, 40, 42**",धनकवडी - सहकारनगर क्षेत्रीय कार्यालय एकूण बेरीज,FE14A121,Slum,
2025-26,CitizensPlan,CitizensPlan2526,7.0,"35, 39, 40, 42**",धनकवडी - सहकारनगर क्षेत्रीय कार्यालय एकूण बेरीज,ZE16A117,WaterSupply,
2025-26,CitizensPlan,CitizensPlan2526,7.0,"35, 39, 40, 42**",धनकवडी - सहकारनगर क्षेत्रीय कार्यालय एकूण बेरीज,ZE16B130,Sewerage_foul,10.0
2025-26,CitizensPlan,CitizensPlan2526,8.0,"30, 33, 34, 42**",सिंहगड रोड क्षेत्रीय कार्यालय एकूण बेरीज,CE20A119,Roads,59.0
2025-26,CitizensPlan,CitizensPlan2526,8.0,"30, 33, 34, 42**",सिंहगड रोड क्षेत्रीय कार्यालय एकूण बेरीज,CE20C406,Electrical,15.0
2025-26,CitizensPlan,CitizensPlan2526,8.0,"30, 33, 34, 42**",सिंहगड रोड क्षेत्रीय कार्यालय एकूण बेरीज,CE22A547,Buildings,
2025-26,CitizensPlan,CitizensPlan2526,8.0,"30, 33, 34, 42**",सिंहगड रोड क्षेत्रीय कार्यालय एकूण बेरीज,FE14A121,Slum,
2025-26,CitizensPlan,CitizensPlan2526,8.0,"30, 33, 34, 42**",सिंहगड रोड क्षेत्रीय कार्यालय एकूण बेरीज,ZE16A117,WaterSupply,5.0
2025-26,CitizensPlan,CitizensPlan2526,8.0,"30, 33, 34, 42**",सिंहगड रोड क्षेत्रीय कार्यालय एकूण बेरीज,ZE16B130,Sewerage_foul,25.0
2025-26,CitizensPlan,CitizensPlan2526,9.0,"13, 31, 32, 42**",वारजे - कर्वेनगर क्षेत्रीय कार्यालय एकूण बेरीज,CE20A119,Roads,45.0
2025-26,CitizensPlan,CitizensPlan2526,9.0,"13, 31, 32, 42**",वारजे - कर्वेनगर क्षेत्रीय कार्यालय एकूण बेरीज,CE20C406,Electrical,15.0
2025-26,CitizensPlan,CitizensPlan2526,9.0,"13, 31, 32, 42**",वारजे - कर्वेनगर क्षेत्रीय कार्यालय एकूण बेरीज,CE22A547,Buildings,35.0
2025-26,CitizensPlan,CitizensPlan2526,9.0,"13, 31, 32, 42**",वारजे - कर्वेनगर क्षेत्रीय कार्यालय एकूण बेरीज,FE14A121,Slum,5.0
2025-26,CitizensPlan,CitizensPlan2526,9.0,"13, 31, 32, 42**",वारजे - कर्वेनगर क्षेत्रीय कार्यालय एकूण बेरीज,ZE16A117,WaterSupply,
2025-26,CitizensPlan,CitizensPlan2526,9.0,"13, 31, 32, 42**",वारजे - कर्वेनगर क्षेत्रीय कार्यालय एकूण बेरीज,ZE16B130,Sewerage_foul,10.0
2025-26,CitizensPlan,CitizensPlan2526,10.0,"22, 23, 26, 42**",हडपसर - मुंढवा क्षेत्रीय कार्यालय एकूण बेरीज,CE20A119,Roads,10.0
2025-26,CitizensPlan,CitizensPlan2526,10.0,"22, 23, 26, 42**",हडपसर - मुंढवा क्षेत्रीय कार्यालय एकूण बेरीज,CE20C406,Electrical,10.0
2025-26,CitizensPlan,CitizensPlan2526,10.0,"22, 23, 26, 42**",हडपसर - मुंढवा क्षेत्रीय कार्यालय एकूण बेरीज,CE22A547,Buildings,20.0
2025-26,CitizensPlan,CitizensPlan2526,10.0,"22, 23, 26, 42**",हडपसर - मुंढवा क्षेत्रीय कार्यालय एकूण बेरीज,FE14A121,Slum,
2025-26,CitizensPlan,CitizensPlan2526,10.0,"22, 23, 26, 42**",हडपसर - मुंढवा क्षेत्रीय कार्यालय एकूण बेरीज,ZE16A117,WaterSupply,
2025-26,CitizensPlan,CitizensPlan2526,10.0,"22, 23, 26, 42**",हडपसर - मुंढवा क्षेत्रीय कार्यालय एकूण बेरीज,ZE16B130,Sewerage_foul,
2025-26,CitizensPlan,CitizensPlan2526,11.0,"24***, 25, 27",वानवडी - रामटेकडी क्षेत्रीय कार्यालय एकूण बेरीज,CE20A119,Roads,30.0
2025-26,CitizensPlan,CitizensPlan2526,11.0,"24***, 25, 27",वानवडी - रामटेकडी क्षेत्रीय कार्यालय एकूण बेरीज,CE20C406,Electrical,
2025-26,CitizensPlan,CitizensPlan2526,11.0,"24***, 25, 27",वानवडी - रामटेकडी क्षेत्रीय कार्यालय एकूण बेरीज,CE22A547,Buildings,
2025-26,CitizensPlan,CitizensPlan2526,11.0,"24***, 25, 27",वानवडी - रामटेकडी क्षेत्रीय कार्यालय एकूण बेरीज,FE14A121,Slum,
2025-26,CitizensPlan,CitizensPlan2526,11.0,"24***, 25, 27",वानवडी - रामटेकडी क्षेत्रीय कार्यालय एकूण बेरीज,ZE16A117,WaterSupply,
2025-26,CitizensPlan,CitizensPlan2526,11.0,"24***, 25, 27",वानवडी - रामटेकडी क्षेत्रीय कार्यालय एकूण बेरीज,ZE16B130,Sewerage_foul,45.0
2025-26,CitizensPlan,CitizensPlan2526,12.0,"38, 41, 42**",कोंढवा - येवलेवाडी क्षेत्रीय कार्यालय एकूण बेरीज,CE20A119,Roads,48.0
2025-26,CitizensPlan,CitizensPlan2526,12.0,"38, 41, 42**",कोंढवा - येवलेवाडी क्षेत्रीय कार्यालय एकूण बेरीज,CE20C406,Electrical,
2025-26,CitizensPlan,CitizensPlan2526,12.0,"38, 41, 42**",कोंढवा - येवलेवाडी क्षेत्रीय कार्यालय एकूण बेरीज,CE22A547,Buildings,
2025-26,CitizensPlan,CitizensPlan2526,12.0,"38, 41, 42**",कोंढवा - येवलेवाडी क्षेत्रीय कार्यालय एकूण बेरीज,FE14A121,Slum,
2025-26,CitizensPlan,CitizensPlan2526,12.0,"38, 41, 42**",कोंढवा - येवलेवाडी क्षेत्रीय कार्यालय एकूण बेरीज,ZE16A117,WaterSupply,
2025-26,CitizensPlan,CitizensPlan2526,12.0,"38, 41, 42**",कोंढवा - येवलेवाडी क्षेत्रीय कार्यालय एकूण बेरीज,ZE16B130,Sewerage_foul,40.0
2025-26,CitizensPlan,CitizensPlan2526,13.0,"15, 16, 29",कसबा - विश्रामबागवाडा क्षेत्रीय कार्यालय एकूण बेरीज,CE20A119,Roads,
2025-26,CitizensPlan,CitizensPlan2526,13.0,"15, 16, 29",कसबा - विश्रामबागवाडा क्षेत्रीय कार्यालय एकूण बेरीज,CE20C406,Electrical,
2025-26,CitizensPlan,CitizensPlan2526,13.0,"15, 16, 29",कसबा - विश्रामबागवाडा क्षेत्रीय कार्यालय एकूण बेरीज,CE22A547,Buildings,
2025-26,CitizensPlan,CitizensPlan2526,13.0,"15, 16, 29",कसबा - विश्रामबागवाडा क्षेत्रीय कार्यालय एकूण बेरीज,FE14A121,Slum,
2025-26,CitizensPlan,CitizensPlan2526,13.0,"15, 16, 29",कसबा - विश्रामबागवाडा क्षेत्रीय कार्यालय एकूण बेरीज,ZE16A117,WaterSupply,
2025-26,CitizensPlan,CitizensPlan2526,13.0,"15, 16, 29",कसबा - विश्रामबागवाडा क्षेत्रीय कार्यालय एकूण बेरीज,ZE16B130,Sewerage_foul,
2025-26,CitizensPlan,CitizensPlan2526,14.0,"17, 18, 19",भवानी पेठ क्षेत्रीय कार्यालय एकूण बेरीज,CE20A119,Roads,
2025-26,CitizensPlan,CitizensPlan2526,14.0,"17, 18, 19",भवानी पेठ क्षेत्रीय कार्यालय एकूण बेरीज,CE20C406,Electrical,
2025-26,CitizensPlan,CitizensPlan2526,14.0,"17, 18, 19",भवानी पेठ क्षेत्रीय कार्यालय एकूण बेरीज,CE22A547,Buildings,
2025-26,CitizensPlan,CitizensPlan2526,14.0,"17, 18, 19",भवानी पेठ क्षेत्रीय कार्यालय एकूण बेरीज,FE14A121,Slum,
2025-26,CitizensPlan,CitizensPlan2526,14.0,"17, 18, 19",भवानी पेठ क्षेत्रीय कार्यालय एकूण बेरीज,ZE16A117,WaterSupply,
2025-26,CitizensPlan,CitizensPlan2526,14.0,"17, 18, 19",भवानी पेठ क्षेत्रीय कार्यालय एकूण बेरीज,ZE16B130,Sewerage_foul,
2025-26,CitizensPlan,CitizensPlan2526,15.0,"28, 36, 37***",बिबवेवाडी क्षेत्रीय कार्यालय एकूण बेरीज,CE20A119,Roads,5.0
2025-26,CitizensPlan,CitizensPlan2526,15.0,"28, 36, 37***",बिबवेवाडी क्षेत्रीय कार्यालय एकूण बेरीज,CE20C406,Electrical,15.0
2025-26,CitizensPlan,CitizensPlan2526,15.0,"28, 36, 37***",बिबवेवाडी क्षेत्रीय कार्यालय एकूण बेरीज,CE22A547,Buildings,32.0
2025-26,CitizensPlan,CitizensPlan2526,15.0,"28, 36, 37***",बिबवेवाडी क्षेत्रीय कार्यालय एकूण बेरीज,FE14A121,Slum,5.0
2025-26,CitizensPlan,CitizensPlan2526,15.0,"28, 36, 37***",बिबवेवाडी क्षेत्रीय कार्यालय एकूण बेरीज,ZE16A117,WaterSupply,
2025-26,CitizensPlan,CitizensPlan2526,15.0,"28, 36, 37***",बिबवेवाडी क्षेत्रीय कार्यालय एकूण बेरीज,ZE16B130,Sewerage_foul,15.0
2025-26,CitizensNonPlan,CitizensNonPlan2526,1.0,"3, 4, 5, 42**",नगररोड - वडगावशेरी क्षेत्रीय कार्यालय एकूण बेरीज,RE20A302,Roads,30.0
2025-26,CitizensNonPlan,CitizensNonPlan2526,1.0,"3, 4, 5, 42**",नगररोड - वडगावशेरी क्षेत्रीय कार्यालय एकूण बेरीज,RE20C302,Electrical,35.0
2025-26,CitizensNonPlan,CitizensNonPlan2526,1.0,"3, 4, 5, 42**",नगररोड - वडगावशेरी क्षेत्रीय कार्यालय एकूण बेरीज,RE22C302,Buildings,5.0
2025-26,CitizensNonPlan,CitizensNonPlan2526,1.0,"3, 4, 5, 42**",नगररोड - वडगावशेरी क्षेत्रीय कार्यालय एकूण बेरीज,RE14B302,Slum,15.0
2025-26,CitizensNonPlan,CitizensNonPlan2526,1.0,"3, 4, 5, 42**",नगररोड - वडगावशेरी क्षेत्रीय कार्यालय एकूण बेरीज,XE12B302,WaterSupply,
2025-26,CitizensNonPlan,CitizensNonPlan2526,1.0,"3, 4, 5, 42**",नगररोड - वडगावशेरी क्षेत्रीय कार्यालय एकूण बेरीज,XE23A302,Sewerage_foul,68.0
2025-26,CitizensNonPlan,CitizensNonPlan2526,2.0,"1, 2, 6",येरवडा - कळस - धानोरी क्षेत्रीय कार्यालय एकूण बेरीज,RE20A302,Roads,80.0
2025-26,CitizensNonPlan,CitizensNonPlan2526,2.0,"1, 2, 6",येरवडा - कळस - धानोरी क्षेत्रीय कार्यालय एकूण बेरीज,RE20C302,Electrical,35.0
2025-26,CitizensNonPlan,CitizensNonPlan2526,2.0,"1, 2, 6",येरवडा - कळस - धानोरी क्षेत्रीय कार्यालय एकूण बेरीज,RE22C302,Buildings,45.0
2025-26,CitizensNonPlan,CitizensNonPlan2526,2.0,"1, 2, 6",येरवडा - कळस - धानोरी क्षेत्रीय कार्यालय एकूण बेरीज,RE14B302,Slum,55.0
2025-26,CitizensNonPlan,CitizensNonPlan2526,2.0,"1, 2, 6",येरवडा - कळस - धानोरी क्षेत्रीय कार्यालय एकूण बेरीज,XE12B302,WaterSupply,
2025-26,CitizensNonPlan,CitizensNonPlan2526,2.0,"1, 2, 6",येरवडा - कळस - धानोरी क्षेत्रीय कार्यालय एकूण बेरीज,XE23A302,Sewerage_foul,85.0
2025-26,CitizensNonPlan,CitizensNonPlan2526,3.0,"20, 21",ढोलेपाटील क्षेत्रीय कार्यालय एकूण बेरीज,RE20A302,Roads,35.0
2025-26,CitizensNonPlan,CitizensNonPlan2526,3.0,"20, 21",ढोलेपाटील क्षेत्रीय कार्यालय एकूण बेरीज,RE20C302,Electrical,17.5
2025-26,CitizensNonPlan,CitizensNonPlan2526,3.0,"20, 21",ढोलेपाटील क्षेत्रीय कार्यालय एकूण बेरीज,RE22C302,Buildings,52.5
2025-26,CitizensNonPlan,CitizensNonPlan2526,3.0,"20, 21",ढोलेपाटील क्षेत्रीय कार्यालय एकूण बेरीज,RE14B302,Slum,55.0
2025-26,CitizensNonPlan,CitizensNonPlan2526,3.0,"20, 21",ढोलेपाटील क्षेत्रीय कार्यालय एकूण बेरीज,XE12B302,WaterSupply,
2025-26,CitizensNonPlan,CitizensNonPlan2526,3.0,"20, 21",ढोलेपाटील क्षेत्रीय कार्यालय एकूण बेरीज,XE23A302,Sewerage_foul,40.0
2025-26,CitizensNonPlan,CitizensNonPlan2526,4.0,"8, 9",औंध - बाणेर क्षेत्रीय कार्यालय एकूण बेरीज,RE20A302,Roads,60.0
2025-26,CitizensNonPlan,CitizensNonPlan2526,4.0,"8, 9",औंध - बाणेर क्षेत्रीय कार्यालय एकूण बेरीज,RE20C302,Electrical,
2025-26,CitizensNonPlan,CitizensNonPlan2526,4.0,"8, 9",औंध - बाणेर क्षेत्रीय कार्यालय एकूण बेरीज,RE22C302,Buildings,50.0
2025-26,CitizensNonPlan,CitizensNonPlan2526,4.0,"8, 9",औंध - बाणेर क्षेत्रीय कार्यालय एकूण बेरीज,RE14B302,Slum,30.0
2025-26,CitizensNonPlan,CitizensNonPlan2526,4.0,"8, 9",औंध - बाणेर क्षेत्रीय कार्यालय एकूण बेरीज,XE12B302,WaterSupply,
2025-26,CitizensNonPlan,CitizensNonPlan2526,4.0,"8, 9",औंध - बाणेर क्षेत्रीय कार्यालय एकूण बेरीज,XE23A302,Sewerage_foul,60.0
2025-26,CitizensNonPlan,CitizensNonPlan2526,5.0,"7, 14",शिवाजीनगर - घोले रोड क्षेत्रीय कार्यालय एकूण बेरीज,RE20A302,Roads,40.0
2025-26,CitizensNonPlan,CitizensNonPlan2526,5.0,"7, 14",शिवाजीनगर - घोले रोड क्षेत्रीय कार्यालय एकूण बेरीज,RE20C302,Electrical,40.0
2025-26,CitizensNonPlan,CitizensNonPlan2526,5.0,"7, 14",शिवाजीनगर - घोले रोड क्षेत्रीय कार्यालय एकूण बेरीज,RE22C302,Buildings,40.0
2025-26,CitizensNonPlan,CitizensNonPlan2526,5.0,"7, 14",शिवाजीनगर - घोले रोड क्षेत्रीय कार्यालय एकूण बेरीज,RE14B302,Slum,40.0
2025-26,CitizensNonPlan,CitizensNonPlan2526,5.0,"7, 14",शिवाजीनगर - घोले रोड क्षेत्रीय कार्यालय एकूण बेरीज,XE12B302,WaterSupply,
2025-26,CitizensNonPlan,CitizensNonPlan2526,5.0,"7, 14",शिवाजीनगर - घोले रोड क्षेत्रीय कार्यालय एकूण बेरीज,XE23A302,Sewerage_foul,40.0
2025-26,CitizensNonPlan,CitizensNonPlan2526,6.0,"10, 11, 12",कोथरूड - बावधन क्षेत्रीय कार्यालय एकूण बेरीज,RE20A302,Roads,65.0
2025-26,CitizensNonPlan,CitizensNonPlan2526,6.0,"10, 11, 12",कोथरूड - बावधन क्षेत्रीय कार्यालय एकूण बेरीज,RE20C302,Electrical,30.0
2025-26,CitizensNonPlan,CitizensNonPlan2526,6.0,"10, 11, 12",कोथरूड - बावधन क्षेत्रीय कार्यालय एकूण बेरीज,RE22C302,Buildings,60.0
2025-26,CitizensNonPlan,CitizensNonPlan2526,6.0,"10, 11, 12",कोथरूड - बावधन क्षेत्रीय कार्यालय एकूण बेरीज,RE14B302,Slum,60.0
2025-26,CitizensNonPlan,CitizensNonPlan2526,6.0,"10, 11, 12",कोथरूड - बावधन क्षेत्रीय कार्यालय एकूण बेरीज,XE12B302,WaterSupply,
2025-26,CitizensNonPlan,CitizensNonPlan2526,6.0,"10, 11, 12",कोथरूड - बावधन क्षेत्रीय कार्यालय एकूण बेरीज,XE23A302,Sewerage_foul,85.0
2025-26,CitizensNonPlan,CitizensNonPlan2526,7.0,"35, 39, 40, 42**",धनकवडी - सहकारनगर क्षेत्रीय कार्यालय एकूण बेरीज,RE20A302,Roads,40.0
2025-26,CitizensNonPlan,CitizensNonPlan2526,7.0,"35, 39, 40, 42**",धनकवडी - सहकारनगर क्षेत्रीय कार्यालय एकूण बेरीज,RE20C302,Electrical,
2025-26,CitizensNonPlan,CitizensNonPlan2526,7.0,"35, 39, 40, 42**",धनकवडी - सहकारनगर क्षेत्रीय कार्यालय एकूण बेरीज,RE22C302,Buildings,20.0
2025-26,CitizensNonPlan,CitizensNonPlan2526,7.0,"35, 39, 40, 42**",धनकवडी - सहकारनगर क्षेत्रीय कार्यालय एकूण बेरीज,RE14B302,Slum,15.0
2025-26,CitizensNonPlan,CitizensNonPlan2526,7.0,"35, 39, 40, 42**",धनकवडी - सहकारनगर क्षेत्रीय कार्यालय एकूण बेरीज,XE12B302,WaterSupply,
2025-26,CitizensNonPlan,CitizensNonPlan2526,7.0,"35, 39, 40, 42**",धनकवडी - सहकारनगर क्षेत्रीय कार्यालय एकूण बेरीज,XE23A302,Sewerage_foul,70.0
2025-26,CitizensNonPlan,CitizensNonPlan2526,8.0,"30, 33, 34, 42**",सिंहगड रोड क्षेत्रीय कार्यालय एकूण बेरीज,RE20A302,Roads,66.0
2025-26,CitizensNonPlan,CitizensNonPlan2526,8.0,"30, 33, 34, 42**",सिंहगड रोड क्षेत्रीय कार्यालय एकूण बेरीज,RE20C302,Electrical,35.0
2025-26,CitizensNonPlan,CitizensNonPlan2526,8.0,"30, 33, 34, 42**",सिंहगड रोड क्षेत्रीय कार्यालय एकूण बेरीज,RE22C302,Buildings,10.0
2025-26,CitizensNonPlan,CitizensNonPlan2526,8.0,"30, 33, 34, 42**",सिंहगड रोड क्षेत्रीय कार्यालय एकूण बेरीज,RE14B302,Slum,15.0
2025-26,CitizensNonPlan,CitizensNonPlan2526,8.0,"30, 33, 34, 42**",सिंहगड रोड क्षेत्रीय कार्यालय एकूण बेरीज,XE12B302,WaterSupply,
2025-26,CitizensNonPlan,CitizensNonPlan2526,8.0,"30, 33, 34, 42**",सिंहगड रोड क्षेत्रीय कार्यालय एकूण बेरीज,XE23A302,Sewerage_foul,78.0
2025-26,CitizensNonPlan,CitizensNonPlan2526,9.0,"13, 31, 32, 42**",वारजे - कर्वेनगर क्षेत्रीय कार्यालय एकूण बेरीज,RE20A302,Roads,30.0
2025-26,CitizensNonPlan,CitizensNonPlan2526,9.0,"13, 31, 32, 42**",वारजे - कर्वेनगर क्षेत्रीय कार्यालय एकूण बेरीज,RE20C302,Electrical,33.0
2025-26,CitizensNonPlan,CitizensNonPlan2526,9.0,"13, 31, 32, 42**",वारजे - कर्वेनगर क्षेत्रीय कार्यालय एकूण बेरीज,RE22C302,Buildings,10.0
2025-26,CitizensNonPlan,CitizensNonPlan2526,9.0,"13, 31, 32, 42**",वारजे - कर्वेनगर क्षेत्रीय कार्यालय एकूण बेरीज,RE14B302,Slum,30.0
2025-26,CitizensNonPlan,CitizensNonPlan2526,9.0,"13, 31, 32, 42**",वारजे - कर्वेनगर क्षेत्रीय कार्यालय एकूण बेरीज,XE12B302,WaterSupply,
2025-26,CitizensNonPlan,CitizensNonPlan2526,9.0,"13, 31, 32, 42**",वारजे - कर्वेनगर क्षेत्रीय कार्यालय एकूण बेरीज,XE23A302,Sewerage_foul,95.0
2025-26,CitizensNonPlan,CitizensNonPlan2526,10.0,"22, 23, 26, 42**",हडपसर - मुंढवा क्षेत्रीय कार्यालय एकूण बेरीज,RE20A302,Roads,80.0
2025-26,CitizensNonPlan,CitizensNonPlan2526,10.0,"22, 23, 26, 42**",हडपसर - मुंढवा क्षेत्रीय कार्यालय एकूण बेरीज,RE20C302,Electrical,75.0
2025-26,CitizensNonPlan,CitizensNonPlan2526,10.0,"22, 23, 26, 42**",हडपसर - मुंढवा क्षेत्रीय कार्यालय एकूण बेरीज,RE22C302,Buildings,30.0
2025-26,CitizensNonPlan,CitizensNonPlan2526,10.0,"22, 23, 26, 42**",हडपसर - मुंढवा क्षेत्रीय कार्यालय एकूण बेरीज,RE14B302,Slum,
2025-26,CitizensNonPlan,CitizensNonPlan2526,10.0,"22, 23, 26, 42**",हडपसर - मुंढवा क्षेत्रीय कार्यालय एकूण बेरीज,XE12B302,WaterSupply,
2025-26,CitizensNonPlan,CitizensNonPlan2526,10.0,"22, 23, 26, 42**",हडपसर - मुंढवा क्षेत्रीय कार्यालय एकूण बेरीज,XE23A302,Sewerage_foul,83.0
2025-26,CitizensNonPlan,CitizensNonPlan2526,11.0,"24***, 25, 27",वानवडी - रामटेकडी क्षेत्रीय कार्यालय एकूण बेरीज,RE20A302,Roads,65.0
2025-26,CitizensNonPlan,CitizensNonPlan2526,11.0,"24***, 25, 27",वानवडी - रामटेकडी क्षेत्रीय कार्यालय एकूण बेरीज,RE20C302,Electrical,20.0
2025-26,CitizensNonPlan,CitizensNonPlan2526,11.0,"24***, 25, 27",वानवडी - रामटेकडी क्षेत्रीय कार्यालय एकूण बेरीज,RE22C302,Buildings,30.0
2025-26,CitizensNonPlan,CitizensNonPlan2526,11.0,"24***, 25, 27",वानवडी - रामटेकडी क्षेत्रीय कार्यालय एकूण बेरीज,RE14B302,Slum,25.0
2025-26,CitizensNonPlan,CitizensNonPlan2526,11.0,"24***, 25, 27",वानवडी - रामटेकडी क्षेत्रीय कार्यालय एकूण बेरीज,XE12B302,WaterSupply,
2025-26,CitizensNonPlan,CitizensNonPlan2526,11.0,"24***, 25, 27",वानवडी - रामटेकडी क्षेत्रीय कार्यालय एकूण बेरीज,XE23A302,Sewerage_foul,60.0
2025-26,CitizensNonPlan,CitizensNonPlan2526,12.0,"38, 41, 42**",कोंढवा - येवलेवाडी क्षेत्रीय कार्यालय एकूण बेरीज,RE20A302,Roads,25.0
2025-26,CitizensNonPlan,CitizensNonPlan2526,12.0,"38, 41, 42**",कोंढवा - येवलेवाडी क्षेत्रीय कार्यालय एकूण बेरीज,RE20C302,Electrical,41.0
2025-26,CitizensNonPlan,CitizensNonPlan2526,12.0,"38, 41, 42**",कोंढवा - येवलेवाडी क्षेत्रीय कार्यालय एकूण बेरीज,RE22C302,Buildings,12.0
2025-26,CitizensNonPlan,CitizensNonPlan2526,12.0,"38, 41, 42**",कोंढवा - येवलेवाडी क्षेत्रीय कार्यालय एकूण बेरीज,RE14B302,Slum,
2025-26,CitizensNonPlan,CitizensNonPlan2526,12.0,"38, 41, 42**",कोंढवा - येवलेवाडी क्षेत्रीय कार्यालय एकूण बेरीज,XE12B302,WaterSupply,
2025-26,CitizensNonPlan,CitizensNonPlan2526,12.0,"38, 41, 42**",कोंढवा - येवलेवाडी क्षेत्रीय कार्यालय एकूण बेरीज,XE23A302,Sewerage_foul,42.0
2025-26,CitizensNonPlan,CitizensNonPlan2526,13.0,"15, 16, 29",कसबा - विश्रामबागवाडा क्षेत्रीय कार्यालय एकूण बेरीज,RE20A302,Roads,64.0
2025-26,CitizensNonPlan,CitizensNonPlan2526,13.0,"15, 16, 29",कसबा - विश्रामबागवाडा क्षेत्रीय कार्यालय एकूण बेरीज,RE20C302,Electrical,46.0
2025-26,CitizensNonPlan,CitizensNonPlan2526,13.0,"15, 16, 29",कसबा - विश्रामबागवाडा क्षेत्रीय कार्यालय एकूण बेरीज,RE22C302,Buildings,62.5
2025-26,CitizensNonPlan,CitizensNonPlan2526,13.0,"15, 16, 29",कसबा - विश्रामबागवाडा क्षेत्रीय कार्यालय एकूण बेरीज,RE14B302,Slum,60.0
2025-26,CitizensNonPlan,CitizensNonPlan2526,13.0,"15, 16, 29",कसबा - विश्रामबागवाडा क्षेत्रीय कार्यालय एकूण बेरीज,XE12B302,WaterSupply,4.5
2025-26,CitizensNonPlan,CitizensNonPlan2526,13.0,"15, 16, 29",कसबा - विश्रामबागवाडा क्षेत्रीय कार्यालय एकूण बेरीज,XE23A302,Sewerage_foul,63.0
2025-26,CitizensNonPlan,CitizensNonPlan2526,14.0,"17, 18, 19",भवानी पेठ क्षेत्रीय कार्यालय एकूण बेरीज,RE20A302,Roads,40.0
2025-26,CitizensNonPlan,CitizensNonPlan2526,14.0,"17, 18, 19",भवानी पेठ क्षेत्रीय कार्यालय एकूण बेरीज,RE20C302,Electrical,85.0
2025-26,CitizensNonPlan,CitizensNonPlan2526,14.0,"17, 18, 19",भवानी पेठ क्षेत्रीय कार्यालय एकूण बेरीज,RE22C302,Buildings,35.0
2025-26,CitizensNonPlan,CitizensNonPlan2526,14.0,"17, 18, 19",भवानी पेठ क्षेत्रीय कार्यालय एकूण बेरीज,RE14B302,Slum,35.0
2025-26,CitizensNonPlan,CitizensNonPlan2526,14.0,"17, 18, 19",भवानी पेठ क्षेत्रीय कार्यालय एकूण बेरीज,XE12B302,WaterSupply,
2025-26,CitizensNonPlan,CitizensNonPlan2526,14.0,"17, 18, 19",भवानी पेठ क्षेत्रीय कार्यालय एकूण बेरीज,XE23A302,Sewerage_foul,105.0
2025-26,CitizensNonPlan,CitizensNonPlan2526,15.0,"28, 36, 37***",बिबवेवाडी क्षेत्रीय कार्यालय एकूण बेरीज,RE20A302,Roads,38.0
2025-26,CitizensNonPlan,CitizensNonPlan2526,15.0,"28, 36, 37***",बिबवेवाडी क्षेत्रीय कार्यालय एकूण बेरीज,RE20C302,Electrical,35.0
2025-26,CitizensNonPlan,CitizensNonPlan2526,15.0,"28, 36, 37***",बिबवेवाडी क्षेत्रीय कार्यालय एकूण बेरीज,RE22C302,Buildings,35.0
2025-26,CitizensNonPlan,CitizensNonPlan2526,15.0,"28, 36, 37***",बिबवेवाडी क्षेत्रीय कार्यालय एकूण बेरीज,RE14B302,Slum,35.0
2025-26,CitizensNonPlan,CitizensNonPlan2526,15.0,"28, 36, 37***",बिबवेवाडी क्षेत्रीय कार्यालय एकूण बेरीज,XE12B302,WaterSupply,
2025-26,CitizensNonPlan,CitizensNonPlan2526,15.0,"28, 36, 37***",बिबवेवाडी क्षेत्रीय कार्यालय एकूण बेरीज,XE23A302,Sewerage_foul,60.0
