pdf_page,functionary_code,functionary_name,gl_code,cost_centre,work_name,revised_est,budget_est
7,10,Municipal Secretary keÀe³e& keÀjCeejs Keeles : ceneveiejHeeefuekeÀe meef®eJe,410600200,1000100000,HO - M.S. MS 50 cegK³eeue³e-ce.ve.Hee.meef®eJe,50,
7,10,Municipal Secretary keÀe³e& keÀjCeejs Keeles : ceneveiejHeeefuekeÀe meef®eJe,410600320,1000100000,HO - M.S. MS 300 cegK³eeue³e-ce.ve.Hee.meef®eJe,300,
7,10,Municipal Secretary keÀe³e& keÀjCeejs Keeles : ceneveiejHeeefuekeÀe meef®eJe,410600610,1000100000,HO - M.S. MS 100 100 cegK³eeue³e-ce.ve.Hee.meef®eJe,100,
7,10,Municipal Secretary keÀe³e& keÀjCeejs Keeles : ceneveiejHeeefuekeÀe meef®eJe,410600950,1000100000,HO - M.S. MS 25 25 cegK³eeue³e-ce.ve.Hee.meef®eJe,25,
7,10,Municipal Secretary keÀe³e& keÀjCeejs Keeles : ceneveiejHeeefuekeÀe meef®eJe,410700102,1000100000,HO - M.S. MS ... 100 cegK³eeue³e-ce.ve.Hee.meef®eJe,100,
7,10,Municipal Secretary keÀe³e& keÀjCeejs Keeles : ceneveiejHeeefuekeÀe meef®eJe,410700103,1000100000,HO - M.S. MS ... 100 cegK³eeue³e-ce.ve.Hee.meef®eJe,100,
7,10,Municipal Secretary keÀe³e& keÀjCeejs Keeles : ceneveiejHeeefuekeÀe meef®eJe,410700104,1000100000,HO - M.S. MS 50 cegK³eeue³e-ce.ve.Hee.meef®eJe,50,
7,10,Municipal Secretary keÀe³e& keÀjCeejs Keeles : ceneveiejHeeefuekeÀe meef®eJe,410700201,1000100000,HO - M.S. MS 50 cegK³eeue³e-ce.ve.Hee.meef®eJe,50,
8,10,Municipal Secretary keÀe³e& keÀjCeejs Keeles : ceneveiejHeeefuekeÀe meef®eJe,410600300,1000100000,HO - M.S. MS ... 300 cegK³eeue³e-ce.ve.Hee.meef®eJe,300,
8,10,Municipal Secretary keÀe³e& keÀjCeejs Keeles : ceneveiejHeeefuekeÀe meef®eJe,410600950,1000100000,HO - M.S. MS ... 25 cegK³eeue³e-ce.ve.Hee.meef®eJe,25,
8,10,Municipal Secretary keÀe³e& keÀjCeejs Keeles : ceneveiejHeeefuekeÀe meef®eJe,410700102,1000100000,HO - M.S. MS ... 25 cegK³eeue³e-ce.ve.Hee.meef®eJe,25,
8,10,Municipal Secretary keÀe³e& keÀjCeejs Keeles : ceneveiejHeeefuekeÀe meef®eJe,410700103,1000100000,HO - M.S. MS ... 25 cegK³eeue³e-ce.ve.Hee.meef®eJe,25,
8,10,Municipal Secretary keÀe³e& keÀjCeejs Keeles : ceneveiejHeeefuekeÀe meef®eJe,410700104,1000100000,HO - M.S. MS ... 25 cegK³eeue³e-ce.ve.Hee.meef®eJe,25,
8,10,Municipal Secretary keÀe³e& keÀjCeejs Keeles : ceneveiejHeeefuekeÀe meef®eJe,410700201,1000100000,HO - M.S. MS ... 25 cegK³eeue³e-ce.ve.Hee.meef®eJe,25,
9,10,Municipal Secretary keÀe³e& keÀjCeejs Keeles : ceneveiejHeeefuekeÀe meef®eJe,410600950,1000100000,HO - M.S. MS ...,25,
9,10,Municipal Secretary keÀe³e& keÀjCeejs Keeles : ceneveiejHeeefuekeÀe meef®eJe,410700102,1000100000,HO - M.S. MS ... 25 cegK³eeue³e-ce.ve.Hee.meef®eJe,25,
9,10,Municipal Secretary keÀe³e& keÀjCeejs Keeles : ceneveiejHeeefuekeÀe meef®eJe,410700103,1000100000,HO - M.S. MS ... 25 cegK³eeue³e-ce.ve.Hee.meef®eJe,25,
9,10,Municipal Secretary keÀe³e& keÀjCeejs Keeles : ceneveiejHeeefuekeÀe meef®eJe,410700104,1000100000,HO - M.S. MS ... 25 cegK³eeue³e-ce.ve.Hee.meef®eJe,25,
9,10,Municipal Secretary keÀe³e& keÀjCeejs Keeles : ceneveiejHeeefuekeÀe meef®eJe,410700201,1000100000,HO - M.S. MS ... 25 cegK³eeue³e-ce.ve.Hee.meef®eJe,25,
10,10,Municipal Secretary keÀe³e& keÀjCeejs Keeles : ceneveiejHeeefuekeÀe meef®eJe,410600950,1000100000,HO - M.S. MS ... 25 cegK³eeue³e-ce.ve.Hee.meef®eJe,25,
10,10,Municipal Secretary keÀe³e& keÀjCeejs Keeles : ceneveiejHeeefuekeÀe meef®eJe,410700102,1000100000,HO - M.S. MS ... 25 cegK³eeue³e-ce.ve.Hee.meef®eJe,25,
10,10,Municipal Secretary keÀe³e& keÀjCeejs Keeles : ceneveiejHeeefuekeÀe meef®eJe,410700103,1000100000,HO - M.S. MS ...,25,
10,10,Municipal Secretary keÀe³e& keÀjCeejs Keeles : ceneveiejHeeefuekeÀe meef®eJe,410700104,1000100000,HO - M.S. MS ... 25 cegK³eeue³e-ce.ve.Hee.meef®eJe,25,
10,10,Municipal Secretary keÀe³e& keÀjCeejs Keeles : ceneveiejHeeefuekeÀe meef®eJe,410700201,1000100000,HO - M.S. MS ... 25 cegK³eeue³e-ce.ve.Hee.meef®eJe,25,
11,10,Municipal Secretary keÀe³e& keÀjCeejs Keeles : ceneveiejHeeefuekeÀe meef®eJe,410600950,1000100000,HO - M.S. MS ... 50 cegK³eeue³e-ce.ve.Hee.meef®eJe,50,
11,10,Municipal Secretary keÀe³e& keÀjCeejs Keeles : ceneveiejHeeefuekeÀe meef®eJe,410700102,1000100000,HO - M.S. MS ... 50 cegK³eeue³e-ce.ve.Hee.meef®eJe,50,
11,10,Municipal Secretary keÀe³e& keÀjCeejs Keeles : ceneveiejHeeefuekeÀe meef®eJe,410700103,1000100000,HO - M.S. MS ... 50 cegK³eeue³e-ce.ve.Hee.meef®eJe,50,
11,10,Municipal Secretary keÀe³e& keÀjCeejs Keeles : ceneveiejHeeefuekeÀe meef®eJe,410700104,1000100000,HO - M.S. MS ... 50 cegK³eeue³e-ce.ve.Hee.meef®eJe,50,
11,10,Municipal Secretary keÀe³e& keÀjCeejs Keeles : ceneveiejHeeefuekeÀe meef®eJe,410700201,1000100000,HO - M.S. MS ...,25,
12,10,Municipal Secretary keÀe³e& keÀjCeejs Keeles : ceneveiejHeeefuekeÀe meef®eJe,410600950,1000100000,HO - M.S. MS ...,100,
12,10,Municipal Secretary keÀe³e& keÀjCeejs Keeles : ceneveiejHeeefuekeÀe meef®eJe,410700102,1000100000,HO - M.S. MS ... 100 cegK³eeue³e-ce.ve.Hee.meef®eJe,100,
12,10,Municipal Secretary keÀe³e& keÀjCeejs Keeles : ceneveiejHeeefuekeÀe meef®eJe,410700103,1000100000,HO - M.S. MS ... 100 cegK³eeue³e-ce.ve.Hee.meef®eJe,100,
12,10,Municipal Secretary keÀe³e& keÀjCeejs Keeles : ceneveiejHeeefuekeÀe meef®eJe,410700104,1000100000,HO - M.S. MS ... 100 cegK³eeue³e-ce.ve.Hee.meef®eJe,100,
12,10,Municipal Secretary keÀe³e& keÀjCeejs Keeles : ceneveiejHeeefuekeÀe meef®eJe,410700201,1000100000,HO - M.S. MS ... 25 cegK³eeue³e-ce.ve.Hee.meef®eJe,25,
13,10,Municipal Secretary keÀe³e& keÀjCeejs Keeles : ceneveiejHeeefuekeÀe meef®eJe,410600950,4050100000,"A, B & E W.C.- M.S. MS ... 10 S,yeer DeeefCe F Òe.meefceleer-ce.me.",10,
13,10,Municipal Secretary keÀe³e& keÀjCeejs Keeles : ceneveiejHeeefuekeÀe meef®eJe,410600950,4040100000,C & D W.C.- M.S. MS ... 10 meerr DeeefCe [er Òe.meefceleer-ce.me.,10,
13,10,Municipal Secretary keÀe³e& keÀjCeejs Keeles : ceneveiejHeeefuekeÀe meef®eJe,410600950,4060100000,MS ...,10,
13,10,Municipal Secretary keÀe³e& keÀjCeejs Keeles : ceneveiejHeeefuekeÀe meef®eJe,410600950,4080100000,G/South W.C.- M.S. MS ... 10 peer /oef#eCe Òe.meefceleer - ce.me.,10,
13,10,Municipal Secretary keÀe³e& keÀjCeejs Keeles : ceneveiejHeeefuekeÀe meef®eJe,410600950,4090100000,G/North W.C.- M.S. MS ...,10,
13,10,Municipal Secretary keÀe³e& keÀjCeejs Keeles : ceneveiejHeeefuekeÀe meef®eJe,410600950,4110100000,MS ...,10,
13,10,Municipal Secretary keÀe³e& keÀjCeejs Keeles : ceneveiejHeeefuekeÀe meef®eJe,410600950,4120100000,K/East W.C.- M.S. MS ...,10,
13,10,Municipal Secretary keÀe³e& keÀjCeejs Keeles : ceneveiejHeeefuekeÀe meef®eJe,410600950,4130100000,K/West W.C.- M.S. MS ... 10 kesÀ/Heefµ®ece Òe.meefceleer - ce.me.,10,
13,10,Municipal Secretary keÀe³e& keÀjCeejs Keeles : ceneveiejHeeefuekeÀe meef®eJe,410600950,4140100000,P/South W.C.- M.S. MS ... 10 Heer/oef#eCe Òe.meefceleer - ce.me.,10,
13,10,Municipal Secretary keÀe³e& keÀjCeejs Keeles : ceneveiejHeeefuekeÀe meef®eJe,410600950,4150100000,P/North W.C.- M.S. MS ...,10,
13,10,Municipal Secretary keÀe³e& keÀjCeejs Keeles : ceneveiejHeeefuekeÀe meef®eJe,410600950,4160100000,R/South W.C.- M.S. MS ... 10 Deej/oef#eCe Òe.meefceleer - ce.me.,10,
13,10,Municipal Secretary keÀe³e& keÀjCeejs Keeles : ceneveiejHeeefuekeÀe meef®eJe,410600950,4180100000,MS ...,10,
13,10,Municipal Secretary keÀe³e& keÀjCeejs Keeles : ceneveiejHeeefuekeÀe meef®eJe,410600950,4190100000,L W.C.- M.S. MS ... 10 S} Òe.meefceleer - ce.me.,10,
13,10,Municipal Secretary keÀe³e& keÀjCeejs Keeles : ceneveiejHeeefuekeÀe meef®eJe,410600950,4200100000,M/E W.C.- M.S. MS ... 10 Sce/HetJe& Òe.meefceleer-ce.me.,10,
13,10,Municipal Secretary keÀe³e& keÀjCeejs Keeles : ceneveiejHeeefuekeÀe meef®eJe,410600950,4210100000,M/W W.C.- M.S. MS ...,10,
13,10,Municipal Secretary keÀe³e& keÀjCeejs Keeles : ceneveiejHeeefuekeÀe meef®eJe,410600950,4220100000,N W.C.- M.S. MS ... 10 Sve Òe.meefceleer - ce.me.,10,
13,10,Municipal Secretary keÀe³e& keÀjCeejs Keeles : ceneveiejHeeefuekeÀe meef®eJe,410600950,4240100000,S & T W.C.- M.S. MS ...,10,
14,10,Municipal Secretary keÀe³e& keÀjCeejs Keeles : ceneveiejHeeefuekeÀe meef®eJe,410700102,4050100000,"A, B & E W.C.- M.S. MS ...",...,10
14,10,Municipal Secretary keÀe³e& keÀjCeejs Keeles : ceneveiejHeeefuekeÀe meef®eJe,410700102,4040100000,C & D W.C.- M.S. MS ... 10 meerr DeeefCe [er Òe.meefceleer-ce.me.,...,10
14,10,Municipal Secretary keÀe³e& keÀjCeejs Keeles : ceneveiejHeeefuekeÀe meef®eJe,410700102,4060100000,MS ...,...,10
14,10,Municipal Secretary keÀe³e& keÀjCeejs Keeles : ceneveiejHeeefuekeÀe meef®eJe,410700102,4080100000,G/South W.C.- M.S. MS ...,...,10
14,10,Municipal Secretary keÀe³e& keÀjCeejs Keeles : ceneveiejHeeefuekeÀe meef®eJe,410700102,4090100000,G/North W.C.- M.S. MS ... 10 peer /Gllej Òe.meefceleer - ce.me.,...,10
14,10,Municipal Secretary keÀe³e& keÀjCeejs Keeles : ceneveiejHeeefuekeÀe meef®eJe,410700102,4110100000,MS ...,...,10
14,10,Municipal Secretary keÀe³e& keÀjCeejs Keeles : ceneveiejHeeefuekeÀe meef®eJe,410700102,4120100000,K/East W.C.- M.S. MS ...,...,10
14,10,Municipal Secretary keÀe³e& keÀjCeejs Keeles : ceneveiejHeeefuekeÀe meef®eJe,410700102,4130100000,K/West W.C.- M.S. MS ... 10 kesÀ/Heefµ®ece Òe.meefceleer - ce.me.,...,10
14,10,Municipal Secretary keÀe³e& keÀjCeejs Keeles : ceneveiejHeeefuekeÀe meef®eJe,410700102,4140100000,P/South W.C.- M.S. MS ... 10 Heer/oef#eCe Òe.meefceleer - ce.me.,...,10
14,10,Municipal Secretary keÀe³e& keÀjCeejs Keeles : ceneveiejHeeefuekeÀe meef®eJe,410700102,4150100000,P/North W.C.- M.S. MS ...,...,10
14,10,Municipal Secretary keÀe³e& keÀjCeejs Keeles : ceneveiejHeeefuekeÀe meef®eJe,410700102,4160100000,R/South W.C.- M.S. MS ... 10 Deej/oef#eCe Òe.meefceleer - ce.me.,...,10
14,10,Municipal Secretary keÀe³e& keÀjCeejs Keeles : ceneveiejHeeefuekeÀe meef®eJe,410700102,4180100000,MS ...,...,10
14,10,Municipal Secretary keÀe³e& keÀjCeejs Keeles : ceneveiejHeeefuekeÀe meef®eJe,410700102,4190100000,L W.C.- M.S. MS ...,...,10
14,10,Municipal Secretary keÀe³e& keÀjCeejs Keeles : ceneveiejHeeefuekeÀe meef®eJe,410700102,4200100000,M/E W.C.- M.S. MS ... 10 Sce/HetJe& Òe.meefceleer-ce.me.,...,10
14,10,Municipal Secretary keÀe³e& keÀjCeejs Keeles : ceneveiejHeeefuekeÀe meef®eJe,410700102,4210100000,M/W W.C.- M.S. MS ... 10 Sce/Heefµ®ece Òe.meefceleer-ce.me.,...,10
14,10,Municipal Secretary keÀe³e& keÀjCeejs Keeles : ceneveiejHeeefuekeÀe meef®eJe,410700102,4220100000,N W.C.- M.S. MS 10 Sve Òe.meefceleer - ce.me.,,10
14,10,Municipal Secretary keÀe³e& keÀjCeejs Keeles : ceneveiejHeeefuekeÀe meef®eJe,410700102,4240100000,S & T W.C.- M.S. MS ... 10 Sme DeeefCe ìer Òe.meefceleer-ce.me.,...,10
14,10,Municipal Secretary keÀe³e& keÀjCeejs Keeles : ceneveiejHeeefuekeÀe meef®eJe,410700103,4050100000,"A, B & E W.C.- M.S. MS ...",...,25
14,10,Municipal Secretary keÀe³e& keÀjCeejs Keeles : ceneveiejHeeefuekeÀe meef®eJe,410700103,4040100000,C & D W.C.- M.S. MS ... 25 meerr DeeefCe [er Òe.meefceleer - ce.me.,...,25
14,10,Municipal Secretary keÀe³e& keÀjCeejs Keeles : ceneveiejHeeefuekeÀe meef®eJe,410700103,4060100000,MS ...,...,25
14,10,Municipal Secretary keÀe³e& keÀjCeejs Keeles : ceneveiejHeeefuekeÀe meef®eJe,410700103,4080100000,G/South W.C.- M.S. MS ... 25 peer /oef#eCe Òe.meefceleer - ce.me.,...,25
14,10,Municipal Secretary keÀe³e& keÀjCeejs Keeles : ceneveiejHeeefuekeÀe meef®eJe,410700103,4090100000,G/North W.C.- M.S. MS ...,...,25
14,10,Municipal Secretary keÀe³e& keÀjCeejs Keeles : ceneveiejHeeefuekeÀe meef®eJe,410700103,4110100000,MS ...,...,25
14,10,Municipal Secretary keÀe³e& keÀjCeejs Keeles : ceneveiejHeeefuekeÀe meef®eJe,410700103,4120100000,K/East W.C.- M.S. MS ... 25 kesÀ/HetJe& Òe.meefceleer - ce.me.,...,25
14,10,Municipal Secretary keÀe³e& keÀjCeejs Keeles : ceneveiejHeeefuekeÀe meef®eJe,410700103,4130100000,K/West W.C.- M.S. MS ... 25 kesÀ/Heefµ®ece Òe.meefceleer - ce.me.,...,25
15,10,Municipal Secretary keÀe³e& keÀjCeejs Keeles : ceneveiejHeeefuekeÀe meef®eJe,410700103,4140100000,P/South W.C.- M.S. MS ... 25 Heer/oef#eCe Òe.meefceleer - ce.me.,...,25
15,10,Municipal Secretary keÀe³e& keÀjCeejs Keeles : ceneveiejHeeefuekeÀe meef®eJe,410700103,4150100000,P/North W.C.- M.S. MS ...,...,25
15,10,Municipal Secretary keÀe³e& keÀjCeejs Keeles : ceneveiejHeeefuekeÀe meef®eJe,410700103,4160100000,R/South W.C.- M.S. MS ... 25 Deej/oef#eCe Òe.meefceleer - ce.me.,...,25
15,10,Municipal Secretary keÀe³e& keÀjCeejs Keeles : ceneveiejHeeefuekeÀe meef®eJe,410700103,4180100000,MS ...,...,25
15,10,Municipal Secretary keÀe³e& keÀjCeejs Keeles : ceneveiejHeeefuekeÀe meef®eJe,410700103,4190100000,L W.C.- M.S. MS ... 25 S} Òe.meefceleer - ce.me.,...,25
15,10,Municipal Secretary keÀe³e& keÀjCeejs Keeles : ceneveiejHeeefuekeÀe meef®eJe,410700103,4200100000,M/E W.C.- M.S. MS ...,...,25
15,10,Municipal Secretary keÀe³e& keÀjCeejs Keeles : ceneveiejHeeefuekeÀe meef®eJe,410700103,4210100000,M/W W.C.- M.S. MS ... 25 Sce/Heefµ®ece Òe.meefceleer-ce.me.,...,25
15,10,Municipal Secretary keÀe³e& keÀjCeejs Keeles : ceneveiejHeeefuekeÀe meef®eJe,410700103,4220100000,N W.C.- M.S. MS ...,...,25
15,10,Municipal Secretary keÀe³e& keÀjCeejs Keeles : ceneveiejHeeefuekeÀe meef®eJe,410700103,4240100000,S & T W.C.- M.S. MS ... 25 Sme DeeefCe ìer Òe.meefceleer-ce.me.,...,25
15,10,Municipal Secretary keÀe³e& keÀjCeejs Keeles : ceneveiejHeeefuekeÀe meef®eJe,410700104,4050100000,"A, B & E W.C.- M.S. MS ... 25 S,yeer DeeefCe F Òe.meefceleer-ce.me.",...,25
15,10,Municipal Secretary keÀe³e& keÀjCeejs Keeles : ceneveiejHeeefuekeÀe meef®eJe,410700104,4040100000,C & D W.C.- M.S. MS ... 25 meerr DeeefCe [er Òe.meefceleer - ce.me.,...,25
15,10,Municipal Secretary keÀe³e& keÀjCeejs Keeles : ceneveiejHeeefuekeÀe meef®eJe,410700104,4060100000,MS ...,...,25
15,10,Municipal Secretary keÀe³e& keÀjCeejs Keeles : ceneveiejHeeefuekeÀe meef®eJe,410700104,4080100000,G/South W.C.- M.S. MS ... 25 peer /oef#eCe Òe.meefceleer - ce.me.,...,25
15,10,Municipal Secretary keÀe³e& keÀjCeejs Keeles : ceneveiejHeeefuekeÀe meef®eJe,410700104,4090100000,G/North W.C.- M.S. MS ...,...,25
15,10,Municipal Secretary keÀe³e& keÀjCeejs Keeles : ceneveiejHeeefuekeÀe meef®eJe,410700104,4110100000,MS ...,...,25
15,10,Municipal Secretary keÀe³e& keÀjCeejs Keeles : ceneveiejHeeefuekeÀe meef®eJe,410700104,4120100000,K/East W.C.- M.S. MS ... 25 kesÀ/HetJe& Òe.meefceleer - ce.me.,...,25
15,10,Municipal Secretary keÀe³e& keÀjCeejs Keeles : ceneveiejHeeefuekeÀe meef®eJe,410700104,4130100000,K/West W.C.- M.S. MS ... 25 kesÀ/Heefµ®ece Òe.meefceleer - ce.me.,...,25
15,10,Municipal Secretary keÀe³e& keÀjCeejs Keeles : ceneveiejHeeefuekeÀe meef®eJe,410700104,4140100000,P/South W.C.- M.S. MS 25 Heer/oef#eCe Òe.meefceleer - ce.me.,,25
15,10,Municipal Secretary keÀe³e& keÀjCeejs Keeles : ceneveiejHeeefuekeÀe meef®eJe,410700104,4150100000,P/North W.C.- M.S. MS ... 25 Heer/Gllej Òe.meefceleer - ce.me.,...,25
15,10,Municipal Secretary keÀe³e& keÀjCeejs Keeles : ceneveiejHeeefuekeÀe meef®eJe,410700104,4160100000,R/South W.C.- M.S. MS ... 25 Deej/oef#eCe Òe.meefceleer - ce.me.,...,25
15,10,Municipal Secretary keÀe³e& keÀjCeejs Keeles : ceneveiejHeeefuekeÀe meef®eJe,410700104,4180100000,MS ...,...,25
15,10,Municipal Secretary keÀe³e& keÀjCeejs Keeles : ceneveiejHeeefuekeÀe meef®eJe,410700104,4190100000,L W.C.- M.S. MS ... 25 S} Òe.meefceleer - ce.me.,...,25
15,10,Municipal Secretary keÀe³e& keÀjCeejs Keeles : ceneveiejHeeefuekeÀe meef®eJe,410700104,4200100000,M/E W.C.- M.S. MS ... 25 Sce/HetJe& Òe.meefceleer-ce.me.,...,25
15,10,Municipal Secretary keÀe³e& keÀjCeejs Keeles : ceneveiejHeeefuekeÀe meef®eJe,410700104,4210100000,M/W W.C.- M.S. MS ... 25 Sce/Heefµ®ece Òe.meefceleer-ce.me.,...,25
15,10,Municipal Secretary keÀe³e& keÀjCeejs Keeles : ceneveiejHeeefuekeÀe meef®eJe,410700104,4220100000,N W.C.- M.S. MS ... 25 Sve Òe.meefceleer - ce.me.,...,25
15,10,Municipal Secretary keÀe³e& keÀjCeejs Keeles : ceneveiejHeeefuekeÀe meef®eJe,410700104,4240100000,S & T W.C.- M.S. MS ... 25 Sme DeeefCe ìer Òe.meefceleer-ce.me.,...,25
16,10,Municipal Secretary keÀe³e& keÀjCeejs Keeles : ceneveiejHeeefuekeÀe meef®eJe,410700201,4050100000,"A, B & E W.C.- M.S. MS ... 10 S,yeer DeeefCe F Òe.meefceleer-ce.me.",...,10
16,10,Municipal Secretary keÀe³e& keÀjCeejs Keeles : ceneveiejHeeefuekeÀe meef®eJe,410700201,4040100000,C & D W.C.- M.S. MS ... 10 meerr DeeefCe [er Òe.meefceleer - ce.me.,...,10
16,10,Municipal Secretary keÀe³e& keÀjCeejs Keeles : ceneveiejHeeefuekeÀe meef®eJe,410700201,4060100000,MS ...,...,10
16,10,Municipal Secretary keÀe³e& keÀjCeejs Keeles : ceneveiejHeeefuekeÀe meef®eJe,410700201,4080100000,G/South W.C.- M.S. MS ... 10 peer /oef#eCe Òe.meefceleer - ce.me.,...,10
16,10,Municipal Secretary keÀe³e& keÀjCeejs Keeles : ceneveiejHeeefuekeÀe meef®eJe,410700201,4090100000,G/North W.C.- M.S. MS ... 10 peer /Gllej Òe.meefceleer - ce.me.,...,10
16,10,Municipal Secretary keÀe³e& keÀjCeejs Keeles : ceneveiejHeeefuekeÀe meef®eJe,410700201,4110100000,MS,,10
16,10,Municipal Secretary keÀe³e& keÀjCeejs Keeles : ceneveiejHeeefuekeÀe meef®eJe,410700201,4120100000,K/East W.C.- M.S. MS ...,...,10
16,10,Municipal Secretary keÀe³e& keÀjCeejs Keeles : ceneveiejHeeefuekeÀe meef®eJe,410700201,4130100000,K/West W.C.- M.S. MS ...,...,10
16,10,Municipal Secretary keÀe³e& keÀjCeejs Keeles : ceneveiejHeeefuekeÀe meef®eJe,410700201,4140100000,P/South W.C.- M.S. MS ... 10 Heer/oef#eCe Òe.meefceleer - ce.me.,...,10
16,10,Municipal Secretary keÀe³e& keÀjCeejs Keeles : ceneveiejHeeefuekeÀe meef®eJe,410700201,4150100000,P/North W.C.- M.S. MS ... 10 Heer/Gllej Òe.meefceleer - ce.me.,...,10
16,10,Municipal Secretary keÀe³e& keÀjCeejs Keeles : ceneveiejHeeefuekeÀe meef®eJe,410700201,4160100000,R/South W.C.- M.S. MS ... 10 Deej/oef#eCe Òe.meefceleer - ce.me.,...,10
16,10,Municipal Secretary keÀe³e& keÀjCeejs Keeles : ceneveiejHeeefuekeÀe meef®eJe,410700201,4180100000,MS ...,...,10
16,10,Municipal Secretary keÀe³e& keÀjCeejs Keeles : ceneveiejHeeefuekeÀe meef®eJe,410700201,4190100000,L W.C.- M.S. MS ... 10 S} Òe.meefceleer - ce.me.,...,10
16,10,Municipal Secretary keÀe³e& keÀjCeejs Keeles : ceneveiejHeeefuekeÀe meef®eJe,410700201,4200100000,M/E W.C.- M.S. MS ... 10 Sce/HetJe& Òe.meefceleer-ce.me.,...,10
16,10,Municipal Secretary keÀe³e& keÀjCeejs Keeles : ceneveiejHeeefuekeÀe meef®eJe,410700201,4210100000,M/W W.C.- M.S. MS ... 10 Sce/Heefµ®ece Òe.meefceleer-ce.me.,...,10
16,10,Municipal Secretary keÀe³e& keÀjCeejs Keeles : ceneveiejHeeefuekeÀe meef®eJe,410700201,4220100000,N W.C.- M.S. MS ... 10 Sve Òe.meefceleer - ce.me.,...,10
16,10,Municipal Secretary keÀe³e& keÀjCeejs Keeles : ceneveiejHeeefuekeÀe meef®eJe,410700201,4240100000,S & T W.C.- M.S. MS ... 10 Sme DeeefCe ìer Òe.meefceleer-ce.me.,...,10
17,10,Municipal Secretary keÀe³e& keÀjCeejs Keeles : ceneveiejHeeefuekeÀe meef®eJe,410600301,1000100000,HO - M.S. MS ...,50,
17,10,Municipal Secretary keÀe³e& keÀjCeejs Keeles : ceneveiejHeeefuekeÀe meef®eJe,410600610,1000100000,HO - M.S. MS ...,100,
17,10,Municipal Secretary keÀe³e& keÀjCeejs Keeles : ceneveiejHeeefuekeÀe meef®eJe,410600950,1000100000,HO - M.S. MS ...,25,
17,10,Municipal Secretary keÀe³e& keÀjCeejs Keeles : ceneveiejHeeefuekeÀe meef®eJe,410700100,1000100101,Mayor's Bunglow -M.S. MS ... 1000 ceneHeewj yebieuee -ce.ve.Hee.meef®eJe,1000,
17,10,Municipal Secretary keÀe³e& keÀjCeejs Keeles : ceneveiejHeeefuekeÀe meef®eJe,410700102,1000100000,HO - M.S. MS ... 50 cegK³eeue³e-ce.ve.Hee.meef®eJe,50,
17,10,Municipal Secretary keÀe³e& keÀjCeejs Keeles : ceneveiejHeeefuekeÀe meef®eJe,410700103,1000100000,HO - M.S. MS ... 100 cegK³eeue³e-ce.ve.Hee.meef®eJe,100,
17,10,Municipal Secretary keÀe³e& keÀjCeejs Keeles : ceneveiejHeeefuekeÀe meef®eJe,410700104,1000100000,HO - M.S. MS ...,100,
17,10,Municipal Secretary keÀe³e& keÀjCeejs Keeles : ceneveiejHeeefuekeÀe meef®eJe,410700201,1000100000,HO - M.S. MS ...,25,
18,10,Municipal Secretary keÀe³e& keÀjCeejs Keeles : ceneveiejHeeefuekeÀe meef®eJe,410600200,1000100000,HO - M.S. MS ... 50 cegK³eeue³e-ce.ve.Hee.meef®eJe,50,
18,10,Municipal Secretary keÀe³e& keÀjCeejs Keeles : ceneveiejHeeefuekeÀe meef®eJe,410600301,1000100000,HO - M.S. MS ... 50 cegK³eeue³e-ce.ve.Hee.meef®eJe,50,
18,10,Municipal Secretary keÀe³e& keÀjCeejs Keeles : ceneveiejHeeefuekeÀe meef®eJe,410600320,1000100000,HO - M.S. MS ... 100 cegK³eeue³e-ce.ve.Hee.meef®eJe,100,
18,10,Municipal Secretary keÀe³e& keÀjCeejs Keeles : ceneveiejHeeefuekeÀe meef®eJe,410700102,1000100000,HO - M.S. MS ... 25 cegK³eeue³e-ce.ve.Hee.meef®eJe,25,
18,10,Municipal Secretary keÀe³e& keÀjCeejs Keeles : ceneveiejHeeefuekeÀe meef®eJe,410700103,1000100000,HO - M.S. MS ... 25 cegK³eeue³e-ce.ve.Hee.meef®eJe,25,
18,10,Municipal Secretary keÀe³e& keÀjCeejs Keeles : ceneveiejHeeefuekeÀe meef®eJe,410700104,1000100000,HO - M.S. MS ... 25 cegK³eeue³e-ce.ve.Hee.meef®eJe,25,
18,10,Municipal Secretary keÀe³e& keÀjCeejs Keeles : ceneveiejHeeefuekeÀe meef®eJe,410700201,1000100000,HO - M.S. MS ... 25 cegK³eeue³e-ce.ve.Hee.meef®eJe,25,
18,10,Municipal Secretary keÀe³e& keÀjCeejs Keeles : ceneveiejHeeefuekeÀe meef®eJe,501000002,1000100000,MS ...,200,
21,11,Municipal Chief Auditor's Deptt. keÀe³e& keÀjCeejs Keeles : ce.ve.Hee.cegK³e uesKee Heefj#ekeÀ,410600000,1000110000,HO - M.C.A. MCA 1500,,
21,11,Municipal Chief Auditor's Deptt. keÀe³e& keÀjCeejs Keeles : ce.ve.Hee.cegK³e uesKee Heefj#ekeÀ,410700000,1000110000,HO - M.C.A. MCA 200,,
22,11,Municipal Chief Auditor's Deptt. keÀe³e& keÀjCeejs Keeles : ce.ve.Hee.cegK³e uesKee Heefj#ekeÀ,410600200,1000110000,HO - MCA MCA 100,,
22,11,Municipal Chief Auditor's Deptt. keÀe³e& keÀjCeejs Keeles : ce.ve.Hee.cegK³e uesKee Heefj#ekeÀ,410700000,1000110000,HO - M.C.A. MCA 50,,
26,11,Departments related to General Administration and Ward Management,410400000,4040120000,D Ward M.C. 77909 ... [er efJeYeeie,...,
26,11,Departments related to General Administration and Ward Management,410400034,1000125437,H. R. Module Training Centre M.C. 200 200 S®e.Deej. cee@[³etue ì^sefvebie meWìj,200,
26,11,Departments related to General Administration and Ward Management,410400034,4010120000,A Ward M.C. 100,100,
26,11,Departments related to General Administration and Ward Management,410400034,4020120000,B Ward M.C. 100 100 yeer efJeYeeie,100,
26,11,Departments related to General Administration and Ward Management,410400034,4030120000,C Ward M.C. 200 200 meer efJeYeeie,200,
26,11,Departments related to General Administration and Ward Management,410400034,4040120000,D Ward M.C. 100,100,
26,11,Departments related to General Administration and Ward Management,410400034,4050120000,E Ward M.C. 200 200 F& efJeYeeie,200,
26,11,Departments related to General Administration and Ward Management,410400034,4060120000,F/South Ward M.C. 100,100,
26,11,Departments related to General Administration and Ward Management,410400034,4070120000,F/North Ward M.C. 100 100 SHeÀ/Gllej efJeYeeie,100,
26,11,Departments related to General Administration and Ward Management,410400034,4080120000,G/South Ward M.C. 200 200 peer/oef#eCe efJeYeeie,200,
26,11,Departments related to General Administration and Ward Management,410400034,4090120000,G/North Ward M.C. 100,100,
26,11,Departments related to General Administration and Ward Management,410400034,4100120000,H/East Ward M.C. 200 200 S®e/HetJe& efJeYeeie,200,
26,11,Departments related to General Administration and Ward Management,410400034,4110120000,H/West Ward M.C. 100,100,
26,11,Departments related to General Administration and Ward Management,410400034,4120120000,K/East Ward M.C. 100 100 kesÀ/HetJe& efJeYeeie,100,
26,11,Departments related to General Administration and Ward Management,410400034,4130120000,K/West Ward M.C. 100 100 kesÀ/HeefM®ece efJeYeeie,100,
26,11,Departments related to General Administration and Ward Management,410400034,4140120000,P/South Ward M.C. 100,100,
26,11,Departments related to General Administration and Ward Management,410400034,4150120000,P/North Ward M.C. 100 100 Heer/Gllej efJeYeeie,100,
26,11,Departments related to General Administration and Ward Management,410400034,4160120000,R/South Ward M.C. 100,100,
26,11,Departments related to General Administration and Ward Management,410400034,4170120000,R/North Ward M.C. 200 200 Deej/Gllej efJeYeeie,200,
26,11,Departments related to General Administration and Ward Management,410400034,4180120000,R/Central Ward M.C. 100 100 Deej/ceO³e efJeYeeie,100,
26,11,Departments related to General Administration and Ward Management,410400034,4190120000,L Ward M.C. 100,100,
26,11,Departments related to General Administration and Ward Management,410400034,4200120000,M/East Ward M.C. 100 100 Sce/HetJe& efJeYeeie,100,
26,11,Departments related to General Administration and Ward Management,410400034,4210120000,M/West Ward M.C. 100,100,
26,11,Departments related to General Administration and Ward Management,410400034,4220120000,N Ward M.C. 100 100 Sve efJeYeeie,100,
26,11,Departments related to General Administration and Ward Management,410400034,4230120000,S Ward M.C. 100 100 Sme efJeYeeie,100,
26,11,Departments related to General Administration and Ward Management,410400034,4240120000,T Ward M.C. 100,100,
26,11,Departments related to General Administration and Ward Management,410400034,4270120000,P/East Ward M.C. ... 100 Heer/HetJe& efJeYeeie,100,
27,11,Departments related to General Administration and Ward Management,410600200,1000120000,H.O.-M.C. M.C. 300 300 cegK³e keÀe³ee&ue³e-Dee³egkeÌle,300,300
27,11,Departments related to General Administration and Ward Management,410600200,1000124402,Dy.Ch.Eng. (PPPP) M.C. 500,500,500
27,11,Departments related to General Administration and Ward Management,410600200,1000125401,M.C. Office M.C. 200,200,200
27,11,Departments related to General Administration and Ward Management,410600200,1000125402,A.M.C.(Project)-Office M.C. 200,200,200
27,11,Departments related to General Administration and Ward Management,410600200,1000125403,A.M.C.(City)-Office M.C. 200,200,200
27,11,Departments related to General Administration and Ward Management,410600200,1000125404,A.M.C.(W.S.)-Office M.C. 200,200,200
27,11,Departments related to General Administration and Ward Management,410600200,1000125405,A.M.C.(E.S.)-Office M.C. 200 200 DeefleefjkeÌle Dee³egkeÌle (Het.G.)-keÀe³ee&ue³e,200,200
27,11,Departments related to General Administration and Ward Management,410600200,1000125407,Director (M.E. & M.H.) M.C. 200 200 meb®eeuekeÀ (Jew.efMe.DeeefCe cegK³e ©iCeeue³es),200,200
27,11,Departments related to General Administration and Ward Management,410600200,1000125408,Director (E.S.& P.)-M.C. M.C. 100 100 meb®eeuekeÀ (De.mes. Je He´.) Dee³egkeÌle,100,100
27,11,Departments related to General Administration and Ward Management,410600200,1000125409,D.M.C.(Gen. Admn.) M.C. 500 500 Ghe Dee³egkeÌle (mee.He´.),500,500
27,11,Departments related to General Administration and Ward Management,410600200,1000125410,Jt. M.C. (Election) / DMC (OMc.tCro.i A & C) 100,100,100
27,11,Departments related to General Administration and Ward Management,410600200,1000125411,D.M.C.(Special) M.C. 100,100,100
27,11,Departments related to General Administration and Ward Management,410600200,1000125414,D.M.C. (E. & W. M.) M.C. 100,100,100
27,11,Departments related to General Administration and Ward Management,410600200,1000125415,D.M.C.(Hawkers Regulation) M.C. 100,100,100
27,11,Departments related to General Administration and Ward Management,410600200,1000125417,D.M.C.(Vigilance) M.C. 100 100 Ghe Dee³egkeÌle (o#elee),100,100
27,11,Departments related to General Administration and Ward Management,410600200,1000125418,Ch. E. (Vigilance) M.C. 1500 1500 He´cegKe DeefYe³eblee (o#elee),1500,1500
27,11,Departments related to General Administration and Ward Management,410600200,1000125420,D.M.C.(Environment) M.C. 200 200 Ghe Dee³egkeÌle (He³ee&JejCe),200,200
27,11,Departments related to General Administration and Ward Management,410600200,1000125427,D.M.C.(Garden & Rec.) M.C. 100 100 Ghe Dee³egkeÌle (GÐeeves Je ceveesjbpeve),100,100
27,11,Departments related to General Administration and Ward Management,410600200,1000125428,D.M.C.(C.P.A.) M.C. 100,100,100
27,11,Departments related to General Administration and Ward Management,410600200,1000125429,D.M.C.(Public Health) M.C. 100,100,100
27,11,Departments related to General Administration and Ward Management,410600200,1000125431,M.C. 500 500 Ghe Dee³egkeÌle (Deefleke´ÀceCe efvecet&ueve),500,500
27,11,Departments related to General Administration and Ward Management,410600200,1000125433,Citynet Satellite Office M.C. 100,100,100
27,11,Departments related to General Administration and Ward Management,410600200,1000125435,M.C. 100 100 GHe Dee³egkeÌle (Ieve keÀ®eje J³eJemLeeHeve),100,100
27,11,Departments related to General Administration and Ward Management,410600200,1000125437,M.C. ... 5000 S®e.Deej. cee@[³etue ì^sefvebie meWìj,...,5000
27,11,Departments related to General Administration and Ward Management,410600200,2001125401,M.C. 10,10,10
27,11,Departments related to General Administration and Ward Management,410600200,2002125401,M.C. 100,100,100
27,11,Departments related to General Administration and Ward Management,410600200,3001125401,D.M.C.(Zone-I) M.C. 100 100 Ghe Dee³egkeÌle (Heefjceb[U-SkeÀ),100,100
27,11,Departments related to General Administration and Ward Management,410600200,3002125401,D.M.C.(Zone-II) M.C. 100,100,100
28,11,Departments related to General Administration and Ward Management,410600200,3003125401,D.M.C.(Zone-III) M.C. 100 100 Ghe Dee³egkeÌle (Heefjceb[U-leerve),100,100
28,11,Departments related to General Administration and Ward Management,410600200,3004125401,D.M.C.(Zone-IV) M.C. 200,200,200
28,11,Departments related to General Administration and Ward Management,410600200,3005125401,D.M.C.(Zone-V) M.C. 100,100,100
28,11,Departments related to General Administration and Ward Management,410600200,3006125401,D.M.C.(Zone-VI) M.C. 200,200,200
28,11,Departments related to General Administration and Ward Management,410600200,3007125401,D.M.C.(Zone-VII) M.C. 100 100 Ghe Dee³egkeÌle (Heefjceb[U-meele),100,100
28,11,Departments related to General Administration and Ward Management,410600200,4010120000,A Ward M.C. 200 200 S efJeYeeie,200,200
28,11,Departments related to General Administration and Ward Management,410600200,4020120000,B Ward M.C. 200 200 yeer efJeYeeie,200,200
28,11,Departments related to General Administration and Ward Management,410600200,4030120000,C Ward M.C. 200,200,200
28,11,Departments related to General Administration and Ward Management,410600200,4040120000,D Ward M.C. 220,220,220
28,11,Departments related to General Administration and Ward Management,410600200,4050120000,E Ward M.C. 200 200 F& efJeYeeie,200,200
28,11,Departments related to General Administration and Ward Management,410600200,4060120000,F/South Ward M.C. 220 220 SHeÀ/oef#eCe efJeYeeie,220,220
28,11,Departments related to General Administration and Ward Management,410600200,4070120000,F/North Ward M.C. 200 200 SHeÀ/Gllej efJeYeeie,200,200
28,11,Departments related to General Administration and Ward Management,410600200,4080120000,G/South Ward M.C. 200,200,200
28,11,Departments related to General Administration and Ward Management,410600200,4090120000,G/North Ward M.C. 200,200,200
28,11,Departments related to General Administration and Ward Management,410600200,4100120000,H/East Ward M.C. 200 200 S®e/HetJe& efJeYeeie,200,200
28,11,Departments related to General Administration and Ward Management,410600200,4110120000,H/West Ward M.C. 200 200 S®e/HeefM®ece efJeYeeie,200,200
28,11,Departments related to General Administration and Ward Management,410600200,4120120000,K/East Ward M.C. 200 200 kesÀ/HetJe& efJeYeeie,200,200
28,11,Departments related to General Administration and Ward Management,410600200,4130120000,K/West Ward M.C. 200,200,200
28,11,Departments related to General Administration and Ward Management,410600200,4140120000,P/South Ward M.C. 200,200,200
28,11,Departments related to General Administration and Ward Management,410600200,4150120000,P/North Ward M.C. 200 200 Heer/Gllej efJeYeeie,200,200
28,11,Departments related to General Administration and Ward Management,410600200,4160120000,R/South Ward M.C. 200 200 Deej/oef#eCe efJeYeeie,200,200
28,11,Departments related to General Administration and Ward Management,410600200,4170120000,R/North Ward M.C. 200 200 Deej/Gllej efJeYeeie,200,200
28,11,Departments related to General Administration and Ward Management,410600200,4180120000,R/Central Ward M.C. 200,200,200
28,11,Departments related to General Administration and Ward Management,410600200,4190120000,L Ward M.C. 200,200,200
28,11,Departments related to General Administration and Ward Management,410600200,4200120000,M/East Ward M.C. 200 200 Sce/HetJe& efJeYeeie,200,200
28,11,Departments related to General Administration and Ward Management,410600200,4210120000,M/West Ward M.C. 200 200 Sce/HeefM®ece efJeYeeie,200,200
28,11,Departments related to General Administration and Ward Management,410600200,4220120000,N Ward M.C. 200 200 Sve efJeYeeie,200,200
28,11,Departments related to General Administration and Ward Management,410600200,4230120000,S Ward M.C. 200,200,200
28,11,Departments related to General Administration and Ward Management,410600200,4240120000,T Ward M.C. 200,200,200
28,11,Departments related to General Administration and Ward Management,410600200,4270120000,P/East Ward M.C. ... 200 Heer/HetJe& efJeYeeie,...,200
29,11,Departments related to General Administration and Ward Management,410600210,1000125431,100 100 Ghe Dee³egkeÌle (Deefleke´ÀceCe efvecet&ueve),100,100
29,11,Departments related to General Administration and Ward Management,410600210,1000125437,H. R. Module Training Centre 500,500,1500
29,11,Departments related to General Administration and Ward Management,410600300,1000120000,H.O.-M.C. M.C. 100,100,100
29,11,Departments related to General Administration and Ward Management,410600300,1000125401,M.C. Office M.C. 100,100,100
29,11,Departments related to General Administration and Ward Management,410600300,1000125402,A.M.C.(Project)-Office M.C. 100,100,100
29,11,Departments related to General Administration and Ward Management,410600300,1000125403,A.M.C.(City)-Office M.C. 150 150 DeefleefjkeÌle Dee³egkeÌle (Menj)-keÀe³ee&ue³e,150,150
29,11,Departments related to General Administration and Ward Management,410600300,1000125404,A.M.C.(W.S.)-Office M.C. 200 200 DeefleefjkeÌle Dee³egkeÌle (He.G.)-keÀe³ee&ue³e,200,200
29,11,Departments related to General Administration and Ward Management,410600300,1000125405,A.M.C.(E.S.)-Office M.C. 150 150 DeefleefjkeÌle Dee³egkeÌle (Het.G.)-keÀe³ee&ue³e,150,150
29,11,Departments related to General Administration and Ward Management,410600300,1000125408,Director (E.S.& P.)-M.C. M.C. 10 10 meb®eeuekeÀ (De.mes. Je He´.) Dee³egkeÌle,10,10
29,11,Departments related to General Administration and Ward Management,410600300,1000125410,"DMC (Octroi A & C) M.C. 140 140 Ghe Dee³egkeÌle (pekeÀele, keÀ Je meb.)",140,140
29,11,Departments related to General Administration and Ward Management,410600300,1000125420,D.M.C.(Environment) M.C. 100,100,100
29,11,Departments related to General Administration and Ward Management,410600300,1000125429,D.M.C.(Public Health) M.C. 100,100,100
29,11,Departments related to General Administration and Ward Management,410600300,1000125431,M.C. 200 200 Ghe Dee³egkeÌle (Deefleke´ÀceCe efvecet&ueve),200,200
29,11,Departments related to General Administration and Ward Management,410600300,1000125435,D.M.C. (S.W.M.) M.C. 100 100 GHe Dee³egkeÌle (Ieve keÀ®eje J³eJemLeeHeve),100,100
29,11,Departments related to General Administration and Ward Management,410600300,2001125401,M.C. 100,100,100
29,11,Departments related to General Administration and Ward Management,410600300,2002125401,M.C. 100,100,100
29,11,Departments related to General Administration and Ward Management,410600300,2003125401,M.C. 100,100,100
29,11,Departments related to General Administration and Ward Management,410600300,3003125401,D.M.C.(Zone-III) M.C. 100,100,100
29,11,Departments related to General Administration and Ward Management,410600300,3004125401,D.M.C.(Zone-IV) M.C. 100,100,100
29,11,Departments related to General Administration and Ward Management,410600300,3005125401,D.M.C.(Zone-V) M.C. 100 100 Ghe Dee³egkeÌle (Heefjceb[U-Hee®e),100,100
29,11,Departments related to General Administration and Ward Management,410600300,3006125401,D.M.C.(Zone-VI) M.C. 400 400 Ghe Dee³egkeÌle (Heefjceb[U-mene),400,400
29,11,Departments related to General Administration and Ward Management,410600300,3007125401,D.M.C.(Zone-VII) M.C. 100 100 Ghe Dee³egkeÌle (Heefjceb[U-meele),100,100
29,11,Departments related to General Administration and Ward Management,410600300,4030120000,C Ward M.C. 300 300 meer efJeYeeie,300,300
29,11,Departments related to General Administration and Ward Management,410600300,4050120000,E Ward M.C. 100,100,100
30,11,Departments related to General Administration and Ward Management,410600300,4090120000,G/North Ward M.C. 100 100 peer/Gllej efJeYeeie,100,100
30,11,Departments related to General Administration and Ward Management,410600300,4100120000,H/East Ward M.C. 100 100 S®e/HetJe& efJeYeeie,100,100
30,11,Departments related to General Administration and Ward Management,410600401,4020120000,B Ward 300 300 yeer efJeYeeie,300,300
30,11,Departments related to General Administration and Ward Management,410600401,4030120000,C Ward M.C. 300,300,300
30,11,Departments related to General Administration and Ward Management,410600500,1000120000,H.O.-M.C. M.C. 50,50,50
30,11,Departments related to General Administration and Ward Management,410600500,1000125401,M.C. Office M.C. 50,50,50
30,11,Departments related to General Administration and Ward Management,410600500,1000125429,D.M.C.(Public Health) M.C. 50 50 Ghe Dee³egkeÌle (meeJe&peefvekeÀ Deejesi³e),50,50
30,11,Departments related to General Administration and Ward Management,410600500,1000125431,M.C. 50 50 Ghe Dee³egkeÌle (Deefleke´ÀceCe efvecet&ueve),50,50
30,11,Departments related to General Administration and Ward Management,410600500,1000125435,D.M.C. (S.W.M.) M.C. 50 50 GHe Dee³egkeÌle (Ieve keÀ®eje J³eJemLeeHeve),50,50
30,11,Departments related to General Administration and Ward Management,410600500,2001125401,M.C. 50 50 mene.Dee³egkeÌle (Deefleke´ÀceCe efvecet&ueve) Menj,50,50
30,11,Departments related to General Administration and Ward Management,410600500,2002125401,M.C. 50,50,50
30,11,Departments related to General Administration and Ward Management,410600500,2003125401,M.C. 30,30,30
30,11,Departments related to General Administration and Ward Management,410600500,3005125401,D.M.C.(Zone-V) M.C. 50 50 Ghe Dee³egkeÌle (Heefjceb[U-Hee®e),50,50
30,11,Departments related to General Administration and Ward Management,410600500,4010120000,A Ward M.C. 50,50,50
30,11,Departments related to General Administration and Ward Management,410600500,4020120000,B Ward M.C. 50 50 yeer efJeYeeie,50,50
30,11,Departments related to General Administration and Ward Management,410600500,4030120000,C Ward M.C. 50 50 meer efJeYeeie,50,50
30,11,Departments related to General Administration and Ward Management,410600500,4040120000,D Ward M.C. 50,50,50
30,11,Departments related to General Administration and Ward Management,410600500,4050120000,E Ward M.C. 50,50,50
30,11,Departments related to General Administration and Ward Management,410600500,4060120000,F/South Ward M.C. 50 50 SHeÀ/oef#eCe efJeYeeie,50,50
30,11,Departments related to General Administration and Ward Management,410600500,4070120000,M.C. 50 50 SHeÀ/Gllej efJeYeeie,50,50
30,11,Departments related to General Administration and Ward Management,410600500,4080120000,G/South Ward M.C. 200,200,200
30,11,Departments related to General Administration and Ward Management,410600500,4090120000,G/North Ward M.C. 50 50 peer/Gllej efJeYeeie,50,50
30,11,Departments related to General Administration and Ward Management,410600500,4100120000,H/East Ward M.C. 50 50 S®e/HetJe& efJeYeeie,50,50
30,11,Departments related to General Administration and Ward Management,410600500,4110120000,H/West Ward M.C. 50,50,50
30,11,Departments related to General Administration and Ward Management,410600500,4120120000,K/East Ward M.C. 50,50,50
30,11,Departments related to General Administration and Ward Management,410600500,4130120000,K/West Ward M.C. 50 50 kesÀ/HeefM®ece efJeYeeie,50,50
31,11,Departments related to General Administration and Ward Management,410600500,4140120000,P/South Ward M.C. 50 50 Heer/oef#eCe efJeYeeie,50,50
31,11,Departments related to General Administration and Ward Management,410600500,4150120000,P/North Ward M.C. 50 50 Heer/Gllej efJeYeeie,50,50
31,11,Departments related to General Administration and Ward Management,410600500,4160120000,R/South Ward M.C. 50,50,50
31,11,Departments related to General Administration and Ward Management,410600500,4170120000,R/North Ward M.C. 50,50,50
31,11,Departments related to General Administration and Ward Management,410600500,4180120000,R/Central Ward M.C. 50 50 Deej/ceO³e efJeYeeie,50,50
31,11,Departments related to General Administration and Ward Management,410600500,4190120000,M.C. 50 50 Sue efJeYeeie,50,50
31,11,Departments related to General Administration and Ward Management,410600500,4200120000,M/East Ward M.C. 50,50,50
31,11,Departments related to General Administration and Ward Management,410600500,4210120000,M/West Ward M.C. 50 50 Sce/HeefM®ece efJeYeeie,50,50
31,11,Departments related to General Administration and Ward Management,410600500,4220120000,N Ward M.C. 50 50 Sve efJeYeeie,50,50
31,11,Departments related to General Administration and Ward Management,410600500,4230120000,S Ward M.C. 50,50,50
31,11,Departments related to General Administration and Ward Management,410600500,4240120000,T Ward M.C. 50,50,50
31,11,Departments related to General Administration and Ward Management,410600500,4270120000,P/East Ward M.C. ... 50 Heer/HetJe& efJeYeeie,...,50
31,11,Departments related to General Administration and Ward Management,410600700,1000125411,D.M.C.(Special) M.C. 100 100 Ghe Dee³egkeÌle (efJeMes<e),100,100
31,11,Departments related to General Administration and Ward Management,410600700,1000125429,D.M.C.(Public Health) M.C. 50 50 Ghe Dee³egkeÌle (meeJe&peefvekeÀ Deejesi³e),50,50
31,11,Departments related to General Administration and Ward Management,410600700,1000125437,H. R. Module Training Centre M.C. 100 100 S®e.Deej. cee@[³etue ì^sefvebie meWìj,100,100
31,11,Departments related to General Administration and Ward Management,410600700,2001125401,M.C. 100,100,100
31,11,Departments related to General Administration and Ward Management,410600700,3001125401,D.M.C.(Zone-I) M.C. 100 100 Ghe Dee³egkeÌle (Heefjceb[U-SkeÀ),100,100
31,11,Departments related to General Administration and Ward Management,410600700,3002125401,D.M.C.(Zone-II) M.C. 100,100,100
31,11,Departments related to General Administration and Ward Management,410600700,3003125401,D.M.C.(Zone-III) M.C. 100 100 Ghe Dee³egkeÌle (Heefjceb[U-leerve),100,100
31,11,Departments related to General Administration and Ward Management,410600700,3004125401,D.M.C.(Zone-IV) M.C. 100,100,100
31,11,Departments related to General Administration and Ward Management,410600700,3005125401,D.M.C.(Zone-V) M.C. 100 100 Ghe Dee³egkeÌle (Heefjceb[U-Hee®e),100,100
31,11,Departments related to General Administration and Ward Management,410600700,3006125401,D.M.C.(Zone-VI) M.C. 100,100,100
31,11,Departments related to General Administration and Ward Management,410600700,3007125401,D.M.C.(Zone-VII) M.C. 100,100,100
31,11,Departments related to General Administration and Ward Management,410600700,4010120000,A Ward M.C. 100 100 S efJeYeeie,100,100
31,11,Departments related to General Administration and Ward Management,410600700,4020120000,B Ward M.C. 100 100 yeer efJeYeeie,100,100
31,11,Departments related to General Administration and Ward Management,410600700,4030120000,C Ward M.C. 100 100 meer efJeYeeie,100,100
31,11,Departments related to General Administration and Ward Management,410600700,4040120000,D Ward M.C. 100,100,100
31,11,Departments related to General Administration and Ward Management,410600700,4050120000,E Ward M.C. 100,100,100
31,11,Departments related to General Administration and Ward Management,410600700,4060120000,F/South Ward M.C. 100,100,100
31,11,Departments related to General Administration and Ward Management,410600700,4070120000,F/North Ward M.C. 100,100,100
31,11,Departments related to General Administration and Ward Management,410600700,4080120000,G/South Ward M.C. 100,100,100
32,11,Departments related to General Administration and Ward Management,410600700,4090120000,G/North Ward M.C. 100,100,100
32,11,Departments related to General Administration and Ward Management,410600700,4100120000,H/East Ward M.C. 100,100,100
32,11,Departments related to General Administration and Ward Management,410600700,4110120000,H/West Ward M.C. 100,100,100
32,11,Departments related to General Administration and Ward Management,410600700,4120120000,K/East Ward M.C. 100,100,100
32,11,Departments related to General Administration and Ward Management,410600700,4130120000,K/West Ward M.C. 100,100,100
32,11,Departments related to General Administration and Ward Management,410600700,4140120000,M.C. 100 100 Heer/oef#eCe efJeYeeie,100,100
32,11,Departments related to General Administration and Ward Management,410600700,4150120000,P/North Ward M.C. 100 100 Heer/Gllej efJeYeeie,100,100
32,11,Departments related to General Administration and Ward Management,410600700,4160120000,R/South Ward M.C. 100 100 Deej/oef#eCe efJeYeeie,100,100
32,11,Departments related to General Administration and Ward Management,410600700,4170120000,R/North Ward M.C. 100 100 Deej/Gllej efJeYeeie,100,100
32,11,Departments related to General Administration and Ward Management,410600700,4180120000,R/Central Ward M.C. 100 100 Deej/ceO³e efJeYeeie,100,100
32,11,Departments related to General Administration and Ward Management,410600700,4190120000,L Ward M.C. 100 100 Sue efJeYeeie,100,100
32,11,Departments related to General Administration and Ward Management,410600700,4200120000,M/East Ward M.C. 100 100 Sce/HetJe& efJeYeeie,100,100
32,11,Departments related to General Administration and Ward Management,410600700,4210120000,M/West Ward M.C. 100 100 Sce/HeefM®ece efJeYeeie,100,100
32,11,Departments related to General Administration and Ward Management,410600700,4220120000,N Ward M.C. 100,100,100
32,11,Departments related to General Administration and Ward Management,410600700,4230120000,S Ward M.C. 100,100,100
32,11,Departments related to General Administration and Ward Management,410600700,4240120000,T Ward M.C. 100,100,100
32,11,Departments related to General Administration and Ward Management,410600700,4270120000,P/East Ward M.C. ...,...,100
32,11,Departments related to General Administration and Ward Management,410600701,4030120000,C Ward M.C. 255,255,255
32,11,Departments related to General Administration and Ward Management,410600702,1000125431,D.M.C.(Removal of Encroachment) M.C. 500,500,500
32,11,Departments related to General Administration and Ward Management,410600702,4210120000,M/West Ward M.C. 100,100,100
32,11,Departments related to General Administration and Ward Management,410700100,1000120000,H.O.-M.C. M.C. 100,100,100
32,11,Departments related to General Administration and Ward Management,410700100,1000120102,M.C.Bungalow M.C. 100 100 Dee³egkeÌleeb®es efveJeememLeeve,100,100
32,11,Departments related to General Administration and Ward Management,410700100,1000125401,M.C. Office M.C. 100 100 Dee³egkeÌleeb®es keÀe³ee&ue³e,100,100
32,11,Departments related to General Administration and Ward Management,410700100,1000125402,A.M.C.(Project)-Office M.C. 100,100,100
32,11,Departments related to General Administration and Ward Management,410700100,1000125403,A.M.C.(City)-Office M.C. 100 100 DeefleefjkeÌle Dee³egkeÌle (Menj)-keÀe³ee&ue³e,100,100
32,11,Departments related to General Administration and Ward Management,410700100,1000125404,A.M.C.(W.S.)-Office M.C. 100 100 DeefleefjkeÌle Dee³egkeÌle (He.G.)-keÀe³ee&ue³e,100,100
32,11,Departments related to General Administration and Ward Management,410700100,1000125405,A.M.C.(E.S.)-Office M.C. 100,100,100
32,11,Departments related to General Administration and Ward Management,410700100,1000125407,Director (M.E. & M.H.) M.C. 100 100 meb®eeuekeÀ (Jew.efMe.DeeefCe cegK³e ©iCeeue³es),100,100
33,11,Departments related to General Administration and Ward Management,410700100,1000125408,Director (E.S.& P.)-M.C. M.C. 100 100 meb®eeuekeÀ (De.mes. Je He´.) Dee³egkeÌle,100,100
33,11,Departments related to General Administration and Ward Management,410700100,1000125409,D.M.C.(Gen. Admn.) M.C. 100,100,100
33,11,Departments related to General Administration and Ward Management,410700100,1000125410,DMC (Octroi A & C) M.C. 50,50,50
33,11,Departments related to General Administration and Ward Management,410700100,1000125411,D.M.C.(Special) M.C. 50 50 Ghe Dee³egkeÌle (efJeMes<e),50,50
33,11,Departments related to General Administration and Ward Management,410700100,1000125414,D.M.C. (E. & W. M.) M.C. 50,50,50
33,11,Departments related to General Administration and Ward Management,410700100,1000125415,D.M.C.(Hawkers Regulation) M.C. 50,50,50
33,11,Departments related to General Administration and Ward Management,410700100,1000125417,D.M.C.(Vigilance) M.C. 50 50 Ghe Dee³egkeÌle (o#elee),50,50
33,11,Departments related to General Administration and Ward Management,410700100,1000125420,D.M.C.(Environment) M.C. 100 100 Ghe Dee³egkeÌle (He³ee&JejCe),100,100
33,11,Departments related to General Administration and Ward Management,410700100,1000125427,D.M.C.(Garden & Rec.) M.C. 50,50,50
33,11,Departments related to General Administration and Ward Management,410700100,1000125428,D.M.C.(C.P.A.) M.C. 50 50 Ghe Dee³egkeÌle (ce. Ke. He´e.),50,50
33,11,Departments related to General Administration and Ward Management,410700100,1000125429,D.M.C.(Public Health) M.C. 50 50 Ghe Dee³egkeÌle (meeJe&peefvekeÀ Deejesi³e),50,50
33,11,Departments related to General Administration and Ward Management,410700100,1000125430,M.C. 200,200,200
33,11,Departments related to General Administration and Ward Management,410700100,1000125433,Citynet Satellite Office M.C. 50,50,50
33,11,Departments related to General Administration and Ward Management,410700100,1000125435,D.M.C. (S.W.M.) M.C. 50,50,50
33,11,Departments related to General Administration and Ward Management,410700100,1000125437,H. R. Module Training Centre M.C. 1000 1000 S®e.Deej. cee@[³etue ì^sefvebie meWìj,1000,1000
33,11,Departments related to General Administration and Ward Management,410700100,3001125401,D.M.C.(Zone-I) M.C. 25 25 Ghe Dee³egkeÌle (Heefjceb[U-SkeÀ),25,25
33,11,Departments related to General Administration and Ward Management,410700100,3002125401,D.M.C.(Zone-II) M.C. 50 50 Ghe Dee³egkeÌle (Heefjceb[U-oesve),50,50
33,11,Departments related to General Administration and Ward Management,410700100,3003125401,D.M.C.(Zone-III) M.C. 50,50,50
33,11,Departments related to General Administration and Ward Management,410700100,3004125401,D.M.C.(Zone-IV) M.C. 50 50 Ghe Dee³egkeÌle (Heefjceb[U-®eej),50,50
33,11,Departments related to General Administration and Ward Management,410700100,3005125401,D.M.C.(Zone-V) M.C. 50 50 Ghe Dee³egkeÌle (Heefjceb[U-Hee®e),50,50
33,11,Departments related to General Administration and Ward Management,410700100,3006125401,D.M.C.(Zone-VI) M.C. 50,50,50
33,11,Departments related to General Administration and Ward Management,410700100,3007125401,D.M.C.(Zone-VII) M.C. 50,50,50
33,11,Departments related to General Administration and Ward Management,410700100,4010120000,A Ward M.C. 100 100 S efJeYeeie,100,100
33,11,Departments related to General Administration and Ward Management,410700100,4020120000,B Ward M.C. 200,200,200
33,11,Departments related to General Administration and Ward Management,410700100,4030120000,C Ward M.C. 200,200,200
33,11,Departments related to General Administration and Ward Management,410700100,4040120000,D Ward M.C. 100 100 [er efJeYeeie,100,100
33,11,Departments related to General Administration and Ward Management,410700100,4050120000,E Ward M.C. 100,100,100
33,11,Departments related to General Administration and Ward Management,410700100,4060120000,F/South Ward M.C. 150,150,150
33,11,Departments related to General Administration and Ward Management,410700100,4070120000,F/North Ward M.C. 500 500 SHeÀ/Gllej efJeYeeie,500,500
33,11,Departments related to General Administration and Ward Management,410700100,4080120000,G/South Ward M.C. 100,100,100
33,11,Departments related to General Administration and Ward Management,410700100,4090120000,G/North Ward M.C. 100,100,100
34,11,Departments related to General Administration and Ward Management,410700100,4100120000,H/East Ward M.C. 100 100 S®e/HetJe& efJeYeeie,100,100
34,11,Departments related to General Administration and Ward Management,410700100,4110120000,H/West Ward M.C. 500,500,500
34,11,Departments related to General Administration and Ward Management,410700100,4120120000,K/East Ward M.C. 100,100,100
34,11,Departments related to General Administration and Ward Management,410700100,4130120000,K/West Ward M.C. 100 100 kesÀ/HeefM®ece efJeYeeie,100,100
34,11,Departments related to General Administration and Ward Management,410700100,4140120000,P/South Ward M.C. 100 100 Heer/oef#eCe efJeYeeie,100,100
34,11,Departments related to General Administration and Ward Management,410700100,4150120000,P/North Ward M.C. 100,100,100
34,11,Departments related to General Administration and Ward Management,410700100,4160120000,R/South Ward M.C. 100 100 Deej/oef#eCe efJeYeeie,100,100
34,11,Departments related to General Administration and Ward Management,410700100,4170120000,R/North Ward M.C. 100 100 Deej/Gllej efJeYeeie,100,100
34,11,Departments related to General Administration and Ward Management,410700100,4180120000,R/Central Ward M.C. 100,100,100
34,11,Departments related to General Administration and Ward Management,410700100,4190120000,L Ward M.C. 100 100 Sue efJeYeeie,100,100
34,11,Departments related to General Administration and Ward Management,410700100,4200120000,M/East Ward M.C. 100 100 Sce/HetJe& efJeYeeie,100,100
34,11,Departments related to General Administration and Ward Management,410700100,4210120000,M/West Ward M.C. 100,100,100
34,11,Departments related to General Administration and Ward Management,410700100,4220120000,M.C. 8582 100 Sve efJeYeeie,8582,100
34,11,Departments related to General Administration and Ward Management,410700100,4230120000,S Ward M.C. 100 100 Sme efJeYeeie,100,100
34,11,Departments related to General Administration and Ward Management,410700100,4240120000,T Ward M.C. 100,100,100
34,11,Departments related to General Administration and Ward Management,410700100,4270120000,P/East Ward M.C. ... 100 Heer/HetJe& efJeYeeie,...,100
34,11,Departments related to General Administration and Ward Management,410700101,4050120000,E Ward M.C. 100,100,100
34,11,Departments related to General Administration and Ward Management,410700102,1000120000,H.O.-M.C. M.C. 100,100,100
34,11,Departments related to General Administration and Ward Management,410700102,1000125401,M.C. Office M.C. 50,50,50
34,11,Departments related to General Administration and Ward Management,410700102,2001125401,M.C. 40,40,40
34,11,Departments related to General Administration and Ward Management,410700102,4030120000,C Ward M.C. 150 150 meer efJeYeeie,150,150
34,11,Departments related to General Administration and Ward Management,410700102,4050120000,E Ward M.C. 50,50,50
34,11,Departments related to General Administration and Ward Management,410700102,4060120000,M.C. 50 50 SHeÀ/oef#eCe efJeYeeie,50,50
34,11,Departments related to General Administration and Ward Management,410700102,4090120000,G/North Ward M.C. 50 50 peer/Gllej efJeYeeie,50,50
34,11,Departments related to General Administration and Ward Management,410700102,4150120000,P/North Ward M.C. 50,50,50
34,11,Departments related to General Administration and Ward Management,410700102,4160120000,R/South Ward M.C. 50,50,50
34,11,Departments related to General Administration and Ward Management,410700102,4270120000,P/East Ward M.C. ... 50 Heer/HetJe& efJeYeeie,...,50
35,11,Departments related to General Administration and Ward Management,410700103,1000120000,H.O.-M.C. M.C. 50 50 cegK³e keÀe³ee&ue³e-Dee³egkeÌle,50,50
35,11,Departments related to General Administration and Ward Management,410700103,1000125401,M.C. Office M.C. 50,50,50
35,11,Departments related to General Administration and Ward Management,410700103,1000125437,H. R. Module Training Centre M.C. 300 300 S®e.Deej. cee@[³etue ì^sefvebie meWìj,300,300
35,11,Departments related to General Administration and Ward Management,410700103,2001125401,M.C. 20 20 mene.Dee³egkeÌle (Deefleke´ÀceCe efvecet&ueve) Menj,20,20
35,11,Departments related to General Administration and Ward Management,410700103,4030120000,C Ward M.C. 200,200,200
35,11,Departments related to General Administration and Ward Management,410700103,4050120000,E Ward M.C. 50 50 F& efJeYeeie,50,50
35,11,Departments related to General Administration and Ward Management,410700103,4060120000,F/South Ward M.C. 100,100,100
35,11,Departments related to General Administration and Ward Management,410700103,4090120000,G/North Ward M.C. 150 150 peer/Gllej efJeYeeie,150,150
35,11,Departments related to General Administration and Ward Management,410700103,4150120000,P/North Ward M.C. 50,50,50
35,11,Departments related to General Administration and Ward Management,410700103,4160120000,R/South Ward M.C. 50 50 Deej/oef#eCe efJeYeeie,50,50
35,11,Departments related to General Administration and Ward Management,410700103,4190120000,L Ward M.C. 100,100,100
35,11,Departments related to General Administration and Ward Management,410700103,4270120000,P/East Ward M.C. ...,...,50
35,11,Departments related to General Administration and Ward Management,410700104,1000120000,H.O.-M.C. M.C. 100,100,100
35,11,Departments related to General Administration and Ward Management,410700104,1000125401,M.C. Office M.C. 50 50 Dee³egkeÌleeb®es keÀe³ee&ue³e,50,50
35,11,Departments related to General Administration and Ward Management,410700104,1000125437,H. R. Module Training Centre M.C. 500,500,500
35,11,Departments related to General Administration and Ward Management,410700104,4030120000,C Ward M.C. 450,450,450
35,11,Departments related to General Administration and Ward Management,410700104,4050120000,E Ward M.C. 100 100 F& efJeYeeie,100,100
35,11,Departments related to General Administration and Ward Management,410700104,4060120000,F/South Ward M.C. 100,100,100
35,11,Departments related to General Administration and Ward Management,410700104,4090120000,G/North Ward M.C. 100 100 peer/Gllej efJeYeeie,100,100
35,11,Departments related to General Administration and Ward Management,410700104,4150120000,P/North Ward M.C. 50,50,50
35,11,Departments related to General Administration and Ward Management,410700104,4160120000,R/South Ward M.C. 50 50 Deej/oef#eCe efJeYeeie,50,50
35,11,Departments related to General Administration and Ward Management,410700104,4190120000,L Ward M.C. 100,100,100
35,11,Departments related to General Administration and Ward Management,410700104,4270120000,M.C. ... 50 Heer/HetJe& efJeYeeie,...,50
36,11,Departments related to General Administration and Ward Management,410700110,4030120000,C Ward M.C. 200 200 meer efJeYeeie,200,200
36,11,Departments related to General Administration and Ward Management,410700200,1000120000,H.O.-M.C. M.C. 10 10 cegK³e keÀe³ee&ue³e-Dee³egkeÌle,10,10
36,11,Departments related to General Administration and Ward Management,410700200,1000125401,M.C. Office M.C. 10 10 Dee³egkeÌleeb®es keÀe³ee&ue³e,10,10
36,11,Departments related to General Administration and Ward Management,410700200,1000125402,A.M.C.(Project)-Office M.C. 25,25,25
36,11,Departments related to General Administration and Ward Management,410700200,1000125403,A.M.C.(City)-Office M.C. 25 25 DeefleefjkeÌle Dee³egkeÌle (Menj)-keÀe³ee&ue³e,25,25
36,11,Departments related to General Administration and Ward Management,410700200,1000125404,A.M.C.(W.S.)-Office M.C. 25,25,25
36,11,Departments related to General Administration and Ward Management,410700200,1000125405,A.M.C.(E.S.)-Office M.C. 25,25,25
36,11,Departments related to General Administration and Ward Management,410700200,1000125407,Director (M.E. & M.H.) M.C. 25 25 meb®eeuekeÀ (Jew.efMe.DeeefCe cegK³e ©iCeeue³es),25,25
36,11,Departments related to General Administration and Ward Management,410700200,1000125408,Director (E.S.& P.)-M.C. M.C. 25,25,25
36,11,Departments related to General Administration and Ward Management,410700200,1000125409,D.M.C.(Gen. Admn.) M.C. 25,25,25
36,11,Departments related to General Administration and Ward Management,410700200,1000125410,"DMC (Octroi A & C) M.C. 25 25 Ghe Dee³egkeÌle (pekeÀele, keÀ Je meb.)",25,25
36,11,Departments related to General Administration and Ward Management,410700200,1000125411,D.M.C.(Special) M.C. 25,25,25
36,11,Departments related to General Administration and Ward Management,410700200,1000125414,D.M.C. (E. & W. M.) M.C. 25 25 Ghe Dee³egkeÌle (He³ee&. DeeefCe keÀ. J³e.),25,25
36,11,Departments related to General Administration and Ward Management,410700200,1000125415,D.M.C.(Hawkers Regulation) M.C. 25 25 Ghe Dee³egkeÌle (HesÀ. efve.),25,25
36,11,Departments related to General Administration and Ward Management,410700200,1000125417,D.M.C.(Vigilance) M.C. 25,25,25
36,11,Departments related to General Administration and Ward Management,410700200,1000125418,Ch. E. (Vigilance) M.C. 50 50 He´cegKe DeefYe³eblee (o#elee),50,50
36,11,Departments related to General Administration and Ward Management,410700200,1000125420,D.M.C (Environment) M.C. 25,25,25
36,11,Departments related to General Administration and Ward Management,410700200,1000125427,D.M.C.(Garden & Rec.) M.C. 25,25,25
36,11,Departments related to General Administration and Ward Management,410700200,1000125428,D.M.C.(C.P.A.) M.C. 25 25 Ghe Dee³egkeÌle (ce. Ke. He´e.),25,25
36,11,Departments related to General Administration and Ward Management,410700200,1000125429,D.M.C.(Public Health.) M.C. 25,25,25
36,11,Departments related to General Administration and Ward Management,410700200,1000125434,D.M.C. (Tax Reforms) M.C. 25,25,25
36,11,Departments related to General Administration and Ward Management,410700200,1000125437,H. R. Module Training Centre M.C. 200 200 S®e.Deej. cee@[³etue ì^sefvebie meWìj,200,200
36,11,Departments related to General Administration and Ward Management,410700200,3001125401,D.M.C.(Zone-I) M.C. 25,25,25
36,11,Departments related to General Administration and Ward Management,410700200,3002125401,D.M.C.(Zone-II) M.C. 25 25 Ghe Dee³egkeÌle (Heefjceb[U-oesve),25,25
36,11,Departments related to General Administration and Ward Management,410700200,3003125401,D.M.C.(Zone-III) M.C. 25 25 Ghe Dee³egkeÌle (Heefjceb[U-leerve),25,25
36,11,Departments related to General Administration and Ward Management,410700200,3004125401,D.M.C.(Zone-IV) M.C. 25,25,25
37,11,Departments related to General Administration and Ward Management,410700200,3005125401,D.M.C.(Zone-V) M.C. 25,25,25
37,11,Departments related to General Administration and Ward Management,410700200,3006125401,D.M.C.(Zone-VI) M.C. 25,25,25
37,11,Departments related to General Administration and Ward Management,410700200,3007125401,D.M.C.(Zone-VII) M.C. 25 25 Ghe Dee³egkeÌle (Heefjceb[U-meele),25,25
37,11,Departments related to General Administration and Ward Management,410700201,4010120000,A Ward M.C. 20,20,20
37,11,Departments related to General Administration and Ward Management,410700201,4020120000,B Ward M.C. 20 20 yeer efJeYeeie,20,20
37,11,Departments related to General Administration and Ward Management,410700201,4030120000,C Ward M.C. 20,20,20
37,11,Departments related to General Administration and Ward Management,410700201,4040120000,D Ward M.C. 20 20 [er efJeYeeie,20,20
37,11,Departments related to General Administration and Ward Management,410700201,4050120000,E Ward M.C. 20,20,20
37,11,Departments related to General Administration and Ward Management,410700201,4060120000,F/South Ward M.C. 20 20 SHeÀ/oef#eCe efJeYeeie,20,20
37,11,Departments related to General Administration and Ward Management,410700201,4070120000,M.C. 20 20 SHeÀ/Gllej efJeYeeie,20,20
37,11,Departments related to General Administration and Ward Management,410700201,4080120000,G/South Ward M.C. 20 20 peer/oef#eCe efJeYeeie,20,20
37,11,Departments related to General Administration and Ward Management,410700201,4090120000,M.C. 20 20 peer/Gllej efJeYeeie,20,20
37,11,Departments related to General Administration and Ward Management,410700201,4100120000,H/East Ward M.C. 20 20 S®e/HetJe& efJeYeeie,20,20
37,11,Departments related to General Administration and Ward Management,410700201,4110120000,H/West Ward M.C. 20 20 S®e/HeefM®ece efJeYeeie,20,20
37,11,Departments related to General Administration and Ward Management,410700201,4120120000,K/East Ward M.C. 20,20,20
37,11,Departments related to General Administration and Ward Management,410700201,4130120000,K/West Ward M.C. 20 20 kesÀ/HeefM®ece efJeYeeie,20,20
37,11,Departments related to General Administration and Ward Management,410700201,4140120000,P/South Ward M.C. 20,20,20
37,11,Departments related to General Administration and Ward Management,410700201,4150120000,P/North Ward M.C. 20 20 Heer/Gllej efJeYeeie,20,20
37,11,Departments related to General Administration and Ward Management,410700201,4160120000,R/South Ward M.C. 20,20,20
37,11,Departments related to General Administration and Ward Management,410700201,4170120000,R/North Ward M.C. 20 20 Deej/Gllej efJeYeeie,20,20
37,11,Departments related to General Administration and Ward Management,410700201,4180120000,R/Central Ward M.C. 20,20,20
37,11,Departments related to General Administration and Ward Management,410700201,4190120000,L Ward M.C. 20 20 Sue efJeYeeie,20,20
37,11,Departments related to General Administration and Ward Management,410700201,4200120000,M/East Ward M.C. 20,20,20
37,11,Departments related to General Administration and Ward Management,410700201,4210120000,M/West Ward M.C. 20 20 Sce/HeefM®ece efJeYeeie,20,20
37,11,Departments related to General Administration and Ward Management,410700201,4220120000,N Ward M.C. 20,20,20
37,11,Departments related to General Administration and Ward Management,410700201,4230120000,S Ward M.C. 20 20 Sme efJeYeeie,20,20
37,11,Departments related to General Administration and Ward Management,410700201,4240120000,T Ward M.C. 20,20,20
37,11,Departments related to General Administration and Ward Management,410700201,4270120000,P/East Ward M.C. ... 20 Heer/HetJe& efJeYeeie,...,20
38,11,Departments related to General Administration and Ward Management,410800300,4010120000,A Ward M.C. 100 100 S efJeYeeie,100,100
38,11,Departments related to General Administration and Ward Management,410800300,4020120000,B Ward M.C. 100 100 yeer efJeYeeie,100,100
38,11,Departments related to General Administration and Ward Management,410800300,4030120000,C Ward M.C. 100 100 meer efJeYeeie,100,100
38,11,Departments related to General Administration and Ward Management,410800300,4040120000,D Ward M.C. 100 100 [er efJeYeeie,100,100
38,11,Departments related to General Administration and Ward Management,410800300,4050120000,E Ward M.C. 100 100 F& efJeYeeie,100,100
38,11,Departments related to General Administration and Ward Management,410800300,4060120000,F/South Ward M.C. 100 100 SHeÀ/oef#eCe efJeYeeie,100,100
38,11,Departments related to General Administration and Ward Management,410800300,4070120000,F/North Ward M.C. 100 100 SHeÀ/Gllej efJeYeeie,100,100
38,11,Departments related to General Administration and Ward Management,410800300,4080120000,G/South Ward M.C. 100 100 peer/oef#eCe efJeYeeie,100,100
38,11,Departments related to General Administration and Ward Management,410800300,4090120000,G/North Ward M.C. 100 100 peer/Gllej efJeYeeie,100,100
38,11,Departments related to General Administration and Ward Management,410800300,4100120000,H/East Ward M.C. 1402 1402 S®e/HetJe& efJeYeeie,1402,1402
38,11,Departments related to General Administration and Ward Management,410800300,4110120000,H/West Ward M.C. 100 100 S®e/HeefM®ece efJeYeeie,100,100
38,11,Departments related to General Administration and Ward Management,410800300,4120120000,K/East Ward M.C. 100 100 kesÀ/HetJe& efJeYeeie,100,100
38,11,Departments related to General Administration and Ward Management,410800300,4130120000,K/West Ward M.C. 100 100 kesÀ/HeefM®ece efJeYeeie,100,100
38,11,Departments related to General Administration and Ward Management,410800300,4140120000,P/South Ward M.C. 100 100 Heer/oef#eCe efJeYeeie,100,100
38,11,Departments related to General Administration and Ward Management,410800300,4150120000,P/North Ward M.C. 100 100 Heer/Gllej efJeYeeie,100,100
38,11,Departments related to General Administration and Ward Management,410800300,4160120000,R/South Ward M.C. 100 100 Deej/oef#eCe efJeYeeie,100,100
38,11,Departments related to General Administration and Ward Management,410800300,4170120000,R/North Ward M.C. 100 100 Deej/Gllej efJeYeeie,100,100
38,11,Departments related to General Administration and Ward Management,410800300,4180120000,R/Central Ward M.C. 100 100 Deej/ceO³e efJeYeeie,100,100
38,11,Departments related to General Administration and Ward Management,410800300,4190120000,L Ward M.C. 100 100 Sue efJeYeeie,100,100
38,11,Departments related to General Administration and Ward Management,410800300,4200120000,M/East Ward M.C. 100 100 Sce/HetJe& efJeYeeie,100,100
38,11,Departments related to General Administration and Ward Management,410800300,4210120000,M/West Ward M.C. 100 100 Sce/HeefM®ece efJeYeeie,100,100
38,11,Departments related to General Administration and Ward Management,410800300,4220120000,N Ward M.C. 100 100 Sve efJeYeeie,100,100
38,11,Departments related to General Administration and Ward Management,410800300,4230120000,S Ward M.C. 100 100 Sme efJeYeeie,100,100
38,11,Departments related to General Administration and Ward Management,410800300,4240120000,T Ward M.C. 100 100 ìer efJeYeeie,100,100
38,11,Departments related to General Administration and Ward Management,410800300,4270120000,P/East Ward M.C. ... 100 Heer/HetJe& efJeYeeie,...,100
39,11,Departments related to General Administration and Ward Management,501200005,1000120000,H.O.-M.C. 170000,170000,...
39,11,Departments related to General Administration and Ward Management,501200005,4010120000,A Ward 358,358,...
39,11,Departments related to General Administration and Ward Management,501200005,4050120000,"A, B & E Ward ...",...,10000
39,11,Departments related to General Administration and Ward Management,501200005,4040120000,C & D Ward ...,...,10000
39,11,Departments related to General Administration and Ward Management,501200005,4060120000,F/South & F/North Ward ...,...,10000
39,11,Departments related to General Administration and Ward Management,501200005,4080120000,...,...,10000
39,11,Departments related to General Administration and Ward Management,501200005,4090120000,G/North Ward ...,...,10000
39,11,Departments related to General Administration and Ward Management,501200005,4100120000,H/East & H/West Ward ...,...,10000
39,11,Departments related to General Administration and Ward Management,501200005,4120120000,K/East Ward ...,...,10000
39,11,Departments related to General Administration and Ward Management,501200005,4130120000,K/West Ward ...,...,10000
39,11,Departments related to General Administration and Ward Management,501200005,4140120000,P/South Ward ...,...,10000
39,11,Departments related to General Administration and Ward Management,501200005,4150120000,...,...,10000
39,11,Departments related to General Administration and Ward Management,501200005,4160120000,R/South Ward ...,...,10000
39,11,Departments related to General Administration and Ward Management,501200005,4180120000,R/North Ward & R/Central ...,...,10000
39,11,Departments related to General Administration and Ward Management,501200005,4190120000,L Ward ...,...,10000
39,11,Departments related to General Administration and Ward Management,501200005,4200120000,M/East Ward ...,...,10000
39,11,Departments related to General Administration and Ward Management,501200005,4210120000,M/West Ward ...,...,10000
39,11,Departments related to General Administration and Ward Management,501200005,4220120000,N Ward ...,...,10000
39,11,Departments related to General Administration and Ward Management,501200005,4240120000,S & T Ward ...,...,10000
41,11,Departments related to General Administration and Ward Management,501200006,2001120000,Division-I 10000,10000,10000
41,11,Departments related to General Administration and Ward Management,501200006,2002120000,Division-II 15000,15000,15000
41,11,Departments related to General Administration and Ward Management,501200006,2003120000,Division-III 10000,10000,10000
41,11,Departments related to General Administration and Ward Management,501200006,3001125401,D.M.C.(Zone-I) 5000,5000,5000
41,11,Departments related to General Administration and Ward Management,501200006,3002125401,D.M.C.(Zone-II) 5000,5000,5000
41,11,Departments related to General Administration and Ward Management,501200006,3003125401,D.M.C.(Zone-III) 5000,5000,5000
41,11,Departments related to General Administration and Ward Management,501200006,3004125401,D.M.C.(Zone-IV) 5000,5000,5000
41,11,Departments related to General Administration and Ward Management,501200006,3005125401,D.M.C.(Zone-V) 5000,5000,5000
41,11,Departments related to General Administration and Ward Management,501200006,3006125401,D.M.C.(Zone-VI) 5000,5000,5000
41,11,Departments related to General Administration and Ward Management,501200006,3007125401,D.M.C.(Zone-VII) 5000,5000,5000
41,11,Departments related to General Administration and Ward Management,501200007,4010120000,A Ward 1500,1500,1500
41,11,Departments related to General Administration and Ward Management,501200007,4020120000,B Ward 1500,1500,1500
41,11,Departments related to General Administration and Ward Management,501200007,4030120000,C Ward 1500,1500,1500
41,11,Departments related to General Administration and Ward Management,501200007,4040120000,D Ward 1500,1500,1500
41,11,Departments related to General Administration and Ward Management,501200007,4050120000,E Ward 1500,1500,1500
41,11,Departments related to General Administration and Ward Management,501200007,4060120000,F/South Ward 1500,1500,1500
41,11,Departments related to General Administration and Ward Management,501200007,4070120000,F/North Ward 1500,1500,1500
41,11,Departments related to General Administration and Ward Management,501200007,4080120000,G/South Ward 1500,1500,1500
41,11,Departments related to General Administration and Ward Management,501200007,4090120000,G/North Ward 1500,1500,1500
41,11,Departments related to General Administration and Ward Management,501200007,4100120000,H/East Ward 1500,1500,1500
41,11,Departments related to General Administration and Ward Management,501200007,4110120000,H/West Ward 1500,1500,1500
41,11,Departments related to General Administration and Ward Management,501200007,4120120000,K/East Ward 1500,1500,1500
41,11,Departments related to General Administration and Ward Management,501200007,4130120000,K/West Ward 1500,1500,1500
43,11,Departments related to General Administration and Ward Management,501200007,4140120000,P/South Ward 1500,1500,1500
43,11,Departments related to General Administration and Ward Management,501200007,4150120000,P/North Ward 1500,1500,1500
43,11,Departments related to General Administration and Ward Management,501200007,4160120000,R/South Ward 1500,1500,1500
43,11,Departments related to General Administration and Ward Management,501200007,4170120000,R/North Ward 1500,1500,1500
43,11,Departments related to General Administration and Ward Management,501200007,4180120000,R/Central Ward 1500,1500,1500
43,11,Departments related to General Administration and Ward Management,501200007,4190120000,L Ward 1500,1500,1500
43,11,Departments related to General Administration and Ward Management,501200007,4200120000,M/East Ward 1500,1500,1500
43,11,Departments related to General Administration and Ward Management,501200007,4210120000,M/West Ward 1500,1500,1500
43,11,Departments related to General Administration and Ward Management,501200007,4220120000,N Ward 1500,1500,1500
43,11,Departments related to General Administration and Ward Management,501200007,4230120000,S Ward 1500,1500,1500
43,11,Departments related to General Administration and Ward Management,501200007,4240120000,T Ward 1500,1500,1500
43,11,Departments related to General Administration and Ward Management,501200007,4270120000,P/East Ward ...,...,1500
43,11,Departments related to General Administration and Ward Management,501201316,3001125401,D.M.C.(Zone-I) 49513,49513,30000
43,11,Departments related to General Administration and Ward Management,501201316,3002125401,D.M.C.(Zone-II) 90943,90943,30000
43,11,Departments related to General Administration and Ward Management,501201316,3003125401,D.M.C.(Zone-III) 57168,57168,30000
43,11,Departments related to General Administration and Ward Management,501201316,3004125401,D.M.C.(Zone-IV) 30000,30000,30000
43,11,Departments related to General Administration and Ward Management,501201316,3005125401,D.M.C.(Zone-V) 30000,30000,30000
43,11,Departments related to General Administration and Ward Management,501201316,3006125401,D.M.C.(Zone-VI) 30000,30000,30000
43,11,Departments related to General Administration and Ward Management,501201316,3007125401,D.M.C.(Zone-VII) 30000,30000,30000
43,11,Departments related to General Administration and Ward Management,501201568,4010120000,A Ward 5000,5000,100000
43,11,Departments related to General Administration and Ward Management,501201568,4020120000,B Ward 5000,5000,5000
43,11,Departments related to General Administration and Ward Management,501201568,4030120000,C Ward 5000,5000,5000
43,11,Departments related to General Administration and Ward Management,501201568,4040120000,D Ward 5000,5000,5000
43,11,Departments related to General Administration and Ward Management,501201568,4050120000,E Ward 5000,5000,5000
43,11,Departments related to General Administration and Ward Management,501201568,4060120000,F/South Ward 5000,5000,5000
43,11,Departments related to General Administration and Ward Management,501201568,4070120000,F/North Ward 5000,5000,5000
43,11,Departments related to General Administration and Ward Management,501201568,4080120000,5000,5000,5000
45,11,Departments related to General Administration and Ward Management,501201568,4090120000,32633,32633,5000
45,11,Departments related to General Administration and Ward Management,501201568,4100120000,H/East Ward 5000,5000,5000
45,11,Departments related to General Administration and Ward Management,501201568,4110120000,H/West Ward 5000,5000,5000
45,11,Departments related to General Administration and Ward Management,501201568,4120120000,K/East Ward 5000,5000,5000
45,11,Departments related to General Administration and Ward Management,501201568,4130120000,K/West Ward 5000,5000,5000
45,11,Departments related to General Administration and Ward Management,501201568,4140120000,P/South Ward 5000,5000,5000
45,11,Departments related to General Administration and Ward Management,501201568,4150120000,P/North Ward 5000,5000,5000
45,11,Departments related to General Administration and Ward Management,501201568,4160120000,R/South Ward 5000,5000,5000
45,11,Departments related to General Administration and Ward Management,501201568,4170120000,R/North Ward 5000,5000,5000
45,11,Departments related to General Administration and Ward Management,501201568,4180120000,R/Central Ward 5000,5000,5000
45,11,Departments related to General Administration and Ward Management,501201568,4190120000,L Ward 5000,5000,5000
45,11,Departments related to General Administration and Ward Management,501201568,4200120000,M/East Ward 5000,5000,5000
45,11,Departments related to General Administration and Ward Management,501201568,4210120000,M/West Ward 5000,5000,5000
45,11,Departments related to General Administration and Ward Management,501201568,4220120000,N Ward 5000,5000,5000
45,11,Departments related to General Administration and Ward Management,501201568,4230120000,S Ward 5000,5000,5000
45,11,Departments related to General Administration and Ward Management,501201568,4240120000,T Ward 5000,5000,5000
45,11,Departments related to General Administration and Ward Management,501201568,4270120000,P/East Ward ...,...,5000
45,11,Departments related to General Administration and Ward Management,501203001,4170120000,Unforeseen Expenses Const. - 001 6000,6000,6000
45,11,Departments related to General Administration and Ward Management,501203002,4170120000,Unforeseen Expenses Const. - 002 6000,6000,6000
45,11,Departments related to General Administration and Ward Management,501203003,4170120000,Unforeseen Expenses Const. - 003 6000,6000,6000
45,11,Departments related to General Administration and Ward Management,501203004,4170120000,Unforeseen Expenses Const. - 004 6000,6000,6000
45,11,Departments related to General Administration and Ward Management,501203005,4170120000,Unforeseen Expenses Const. - 005 6000,6000,6000
45,11,Departments related to General Administration and Ward Management,501203006,4170120000,Unforeseen Expenses Const. - 006 6000,6000,6000
45,11,Departments related to General Administration and Ward Management,501203007,4170120000,Unforeseen Expenses Const. - 007 6000,6000,6000
45,11,Departments related to General Administration and Ward Management,501203008,4170120000,Unforeseen Expenses Const. - 008 6000,6000,6000
45,11,Departments related to General Administration and Ward Management,501203009,4180120000,6000,6000,6000
45,11,Departments related to General Administration and Ward Management,501203010,4180120000,Unforeseen Expenses Const. - 010 6000,6000,6000
45,11,Departments related to General Administration and Ward Management,501203011,4180120000,Unforeseen Expenses Const. - 011 6000,6000,6000
45,11,Departments related to General Administration and Ward Management,501203012,4180120000,Unforeseen Expenses Const. - 012 6000,6000,6000
45,11,Departments related to General Administration and Ward Management,501203013,4180120000,Unforeseen Expenses Const. - 013 6000,6000,6000
47,11,Departments related to General Administration and Ward Management,501203014,4180120000,Unforeseen Expenses Const. - 014 6000,6000,6000
47,11,Departments related to General Administration and Ward Management,501203015,4180120000,Unforeseen Expenses Const. - 015 6000,6000,6000
47,11,Departments related to General Administration and Ward Management,501203016,4180120000,Unforeseen Expenses Const. - 016 6000,6000,6000
47,11,Departments related to General Administration and Ward Management,501203017,4180120000,Unforeseen Expenses Const. - 017 6000,6000,6000
47,11,Departments related to General Administration and Ward Management,501203018,4180120000,Unforeseen Expenses Const. - 018 6000,6000,6000
47,11,Departments related to General Administration and Ward Management,501203019,4160120000,Unforeseen Expenses Const. - 019 6000,6000,6000
47,11,Departments related to General Administration and Ward Management,501203020,4160120000,Unforeseen Expenses Const. - 020 6000,6000,6000
47,11,Departments related to General Administration and Ward Management,501203021,4160120000,Unforeseen Expenses Const. - 021 6000,6000,6000
47,11,Departments related to General Administration and Ward Management,501203022,4160120000,Unforeseen Expenses Const. - 022 6000,6000,6000
47,11,Departments related to General Administration and Ward Management,501203023,4160120000,Unforeseen Expenses Const. - 023 6000,6000,6000
47,11,Departments related to General Administration and Ward Management,501203024,4160120000,Unforeseen Expenses Const. - 024 6000,6000,6000
47,11,Departments related to General Administration and Ward Management,501203025,4160120000,Unforeseen Expenses Const. - 025 6000,6000,6000
47,11,Departments related to General Administration and Ward Management,501203026,4160120000,Unforeseen Expenses Const. - 026 6000,6000,6000
47,11,Departments related to General Administration and Ward Management,501203027,4160120000,Unforeseen Expenses Const. - 027 6000,6000,6000
47,11,Departments related to General Administration and Ward Management,501203028,4160120000,Unforeseen Expenses Const. - 028 6000,6000,6000
47,11,Departments related to General Administration and Ward Management,501203029,4160120000,Unforeseen Expenses Const. - 029 6000,6000,6000
47,11,Departments related to General Administration and Ward Management,501203030,4160120000,Unforeseen Expenses Const. - 030 6000,6000,6000
47,11,Departments related to General Administration and Ward Management,501203031,4160120000,Unforeseen Expenses Const. - 031 6000,6000,6000
47,11,Departments related to General Administration and Ward Management,501203032,4280120000,Unforeseen Expenses Const. - 032 6000,6000,6000
47,11,Departments related to General Administration and Ward Management,501203033,4280120000,Unforeseen Expenses Const. - 033 6000,6000,6000
47,11,Departments related to General Administration and Ward Management,501203034,4280120000,Unforeseen Expenses Const. - 034 6000,6000,6000
47,11,Departments related to General Administration and Ward Management,501203035,4280120000,Unforeseen Expenses Const. - 035 6000,6000,6000
47,11,Departments related to General Administration and Ward Management,501203036,4270120000,Unforeseen Expenses Const. - 036 6000,6000,6000
47,11,Departments related to General Administration and Ward Management,501203037,4270120000,Unforeseen Expenses Const. - 037 6000,6000,6000
47,11,Departments related to General Administration and Ward Management,501203038,4270120000,Unforeseen Expenses Const. - 038 6000,6000,6000
49,11,Departments related to General Administration and Ward Management,501203039,4270120000,Unforeseen Expenses Const. - 039 6000,6000,6000
49,11,Departments related to General Administration and Ward Management,501203040,4270120000,Unforeseen Expenses Const. - 040 6000,6000,6000
49,11,Departments related to General Administration and Ward Management,501203041,4270120000,Unforeseen Expenses Const. - 041 6000,6000,6000
49,11,Departments related to General Administration and Ward Management,501203042,4270120000,Unforeseen Expenses Const. - 042 6000,6000,6000
49,11,Departments related to General Administration and Ward Management,501203043,4270120000,Unforeseen Expenses Const. - 043 6000,6000,6000
49,11,Departments related to General Administration and Ward Management,501203044,4270120000,Unforeseen Expenses Const. - 044 6000,6000,6000
49,11,Departments related to General Administration and Ward Management,501203045,4270120000,Unforeseen Expenses Const. - 045 6000,6000,6000
49,11,Departments related to General Administration and Ward Management,501203046,4280120000,Unforeseen Expenses Const. - 046 6000,6000,6000
49,11,Departments related to General Administration and Ward Management,501203047,4280120000,Unforeseen Expenses Const. - 047 6000,6000,6000
49,11,Departments related to General Administration and Ward Management,501203048,4280120000,Unforeseen Expenses Const. - 048 6000,6000,6000
49,11,Departments related to General Administration and Ward Management,501203049,4280120000,Unforeseen Expenses Const. - 049 6000,6000,6000
49,11,Departments related to General Administration and Ward Management,501203050,4140120000,Unforeseen Expenses Const. - 050 6000,6000,6000
49,11,Departments related to General Administration and Ward Management,501203051,4140120000,Unforeseen Expenses Const. - 051 6000,6000,6000
49,11,Departments related to General Administration and Ward Management,501203052,4140120000,Unforeseen Expenses Const. - 052 6000,6000,6000
49,11,Departments related to General Administration and Ward Management,501203053,4140120000,Unforeseen Expenses Const. - 053 6000,6000,6000
49,11,Departments related to General Administration and Ward Management,501203054,4140120000,Unforeseen Expenses Const. - 054 6000,6000,6000
49,11,Departments related to General Administration and Ward Management,501203055,4140120000,Unforeseen Expenses Const. - 055 6000,6000,6000
49,11,Departments related to General Administration and Ward Management,501203056,4140120000,Unforeseen Expenses Const. - 056 6000,6000,6000
49,11,Departments related to General Administration and Ward Management,501203057,4140120000,Unforeseen Expenses Const. - 057 6000,6000,6000
49,11,Departments related to General Administration and Ward Management,501203058,4140120000,Unforeseen Expenses Const. - 058 6000,6000,6000
49,11,Departments related to General Administration and Ward Management,501203059,4130120000,Unforeseen Expenses Const. - 059 6000,6000,6000
49,11,Departments related to General Administration and Ward Management,501203060,4130120000,Unforeseen Expenses Const. - 060 6000,6000,6000
49,11,Departments related to General Administration and Ward Management,501203061,4130120000,Unforeseen Expenses Const. - 061 6000,6000,6000
49,11,Departments related to General Administration and Ward Management,501203062,4130120000,Unforeseen Expenses Const. - 062 6000,6000,6000
49,11,Departments related to General Administration and Ward Management,501203063,4130120000,Unforeseen Expenses Const. - 063 6000,6000,6000
51,11,Departments related to General Administration and Ward Management,501203064,4130120000,Unforeseen Expenses Const. - 064 6000,6000,6000
51,11,Departments related to General Administration and Ward Management,501203065,4130120000,Unforeseen Expenses Const. - 065 6000,6000,6000
51,11,Departments related to General Administration and Ward Management,501203066,4130120000,Unforeseen Expenses Const. - 066 6000,6000,6000
51,11,Departments related to General Administration and Ward Management,501203067,4130120000,Unforeseen Expenses Const. - 067 6000,6000,6000
51,11,Departments related to General Administration and Ward Management,501203068,4130120000,Unforeseen Expenses Const. - 068 6000,6000,6000
51,11,Departments related to General Administration and Ward Management,501203069,4130120000,Unforeseen Expenses Const. - 069 6000,6000,6000
51,11,Departments related to General Administration and Ward Management,501203070,4130120000,Unforeseen Expenses Const. - 070 6000,6000,6000
51,11,Departments related to General Administration and Ward Management,501203071,4130120000,Unforeseen Expenses Const. - 071 6000,6000,6000
51,11,Departments related to General Administration and Ward Management,501203072,4260120000,Unforeseen Expenses Const. - 072 6000,6000,6000
51,11,Departments related to General Administration and Ward Management,501203073,4260120000,Unforeseen Expenses Const. - 073 6000,6000,6000
51,11,Departments related to General Administration and Ward Management,501203074,4260120000,Unforeseen Expenses Const. - 074 6000,6000,6000
51,11,Departments related to General Administration and Ward Management,501203075,4250120000,Unforeseen Expenses Const. - 075 6000,6000,6000
51,11,Departments related to General Administration and Ward Management,501203076,4250120000,Unforeseen Expenses Const. - 076 6000,6000,6000
51,11,Departments related to General Administration and Ward Management,501203077,4260120000,Unforeseen Expenses Const. - 077 6000,6000,6000
51,11,Departments related to General Administration and Ward Management,501203078,4260120000,Unforeseen Expenses Const. - 078 6000,6000,6000
51,11,Departments related to General Administration and Ward Management,501203079,4260120000,Unforeseen Expenses Const. - 079 6000,6000,6000
51,11,Departments related to General Administration and Ward Management,501203080,4250120000,Unforeseen Expenses Const. - 080 6000,6000,6000
51,11,Departments related to General Administration and Ward Management,501203081,4250120000,Unforeseen Expenses Const. - 081 6000,6000,6000
51,11,Departments related to General Administration and Ward Management,501203082,4250120000,Unforeseen Expenses Const. - 082 6000,6000,6000
51,11,Departments related to General Administration and Ward Management,501203083,4250120000,Unforeseen Expenses Const. - 083 6000,6000,6000
51,11,Departments related to General Administration and Ward Management,501203084,4250120000,Unforeseen Expenses Const. - 084 6000,6000,6000
51,11,Departments related to General Administration and Ward Management,501203085,4250120000,Unforeseen Expenses Const. - 085 6000,6000,6000
51,11,Departments related to General Administration and Ward Management,501203086,4250120000,Unforeseen Expenses Const. - 086 6000,6000,6000
51,11,Departments related to General Administration and Ward Management,501203087,4100120000,Unforeseen Expenses Const. - 087 6000,6000,6000
51,11,Departments related to General Administration and Ward Management,501203088,4100120000,Unforeseen Expenses Const. - 088 6000,6000,6000
53,11,Departments related to General Administration and Ward Management,501203089,4100120000,Unforeseen Expenses Const. - 089 6000,6000,6000
53,11,Departments related to General Administration and Ward Management,501203090,4100120000,Unforeseen Expenses Const. - 090 6000,6000,6000
53,11,Departments related to General Administration and Ward Management,501203091,4100120000,Unforeseen Expenses Const. - 091 6000,6000,6000
53,11,Departments related to General Administration and Ward Management,501203092,4100120000,Unforeseen Expenses Const. - 092 6000,6000,6000
53,11,Departments related to General Administration and Ward Management,501203093,4100120000,Unforeseen Expenses Const. - 093 6000,6000,6000
53,11,Departments related to General Administration and Ward Management,501203094,4100120000,Unforeseen Expenses Const. - 094 6000,6000,6000
53,11,Departments related to General Administration and Ward Management,501203095,4100120000,Unforeseen Expenses Const. - 095 6000,6000,6000
53,11,Departments related to General Administration and Ward Management,501203096,4100120000,Unforeseen Expenses Const. - 096 6000,6000,6000
53,11,Departments related to General Administration and Ward Management,501203097,4110120000,Unforeseen Expenses Const. - 097 6000,6000,6000
53,11,Departments related to General Administration and Ward Management,501203098,4110120000,Unforeseen Expenses Const. - 098 6000,6000,6000
53,11,Departments related to General Administration and Ward Management,501203099,4110120000,Unforeseen Expenses Const. - 099 6000,6000,6000
53,11,Departments related to General Administration and Ward Management,501203100,4110120000,Unforeseen Expenses Const. - 100 6000,6000,6000
53,11,Departments related to General Administration and Ward Management,501203101,4110120000,Unforeseen Expenses Const. - 101 6000,6000,6000
53,11,Departments related to General Administration and Ward Management,501203102,4110120000,Unforeseen Expenses Const. - 102 6000,6000,6000
53,11,Departments related to General Administration and Ward Management,501203103,4240120000,Unforeseen Expenses Const. - 103 6000,6000,6000
53,11,Departments related to General Administration and Ward Management,501203104,4240120000,Unforeseen Expenses Const. - 104 6000,6000,6000
53,11,Departments related to General Administration and Ward Management,501203105,4240120000,Unforeseen Expenses Const. - 105 6000,6000,6000
53,11,Departments related to General Administration and Ward Management,501203106,4240120000,Unforeseen Expenses Const. - 106 6000,6000,6000
53,11,Departments related to General Administration and Ward Management,501203107,4240120000,Unforeseen Expenses Const. - 107 6000,6000,6000
53,11,Departments related to General Administration and Ward Management,501203108,4240120000,Unforeseen Expenses Const. - 108 6000,6000,6000
53,11,Departments related to General Administration and Ward Management,501203109,4230120000,Unforeseen Expenses Const. - 109 6000,6000,6000
53,11,Departments related to General Administration and Ward Management,501203110,4230120000,Unforeseen Expenses Const. - 110 6000,6000,6000
53,11,Departments related to General Administration and Ward Management,501203111,4230120000,Unforeseen Expenses Const. - 111 6000,6000,6000
53,11,Departments related to General Administration and Ward Management,501203112,4230120000,Unforeseen Expenses Const. - 112 6000,6000,6000
53,11,Departments related to General Administration and Ward Management,501203113,4230120000,Unforeseen Expenses Const. - 113 6000,6000,6000
55,11,Departments related to General Administration and Ward Management,501203114,4230120000,Unforeseen Expenses Const. - 114 6000,6000,6000
55,11,Departments related to General Administration and Ward Management,501203115,4230120000,Unforeseen Expenses Const. - 115 6000,6000,6000
55,11,Departments related to General Administration and Ward Management,501203116,4230120000,Unforeseen Expenses Const. - 116 6000,6000,6000
55,11,Departments related to General Administration and Ward Management,501203117,4230120000,Unforeseen Expenses Const. - 117 6000,6000,6000
55,11,Departments related to General Administration and Ward Management,501203118,4230120000,Unforeseen Expenses Const. - 118 6000,6000,6000
55,11,Departments related to General Administration and Ward Management,501203119,4230120000,Unforeseen Expenses Const. - 119 6000,6000,6000
55,11,Departments related to General Administration and Ward Management,501203120,4230120000,Unforeseen Expenses Const. - 120 6000,6000,6000
55,11,Departments related to General Administration and Ward Management,501203121,4230120000,Unforeseen Expenses Const. - 121 6000,6000,6000
55,11,Departments related to General Administration and Ward Management,501203122,4230120000,Unforeseen Expenses Const. - 122 6000,6000,6000
55,11,Departments related to General Administration and Ward Management,501203123,4220120000,Unforeseen Expenses Const. - 123 6000,6000,6000
55,11,Departments related to General Administration and Ward Management,501203124,4220120000,Unforeseen Expenses Const. - 124 6000,6000,6000
55,11,Departments related to General Administration and Ward Management,501203125,4220120000,Unforeseen Expenses Const. - 125 6000,6000,6000
55,11,Departments related to General Administration and Ward Management,501203126,4220120000,Unforeseen Expenses Const. - 126 6000,6000,6000
55,11,Departments related to General Administration and Ward Management,501203127,4220120000,Unforeseen Expenses Const. - 127 6000,6000,6000
55,11,Departments related to General Administration and Ward Management,501203128,4220120000,Unforeseen Expenses Const. - 128 6000,6000,6000
55,11,Departments related to General Administration and Ward Management,501203129,4220120000,Unforeseen Expenses Const. - 129 6000,6000,6000
55,11,Departments related to General Administration and Ward Management,501203130,4220120000,Unforeseen Expenses Const. - 130 6000,6000,6000
55,11,Departments related to General Administration and Ward Management,501203131,4220120000,Unforeseen Expenses Const. - 131 6000,6000,6000
55,11,Departments related to General Administration and Ward Management,501203132,4220120000,Unforeseen Expenses Const. - 132 6000,6000,6000
55,11,Departments related to General Administration and Ward Management,501203133,4220120000,Unforeseen Expenses Const. - 133 6000,6000,6000
55,11,Departments related to General Administration and Ward Management,501203134,4200120000,Unforeseen Expenses Const. - 134 6000,6000,6000
55,11,Departments related to General Administration and Ward Management,501203135,4200120000,Unforeseen Expenses Const. - 135 6000,6000,6000
55,11,Departments related to General Administration and Ward Management,501203136,4200120000,Unforeseen Expenses Const. - 136 6000,6000,6000
55,11,Departments related to General Administration and Ward Management,501203137,4200120000,Unforeseen Expenses Const. - 137 6000,6000,6000
55,11,Departments related to General Administration and Ward Management,501203138,4200120000,Unforeseen Expenses Const. - 138 6000,6000,6000
57,11,Departments related to General Administration and Ward Management,501203139,4200120000,Unforeseen Expenses Const. - 139 6000,6000,6000
57,11,Departments related to General Administration and Ward Management,501203140,4200120000,Unforeseen Expenses Const. - 140 6000,6000,6000
57,11,Departments related to General Administration and Ward Management,501203141,4200120000,Unforeseen Expenses Const. - 141 6000,6000,6000
57,11,Departments related to General Administration and Ward Management,501203142,4200120000,Unforeseen Expenses Const. - 142 6000,6000,6000
57,11,Departments related to General Administration and Ward Management,501203143,4200120000,Unforeseen Expenses Const. - 143 6000,6000,6000
57,11,Departments related to General Administration and Ward Management,501203144,4200120000,Unforeseen Expenses Const. - 144 6000,6000,6000
57,11,Departments related to General Administration and Ward Management,501203145,4200120000,Unforeseen Expenses Const. - 145 6000,6000,6000
57,11,Departments related to General Administration and Ward Management,501203146,4200120000,Unforeseen Expenses Const. - 146 6000,6000,6000
57,11,Departments related to General Administration and Ward Management,501203147,4200120000,Unforeseen Expenses Const. - 147 6000,6000,6000
57,11,Departments related to General Administration and Ward Management,501203148,4200120000,Unforeseen Expenses Const. - 148 6000,6000,6000
57,11,Departments related to General Administration and Ward Management,501203149,4210120000,Unforeseen Expenses Const. - 149 6000,6000,6000
57,11,Departments related to General Administration and Ward Management,501203150,4210120000,Unforeseen Expenses Const. - 150 6000,6000,6000
57,11,Departments related to General Administration and Ward Management,501203151,4210120000,Unforeseen Expenses Const. - 151 6000,6000,6000
57,11,Departments related to General Administration and Ward Management,501203152,4210120000,Unforeseen Expenses Const. - 152 6000,6000,6000
57,11,Departments related to General Administration and Ward Management,501203153,4210120000,Unforeseen Expenses Const. - 153 6000,6000,6000
57,11,Departments related to General Administration and Ward Management,501203154,4210120000,Unforeseen Expenses Const. - 154 6000,6000,6000
57,11,Departments related to General Administration and Ward Management,501203155,4210120000,Unforeseen Expenses Const. - 155 6000,6000,6000
57,11,Departments related to General Administration and Ward Management,501203156,4190120000,Unforeseen Expenses Const. - 156 6000,6000,6000
57,11,Departments related to General Administration and Ward Management,501203157,4190120000,Unforeseen Expenses Const. - 157 6000,6000,6000
57,11,Departments related to General Administration and Ward Management,501203158,4190120000,Unforeseen Expenses Const. - 158 6000,6000,6000
57,11,Departments related to General Administration and Ward Management,501203159,4190120000,Unforeseen Expenses Const. - 159 6000,6000,6000
57,11,Departments related to General Administration and Ward Management,501203160,4190120000,Unforeseen Expenses Const. - 160 6000,6000,6000
57,11,Departments related to General Administration and Ward Management,501203161,4190120000,Unforeseen Expenses Const. - 161 6000,6000,6000
57,11,Departments related to General Administration and Ward Management,501203162,4190120000,Unforeseen Expenses Const. - 162 6000,6000,6000
57,11,Departments related to General Administration and Ward Management,501203163,4190120000,Unforeseen Expenses Const. - 163 6000,6000,6000
59,11,Departments related to General Administration and Ward Management,501203164,4190120000,Unforeseen Expenses Const. - 164 6000,6000,6000
59,11,Departments related to General Administration and Ward Management,501203165,4190120000,Unforeseen Expenses Const. - 165 6000,6000,6000
59,11,Departments related to General Administration and Ward Management,501203166,4190120000,Unforeseen Expenses Const. - 166 6000,6000,6000
59,11,Departments related to General Administration and Ward Management,501203167,4190120000,Unforeseen Expenses Const. - 167 6000,6000,6000
59,11,Departments related to General Administration and Ward Management,501203168,4190120000,Unforeseen Expenses Const. - 168 6000,6000,6000
59,11,Departments related to General Administration and Ward Management,501203169,4190120000,Unforeseen Expenses Const. - 169 6000,6000,6000
59,11,Departments related to General Administration and Ward Management,501203170,4190120000,Unforeseen Expenses Const. - 170 6000,6000,6000
59,11,Departments related to General Administration and Ward Management,501203171,4190120000,Unforeseen Expenses Const. - 171 6000,6000,6000
59,11,Departments related to General Administration and Ward Management,501203172,4070120000,Unforeseen Expenses Const. - 172 6000,6000,6000
59,11,Departments related to General Administration and Ward Management,501203173,4070120000,Unforeseen Expenses Const. - 173 6000,6000,6000
59,11,Departments related to General Administration and Ward Management,501203174,4070120000,Unforeseen Expenses Const. - 174 6000,6000,6000
59,11,Departments related to General Administration and Ward Management,501203175,4070120000,Unforeseen Expenses Const. - 175 6000,6000,6000
59,11,Departments related to General Administration and Ward Management,501203176,4070120000,Unforeseen Expenses Const. - 176 6000,6000,6000
59,11,Departments related to General Administration and Ward Management,501203177,4070120000,Unforeseen Expenses Const. - 177 6000,6000,6000
59,11,Departments related to General Administration and Ward Management,501203178,4070120000,Unforeseen Expenses Const. - 178 6000,6000,6000
59,11,Departments related to General Administration and Ward Management,501203179,4070120000,Unforeseen Expenses Const. - 179 6000,6000,6000
59,11,Departments related to General Administration and Ward Management,501203180,4070120000,Unforeseen Expenses Const. - 180 6000,6000,6000
59,11,Departments related to General Administration and Ward Management,501203181,4070120000,Unforeseen Expenses Const. - 181 6000,6000,6000
59,11,Departments related to General Administration and Ward Management,501203182,4090120000,Unforeseen Expenses Const. - 182 6000,6000,6000
59,11,Departments related to General Administration and Ward Management,501203183,4090120000,Unforeseen Expenses Const. - 183 6000,6000,6000
59,11,Departments related to General Administration and Ward Management,501203184,4090120000,Unforeseen Expenses Const. - 184 6000,6000,6000
59,11,Departments related to General Administration and Ward Management,501203185,4090120000,Unforeseen Expenses Const. - 185 6000,6000,6000
59,11,Departments related to General Administration and Ward Management,501203186,4090120000,Unforeseen Expenses Const. - 186 6000,6000,6000
59,11,Departments related to General Administration and Ward Management,501203187,4090120000,Unforeseen Expenses Const. - 187 6000,6000,6000
59,11,Departments related to General Administration and Ward Management,501203188,4090120000,Unforeseen Expenses Const. - 188 6000,6000,6000
61,11,Departments related to General Administration and Ward Management,501203189,4090120000,Unforeseen Expenses Const. - 189 6000,6000,6000
61,11,Departments related to General Administration and Ward Management,501203190,4090120000,Unforeseen Expenses Const. - 190 6000,6000,6000
61,11,Departments related to General Administration and Ward Management,501203191,4090120000,Unforeseen Expenses Const. - 191 6000,6000,6000
61,11,Departments related to General Administration and Ward Management,501203192,4090120000,Unforeseen Expenses Const. - 192 6000,6000,6000
61,11,Departments related to General Administration and Ward Management,501203193,4080120000,Unforeseen Expenses Const. - 193 6000,6000,6000
61,11,Departments related to General Administration and Ward Management,501203194,4080120000,Unforeseen Expenses Const. - 194 6000,6000,6000
61,11,Departments related to General Administration and Ward Management,501203195,4080120000,Unforeseen Expenses Const. - 195 6000,6000,6000
61,11,Departments related to General Administration and Ward Management,501203196,4080120000,Unforeseen Expenses Const. - 196 6000,6000,6000
61,11,Departments related to General Administration and Ward Management,501203197,4080120000,Unforeseen Expenses Const. - 197 6000,6000,6000
61,11,Departments related to General Administration and Ward Management,501203198,4080120000,Unforeseen Expenses Const. - 198 6000,6000,6000
61,11,Departments related to General Administration and Ward Management,501203199,4080120000,Unforeseen Expenses Const. - 199 6000,6000,6000
61,11,Departments related to General Administration and Ward Management,501203200,4060120000,Unforeseen Expenses Const. - 200 6000,6000,6000
61,11,Departments related to General Administration and Ward Management,501203201,4060120000,Unforeseen Expenses Const. - 201 6000,6000,6000
61,11,Departments related to General Administration and Ward Management,501203202,4060120000,Unforeseen Expenses Const. - 202 6000,6000,6000
61,11,Departments related to General Administration and Ward Management,501203203,4060120000,Unforeseen Expenses Const. - 203 6000,6000,6000
61,11,Departments related to General Administration and Ward Management,501203204,4060120000,Unforeseen Expenses Const. - 204 6000,6000,6000
61,11,Departments related to General Administration and Ward Management,501203205,4060120000,Unforeseen Expenses Const. - 205 6000,6000,6000
61,11,Departments related to General Administration and Ward Management,501203206,4060120000,Unforeseen Expenses Const. - 206 6000,6000,6000
61,11,Departments related to General Administration and Ward Management,501203207,4050120000,Unforeseen Expenses Const. - 207 6000,6000,6000
61,11,Departments related to General Administration and Ward Management,501203208,4050120000,Unforeseen Expenses Const. - 208 6000,6000,6000
61,11,Departments related to General Administration and Ward Management,501203209,4050120000,Unforeseen Expenses Const. - 209 6000,6000,6000
61,11,Departments related to General Administration and Ward Management,501203210,4050120000,Unforeseen Expenses Const. - 210 6000,6000,6000
61,11,Departments related to General Administration and Ward Management,501203211,4050120000,Unforeseen Expenses Const. - 211 6000,6000,6000
61,11,Departments related to General Administration and Ward Management,501203212,4050120000,Unforeseen Expenses Const. - 212 6000,6000,6000
61,11,Departments related to General Administration and Ward Management,501203213,4050120000,Unforeseen Expenses Const. - 213 6000,6000,6000
63,11,Departments related to General Administration and Ward Management,501203214,4040120000,Unforeseen Expenses Const. - 214 6000,6000,6000
63,11,Departments related to General Administration and Ward Management,501203215,4040120000,Unforeseen Expenses Const. - 215 6000,6000,6000
63,11,Departments related to General Administration and Ward Management,501203216,4040120000,Unforeseen Expenses Const. - 216 6000,6000,6000
63,11,Departments related to General Administration and Ward Management,501203217,4040120000,Unforeseen Expenses Const. - 217 6000,6000,6000
63,11,Departments related to General Administration and Ward Management,501203218,4040120000,Unforeseen Expenses Const. - 218 6000,6000,6000
63,11,Departments related to General Administration and Ward Management,501203219,4040120000,Unforeseen Expenses Const. - 219 6000,6000,6000
63,11,Departments related to General Administration and Ward Management,501203220,4030120000,Unforeseen Expenses Const. - 220 6000,6000,6000
63,11,Departments related to General Administration and Ward Management,501203221,4030120000,Unforeseen Expenses Const. - 221 6000,6000,6000
63,11,Departments related to General Administration and Ward Management,501203222,4030120000,Unforeseen Expenses Const. - 222 6000,6000,6000
63,11,Departments related to General Administration and Ward Management,501203223,4020120000,Unforeseen Expenses Const. - 223 6000,6000,6000
63,11,Departments related to General Administration and Ward Management,501203224,4020120000,Unforeseen Expenses Const. - 224 6000,6000,6000
63,11,Departments related to General Administration and Ward Management,501203225,4010120000,Unforeseen Expenses Const. - 225 6000,6000,6000
63,11,Departments related to General Administration and Ward Management,501203226,4010120000,Unforeseen Expenses Const. - 226 6000,6000,6000
63,11,Departments related to General Administration and Ward Management,501203227,4010120000,Unforeseen Expenses Const. - 227 6000,6000,6000
63,11,Departments related to General Administration and Ward Management,501203228,1000120000,Unforeseen Expenses - I 6000,6000,6000
63,11,Departments related to General Administration and Ward Management,501203229,1000120000,Unforeseen Expenses - II 6000,6000,6000
63,11,Departments related to General Administration and Ward Management,501203230,1000120000,Unforeseen Expenses - III 6000,6000,6000
63,11,Departments related to General Administration and Ward Management,501203231,1000120000,Unforeseen Expenses - IV 6000,6000,6000
63,11,Departments related to General Administration and Ward Management,501203232,1000120000,Unforeseen Expenses - V 6000,6000,6000
63,11,Departments related to General Administration and Ward Management,501203367,1000120000,Unforeseen Expenses - VI 6000,6000,6000
63,11,Departments related to General Administration and Ward Management,501203368,1000120000,Unforeseen Expenses - VII 6000,6000,6000
63,11,Departments related to General Administration and Ward Management,501203369,1000120000,Unforeseen Expenses - VIII 6000,6000,6000
63,11,Departments related to General Administration and Ward Management,501203370,1000120000,Unforeseen Expenses - IX 6000,6000,6000
63,11,Departments related to General Administration and Ward Management,501203371,1000120000,Unforeseen Expenses - X 6000,6000,6000
65,11,Departments related to General Administration and Ward Management,501203362,1000120000,H.O.-M.C. 5121946,5121946,...
65,11,Departments related to General Administration and Ward Management,501203362,4010120000,A Ward 188500,188500,...
65,11,Departments related to General Administration and Ward Management,501203362,4020120000,B Ward 8500,8500,...
65,11,Departments related to General Administration and Ward Management,501203362,4030120000,C Ward 27400,27400,...
65,11,Departments related to General Administration and Ward Management,501203362,4040120000,D Ward 196900,196900,...
65,11,Departments related to General Administration and Ward Management,501203362,4050120000,E Ward 37300,37300,...
65,11,Departments related to General Administration and Ward Management,501203362,4060120000,F/South Ward 278500,278500,...
65,11,Departments related to General Administration and Ward Management,501203362,4070120000,F/North Ward 260000,260000,...
65,11,Departments related to General Administration and Ward Management,501203362,4080120000,G/South Ward 2500,2500,...
65,11,Departments related to General Administration and Ward Management,501203362,4100120000,H/East Ward 75000,75000,...
65,11,Departments related to General Administration and Ward Management,501203362,4110120000,H/West Ward 175000,175000,...
65,11,Departments related to General Administration and Ward Management,501203362,4120120000,K/East Ward 319500,319500,...
65,11,Departments related to General Administration and Ward Management,501203362,4130120000,K/West Ward 200000,200000,...
65,11,Departments related to General Administration and Ward Management,501203362,4140120000,P/South Ward 220500,220500,...
65,11,Departments related to General Administration and Ward Management,501203362,4150120000,P/North Ward 263238,263238,...
65,11,Departments related to General Administration and Ward Management,501203362,4160120000,R/South Ward 435997,435997,...
65,11,Departments related to General Administration and Ward Management,501203362,4170120000,R/North Ward 413919,413919,...
65,11,Departments related to General Administration and Ward Management,501203362,4180120000,R/Central Ward 295300,295300,...
65,11,Departments related to General Administration and Ward Management,501203362,4190120000,L Ward 305000,305000,...
65,11,Departments related to General Administration and Ward Management,501203362,4200120000,M/East ward 225000,225000,...
65,11,Departments related to General Administration and Ward Management,501203362,4210120000,M/West Ward 200000,200000,...
65,11,Departments related to General Administration and Ward Management,501203362,4220120000,N Ward 400000,400000,...
65,11,Departments related to General Administration and Ward Management,501203362,4230120000,S Ward 175000,175000,...
65,11,Departments related to General Administration and Ward Management,501203362,4240120000,T Ward 175000,175000,...
67,11,Departments related to General Administration and Ward Management,501203404,1000120000,H.O.-M.C. 500000,500000,...
67,11,Departments related to General Administration and Ward Management,501202575,4010120000,A Ward 4231,4231,...
67,11,Departments related to General Administration and Ward Management,501202575,4040120000,D Ward 4848,4848,...
67,11,Departments related to General Administration and Ward Management,501202564,4010120000,A Ward 4689,4689,5164
67,11,Departments related to General Administration and Ward Management,501202564,4060120000,F/South Ward 12191,12191,6380
67,11,Departments related to General Administration and Ward Management,501202564,4070120000,F/North Ward 11046,11046,6776
67,11,Departments related to General Administration and Ward Management,501202564,4080120000,G/South Ward 15100,15100,12100
67,11,Departments related to General Administration and Ward Management,501202564,4090120000,G/North Ward 113314,113314,115500
67,11,Departments related to General Administration and Ward Management,501202564,4100120000,H/East Ward 550,550,605
67,11,Departments related to General Administration and Ward Management,501202564,4180120000,R/Central Ward 6448,6448,4015
67,11,Departments related to General Administration and Ward Management,501202564,4190120000,L Ward 1100,1100,1210
67,11,Departments related to General Administration and Ward Management,501202564,4210120000,M/West Ward 6871,6871,6050
69,11,Departments related to General Administration and Ward Management,501201839,1000120000,20000,20000,20000
71,11,Departments related to General Administration and Ward Management,501200642,1000125433,200,200,200
71,11,Departments related to General Administration and Ward Management,501201287,1000120000,1000,1000,1000
71,11,Departments related to General Administration and Ward Management,501201290,1000120000,1000,1000,1000
71,11,Departments related to General Administration and Ward Management,501201475,1000120000,1000,1000,1000
71,11,Departments related to General Administration and Ward Management,501201478,1000120000,100,100,100
71,11,Departments related to General Administration and Ward Management,501201750,1000120000,6000,6000,5500
71,11,Departments related to General Administration and Ward Management,501201751,1000120000,1000,1000,1000
71,11,Departments related to General Administration and Ward Management,501201841,4110120000,Beautification of Linking Road 10000,10000,10000
71,11,Departments related to General Administration and Ward Management,501201842,4110120000,Maping of Gazadar Bandh & Khar Danda 5000,5000,100
71,11,Departments related to General Administration and Ward Management,501201843,4110120000,20000,20000,20000
71,11,Departments related to General Administration and Ward Management,501201850,1000120000,Provision for Sanskrutik Bhavan 1000,1000,1000
71,11,Departments related to General Administration and Ward Management,501201851,1000120000,1000,1000,1000
71,11,Departments related to General Administration and Ward Management,501201852,1000120000,1000,1000,1000
73,11,Departments related to General Administration and Ward Management,501201853,1000120000,1000,1000,1000
73,11,Departments related to General Administration and Ward Management,501201856,1000120000,1000,1000,1000
73,11,Departments related to General Administration and Ward Management,501201868,1000120000,1000,1000,1000
73,11,Departments related to General Administration and Ward Management,501202018,1000120000,1000,1000,1000
73,11,Departments related to General Administration and Ward Management,501202019,1000120000,500,500,500
73,11,Departments related to General Administration and Ward Management,501202020,1000120000,1000,1000,1000
73,11,Departments related to General Administration and Ward Management,501202265,4010120000,amenitites alongwith development works in 758,758,...
73,11,Departments related to General Administration and Ward Management,501202570,1000120000,Beautification of Khandoba Tekadi 1000,1000,10000
73,11,Departments related to General Administration and Ward Management,501202571,1000120000,1000,1000,10000
73,11,Departments related to General Administration and Ward Management,501202572,4240120000,10000,10000,10000
73,11,Departments related to General Administration and Ward Management,501202573,1000120000,Provision for tourisum development in Mumbai 80000,80000,70000
73,11,Departments related to General Administration and Ward Management,501202574,1000120000,1000,1000,10000
73,11,Departments related to General Administration and Ward Management,501202985,4050120000,5000,5000,...
73,11,Departments related to General Administration and Ward Management,501202986,4050120000,100,100,100
73,11,Departments related to General Administration and Ward Management,501202987,4050120000,100,100,100
75,11,Departments related to General Administration and Ward Management,501202988,4050120000,100,100,100
75,11,Departments related to General Administration and Ward Management,501202989,4050120000,20000,20000,20000
75,11,Departments related to General Administration and Ward Management,501203405,4010120000,work of Nariman Point jetty at Marine drive 10,10,500
75,11,Departments related to General Administration and Ward Management,501203407,1000120000,H.O. 736999,736999,...
75,11,Departments related to General Administration and Ward Management,501203407,4010120000,A Ward 151200,151200,...
75,11,Departments related to General Administration and Ward Management,501203407,4040120000,D Ward 80000,80000,...
75,11,Departments related to General Administration and Ward Management,501203407,4050120000,E Ward 119876,119876,...
75,11,Departments related to General Administration and Ward Management,501203407,4060120000,F/South Ward 40000,40000,...
75,11,Departments related to General Administration and Ward Management,501203407,4070120000,F/North Ward 210000,210000,...
75,11,Departments related to General Administration and Ward Management,501203407,4080120000,G/South Ward 85000,85000,...
75,11,Departments related to General Administration and Ward Management,501203407,4090120000,G/North Ward 119800,119800,...
75,11,Departments related to General Administration and Ward Management,501203407,4100120000,H/East Ward 80000,80000,...
75,11,Departments related to General Administration and Ward Management,501203407,4110120000,H/West Ward 100000,100000,...
75,11,Departments related to General Administration and Ward Management,501203407,4120120000,K/East Ward 220000,220000,...
75,11,Departments related to General Administration and Ward Management,501203407,4130120000,K/West Ward 319945,319945,...
75,11,Departments related to General Administration and Ward Management,501203407,4140120000,P/South Ward 179779,179779,...
75,11,Departments related to General Administration and Ward Management,501203407,4150120000,P/North Ward 260000,260000,...
75,11,Departments related to General Administration and Ward Management,501203407,4160120000,R/South Ward 239420,239420,...
77,11,Departments related to General Administration and Ward Management,501203407,4170120000,R/North Ward 189195,189195,...
77,11,Departments related to General Administration and Ward Management,501203407,4180120000,R/Central Ward 220000,220000,...
77,11,Departments related to General Administration and Ward Management,501203407,4190120000,L Ward 399874,399874,...
77,11,Departments related to General Administration and Ward Management,501203407,4200120000,M/East Ward 330000,330000,...
77,11,Departments related to General Administration and Ward Management,501203407,4210120000,M/West Ward 100000,100000,...
77,11,Departments related to General Administration and Ward Management,501203407,4220120000,N Ward 283912,283912,...
77,11,Departments related to General Administration and Ward Management,501203407,4230120000,S Ward 280000,280000,...
77,11,Departments related to General Administration and Ward Management,501203407,4240120000,T Ward 160000,160000,...
77,11,Departments related to General Administration and Ward Management,501203408,4090120000,Restoration & rejuvenation of Mahim fort 1500,1500,10000
77,11,Departments related to General Administration and Ward Management,501203409,4090120000,1000,1000,1000
77,11,Departments related to General Administration and Ward Management,501203410,4160120000,13900,13900,...
77,11,Departments related to General Administration and Ward Management,501203411,4150120000,illumination of Madh fort & reclamation of ...,...,1000
77,11,Departments related to General Administration and Ward Management,501203387,4040120000,100000,100000,150000
77,11,Departments related to General Administration and Ward Management,501203413,4040120000,100,100,20000
77,11,Departments related to General Administration and Ward Management,501203414,4050120000,Chowkies on Plot Bearing CTS No. 1A/1099 200,200,1000
79,11,Departments related to General Administration and Ward Management,501203415,3001125401,D.M.C.(Zone-I) ...,...,1500
79,11,Departments related to General Administration and Ward Management,501203415,3002125401,D.M.C.(Zone-II) ...,...,1500
79,11,Departments related to General Administration and Ward Management,501203415,3003125401,D.M.C.(Zone-III) ...,...,1500
79,11,Departments related to General Administration and Ward Management,501203415,3004125401,D.M.C.(Zone-IV) ...,...,1500
79,11,Departments related to General Administration and Ward Management,501203415,3005125401,D.M.C.(Zone-V) ...,...,1500
79,11,Departments related to General Administration and Ward Management,501203415,3006125401,D.M.C.(Zone-VI) ...,...,1500
79,11,Departments related to General Administration and Ward Management,501203415,3007125401,D.M.C.(Zone-VII) ...,...,1500
79,11,Departments related to General Administration and Ward Management,501203416,3002125401,Provision for Participate Mumbai Initiative ...,...,10000
81,11,Departments related to General Administration and Ward Management,501201246,1000120000,Citizens with consultation of N.G.O.'s and 500,500,500
81,11,Departments related to General Administration and Ward Management,501201533,1000120000,100,100,100
81,11,Departments related to General Administration and Ward Management,501201855,1000120000,10000,10000,10000
81,11,Departments related to General Administration and Ward Management,501201989,1000120000,1000,1000,1000
83,11,Departments related to General Administration and Ward Management,501203381,4010120000,A ward Ward 43570,43570,...
85,11,Departments related to General Administration and Ward Management,501200012,4070120000,Theatre in VJB Udyan (BMC's contribution) 40725 13000,13000,27000
85,11,Departments related to General Administration and Ward Management,501201295,1000120000,1000,1000,1000
85,11,Departments related to General Administration and Ward Management,501201534,1000120000,1000,1000,1000
85,11,Departments related to General Administration and Ward Management,501201818,1000120000,1000,1000,1000
85,11,Departments related to General Administration and Ward Management,501202256,2002122642,B.M. 136776 101793,101793,...
85,11,Departments related to General Administration and Ward Management,501203412,2002122642,"of Children Theater at Sherli Rajan, Bandra B.M. 30000 100",100,1000
87,11,Departments related to General Administration and Ward Management,501201536,1000120000,100,100,100
89,11,Departments related to General Administration and Ward Management,410600000,1000125432,Office & Other Equipment 25,25,25
89,11,Departments related to General Administration and Ward Management,410600200,1000125432,"Computer, Printer & Peripherals 400",400,400
89,11,Departments related to General Administration and Ward Management,410600401,1000125432,Coolers (Blue Star 2 Nos) 25,25,25
89,11,Departments related to General Administration and Ward Management,501201225,1000125432,,,
89,11,Departments related to General Administration and Ward Management,501201838,1000125432,Hostel For Women 1000,1000,1000
89,11,Departments related to General Administration and Ward Management,501201298,1000120000,1000,1000,1000
89,11,Departments related to General Administration and Ward Management,501201299,1000120000,1000,1000,1000
89,11,Departments related to General Administration and Ward Management,501201301,1000120000,1000,1000,1000
89,11,Departments related to General Administration and Ward Management,501201303,1000120000,1000,1000,1000
89,11,Departments related to General Administration and Ward Management,501201304,1000120000,1000,1000,1000
89,11,Departments related to General Administration and Ward Management,501201305,1000120000,1000,1000,1000
91,11,Departments related to General Administration and Ward Management,501202000,1000120000,1000,1000,1000
91,11,Departments related to General Administration and Ward Management,501203382,1000125432,Provision for Care Center 1000,1000,1000
91,11,Departments related to General Administration and Ward Management,501201849,1000125421,"Development,Multipurpose Hostel for Working 118100",118100,54899
93,11,Departments related to General Administration and Ward Management,501200023,4060120000,Asstt. M.C.,1000,1000
93,11,Departments related to General Administration and Ward Management,501200026,4080120000,Asstt. M.C.,1000,1000
93,11,Departments related to General Administration and Ward Management,501200027,4090120000,Asstt. M.C.,1000,1000
93,11,Departments related to General Administration and Ward Management,501200028,4100120000,Asstt. M.C.,1000,1000
93,11,Departments related to General Administration and Ward Management,501200030,4100120000,Asstt. M.C.,1000,1000
93,11,Departments related to General Administration and Ward Management,501200031,4100120000,Asstt. M.C.,1000,1000
93,11,Departments related to General Administration and Ward Management,501200032,4100120000,Asstt. M.C.,1000,1000
93,11,Departments related to General Administration and Ward Management,501200039,4120120000,Asstt. M.C.,1000,1000
93,11,Departments related to General Administration and Ward Management,501200040,4130120000,Asstt. M.C. 1000,1000,1000
93,11,Departments related to General Administration and Ward Management,501200041,4130120000,Asstt. M.C.,1000,1000
93,11,Departments related to General Administration and Ward Management,501200042,4130120000,Asstt. M.C.,1000,1000
93,11,Departments related to General Administration and Ward Management,501200043,4130120000,Asstt. M.C.,1000,1000
93,11,Departments related to General Administration and Ward Management,501200044,4130120000,Asstt. M.C.,1000,1000
93,11,Departments related to General Administration and Ward Management,501200045,4130120000,Asstt. M.C.,1000,1000
95,11,Departments related to General Administration and Ward Management,501200046,4130120000,Asstt. M.C.,1000,1000
95,11,Departments related to General Administration and Ward Management,501200047,4130120000,Asstt. M.C.,1000,1000
95,11,Departments related to General Administration and Ward Management,501200048,4130120000,Asstt. M.C. 1000,1000,1000
95,11,Departments related to General Administration and Ward Management,501200049,4140120000,Asstt. M.C.,1000,1000
95,11,Departments related to General Administration and Ward Management,501200050,4150120000,Asstt. M.C.,1000,1000
95,11,Departments related to General Administration and Ward Management,501200051,4150120000,Asstt. M.C.,1000,1000
95,11,Departments related to General Administration and Ward Management,501200052,4150120000,Asstt. M.C.,1000,1000
95,11,Departments related to General Administration and Ward Management,501200053,4150120000,Asstt. M.C. 1000,1000,1000
95,11,Departments related to General Administration and Ward Management,501200054,4150120000,Asstt. M.C.,1000,1000
95,11,Departments related to General Administration and Ward Management,501200055,4150120000,Asstt. M.C.,1000,1000
95,11,Departments related to General Administration and Ward Management,501200056,4150120000,Asstt. M.C.,1000,1000
95,11,Departments related to General Administration and Ward Management,501200057,4150120000,Asstt. M.C.,1000,1000
95,11,Departments related to General Administration and Ward Management,501200058,4150120000,Asstt. M.C. 1000,1000,1000
95,11,Departments related to General Administration and Ward Management,501200059,4150120000,Asstt. M.C.,1000,1000
95,11,Departments related to General Administration and Ward Management,501200060,4150120000,Asstt. M.C.,1000,1000
95,11,Departments related to General Administration and Ward Management,501200061,4150120000,Asstt. M.C.,1000,1000
95,11,Departments related to General Administration and Ward Management,501200062,4150120000,Asstt. M.C. 1000,1000,...
97,11,Departments related to General Administration and Ward Management,501200062,4270120000,Nomenclature Change Asstt. M.C.,...,1000
97,11,Departments related to General Administration and Ward Management,501200063,4160120000,Asstt. M.C.,1000,1000
97,11,Departments related to General Administration and Ward Management,501200064,4160120000,Asstt. M.C.,1000,1000
97,11,Departments related to General Administration and Ward Management,501200065,4160120000,Asstt. M.C.,1000,1000
97,11,Departments related to General Administration and Ward Management,501200070,4180120000,Asstt. M.C.,1000,1000
97,11,Departments related to General Administration and Ward Management,501200071,4190120000,Asstt. M.C.,1000,1000
97,11,Departments related to General Administration and Ward Management,501200072,4190120000,Asstt. M.C.,1000,1000
97,11,Departments related to General Administration and Ward Management,501200073,4190120000,Asstt. M.C.,1000,1000
97,11,Departments related to General Administration and Ward Management,501200074,4190120000,Asstt. M.C.,1000,1000
97,11,Departments related to General Administration and Ward Management,501200075,4190120000,Asstt. M.C.,1000,1000
97,11,Departments related to General Administration and Ward Management,501200076,4200120000,Asstt. M.C.,1000,1000
97,11,Departments related to General Administration and Ward Management,501200077,4210120000,Asstt. M.C.,1000,1000
97,11,Departments related to General Administration and Ward Management,501200078,4210120000,Asstt. M.C.,1000,1000
97,11,Departments related to General Administration and Ward Management,501200079,4210120000,Asstt. M.C.,1000,1000
97,11,Departments related to General Administration and Ward Management,501200080,4210120000,Asstt. M.C.,1000,1000
99,11,Departments related to General Administration and Ward Management,501200081,4210120000,Asstt. M.C.,1000,1000
99,11,Departments related to General Administration and Ward Management,501200085,4230120000,Asstt. M.C.,1000,1000
99,11,Departments related to General Administration and Ward Management,501200088,4230120000,Asstt. M.C. 1000,1000,1000
99,11,Departments related to General Administration and Ward Management,501200089,4230120000,Asstt. M.C.,1000,1000
99,11,Departments related to General Administration and Ward Management,501200091,4240120000,Asstt. M.C.,1000,1000
99,11,Departments related to General Administration and Ward Management,501200092,4240120000,Asstt. M.C.,1000,1000
99,11,Departments related to General Administration and Ward Management,501200093,4240120000,Asstt. M.C.,1000,1000
99,11,Departments related to General Administration and Ward Management,501200139,4150120000,Asstt. M.C. 1000,1000,1000
99,11,Departments related to General Administration and Ward Management,501200140,4150120000,Asstt. M.C.,1000,1000
99,11,Departments related to General Administration and Ward Management,501200141,4200120000,Asstt. M.C.,1000,1000
99,11,Departments related to General Administration and Ward Management,501200142,4200120000,Asstt. M.C.,1000,1000
99,11,Departments related to General Administration and Ward Management,501200143,4200120000,Asstt. M.C.,1000,1000
99,11,Departments related to General Administration and Ward Management,501200144,4200120000,Asstt. M.C. 1000,1000,1000
99,11,Departments related to General Administration and Ward Management,501200145,4200120000,Asstt. M.C.,1000,1000
99,11,Departments related to General Administration and Ward Management,501200146,4200120000,Asstt. M.C.,1000,1000
99,11,Departments related to General Administration and Ward Management,501200147,4200120000,Asstt. M.C.,1000,1000
99,11,Departments related to General Administration and Ward Management,501200148,4220120000,Asstt. M.C.,1000,1000
101,11,Departments related to General Administration and Ward Management,501200149,4220120000,Asstt. M.C.,1000,1000
101,11,Departments related to General Administration and Ward Management,501200150,4220120000,Asstt. M.C.,1000,1000
101,11,Departments related to General Administration and Ward Management,501200151,4230120000,Asstt. M.C. 1000,1000,1000
101,11,Departments related to General Administration and Ward Management,501200152,4230120000,Asstt. M.C.,1000,1000
101,11,Departments related to General Administration and Ward Management,501200666,4100120000,Asstt. M.C.,1000,1000
101,11,Departments related to General Administration and Ward Management,501200668,4110120000,in Kolwad Gaothan and Boran Gaothan in Asstt. M.C.,1000,1000
101,11,Departments related to General Administration and Ward Management,501200669,4110120000,Asstt. M.C.,1000,1000
101,11,Departments related to General Administration and Ward Management,501200670,4120120000,Asstt. M.C.,1000,1000
101,11,Departments related to General Administration and Ward Management,501200671,4130120000,Asstt. M.C.,1000,1000
101,11,Departments related to General Administration and Ward Management,501200672,4230120000,Asstt. M.C.,1000,1000
101,11,Departments related to General Administration and Ward Management,501200675,4180120000,Asstt. M.C.,1000,1000
101,11,Departments related to General Administration and Ward Management,501200676,4180120000,Asstt. M.C. 1000,1000,1000
101,11,Departments related to General Administration and Ward Management,501201152,4190120000,culvert nallas in Khajuri Patti Gaothan in L Asstt. M.C.,1000,1000
103,11,Departments related to General Administration and Ward Management,501201158,4190120000,Asstt. M.C.,1000,1000
103,11,Departments related to General Administration and Ward Management,501201251,4130120000,Asstt. M.C.,1000,1000
103,11,Departments related to General Administration and Ward Management,501201256,4240120000,Asstt. M.C.,1000,1000
103,11,Departments related to General Administration and Ward Management,501201317,4200120000,Improvement of Vadavali Gao in M/East Ward Asstt. M.C.,1000,1000
103,11,Departments related to General Administration and Ward Management,501202021,4180120000,Asstt. M.C.,1000,1000
103,11,Departments related to General Administration and Ward Management,501202022,4200120000,Asstt. M.C.,1000,1000
103,11,Departments related to General Administration and Ward Management,501202023,4200120000,Asstt. M.C.,1000,1000
103,11,Departments related to General Administration and Ward Management,501202258,4210120000,Asstt. M.C.,1000,1000
103,11,Departments related to General Administration and Ward Management,501202259,4210120000,Asstt. M.C.,1000,1000
103,11,Departments related to General Administration and Ward Management,501202728,4180120000,Asstt. M.C. 1000,1000,1000
103,11,Departments related to General Administration and Ward Management,501202729,4180120000,Asstt. M.C.,1000,1000
103,11,Departments related to General Administration and Ward Management,501202730,4180120000,Asstt. M.C.,1000,1000
103,11,Departments related to General Administration and Ward Management,501200094,4100120000,H/East Ward 450,450,450
103,11,Departments related to General Administration and Ward Management,501200094,4120120000,K/East Ward 4900,4900,4900
103,11,Departments related to General Administration and Ward Management,501200094,4130120000,K/West Ward 3900,3900,3900
105,11,Departments related to General Administration and Ward Management,501200094,4140120000,P/South Ward 7500,7500,7500
105,11,Departments related to General Administration and Ward Management,501200094,4150120000,7000,7000,3500
105,11,Departments related to General Administration and Ward Management,501200094,4160120000,R/South Ward 2000,2000,2000
105,11,Departments related to General Administration and Ward Management,501200094,4170120000,2900,2900,2900
105,11,Departments related to General Administration and Ward Management,501200094,4180120000,R/Central Ward 8200,8200,8200
105,11,Departments related to General Administration and Ward Management,501200094,4190120000,2500,2500,2500
105,11,Departments related to General Administration and Ward Management,501200094,4220120000,N Ward 2200,2200,2200
105,11,Departments related to General Administration and Ward Management,501200094,4230120000,S Ward 550,550,550
105,11,Departments related to General Administration and Ward Management,501200094,4240120000,T Ward 3000,3000,3000
105,11,Departments related to General Administration and Ward Management,501200094,4270120000,P/East Ward ...,...,3500
105,11,Departments related to General Administration and Ward Management,501202568,4230120000,Asstt. M.C.,5000,5000
105,11,Departments related to General Administration and Ward Management,501202569,4010120000,Parade Koliwada in A Ward under integrated Asstt. M.C.,2500,2500
105,11,Departments related to General Administration and Ward Management,501200096,4060120000,Wardunderintegratedkoliwadasdevelopment Asstt. M.C.,1000,1000
105,11,Departments related to General Administration and Ward Management,501200098,4080120000,Wardunderintegratedkoliwadasdevelopment Asstt. M.C.,1000,1000
105,11,Departments related to General Administration and Ward Management,501200678,4090120000,Dharavi Koliwada at Mahim Kala Killa in Asstt. M.C.,1000,1000
107,11,Departments related to General Administration and Ward Management,501200100,4110120000,under integrated koliwadas development Asstt. M.C.,1000,1000
107,11,Departments related to General Administration and Ward Management,501200679,4110120000,Asstt. M.C.,1000,1000
107,11,Departments related to General Administration and Ward Management,501200680,4110120000,Asstt. M.C.,1000,1000
107,11,Departments related to General Administration and Ward Management,501200101,4130120000,Wardunderintegratedkoliwadasdevelopment Asstt. M.C.,1000,1000
107,11,Departments related to General Administration and Ward Management,501200161,4130120000,under integrated koliwadas development Asstt. M.C.,1000,1000
107,11,Departments related to General Administration and Ward Management,501200102,4150120000,"Fishermen colony, Aksa Fishermen colony, Asstt. M.C.",1000,1000
107,11,Departments related to General Administration and Ward Management,501201154,4150120000,"SWDs in Malvani, Madh, Essar, Bhati, and Asstt. M.C.",1000,1000
107,11,Departments related to General Administration and Ward Management,501200103,4170120000,Asstt. M.C.,1000,1000
109,11,Departments related to General Administration and Ward Management,501200104,4180120000,KoliwadasinR/CentralWardunderintegrated Asstt. M.C.,1000,1000
109,11,Departments related to General Administration and Ward Management,501200681,4180120000,Asstt. M.C.,1000,1000
109,11,Departments related to General Administration and Ward Management,501202731,4180120000,Asstt. M.C.,1000,1000
109,11,Departments related to General Administration and Ward Management,501202732,4180120000,Asstt. M.C.,1000,1000
109,11,Departments related to General Administration and Ward Management,501202733,4180120000,Asstt. M.C.,1000,1000
109,11,Departments related to General Administration and Ward Management,501202734,4180120000,Asstt. M.C.,1000,1000
109,11,Departments related to General Administration and Ward Management,501202735,4180120000,Asstt. M.C.,1000,1000
109,11,Departments related to General Administration and Ward Management,501202736,4180120000,Asstt. M.C.,1000,1000
109,11,Departments related to General Administration and Ward Management,501202737,4180120000,Asstt. M.C.,1000,1000
109,11,Departments related to General Administration and Ward Management,501202738,4180120000,Asstt. M.C. 1000,1000,1000
109,11,Departments related to General Administration and Ward Management,501202739,4180120000,Asstt. M.C.,1000,1000
109,11,Departments related to General Administration and Ward Management,501200105,4200120000,Wardunderintegratedkoliwadasdevelopment Asstt. M.C.,1000,1000
111,11,Departments related to General Administration and Ward Management,501200106,1000125421,Provision for Adhar Kendra ...,...,1000
111,11,Departments related to General Administration and Ward Management,501201560,4140120000,...,...,50
111,11,Departments related to General Administration and Ward Management,501201561,4150120000,...,...,50
111,11,Departments related to General Administration and Ward Management,501201563,4150120000,Malad-E P/N Ward ...,...,50
111,11,Departments related to General Administration and Ward Management,501201564,4160120000,...,...,50
115,13,keÀe³e& keÀjCeejs Keeles : ÒecegKe uesKeeHeeue Keeles (efJeÊe/keÀes<eeieej),410400034,1000130000,HO - C.A. CA 100 1000 cegK³eeue³e - ÒecegKe uesKeeHeeue Keeles,1000,
115,13,keÀe³e& keÀjCeejs Keeles : ÒecegKe uesKeeHeeue Keeles (efJeÊe/keÀes<eeieej),410600200,1000130000,HO - C.A. CA 100 1000 cegK³eeue³e - ÒecegKe uesKeeHeeue Keeles,1000,
115,13,keÀe³e& keÀjCeejs Keeles : ÒecegKe uesKeeHeeue Keeles (efJeÊe/keÀes<eeieej),410600200,1000134314,Budget-C.A CA 1000,900,
115,13,keÀe³e& keÀjCeejs Keeles : ÒecegKe uesKeeHeeue Keeles (efJeÊe/keÀes<eeieej),410600201,1000134314,Budget-C.A CA ...,100,
115,13,keÀe³e& keÀjCeejs Keeles : ÒecegKe uesKeeHeeue Keeles (efJeÊe/keÀes<eeieej),410600320,1000130000,HO - C.A. CA 100,100,
115,13,keÀe³e& keÀjCeejs Keeles : ÒecegKe uesKeeHeeue Keeles (efJeÊe/keÀes<eeieej),410600300,1000130000,HO - C.A. CA 150,500,
115,13,keÀe³e& keÀjCeejs Keeles : ÒecegKe uesKeeHeeue Keeles (efJeÊe/keÀes<eeieej),410600500,1000130000,HO - C.A. CA 150 150 cegK³eeue³e - ÒecegKe uesKeeHeeue Keeles,150,
116,13,keÀe³e& keÀjCeejs Keeles : ÒecegKe uesKeeHeeue Keeles (efJeÊe/keÀes<eeieej),410600700,1000130000,HO - C.A. CA 200,200,300
116,13,keÀe³e& keÀjCeejs Keeles : ÒecegKe uesKeeHeeue Keeles (efJeÊe/keÀes<eeieej),410700102,1000130000,HO - C.A. CA 100,100,300
116,13,keÀe³e& keÀjCeejs Keeles : ÒecegKe uesKeeHeeue Keeles (efJeÊe/keÀes<eeieej),410700103,1000130000,HO - C.A. CA 60 150 cegK³eeue³e - ÒecegKe uesKeeHeeue Keeles,60,150
116,13,keÀe³e& keÀjCeejs Keeles : ÒecegKe uesKeeHeeue Keeles (efJeÊe/keÀes<eeieej),410700103,2001134300,Division I - C.A. CA 70 150 efJeYeeie SkeÀ - ÒecegKe uesKeeHeeue Keeles,70,150
116,13,keÀe³e& keÀjCeejs Keeles : ÒecegKe uesKeeHeeue Keeles (efJeÊe/keÀes<eeieej),410700104,2001134300,Division I - C.A. CA 100 300 efJeYeeie SkeÀ - ÒecegKe uesKeeHeeue Keeles,100,300
116,13,keÀe³e& keÀjCeejs Keeles : ÒecegKe uesKeeHeeue Keeles (efJeÊe/keÀes<eeieej),410700199,1000130000,HO - C.A. CA 100,100,500
116,13,keÀe³e& keÀjCeejs Keeles : ÒecegKe uesKeeHeeue Keeles (efJeÊe/keÀes<eeieej),410700200,1000130000,HO - C.A. CA 100,100,200
117,13,FUNCTIONARY CODE : 13,501300007,1000130000,offices of CA's Department including CA 200,200,200
117,13,FUNCTIONARY CODE : 13,501300008,1000130000,Financial Grant in Aid to BEST CA 10000000,10000000,10000000
119,13,keÀe³e& keÀjCeejs Keeles: ÒecegKe uesKeeHeeue Keeles (efJelle/ keÀes<eeieej),330300610,1000130000,101379216 137657358 leelHegjles Debleie&le nmleeblejCe,137657358,
119,13,keÀe³e& keÀjCeejs Keeles: ÒecegKe uesKeeHeeue Keeles (efJelle/ keÀes<eeieej),320100101,1000130000,...,223500,
119,13,keÀe³e& keÀjCeejs Keeles: ÒecegKe uesKeeHeeue Keeles (efJelle/ keÀes<eeieej),320100200,1000130000,Grant for Brimstowad Project ... 2000000 efye´cemìesJee@[ ÒekeÀuHeekeÀefjlee Devegoeve,2000000,
119,13,keÀe³e& keÀjCeejs Keeles: ÒecegKe uesKeeHeeue Keeles (efJelle/ keÀes<eeieej),312110300,1000130000,Amount transfer from Revenue A/c 75180284,62182672,
119,13,keÀe³e& keÀjCeejs Keeles: ÒecegKe uesKeeHeeue Keeles (efJelle/ keÀes<eeieej),312301300,1000130000,7800000,8580000,
119,13,keÀe³e& keÀjCeejs Keeles: ÒecegKe uesKeeHeeue Keeles (efJelle/ keÀes<eeieej),312301301,1000130000,...,33900000,
119,13,keÀe³e& keÀjCeejs Keeles: ÒecegKe uesKeeHeeue Keeles (efJelle/ keÀes<eeieej),312301700,1000130000,900000 ... Yetceer mebHeeove Je efJekeÀeme efveOeer,...,
119,13,keÀe³e& keÀjCeejs Keeles: ÒecegKe uesKeeHeeue Keeles (efJelle/ keÀes<eeieej),312302801,1000130000,Fire Protection Fund A/c 1116778,2309000,
119,13,keÀe³e& keÀjCeejs Keeles: ÒecegKe uesKeeHeeue Keeles (efJelle/ keÀes<eeieej),312302900,1000130000,5000000,5500000,
119,13,keÀe³e& keÀjCeejs Keeles: ÒecegKe uesKeeHeeue Keeles (efJelle/ keÀes<eeieej),312303000,1000130000,Compensation received under DCPR 6 1898329,1765099,
119,13,keÀe³e& keÀjCeejs Keeles: ÒecegKe uesKeeHeeue Keeles (efJelle/ keÀes<eeieej),312303020,1000130000,A/C of Fungible Compensatory FSI 42006911,49100000,
119,13,keÀe³e& keÀjCeejs Keeles: ÒecegKe uesKeeHeeue Keeles (efJelle/ keÀes<eeieej),312303030,1000130000,1140000,448800,
119,13,keÀe³e& keÀjCeejs Keeles: ÒecegKe uesKeeHeeue Keeles (efJelle/ keÀes<eeieej),312303041,1000130000,4000000 5600000 (veÐeeb®es HegveªppeerJeve) DeLe&mebkeÀuHe 'ie' keÀ[tve ³esCes,5600000,
119,13,keÀe³e& keÀjCeejs Keeles: ÒecegKe uesKeeHeeue Keeles (efJelle/ keÀes<eeieej),312303060,1000130000,1539825,2592037,
121,14,LABOUR DEPARTMENT keÀe³e& keÀjCeejs Keeles : keÀeceieej Keeles,410600000,1000140000,HO - Labour L.O. ... 250 cegK³eeue³e - ÞeefcekeÀ,250,
123,15,Public Relation Department keÀe³e& keÀjCeejs Keeles : pevemebHeke&À Keeles,410600000,1000150000,P.R.O. 500,1500,
126,16,Mumbai Mun. Security Force Dept. keÀe³e& keÀjCeejs Keeles : cegbyeF& ce.ve.Hee. megj#ee oue Keeles,410400030,1000160000,Security 60000 45000 megj#ee ³eb$eCee - cesìue ef[ìskeÌìj F.,,
126,16,Mumbai Mun. Security Force Dept. keÀe³e& keÀjCeejs Keeles : cegbyeF& ce.ve.Hee. megj#ee oue Keeles,410600000,1000160000,Security 265 400 keÀe³ee&ue³e DeeefCe Flej meeOevemeecegûeer,,
126,16,Mumbai Mun. Security Force Dept. keÀe³e& keÀjCeejs Keeles : cegbyeF& ce.ve.Hee. megj#ee oue Keeles,410600210,1000160000,Computer Software Security 2500 ... keÀe@cH³egìj mee@HeÌìJesDej,,
126,16,Mumbai Mun. Security Force Dept. keÀe³e& keÀjCeejs Keeles : cegbyeF& ce.ve.Hee. megj#ee oue Keeles,410700000,1000160000,Security 3000,,
126,16,Mumbai Mun. Security Force Dept. keÀe³e& keÀjCeejs Keeles : cegbyeF& ce.ve.Hee. megj#ee oue Keeles,410800201,1000160000,Security ...,,
126,16,Mumbai Mun. Security Force Dept. keÀe³e& keÀjCeejs Keeles : cegbyeF& ce.ve.Hee. megj#ee oue Keeles,410800300,1000160000,Fire Extinguisher Security ... 50 DeefiveMeceve meeOeve,,
127,16,MUMBAI MUN.SECURITY FORCE DEPT. FUNCTIONARY CODE :16,501600027,4080160000,Security 5000,5000,...
127,16,MUMBAI MUN.SECURITY FORCE DEPT. FUNCTIONARY CODE :16,501600028,1000160000,Security 70000,70000,66215
127,16,MUMBAI MUN.SECURITY FORCE DEPT. FUNCTIONARY CODE :16,501600002,1000160000,Centre building of Security Department Security ...,...,2500
131,17,FUNCTIONARY CODE : 17,501700010,1000172600,various structures at CTIRC premises in 74755 48916,48916,...
131,17,FUNCTIONARY CODE : 17,501700014,1000170000,,,
131,17,FUNCTIONARY CODE : 17,501700015,1000170000,800 800,800,...
131,17,FUNCTIONARY CODE : 17,501700016,1000170000,370000 500,500,500
135,17,I. T. CELL,410600200,1000180000,I.T.Cell,640517,164253
135,17,I. T. CELL,410600210,1000180000,Computer Software I.T.Cell 732369,732369,252120
139,17,CHIEF OFFICER (ENQUIRY),410600000,1000190000,Ch.O.(Enq.) ...,1200,
139,17,CHIEF OFFICER (ENQUIRY),410600000,3007190000,Ch.O.(Enq.) 696,...,
139,17,CHIEF OFFICER (ENQUIRY),410700000,1000190000,Ch.O.(Enq.) ...,160,
139,17,CHIEF OFFICER (ENQUIRY),410800201,1000190000,Ch.O.(Enq.) ...,15,
141,20,CHIEF SAFETY OFFICER DEPT. keÀe³e& keÀjCeejs Keeles :,410600200,1000200000,HO - CSO ... 140 cegK³eeue³e - Òe.meg.De,,
141,20,CHIEF SAFETY OFFICER DEPT. keÀe³e& keÀjCeejs Keeles :,410700000,1000200000,HO - CSO ... 70 cegK³eeue³e - Òe.meg.De,,
145,21,DISASTER MANAGEMENT CELL FUNCTIONARY CODE : 21,502100003,1000210000,Communication System DMP ...,...,100
145,21,DISASTER MANAGEMENT CELL FUNCTIONARY CODE : 21,502100004,1000210000,DMP ...,...,100
145,21,DISASTER MANAGEMENT CELL FUNCTIONARY CODE : 21,502100032,1000210502,B.M. 31000,31000,10000
145,21,DISASTER MANAGEMENT CELL FUNCTIONARY CODE : 21,502100033,1000210000,,,104500
150,22,keÀe³e& keÀjCeejs Keeles : meeiejer efkeÀveejer jmlee ÒekeÀuHe Keeles,410600000,1000220000,Office & Other Equipments 350,350,
150,22,keÀe³e& keÀjCeejs Keeles : meeiejer efkeÀveejer jmlee ÒekeÀuHe Keeles,410700000,1000220000,350,350,
151,22,Coastal Road Project Department FUNCTIONARY CODE: 22,502200002,1000220000,Proposed World Class Central Public 2500,2500,40720
151,22,Coastal Road Project Department FUNCTIONARY CODE: 22,502200003,1000220000,Public Toilet & Police Chowky along 10000,10000,200000
151,22,Coastal Road Project Department FUNCTIONARY CODE: 22,502200004,1000220000,10000,10000,19440
151,22,Coastal Road Project Department FUNCTIONARY CODE: 22,502200005,1000220000,jetty constructed in Mumbai Coastal ...,...,20000
151,22,Coastal Road Project Department FUNCTIONARY CODE: 22,502200006,1000220000,Road from Lotus Jetty upto Samudra ...,...,144351
151,22,Coastal Road Project Department FUNCTIONARY CODE: 22,502200001,1000220000,164405915 9983711,9983711,9074789
156,22,Garden & Recreation - (Zoo),410400000,1000230000,Plant & Machinery Zoo 1000 2500 ³eb$es Je meb³eb$es,,2500
156,22,Garden & Recreation - (Zoo),410509900,1000230000,Other Vehicles Zoo 2000 500 Flej Jeenves,,500
156,22,Garden & Recreation - (Zoo),410600210,1000230000,Computer Software Zoo 2000 2500 keÀe@cHegìj mee@HeÌìJesDej,,2500
156,22,Garden & Recreation - (Zoo),410600000,1000230000,Zoo ... 900 keÀe³ee&ue³e DeeefCe Flej meeOeCes,,900
156,22,Garden & Recreation - (Zoo),410600200,1000230000,"Zoo 50 ... mebieCekeÀ, efHe´bìj DeeefCe HesefjHesÀefjDeue",,...
156,22,Garden & Recreation - (Zoo),410600400,1000230000,Refrigerator Zoo 200 ... ÒeefMeleves,,...
156,22,Garden & Recreation - (Zoo),410600700,1000230000,Projector Zoo 200 ... He´espeskeÌìj,,...
156,22,Garden & Recreation - (Zoo),410700000,1000230000,Zoo ...,,400
156,22,Garden & Recreation - (Zoo),410800400,1000230000,Live Stock Zoo 100 20000 ueeF&Jn æmìe@keÀ,,20000
157,23,Garden & Recreation - (Zoo) FUNCTIONARY CODE : 23,502300001,1000232401,Botanical Garden and Zoo B.M/ZOO,45000,...
157,23,Garden & Recreation - (Zoo) FUNCTIONARY CODE : 23,502300004,1000232401,Botanical Garden and Zoo B.M/ZOO,70000,30000
157,23,Garden & Recreation - (Zoo) FUNCTIONARY CODE : 23,502300005,1000232401,Botanical Garden and Zoo B.M/ZOO,270000,280000
157,23,Garden & Recreation - (Zoo) FUNCTIONARY CODE : 23,502300007,1000232401,Botanical Garden and Zoo B.M/ZOO,52500,1000000
159,23,Garden & Recreation - (Zoo) FUNCTIONARY CODE : 23,502300008,1000232401,Botanical Garden and Zoo B.M/ZOO,...,30000
159,23,Garden & Recreation - (Zoo) FUNCTIONARY CODE : 23,502300002,1000230000,Development of ZOO at Arrey Colony ZOO ...,...,100
159,23,Garden & Recreation - (Zoo) FUNCTIONARY CODE : 23,502300003,1000230000,ZOO ...,...,100
164,24,ASSESSOR AND COLLECTOR DEPTT. keÀe³e& keÀjCeejs Keeles : keÀjefveOee&jkeÀ Je mebkeÀuekeÀ Keeles,410600200,1000240000,"A&C 7000 6000 mebieCekeÀ, efÒebìj DeeefCe HesefjHesÀjume",6000,
164,24,ASSESSOR AND COLLECTOR DEPTT. keÀe³e& keÀjCeejs Keeles : keÀjefveOee&jkeÀ Je mebkeÀuekeÀ Keeles,410600300,1000240000,Photocopiers A&C ... 500 HeÀesìeskeÀe@Heer³eme&,500,
164,24,ASSESSOR AND COLLECTOR DEPTT. keÀe³e& keÀjCeejs Keeles : keÀjefveOee&jkeÀ Je mebkeÀuekeÀ Keeles,410600501,1000240000,Franking Machine A&C ... 4200 ÖeBÀefkebÀie ceMeerve,4200,
164,24,ASSESSOR AND COLLECTOR DEPTT. keÀe³e& keÀjCeejs Keeles : keÀjefveOee&jkeÀ Je mebkeÀuekeÀ Keeles,410700000,1000240000,A & C 100,500,
165,24,ASSESSOR AND COLLECTOR DEPTT. FUNCTIONARY CODE : 24,502400001,1000240000,BM 70000,70000,48700
165,24,ASSESSOR AND COLLECTOR DEPTT. FUNCTIONARY CODE : 24,502400041,1000240000,,,100
165,24,ASSESSOR AND COLLECTOR DEPTT. FUNCTIONARY CODE : 24,502400086,1000240000,360 Degree Maping Projector A&C ...,...,8500
165,24,ASSESSOR AND COLLECTOR DEPTT. FUNCTIONARY CODE : 24,502400087,1000240000,CVS Base Property Tax Software A&C 500,500,100
167,24,ASSESSOR AND COLLECTOR DEPTT. FUNCTIONARY CODE : 24,502400092,1000240603,"3092A/2, 3092A/3, 3091A, 3089/1 etc. 24923880 837400",837400,1860000
171,24,Central Procurement Department,410400062,1000250000,Water Pump 10 10 Jee@ìj HebHe,10,
171,24,Central Procurement Department,410600000,1000250000,Office & Other Equipments 100,200,
171,24,Central Procurement Department,410600200,1000250000,300,400,
171,24,Central Procurement Department,410700000,1000250000,100,300,
174,26,Building Maintenance Department keÀe³e& keÀjCeejs Keeles : Fceejle Heefjj#eCe Keeles,502600047,1000260000,Total Station Survey BM 200,200,
175,26,Building Maintenance Department FUNCTIONARY CODE : 26,502600024,1000260000,Heritage 8896,8896,29200
175,26,Building Maintenance Department FUNCTIONARY CODE : 26,502600054,1000260000,Repairs & reinstallation of Heritage Heritage 3200,3200,...
175,26,Building Maintenance Department FUNCTIONARY CODE : 26,502600088,4040260000,& Development of Banganga Heritage Ward 120000 61403,61403,20675
178,26,Building Maintenance Department keÀe³e& keÀjCeejs Keeles : Fceejle Heefjj#eCe Keeles,410400000,1000264406,Plant & Machinery Heritage 11945 32423 ³eb$es Je meb³eb$es,32423,
178,26,Building Maintenance Department keÀe³e& keÀjCeejs Keeles : Fceejle Heefjj#eCe Keeles,410600000,1000260000,Office & other Equipments Heritage 1500 400 keÀe³ee&ue³e DeeefCe Flej meeOevemeecegûeer,400,
178,26,Building Maintenance Department keÀe³e& keÀjCeejs Keeles : Fceejle Heefjj#eCe Keeles,410600000,1000264406,Office & other Equipments Heritage 18700 44000 keÀe³ee&ue³e DeeefCe Flej meeOevemeecegûeer,44000,
178,26,Building Maintenance Department keÀe³e& keÀjCeejs Keeles : Fceejle Heefjj#eCe Keeles,410700000,1000264406,Heritage 12500,4600,
178,26,Building Maintenance Department keÀe³e& keÀjCeejs Keeles : Fceejle Heefjj#eCe Keeles,410800000,1000264406,Other Fixed Assets Heritage 500,500,
179,26,Building Maintenance Department FUNCTIONARY CODE : 26,502600027,1000260000,,62217,
179,26,Building Maintenance Department FUNCTIONARY CODE : 26,502600083,1000260000,Structures owned by BMC. Heritage,25574,58000
179,26,Building Maintenance Department FUNCTIONARY CODE : 26,502600089,1000260000,Structures owned by BMC. Heritage,1000,1000
179,26,Building Maintenance Department FUNCTIONARY CODE : 26,502600095,1000260000,Structures owned by BMC. Heritage 4970,4970,2000
179,26,Building Maintenance Department FUNCTIONARY CODE : 26,502600099,1000260000,Structures owned by BMC.,...,2000
181,26,Building Maintenance Department FUNCTIONARY CODE : 26,502600028,1000260000,tiles Roofing of the listed Heritage Heritage 200,200,2000
181,26,Building Maintenance Department FUNCTIONARY CODE : 26,502600029,1000260000,,5000,2000
181,26,Building Maintenance Department FUNCTIONARY CODE : 26,502600029,1000263000,H.O-M.A. M.A. 198700,198700,162000
181,26,Building Maintenance Department FUNCTIONARY CODE : 26,502600029,4010260000,A Ward 1000,1000,900
181,26,Building Maintenance Department FUNCTIONARY CODE : 26,502600029,4020260000,B Ward 1000,1000,900
181,26,Building Maintenance Department FUNCTIONARY CODE : 26,502600029,4030260000,C Ward 1000,1000,900
181,26,Building Maintenance Department FUNCTIONARY CODE : 26,502600029,4040260000,D Ward 1000,1000,900
181,26,Building Maintenance Department FUNCTIONARY CODE : 26,502600029,4050260000,E Ward 1000,1000,900
181,26,Building Maintenance Department FUNCTIONARY CODE : 26,502600029,4060260000,F/South Ward 1000,1000,900
181,26,Building Maintenance Department FUNCTIONARY CODE : 26,502600029,4070260000,F/North Ward 1000,1000,900
181,26,Building Maintenance Department FUNCTIONARY CODE : 26,502600029,4080260000,G/South Ward 1000,1000,900
181,26,Building Maintenance Department FUNCTIONARY CODE : 26,502600029,4090260000,G/North Ward 1000,1000,900
181,26,Building Maintenance Department FUNCTIONARY CODE : 26,502600029,4100260000,H/East Ward 1000,1000,900
181,26,Building Maintenance Department FUNCTIONARY CODE : 26,502600029,4110260000,H/West Ward 1000,1000,900
181,26,Building Maintenance Department FUNCTIONARY CODE : 26,502600029,4120260000,K/East Ward 1000,1000,900
181,26,Building Maintenance Department FUNCTIONARY CODE : 26,502600029,4130260000,K/West Ward 1000,1000,900
181,26,Building Maintenance Department FUNCTIONARY CODE : 26,502600029,4140260000,P/South Ward 1000,1000,900
181,26,Building Maintenance Department FUNCTIONARY CODE : 26,502600029,4150260000,P/North Ward 1000,1000,900
181,26,Building Maintenance Department FUNCTIONARY CODE : 26,502600029,4160260000,R/South Ward 1000,1000,900
181,26,Building Maintenance Department FUNCTIONARY CODE : 26,502600029,4170260000,R/North Ward 1000,1000,900
181,26,Building Maintenance Department FUNCTIONARY CODE : 26,502600029,4180260000,R/Central Ward 1000,1000,900
181,26,Building Maintenance Department FUNCTIONARY CODE : 26,502600029,4190260000,L Ward 1000,1000,900
181,26,Building Maintenance Department FUNCTIONARY CODE : 26,502600029,4200260000,M/East Ward 1000,1000,900
181,26,Building Maintenance Department FUNCTIONARY CODE : 26,502600029,4210260000,M/West Ward 1000,1000,900
181,26,Building Maintenance Department FUNCTIONARY CODE : 26,502600029,4220260000,N Ward 1000,1000,900
181,26,Building Maintenance Department FUNCTIONARY CODE : 26,502600029,4230260000,S Ward 1000,1000,900
181,26,Building Maintenance Department FUNCTIONARY CODE : 26,502600029,4240260000,T Ward 1000,1000,900
183,26,Building Maintenance Department FUNCTIONARY CODE : 26,502600031,1000260000,the official residences of the Heritage,1000,4500
183,26,Building Maintenance Department FUNCTIONARY CODE : 26,502600032,2002260000,Division II BM ...,...,8182
183,26,Building Maintenance Department FUNCTIONARY CODE : 26,502600090,2001260000,,18116,
183,26,Building Maintenance Department FUNCTIONARY CODE : 26,502600090,2003260000,Division III 40000,40000,36000
183,26,Building Maintenance Department FUNCTIONARY CODE : 26,502600093,2002260000,Division II 35000,35000,37000
183,26,Building Maintenance Department FUNCTIONARY CODE : 26,502600093,2003260000,Division III 1000,1000,47000
185,26,Building Maintenance Department FUNCTIONARY CODE : 26,502600096,2001260000,Division I BM 4500,4500,55000
185,26,Building Maintenance Department FUNCTIONARY CODE : 26,502600096,2002260000,Division II BM 500,500,...
185,26,Building Maintenance Department FUNCTIONARY CODE : 26,502600096,2003260000,Division III 500,500,...
185,26,Building Maintenance Department FUNCTIONARY CODE : 26,502600100,2001260000,Division I BM ...,...,300
185,26,Building Maintenance Department FUNCTIONARY CODE : 26,502600100,2002260000,Division II BM ...,...,400
185,26,Building Maintenance Department FUNCTIONARY CODE : 26,502600100,2003260000,Division III BM ...,...,300
185,26,Building Maintenance Department FUNCTIONARY CODE : 26,502600034,2001260000,Division I BM 300,300,300
185,26,Building Maintenance Department FUNCTIONARY CODE : 26,502600034,2002260000,Division II 300,300,300
185,26,Building Maintenance Department FUNCTIONARY CODE : 26,502600034,2003260000,Division III BM 300,300,300
187,26,Building Maintenance Department FUNCTIONARY CODE : 26,502600035,1000260000,Provision for Soil Investigation,600,500
187,26,Building Maintenance Department FUNCTIONARY CODE : 26,502600035,1000260000,Provision for Soil Investigation,100,400
187,26,Building Maintenance Department FUNCTIONARY CODE : 26,502600035,4010260000,A Ward 50,50,50
187,26,Building Maintenance Department FUNCTIONARY CODE : 26,502600035,4020260000,B Ward 50,50,50
187,26,Building Maintenance Department FUNCTIONARY CODE : 26,502600035,4030260000,C Ward 50,50,50
187,26,Building Maintenance Department FUNCTIONARY CODE : 26,502600035,4040260000,D Ward 50,50,50
187,26,Building Maintenance Department FUNCTIONARY CODE : 26,502600035,4050260000,E Ward 50,50,50
187,26,Building Maintenance Department FUNCTIONARY CODE : 26,502600035,4060260000,F/South Ward 50,50,50
187,26,Building Maintenance Department FUNCTIONARY CODE : 26,502600035,4070260000,F/North Ward 50,50,50
187,26,Building Maintenance Department FUNCTIONARY CODE : 26,502600035,4080260000,G/South Ward 50,50,50
187,26,Building Maintenance Department FUNCTIONARY CODE : 26,502600035,4090260000,G/North Ward 50,50,50
187,26,Building Maintenance Department FUNCTIONARY CODE : 26,502600035,4100260000,H/East Ward 50,50,50
187,26,Building Maintenance Department FUNCTIONARY CODE : 26,502600035,4110260000,H/West Ward 50,50,50
187,26,Building Maintenance Department FUNCTIONARY CODE : 26,502600035,4120260000,K/East Ward 50,50,50
187,26,Building Maintenance Department FUNCTIONARY CODE : 26,502600035,4130260000,K/West Ward 50,50,50
187,26,Building Maintenance Department FUNCTIONARY CODE : 26,502600035,4140260000,P/South Ward 50,50,50
187,26,Building Maintenance Department FUNCTIONARY CODE : 26,502600035,4150260000,P/North Ward 50,50,50
187,26,Building Maintenance Department FUNCTIONARY CODE : 26,502600035,4160260000,R/South Ward 50,50,50
187,26,Building Maintenance Department FUNCTIONARY CODE : 26,502600035,4170260000,R/North Ward 50,50,50
187,26,Building Maintenance Department FUNCTIONARY CODE : 26,502600035,4180260000,R/Central Ward 50,50,50
187,26,Building Maintenance Department FUNCTIONARY CODE : 26,502600035,4190260000,L Ward 50,50,50
187,26,Building Maintenance Department FUNCTIONARY CODE : 26,502600035,4200260000,M/East Ward 50,50,50
187,26,Building Maintenance Department FUNCTIONARY CODE : 26,502600035,4210260000,M/West Ward 50,50,50
187,26,Building Maintenance Department FUNCTIONARY CODE : 26,502600035,4220260000,N Ward 50,50,50
187,26,Building Maintenance Department FUNCTIONARY CODE : 26,502600035,4230260000,S Ward 50,50,50
187,26,Building Maintenance Department FUNCTIONARY CODE : 26,502600035,4240260000,T Ward 50,50,50
189,26,Building Maintenance Department FUNCTIONARY CODE : 26,502600036,1000264406,Heritage 500,500,1000
189,26,Building Maintenance Department FUNCTIONARY CODE : 26,502600038,1000260000,BM 15000,15000,11720
189,26,Building Maintenance Department FUNCTIONARY CODE : 26,502600038,4010260000,A Ward 1000,1000,1000
189,26,Building Maintenance Department FUNCTIONARY CODE : 26,502600038,4020260000,B Ward 1000,1000,1000
189,26,Building Maintenance Department FUNCTIONARY CODE : 26,502600038,4030260000,C Ward 1000,1000,1000
189,26,Building Maintenance Department FUNCTIONARY CODE : 26,502600038,4040260000,D Ward 1000,1000,1000
189,26,Building Maintenance Department FUNCTIONARY CODE : 26,502600038,4050260000,E Ward 1000,1000,1000
189,26,Building Maintenance Department FUNCTIONARY CODE : 26,502600038,4060260000,F/South Ward 1000,1000,1000
189,26,Building Maintenance Department FUNCTIONARY CODE : 26,502600038,4070260000,F/North Ward 1000,1000,1000
189,26,Building Maintenance Department FUNCTIONARY CODE : 26,502600038,4080260000,G/South Ward 1000,1000,1000
189,26,Building Maintenance Department FUNCTIONARY CODE : 26,502600038,4090260000,G/North Ward 1000,1000,1000
189,26,Building Maintenance Department FUNCTIONARY CODE : 26,502600038,4100260000,H/East Ward 1000,1000,1000
189,26,Building Maintenance Department FUNCTIONARY CODE : 26,502600038,4110260000,H/West Ward 1000,1000,1000
189,26,Building Maintenance Department FUNCTIONARY CODE : 26,502600038,4120260000,K/East Ward 1000,1000,1000
189,26,Building Maintenance Department FUNCTIONARY CODE : 26,502600038,4130260000,K/West Ward 1000,1000,1000
189,26,Building Maintenance Department FUNCTIONARY CODE : 26,502600038,4140260000,P/South Ward 1000,1000,1000
189,26,Building Maintenance Department FUNCTIONARY CODE : 26,502600038,4150260000,P/North Ward 1000,1000,1000
189,26,Building Maintenance Department FUNCTIONARY CODE : 26,502600038,4160260000,R/South Ward 1000,1000,1000
189,26,Building Maintenance Department FUNCTIONARY CODE : 26,502600038,4170260000,R/North Ward 1000,1000,1000
189,26,Building Maintenance Department FUNCTIONARY CODE : 26,502600038,4180260000,R/Central Ward 1000,1000,1000
189,26,Building Maintenance Department FUNCTIONARY CODE : 26,502600038,4190260000,L Ward 1000,1000,1000
189,26,Building Maintenance Department FUNCTIONARY CODE : 26,502600038,4200260000,M/East Ward 1000,1000,1000
189,26,Building Maintenance Department FUNCTIONARY CODE : 26,502600038,4210260000,M/West Ward 1000,1000,1000
189,26,Building Maintenance Department FUNCTIONARY CODE : 26,502600038,4220260000,N Ward 1000,1000,1000
189,26,Building Maintenance Department FUNCTIONARY CODE : 26,502600038,4230260000,S Ward 1000,1000,1000
189,26,Building Maintenance Department FUNCTIONARY CODE : 26,502600038,4240260000,T Ward 1000,1000,1000
191,26,Building Maintenance Department FUNCTIONARY CODE : 26,502600039,1000264406,Heritage 500,500,2000
191,26,Building Maintenance Department FUNCTIONARY CODE : 26,502600064,1000262000,46300,46300,1000
191,26,Building Maintenance Department FUNCTIONARY CODE : 26,502600097,1000263000,M.A. 1000,1000,34000
191,26,Building Maintenance Department FUNCTIONARY CODE : 26,502600101,1000264406,FACADE lighting systems at BMC Head Heritage ...,...,20000
193,26,Building Maintenance Department FUNCTIONARY CODE : 26,502600045,4010260000,A Ward 2500,2500,2500
193,26,Building Maintenance Department FUNCTIONARY CODE : 26,502600045,4020260000,B Ward 2500,2500,2500
193,26,Building Maintenance Department FUNCTIONARY CODE : 26,502600045,4030260000,C Ward 2500,2500,2500
193,26,Building Maintenance Department FUNCTIONARY CODE : 26,502600045,4040260000,D Ward 2500,2500,2500
193,26,Building Maintenance Department FUNCTIONARY CODE : 26,502600045,4050260000,E Ward 2500,2500,2500
193,26,Building Maintenance Department FUNCTIONARY CODE : 26,502600045,4060260000,F/South Ward 2500,2500,2500
193,26,Building Maintenance Department FUNCTIONARY CODE : 26,502600045,4070260000,F/North Ward 2500,2500,2500
193,26,Building Maintenance Department FUNCTIONARY CODE : 26,502600045,4080260000,G/South Ward 2500,2500,2500
193,26,Building Maintenance Department FUNCTIONARY CODE : 26,502600045,4090260000,G/North Ward 2500,2500,2500
193,26,Building Maintenance Department FUNCTIONARY CODE : 26,502600045,4100260000,H/East Ward 2500,2500,2500
193,26,Building Maintenance Department FUNCTIONARY CODE : 26,502600045,4110260000,H/West Ward 2500,2500,2500
193,26,Building Maintenance Department FUNCTIONARY CODE : 26,502600045,4120260000,K/East Ward 2500,2500,2500
193,26,Building Maintenance Department FUNCTIONARY CODE : 26,502600045,4130260000,K/West Ward 2500,2500,2500
193,26,Building Maintenance Department FUNCTIONARY CODE : 26,502600045,4140260000,P/South Ward 2500,2500,2500
193,26,Building Maintenance Department FUNCTIONARY CODE : 26,502600045,4150260000,P/North Ward 2500,2500,2500
193,26,Building Maintenance Department FUNCTIONARY CODE : 26,502600045,4160260000,R/South Ward 2500,2500,2500
193,26,Building Maintenance Department FUNCTIONARY CODE : 26,502600045,4170260000,R/North Ward 2500,2500,2500
193,26,Building Maintenance Department FUNCTIONARY CODE : 26,502600045,4180260000,R/Central Ward 2500,2500,2500
193,26,Building Maintenance Department FUNCTIONARY CODE : 26,502600045,4190260000,L Ward 2500,2500,2500
193,26,Building Maintenance Department FUNCTIONARY CODE : 26,502600045,4200260000,M/East Ward 2500,2500,2500
193,26,Building Maintenance Department FUNCTIONARY CODE : 26,502600045,4210260000,M/West Ward 2500,2500,2500
193,26,Building Maintenance Department FUNCTIONARY CODE : 26,502600045,4220260000,N Ward 2500,2500,2500
193,26,Building Maintenance Department FUNCTIONARY CODE : 26,502600045,4230260000,S Ward 2500,2500,2500
193,26,Building Maintenance Department FUNCTIONARY CODE : 26,502600045,4240260000,T Ward 2500,2500,2500
195,26,Building Maintenance Department keÀe³e& keÀjCeejs Keeles: Fceejle Heefjj#eCe Keeles,350800446,4040260000,"61403 58597 Hegve©&ppeerefJekeÀjCe, meewo³eeakeÀjCe Je efJekeÀeme",58597,
197,27,LEGAL DEPTT. keÀe³e& keÀjCeejs Keeles : efJeOeer Keeles,410600000,1000270000,HO - LEGAL LEGAL 400 400 cegK³eeue³e - efJeOeer,,
197,27,LEGAL DEPTT. keÀe³e& keÀjCeejs Keeles : efJeOeer Keeles,410800201,1000270000,HO - LEGAL LEGAL 50 50 cegK³eeue³e - efJeOeer,,
199,28,Election Department FUNCTIONARY CODE :28,410600000,1000280000,Office & Other Equipments Election 100,100,3000
199,28,Election Department FUNCTIONARY CODE :28,410600200,1000280000,"Computer, Printers & Peripheral Election 100",100,1000
199,28,Election Department FUNCTIONARY CODE :28,410700000,1000280000,"Furniture, Fixtures, Fitting & Electricals Election 100",100,3000
199,28,Election Department FUNCTIONARY CODE :28,502800001,1000280000,Election 100,100,100
203,29,MUSEUM DEPARTMENT FUNCTIONARY CODE : 29,502900002,3001292600,to M/s. National Textile Heritage 100000,100000,...
203,29,MUSEUM DEPARTMENT FUNCTIONARY CODE : 29,502900011,3001292600,to M/s. National Textile Heritage ...,...,12508
205,29,MUSEUM DEPARTMENT FUNCTIONARY CODE : 29,502900012,3001292600,to M/s. National Textile Heritage 6000,6000,6600
205,29,MUSEUM DEPARTMENT FUNCTIONARY CODE : 29,502900014,3001292600,to M/s. National Textile,,400
207,29,MUSEUM DEPARTMENT FUNCTIONARY CODE : 29,410400000,1000290000,Plant & Machinery Museum ...,...,100
207,29,MUSEUM DEPARTMENT FUNCTIONARY CODE : 29,502900004,1000290000,35000 13548,13548,400
207,29,MUSEUM DEPARTMENT FUNCTIONARY CODE : 29,502900005,1000290000,Fund of Dr. Bhau Daji Lad Museum ...,...,100
207,29,MUSEUM DEPARTMENT FUNCTIONARY CODE : 29,502900006,1000290000,Acquisition for the Museum Museum ...,...,100
207,29,MUSEUM DEPARTMENT FUNCTIONARY CODE : 29,502900009,1000290000,Museum 700,700,500
212,30,EDUCATION DEPARTMENT keÀe³e& keÀjCeejs Keeles : efMe#eCe Keeles,410600000,1000300000,Office and Other equipments E. O. 100 100 keÀe³ee&ue³e DeeefCe Flej meeOevemeecegûeer,100,
212,30,EDUCATION DEPARTMENT keÀe³e& keÀjCeejs Keeles : efMe#eCe Keeles,410700199,1000300000,Other Furniture & Fixtures E. O. 68796 51000 Flej HeÀefve&®ej DeeefCe efHeÀkeÌ®ej,51000,
212,30,EDUCATION DEPARTMENT keÀe³e& keÀjCeejs Keeles : efMe#eCe Keeles,410800201,1000300000,E. O. 1,1,
213,30,EDUCATION DEPARTMENT FUNCTIONARY CODE : 30,503000058,1000300000,E.O. 100,100,...
213,30,EDUCATION DEPARTMENT FUNCTIONARY CODE : 30,503000110,1000300000,220000,220000,217281
213,30,EDUCATION DEPARTMENT FUNCTIONARY CODE : 30,503000121,1000300000,Computer Labs at Various Muncipal EO 14938,14938,...
213,30,EDUCATION DEPARTMENT FUNCTIONARY CODE : 30,503000124,1000300000,EO 100,100,3500
213,30,EDUCATION DEPARTMENT FUNCTIONARY CODE : 30,503000126,1000300000,EO 100,100,100
213,30,EDUCATION DEPARTMENT FUNCTIONARY CODE : 30,503000127,1000300000,EO 48700,48700,10785
213,30,EDUCATION DEPARTMENT FUNCTIONARY CODE : 30,503000128,1000300000,Development of Sound system in all E.O. 10,10,10
213,30,EDUCATION DEPARTMENT FUNCTIONARY CODE : 30,503000129,1000300000,Provision for E-Library E.O. 1,1,1
213,30,EDUCATION DEPARTMENT FUNCTIONARY CODE : 30,503000138,1000300000,Provision for Tinker Lab E.O. 10,10,10
213,30,EDUCATION DEPARTMENT FUNCTIONARY CODE : 30,503000158,1000300000,Napking Vending and Burning Machine E.O. 100,100,31
213,30,EDUCATION DEPARTMENT FUNCTIONARY CODE : 30,503000159,1000300000,Development of Skill Labs at Municipal E.O. 100,100,100
213,30,EDUCATION DEPARTMENT FUNCTIONARY CODE : 30,503000182,1000300000,E.O. 113100,113100,38681
218,31,Solid Waste Management Department keÀe³e& keÀjCeejs Keeles : Ieve keÀ®eje J³eJemLeeHeve Keeles,410200300,2002310000,Chowkies S.W.M. 45000,80000,
218,31,Solid Waste Management Department keÀe³e& keÀjCeejs Keeles : Ieve keÀ®eje J³eJemLeeHeve Keeles,410400003,2002310000,Refuse Bins 110000 20000 keÀ®eje Hesìîee,20000,
218,31,Solid Waste Management Department keÀe³e& keÀjCeejs Keeles : Ieve keÀ®eje J³eJemLeeHeve Keeles,410501200,1000310000,Stationery Compactors S.W.M. 45000 30000 mìsMevejer keÀcHe@keÌìj,30000,
218,31,Solid Waste Management Department keÀe³e& keÀjCeejs Keeles : Ieve keÀ®eje J³eJemLeeHeve Keeles,410509900,2002310000,Other Vehicles (SWM) 333600,98280,
219,31,Solid Waste Management Department FUNCTIONARY CODE : 31,503100001,1000310000,Transit camp under Ashray Yojana,,
219,31,Solid Waste Management Department FUNCTIONARY CODE : 31,503100002,1000310000,,10700,10000
219,31,Solid Waste Management Department FUNCTIONARY CODE : 31,503100005,1000311503,...,...,40000
221,31,Solid Waste Management Department FUNCTIONARY CODE : 31,503100007,1000314801,"filling including processing, treatment of 100",100,600
221,31,Solid Waste Management Department FUNCTIONARY CODE : 31,503100008,1000314801,"filling including processing, treatment of",30000,30000
221,31,Solid Waste Management Department FUNCTIONARY CODE : 31,503100016,2003310000,500,500,2000
221,31,Solid Waste Management Department FUNCTIONARY CODE : 31,503100044,1000310000,AYC 6960376,6960376,11200000
221,31,Solid Waste Management Department FUNCTIONARY CODE : 31,503100044,4060310000,F/South Ward Ward 23600,23600,...
221,31,Solid Waste Management Department FUNCTIONARY CODE : 31,503100044,4090310000,G/North Ward Ward 16024,16024,...
221,31,Solid Waste Management Department FUNCTIONARY CODE : 31,503100045,1000310000,Head Office 4000,4000,5000
221,31,Solid Waste Management Department FUNCTIONARY CODE : 31,503100045,2001310000,Division I - City 15000,15000,15000
221,31,Solid Waste Management Department FUNCTIONARY CODE : 31,503100045,2002310000,Division II - Western Suburb 20000,20000,15000
221,31,Solid Waste Management Department FUNCTIONARY CODE : 31,503100045,2003310000,19550,19550,15000
221,31,Solid Waste Management Department FUNCTIONARY CODE : 31,503100045,4010310031,A Ward Ward 500,500,1000
221,31,Solid Waste Management Department FUNCTIONARY CODE : 31,503100045,4020310031,B Ward Ward 500,500,1000
221,31,Solid Waste Management Department FUNCTIONARY CODE : 31,503100045,4030310031,C Ward Ward 5650,5650,500
221,31,Solid Waste Management Department FUNCTIONARY CODE : 31,503100045,4040310031,D Ward Ward 500,500,500
221,31,Solid Waste Management Department FUNCTIONARY CODE : 31,503100045,4050310031,E Ward Ward 7500,7500,500
221,31,Solid Waste Management Department FUNCTIONARY CODE : 31,503100045,4060310031,F/South Ward Ward 600,600,700
221,31,Solid Waste Management Department FUNCTIONARY CODE : 31,503100045,4070310031,F/North Ward Ward 800,800,800
221,31,Solid Waste Management Department FUNCTIONARY CODE : 31,503100045,4080310031,G/South Ward Ward 400,400,1000
223,31,Solid Waste Management Department FUNCTIONARY CODE : 31,503100045,4090310031,G/North Ward Ward 1200,1200,1000
223,31,Solid Waste Management Department FUNCTIONARY CODE : 31,503100045,4100310031,H/East Ward Ward 300,300,1500
223,31,Solid Waste Management Department FUNCTIONARY CODE : 31,503100045,4110310031,H/West Ward Ward 300,300,1000
223,31,Solid Waste Management Department FUNCTIONARY CODE : 31,503100045,4120310031,K/East Ward Ward 300,300,1000
223,31,Solid Waste Management Department FUNCTIONARY CODE : 31,503100045,4130310031,K/West Ward Ward 300,300,1000
223,31,Solid Waste Management Department FUNCTIONARY CODE : 31,503100045,4140310031,P/South Ward Ward 1000,1000,1000
223,31,Solid Waste Management Department FUNCTIONARY CODE : 31,503100045,4150310031,P/North Ward Ward 500,500,1000
223,31,Solid Waste Management Department FUNCTIONARY CODE : 31,503100045,4270310031,P/East Ward Ward 300,300,...
223,31,Solid Waste Management Department FUNCTIONARY CODE : 31,503100045,4160310031,R/South Ward Ward 300,300,500
223,31,Solid Waste Management Department FUNCTIONARY CODE : 31,503100045,4170310031,R/North Ward Ward 300,300,1000
223,31,Solid Waste Management Department FUNCTIONARY CODE : 31,503100045,4180310031,R/Central Ward Ward 1400,1400,1000
223,31,Solid Waste Management Department FUNCTIONARY CODE : 31,503100045,4190310031,L Ward Ward 1200,1200,1000
223,31,Solid Waste Management Department FUNCTIONARY CODE : 31,503100045,4200310031,M/East Ward Ward 400,400,1000
223,31,Solid Waste Management Department FUNCTIONARY CODE : 31,503100045,4210310031,M/West Ward Ward 900,900,1000
223,31,Solid Waste Management Department FUNCTIONARY CODE : 31,503100045,4220310031,N Ward Ward 1200,1200,1000
223,31,Solid Waste Management Department FUNCTIONARY CODE : 31,503100045,4230310031,S Ward Ward 300,300,1000
223,31,Solid Waste Management Department FUNCTIONARY CODE : 31,503100045,4240310031,T Ward Ward 700,700,1000
223,31,Solid Waste Management Department FUNCTIONARY CODE : 31,503100049,1000310000,Head Office H.O. SWM 1000,1000,10000
223,31,Solid Waste Management Department FUNCTIONARY CODE : 31,503100049,2003310000,Division - III ...,...,1000
223,31,Solid Waste Management Department FUNCTIONARY CODE : 31,503100049,4010310031,A Ward Ward 500,500,500
223,31,Solid Waste Management Department FUNCTIONARY CODE : 31,503100049,4020310031,B Ward Ward 300,300,500
223,31,Solid Waste Management Department FUNCTIONARY CODE : 31,503100049,4030310031,C Ward Ward 1200,1200,1000
225,31,Solid Waste Management Department FUNCTIONARY CODE : 31,503100049,4040310031,D Ward Ward 300,300,1000
225,31,Solid Waste Management Department FUNCTIONARY CODE : 31,503100049,4050310031,E Ward Ward 400,400,1000
225,31,Solid Waste Management Department FUNCTIONARY CODE : 31,503100049,4060310031,F/South Ward Ward 600,600,1500
225,31,Solid Waste Management Department FUNCTIONARY CODE : 31,503100049,4070310031,F/North Ward Ward 700,700,1000
225,31,Solid Waste Management Department FUNCTIONARY CODE : 31,503100049,4080310031,500,500,2000
225,31,Solid Waste Management Department FUNCTIONARY CODE : 31,503100049,4090310031,G/North Ward 500,500,2000
225,31,Solid Waste Management Department FUNCTIONARY CODE : 31,503100049,4100310031,H/East Ward Ward 500,500,2000
225,31,Solid Waste Management Department FUNCTIONARY CODE : 31,503100049,4110310031,H/West Ward Ward 600,600,1000
225,31,Solid Waste Management Department FUNCTIONARY CODE : 31,503100049,4120310031,K/East Ward Ward 900,900,1000
225,31,Solid Waste Management Department FUNCTIONARY CODE : 31,503100049,4130310031,K/West Ward Ward 400,400,3000
225,31,Solid Waste Management Department FUNCTIONARY CODE : 31,503100049,4140310031,P/South Ward Ward 900,900,1000
225,31,Solid Waste Management Department FUNCTIONARY CODE : 31,503100049,4150310031,P/North Ward Ward 300,300,1000
225,31,Solid Waste Management Department FUNCTIONARY CODE : 31,503100049,4270310031,P/East Ward Ward 300,300,500
225,31,Solid Waste Management Department FUNCTIONARY CODE : 31,503100049,4160310031,R/South Ward 300,300,1000
225,31,Solid Waste Management Department FUNCTIONARY CODE : 31,503100049,4170310031,R/North Ward Ward 300,300,1000
225,31,Solid Waste Management Department FUNCTIONARY CODE : 31,503100049,4180310031,R/Central Ward Ward 400,400,1000
225,31,Solid Waste Management Department FUNCTIONARY CODE : 31,503100049,4190310031,L Ward Ward 6200,6200,1000
225,31,Solid Waste Management Department FUNCTIONARY CODE : 31,503100049,4200310031,M/East Ward Ward 400,400,1000
225,31,Solid Waste Management Department FUNCTIONARY CODE : 31,503100049,4210310031,M/West Ward Ward 400,400,1000
225,31,Solid Waste Management Department FUNCTIONARY CODE : 31,503100049,4220310031,N Ward Ward 900,900,1000
225,31,Solid Waste Management Department FUNCTIONARY CODE : 31,503100049,4230310031,S Ward Ward 800,800,1000
225,31,Solid Waste Management Department FUNCTIONARY CODE : 31,503100049,4240310031,400,400,1000
225,31,Solid Waste Management Department FUNCTIONARY CODE : 31,503100050,1000310000,,,
227,31,Solid Waste Management Department FUNCTIONARY CODE : 31,503100071,4010310031,A Ward Ward 600,600,700
227,31,Solid Waste Management Department FUNCTIONARY CODE : 31,503100071,4040310031,D Ward 100,100,500
227,31,Solid Waste Management Department FUNCTIONARY CODE : 31,503100071,4050310031,100,100,500
227,31,Solid Waste Management Department FUNCTIONARY CODE : 31,503100071,4060310031,F/South Ward Ward 100,100,800
227,31,Solid Waste Management Department FUNCTIONARY CODE : 31,503100071,4070310031,F/North Ward Ward 100,100,700
227,31,Solid Waste Management Department FUNCTIONARY CODE : 31,503100071,4080310031,G/South Ward Ward 6000,6000,9900
227,31,Solid Waste Management Department FUNCTIONARY CODE : 31,503100071,4090310031,G/North Ward Ward 3000,3000,5900
227,31,Solid Waste Management Department FUNCTIONARY CODE : 31,503100071,4100310031,H/East Ward Ward 15000,15000,12000
227,31,Solid Waste Management Department FUNCTIONARY CODE : 31,503100071,4110310031,H/West Ward Ward 100,100,700
227,31,Solid Waste Management Department FUNCTIONARY CODE : 31,503100071,4120310031,K/East Ward Ward 4400,4400,800
227,31,Solid Waste Management Department FUNCTIONARY CODE : 31,503100071,4130310031,2500,2500,5000
227,31,Solid Waste Management Department FUNCTIONARY CODE : 31,503100071,4140310031,P/South Ward Ward 2700,2700,7000
227,31,Solid Waste Management Department FUNCTIONARY CODE : 31,503100071,4150310031,P/North Ward Ward 100,100,1000
227,31,Solid Waste Management Department FUNCTIONARY CODE : 31,503100071,4270310031,P/East Ward Ward 100,100,500
227,31,Solid Waste Management Department FUNCTIONARY CODE : 31,503100071,4160310031,R/South Ward Ward 33500,33500,7000
227,31,Solid Waste Management Department FUNCTIONARY CODE : 31,503100071,4170310031,R/North Ward Ward 3100,3100,3000
227,31,Solid Waste Management Department FUNCTIONARY CODE : 31,503100071,4180310031,R/Central Ward Ward 1600,1600,3000
227,31,Solid Waste Management Department FUNCTIONARY CODE : 31,503100071,4190310031,L Ward Ward 66000,66000,66000
227,31,Solid Waste Management Department FUNCTIONARY CODE : 31,503100071,4200310031,M/East Ward 100,100,1000
227,31,Solid Waste Management Department FUNCTIONARY CODE : 31,503100071,4210310031,M/West Ward Ward 800,800,2000
227,31,Solid Waste Management Department FUNCTIONARY CODE : 31,503100071,4220310031,N Ward Ward 7000,7000,10000
227,31,Solid Waste Management Department FUNCTIONARY CODE : 31,503100071,4230310031,S Ward Ward 21000,21000,10000
227,31,Solid Waste Management Department FUNCTIONARY CODE : 31,503100071,4240310031,T Ward Ward 1000,1000,1000
227,31,Solid Waste Management Department FUNCTIONARY CODE : 31,503100073,2002310000,Decentralised MSW processing in Mumbai SWM ...,...,1000
227,31,Solid Waste Management Department FUNCTIONARY CODE : 31,503100176,1000310000,of cosatal water bodies in and around SWM ...,...,100
227,31,Solid Waste Management Department FUNCTIONARY CODE : 31,503100200,2002310000,150000,150000,50000
229,31,Solid Waste Management Department FUNCTIONARY CODE : 31,503100215,1000310000,SWM 20000,20000,10000
229,31,Solid Waste Management Department FUNCTIONARY CODE : 31,503100314,1000310000,H.O SWM 800,800,12000
229,31,Solid Waste Management Department FUNCTIONARY CODE : 31,503100314,4010310031,A Ward Ward 400,400,500
229,31,Solid Waste Management Department FUNCTIONARY CODE : 31,503100314,4020310031,B Ward Ward 400,400,500
229,31,Solid Waste Management Department FUNCTIONARY CODE : 31,503100314,4030310031,C Ward Ward 400,400,200
229,31,Solid Waste Management Department FUNCTIONARY CODE : 31,503100314,4040310031,D Ward Ward 400,400,300
229,31,Solid Waste Management Department FUNCTIONARY CODE : 31,503100314,4050310031,E Ward Ward 400,400,300
229,31,Solid Waste Management Department FUNCTIONARY CODE : 31,503100314,4060310031,F/South Ward Ward 400,400,1000
229,31,Solid Waste Management Department FUNCTIONARY CODE : 31,503100314,4070310031,F/North Ward Ward 400,400,500
229,31,Solid Waste Management Department FUNCTIONARY CODE : 31,503100314,4080310031,G/South Ward Ward 1500,1500,1000
229,31,Solid Waste Management Department FUNCTIONARY CODE : 31,503100314,4090310031,G/North Ward Ward 400,400,1000
229,31,Solid Waste Management Department FUNCTIONARY CODE : 31,503100314,4100310031,H/East Ward Ward 1500,1500,1000
229,31,Solid Waste Management Department FUNCTIONARY CODE : 31,503100314,4110310031,H/West Ward Ward 400,400,1000
229,31,Solid Waste Management Department FUNCTIONARY CODE : 31,503100314,4120310031,K/East Ward Ward 400,400,1200
229,31,Solid Waste Management Department FUNCTIONARY CODE : 31,503100314,4130310031,K/West Ward Ward 2500,2500,4000
229,31,Solid Waste Management Department FUNCTIONARY CODE : 31,503100314,4140310031,P/South Ward Ward 300,300,1200
229,31,Solid Waste Management Department FUNCTIONARY CODE : 31,503100314,4150310031,P/North Ward Ward 300,300,1400
229,31,Solid Waste Management Department FUNCTIONARY CODE : 31,503100314,4270310031,P/East Ward Ward 400,400,...
229,31,Solid Waste Management Department FUNCTIONARY CODE : 31,503100314,4160310031,R/South Ward Ward 1200,1200,2000
229,31,Solid Waste Management Department FUNCTIONARY CODE : 31,503100314,4170310031,400,400,700
229,31,Solid Waste Management Department FUNCTIONARY CODE : 31,503100314,4180310031,R/Central Ward Ward 400,400,1000
229,31,Solid Waste Management Department FUNCTIONARY CODE : 31,503100314,4190310031,L Ward Ward 12000,12000,10000
229,31,Solid Waste Management Department FUNCTIONARY CODE : 31,503100314,4200310031,400,400,700
229,31,Solid Waste Management Department FUNCTIONARY CODE : 31,503100314,4210310031,M/West Ward Ward 400,400,500
229,31,Solid Waste Management Department FUNCTIONARY CODE : 31,503100314,4220310031,N Ward Ward 3000,3000,2000
229,31,Solid Waste Management Department FUNCTIONARY CODE : 31,503100314,4230310031,17300,17300,10000
229,31,Solid Waste Management Department FUNCTIONARY CODE : 31,503100314,4240310031,T Ward Ward 400,400,1000
229,31,Solid Waste Management Department FUNCTIONARY CODE : 31,503100341,2002310000,1000,1000,20000
231,31,Solid Waste Management Department FUNCTIONARY CODE : 31,503100350,1000314801,100,100,100
231,31,Solid Waste Management Department FUNCTIONARY CODE : 31,503100343,1000310000,Dy.C.E. 500,500,500
231,31,Solid Waste Management Department FUNCTIONARY CODE : 31,503100344,4010310031,100,100,500
231,31,Solid Waste Management Department FUNCTIONARY CODE : 31,503100344,4020310031,100,100,500
231,31,Solid Waste Management Department FUNCTIONARY CODE : 31,503100344,4030310031,100,100,500
231,31,Solid Waste Management Department FUNCTIONARY CODE : 31,503100344,4040310031,100,100,500
231,31,Solid Waste Management Department FUNCTIONARY CODE : 31,503100344,4050310031,100,100,500
231,31,Solid Waste Management Department FUNCTIONARY CODE : 31,503100344,4060310031,100,100,500
231,31,Solid Waste Management Department FUNCTIONARY CODE : 31,503100344,4070310031,100,100,500
231,31,Solid Waste Management Department FUNCTIONARY CODE : 31,503100344,4080310031,100,100,500
231,31,Solid Waste Management Department FUNCTIONARY CODE : 31,503100344,4090310031,100,100,500
231,31,Solid Waste Management Department FUNCTIONARY CODE : 31,503100344,4100310031,100,100,500
231,31,Solid Waste Management Department FUNCTIONARY CODE : 31,503100344,4110310031,100,100,500
231,31,Solid Waste Management Department FUNCTIONARY CODE : 31,503100344,4120310031,100,100,500
231,31,Solid Waste Management Department FUNCTIONARY CODE : 31,503100344,4130310031,100,100,500
231,31,Solid Waste Management Department FUNCTIONARY CODE : 31,503100344,4140310031,100,100,500
231,31,Solid Waste Management Department FUNCTIONARY CODE : 31,503100344,4150310031,100,100,500
231,31,Solid Waste Management Department FUNCTIONARY CODE : 31,503100344,4270310031,100,100,500
231,31,Solid Waste Management Department FUNCTIONARY CODE : 31,503100344,4160310031,100,100,500
231,31,Solid Waste Management Department FUNCTIONARY CODE : 31,503100344,4170310031,100,100,500
231,31,Solid Waste Management Department FUNCTIONARY CODE : 31,503100344,4180310031,100,100,500
231,31,Solid Waste Management Department FUNCTIONARY CODE : 31,503100344,4190310031,100,100,500
231,31,Solid Waste Management Department FUNCTIONARY CODE : 31,503100344,4200310031,100,100,500
231,31,Solid Waste Management Department FUNCTIONARY CODE : 31,503100344,4210310031,100,100,500
231,31,Solid Waste Management Department FUNCTIONARY CODE : 31,503100344,4220310031,100,100,500
231,31,Solid Waste Management Department FUNCTIONARY CODE : 31,503100344,4230310031,100,100,500
231,31,Solid Waste Management Department FUNCTIONARY CODE : 31,503100344,4240310031,100,100,500
233,31,Solid Waste Management Department FUNCTIONARY CODE : 31,503100345,4010310000,A Ward Ward 18100,18100,...
233,31,Solid Waste Management Department FUNCTIONARY CODE : 31,503100345,4040310000,D Ward Ward 13800,13800,...
233,31,Solid Waste Management Department FUNCTIONARY CODE : 31,503100347,1000314802,"electricity, CCTV camera, sanitisation, 5000",5000,10000
233,31,Solid Waste Management Department FUNCTIONARY CODE : 31,503100169,1000310000,Waste Segregation Centre to be Developed 300,300,300
233,31,Solid Waste Management Department FUNCTIONARY CODE : 31,503100170,4210310031,M/West Ward 500,500,500
233,31,Solid Waste Management Department FUNCTIONARY CODE : 31,503100171,4070310031,1000,1000,500
233,31,Solid Waste Management Department FUNCTIONARY CODE : 31,503100172,1000310000,1000,1000,1000
235,31,Solid Waste Management Department FUNCTIONARY CODE :31,503100074,1000310000,existing & new solid waste 3646200,3646200,5807200
235,31,Solid Waste Management Department FUNCTIONARY CODE :31,503100074,1000314803,existing & new solid waste ...,...,1000
237,31,keÀe³e& keÀjCeejs Keeles: Ieve keÀ®eje J³eJemLeeHeve Keeles,312110405,1000310000,590000 280000 mJe®í cenejeä^ DeefYe³eeveemeeþer µeemeveekeÀ[tve efveOeer,280000,
237,31,keÀe³e& keÀjCeejs Keeles: Ieve keÀ®eje J³eJemLeeHeve Keeles,312110408,1000310000,1112000 3048500 15 Jee efJeÊe Dee³eesie Yeeb[Jeueer ÒeeHleer,3048500,
239,3,TRANSPORT DEPARTMENT FUNCTIONARY CODE 3 :2,410400000,2001321600,Division I - Plant & Machinery E.E.T. 10000,10000,10000
239,3,TRANSPORT DEPARTMENT FUNCTIONARY CODE 3 :2,410400000,2002321600,Division II - Plant & Machinery E.E.T. 7307,7307,5000
239,3,TRANSPORT DEPARTMENT FUNCTIONARY CODE 3 :2,410400000,2003321600,Division III - Plant & Machinery E.E.T. 99500,99500,20000
239,3,TRANSPORT DEPARTMENT FUNCTIONARY CODE 3 :2,410500000,2001321600,Division I - Vehicles E.E.T. 394674,394674,269083
239,3,TRANSPORT DEPARTMENT FUNCTIONARY CODE 3 :2,410500000,2002321600,Division II - Vehicles E.E.T. 67268,67268,34310
239,3,TRANSPORT DEPARTMENT FUNCTIONARY CODE 3 :2,410500000,2003321600,Division III - Vehicles E.E.T. 9000,9000,33400
239,3,TRANSPORT DEPARTMENT FUNCTIONARY CODE 3 :2,410509900,2002321600,Division II - Others Vehicles E.E.T. 12500,12500,13200
239,3,TRANSPORT DEPARTMENT FUNCTIONARY CODE 3 :2,410509900,2003321600,Division III - Others Vehicles E.E.T. 158700,158700,...
239,3,TRANSPORT DEPARTMENT FUNCTIONARY CODE 3 :2,410600200,2001321600,Division I E.E.T. 600,600,600
239,3,TRANSPORT DEPARTMENT FUNCTIONARY CODE 3 :2,410600200,2002321600,Division II E.E.T. 525,525,525
239,3,TRANSPORT DEPARTMENT FUNCTIONARY CODE 3 :2,410600200,2003321600,E.E.T. 100,100,500
241,3,TRANSPORT DEPARTMENT FUNCTIONARY CODE 3 :2,410800510,2002321600,Division II E.E.T. ...,...,805
241,3,TRANSPORT DEPARTMENT FUNCTIONARY CODE 3 :2,410600000,2001321600,Division I E.E.T. 250,250,250
241,3,TRANSPORT DEPARTMENT FUNCTIONARY CODE 3 :2,410600000,2002321600,Division II E.E.T. 250,250,250
241,3,TRANSPORT DEPARTMENT FUNCTIONARY CODE 3 :2,410600000,2003321600,Division III E.E.T. 250,250,250
241,3,TRANSPORT DEPARTMENT FUNCTIONARY CODE 3 :2,410700000,2001321600,Division I E.E.T. 200,200,200
241,3,TRANSPORT DEPARTMENT FUNCTIONARY CODE 3 :2,410700000,2002321600,Division II E.E.T. 200,200,200
241,3,TRANSPORT DEPARTMENT FUNCTIONARY CODE 3 :2,410700000,2003321600,E.E.T. 200,200,200
241,3,TRANSPORT DEPARTMENT FUNCTIONARY CODE 3 :2,503200013,2003321603,E.E.T. 1500,1500,1500
241,3,TRANSPORT DEPARTMENT FUNCTIONARY CODE 3 :2,503200021,2002321600,Transport Garage at Malad & Bandra E.E.T. ...,...,5000
245,33,STORM WATER DRAINS DEPARTMENT FUNCTIONARY CODE : 33,503300699,2001330000,Division I - SWD ( City) S.W.D. 350000,350000,253400
245,33,STORM WATER DRAINS DEPARTMENT FUNCTIONARY CODE : 33,503300699,2002330000,Division II - SWD (Western Suburbs) S.W.D. 300000,300000,100000
245,33,STORM WATER DRAINS DEPARTMENT FUNCTIONARY CODE : 33,503300699,2003330000,Division III - SWD (Eastern Suburbs) S.W.D. 150000,150000,100000
245,33,STORM WATER DRAINS DEPARTMENT FUNCTIONARY CODE : 33,503300750,2001330000,Division I - SWD ( City) S.W.D. 2400000,2400000,1066200
245,33,STORM WATER DRAINS DEPARTMENT FUNCTIONARY CODE : 33,503300750,2002330000,Division II - SWD (Western Suburbs) S.W.D. 400000,400000,160000
245,33,STORM WATER DRAINS DEPARTMENT FUNCTIONARY CODE : 33,503300750,2003330000,Division III - SWD (Eastern Suburbs) S.W.D. 150000,150000,200000
247,33,STORM WATER DRAINS DEPARTMENT FUNCTIONARY CODE : 33,503300751,2001330000,Division I - SWD ( City) S.W.D. 100000,100000,66200
247,33,STORM WATER DRAINS DEPARTMENT FUNCTIONARY CODE : 33,503300751,2002330000,Division II - SWD (Western Suburbs) S.W.D. 1770000,1770000,577800
247,33,STORM WATER DRAINS DEPARTMENT FUNCTIONARY CODE : 33,503300751,2003330000,Division III - SWD (Eastern Suburbs) S.W.D. 844900,844900,121200
247,33,STORM WATER DRAINS DEPARTMENT FUNCTIONARY CODE : 33,503300751,4220330000,N Ward S.W.D. 9100,9100,...
247,33,STORM WATER DRAINS DEPARTMENT FUNCTIONARY CODE : 33,503300756,2001330000,Division I - SWD ( City) S.W.D. 150000,150000,226100
247,33,STORM WATER DRAINS DEPARTMENT FUNCTIONARY CODE : 33,503300756,2002330000,Division II - SWD (Western Suburbs) S.W.D. 700000,700000,350000
247,33,STORM WATER DRAINS DEPARTMENT FUNCTIONARY CODE : 33,503300756,2003330000,Division III - SWD (Eastern Suburbs) S.W.D. 660000,660000,350000
249,33,STORM WATER DRAINS DEPARTMENT FUNCTIONARY CODE : 33,503300757,2001330000,Division I - SWD ( City) S.W.D. 98600,98600,131400
249,33,STORM WATER DRAINS DEPARTMENT FUNCTIONARY CODE : 33,503300757,2002330000,Division II - SWD (Western Suburbs) S.W.D. 100000,100000,470000
249,33,STORM WATER DRAINS DEPARTMENT FUNCTIONARY CODE : 33,503300757,2003330000,Division III - SWD (Eastern Suburbs) S.W.D. 200000,200000,1000000
249,33,STORM WATER DRAINS DEPARTMENT FUNCTIONARY CODE : 33,503300758,2001330000,Division I - SWD ( City) S.W.D. ...,...,100000
249,33,STORM WATER DRAINS DEPARTMENT FUNCTIONARY CODE : 33,503300758,2002330000,Division II - SWD (Western Suburbs) S.W.D. ...,...,500000
249,33,STORM WATER DRAINS DEPARTMENT FUNCTIONARY CODE : 33,503300758,2003330000,Division III - SWD (Eastern Suburbs) S.W.D. ...,...,100000
251,33,STORM WATER DRAINS DEPARTMENT FUNCTIONARY CODE : 33,503300407,4190330000,Other river/nalla system in Brihanmumbai S.W.D.,,
251,33,STORM WATER DRAINS DEPARTMENT FUNCTIONARY CODE : 33,503300407,4190330000,Other river/nalla system in Brihanmumbai S.W.D.,,
251,33,STORM WATER DRAINS DEPARTMENT FUNCTIONARY CODE : 33,410400000,2001330000,Plant & Machinery S.W.D. 249700,249700,787800
251,33,STORM WATER DRAINS DEPARTMENT FUNCTIONARY CODE : 33,503300700,3001330000,Zone I - (SWD) S.W.D. 101700,101700,194500
251,33,STORM WATER DRAINS DEPARTMENT FUNCTIONARY CODE : 33,503300700,3002330000,Zone II - (SWD) S.W.D. 518300,518300,427500
251,33,STORM WATER DRAINS DEPARTMENT FUNCTIONARY CODE : 33,410600200,1000330000,"Computer, Printer & Peripherals 4000",4000,1800
251,33,STORM WATER DRAINS DEPARTMENT FUNCTIONARY CODE : 33,503300746,1000330000,6000,6000,6000
251,33,STORM WATER DRAINS DEPARTMENT FUNCTIONARY CODE : 33,503300749,1000330000,Poisar River S.W.D.,,
251,33,STORM WATER DRAINS DEPARTMENT FUNCTIONARY CODE : 33,503300749,1000330000,Dahisar River S.W.D. 3760500 4000000,4000000,5600000
251,33,STORM WATER DRAINS DEPARTMENT FUNCTIONARY CODE : 33,503300749,1000330000,Oshiwara / Walbhat River S.W.D.,,
251,33,STORM WATER DRAINS DEPARTMENT FUNCTIONARY CODE : 33,503300752,1000332600,B.M. 38564 10300,10300,...
251,33,STORM WATER DRAINS DEPARTMENT FUNCTIONARY CODE : 33,503300752,1000332600,M&E 87161 20000,20000,60000
253,33,STORM WATER DRAINS DEPARTMENT FUNCTIONARY CODE : 33,503300701,2001330000,Division I - SWD S.W.D.,1400,100
253,33,STORM WATER DRAINS DEPARTMENT FUNCTIONARY CODE : 33,503300701,2003330000,Division III - SWD S.W.D.,206000,50000
253,33,STORM WATER DRAINS DEPARTMENT FUNCTIONARY CODE : 33,503300085,2001330000,Division I - SWD S.W.D.,620000,1201000
253,33,STORM WATER DRAINS DEPARTMENT FUNCTIONARY CODE : 33,503300085,2002330000,Division II - SWD S.W.D.,380000,1299000
257,34,FUNCTIONARY CODE : 34,410600321,1000340000,Facial Biometric Machine Ch.E.(M&E) 23848,23848,4174
257,34,FUNCTIONARY CODE : 34,503400599,1000340000,Ch.E.(M&E),158350,173701
257,34,FUNCTIONARY CODE : 34,503400956,1000340000,,26758,26384
257,34,FUNCTIONARY CODE : 34,503401043,1000340000,"system,Packaged A.C. plants ,VRF Ch.E.(M&E)",118760,64618
257,34,FUNCTIONARY CODE : 34,503401140,1000340000,,120174,81805
257,34,FUNCTIONARY CODE : 34,503401141,1000340000,commissioning of AFD system for PCS Ch.E.(M&E),26500,11148
257,34,FUNCTIONARY CODE : 34,503401214,1000340000,in BMC jurisdiction along with Ch.E.(M&E) 995000 ...,...,278700
257,34,FUNCTIONARY CODE : 34,503401215,1000340000,free way tunnel along with mechanical Ch.E.(M&E) 258365 111000,111000,128541
259,34,FUNCTIONARY CODE : 34,503401217,1000340000,"Oxygen Jumbo Cylinder Bottling Plant"" Ch.E.(M&E) 11000 ...",...,929
259,34,FUNCTIONARY CODE : 34,503401258,1000340000,Ch.E.(M&E) ...,...,5000
259,34,FUNCTIONARY CODE : 34,503401259,1000340000,Ch.E.(M&E) ...,...,10000
259,34,FUNCTIONARY CODE : 34,503401260,1000340000,chiller AC system installed at Ch.E.(M&E) ...,...,100
261,34,FUNCTIONARY CODE : 34,503400140,1000340000,Nomenclature Change Ch.E.(M&E),29475,43350
261,34,FUNCTIONARY CODE : 34,503400853,2002340000,Ch.E.(M&E),11291,16258
261,34,FUNCTIONARY CODE : 34,503401085,2003340000,Ch.E.(M&E),11000,16258
261,34,FUNCTIONARY CODE : 34,503401086,2003340000,Ch.E.(M&E),13514,8863
261,34,FUNCTIONARY CODE : 34,503401218,1000340000,10935 5935,5935,929
261,34,FUNCTIONARY CODE : 34,503401219,1000340000,Dy.Ch.Eng. (M&E) City & E.E.Mech Ch.E.(M&E) 84500 25000,25000,938
263,34,FUNCTIONARY CODE : 34,503401230,1000340000,Ch.E.(M&E),84899,65030
263,34,FUNCTIONARY CODE : 34,503401231,1000340000,Ch.E.(M&E) 212000 70000,70000,12636
263,34,FUNCTIONARY CODE : 34,503401248,1000340000,connections at municipal mahalakshmi Ch.E.(M&E) 630800 180000,180000,83610
263,34,FUNCTIONARY CODE : 34,503401249,2003340000,Ch.E.(M&E) 7169 ...,...,4338
263,34,FUNCTIONARY CODE : 34,503401251,1000340000,150000 ...,...,9
263,34,FUNCTIONARY CODE : 34,503401252,1000340000,allied works at various municipal Ch.E.(M&E),...,18580
263,34,FUNCTIONARY CODE : 34,503401253,1000341801,of Municipal Power Laundry Under Ch.E.(M&E),...,464
265,34,FUNCTIONARY CODE : 34,503401006,1000340000,lights/Highmasts lights at various Ch.E.(M&E) 2757,2757,2070
265,34,FUNCTIONARY CODE : 34,503401204,4050340000,Ch.E.(M&E) 500,500,464
265,34,FUNCTIONARY CODE : 34,503401220,1000340000,Ch.E.(M&E) 577700 170000,170000,116125
267,34,FUNCTIONARY CODE :34,503400966,2002340000,,2500,2790
269,34,FUNCTIONARY CODE :34,503401046,1000340000,"system,Packaged A.C. plants ,VRF Ch.E.(M&E) 10",10,9290
269,34,FUNCTIONARY CODE :34,503401232,1000340000,Mechinical system at Priyadarshani Ch.E.(M&E) 272680 44370,44370,9
273,35,CITY ENGINEER'S DEPARTMENT FUNCTIONARY CODE : 35,503502096,1000354402,Construction of PAP on Private Land Dy. C.E. Imp. 171943200 30000000,30000000,27900000
275,35,CITY ENGINEER'S DEPARTMENT FUNCTIONARY CODE : 35,503500003,4010350000,of the area around Gateway of India in A 79521 ...,...,16926
275,35,CITY ENGINEER'S DEPARTMENT FUNCTIONARY CODE : 35,503501137,1000350000,Monument (Smarak) of Hinduhridaysamrat ...,...,5000
275,35,CITY ENGINEER'S DEPARTMENT FUNCTIONARY CODE : 35,503501186,1000350000,C.E. ...,...,100
275,35,CITY ENGINEER'S DEPARTMENT FUNCTIONARY CODE : 35,503501201,1000350000,Provision for Monument of late Bhagoji Kir.,,100
275,35,CITY ENGINEER'S DEPARTMENT FUNCTIONARY CODE : 35,503501475,1000350000,...,...,100
275,35,CITY ENGINEER'S DEPARTMENT FUNCTIONARY CODE : 35,503501607,4080350000,C.E. ...,...,100
275,35,CITY ENGINEER'S DEPARTMENT FUNCTIONARY CODE : 35,503501868,1000350000,C.E.,,100
275,35,CITY ENGINEER'S DEPARTMENT FUNCTIONARY CODE : 35,503502077,4050350000,C.E. 5000,5000,...
275,35,CITY ENGINEER'S DEPARTMENT FUNCTIONARY CODE : 35,503500912,4070350000,Ward 50000,50000,45000
278,35,CITY ENGINEER'S DEPARTMENT keÀe³e& keÀjCeejs Keeles : veiej DeefYe³eblee Keeles,410600000,2003350000,Office & Other Equipment 10 100 keÀe³ee&ue³e DeeefCe Flej meeOevemeecegûeer,100,
278,35,CITY ENGINEER'S DEPARTMENT keÀe³e& keÀjCeejs Keeles : veiej DeefYe³eblee Keeles,410600200,1000350000,"mebieCekeÀ, efHe´bìj DeeefCe HesefjHesÀefjDeue",,
278,35,CITY ENGINEER'S DEPARTMENT keÀe³e& keÀjCeejs Keeles : veiej DeefYe³eblee Keeles,410600200,1000354407,"C.E. ... 500 mebieCekeÀ, efHe´bìj DeeefCe HesefjHesÀefjDeue",500,
278,35,CITY ENGINEER'S DEPARTMENT keÀe³e& keÀjCeejs Keeles : veiej DeefYe³eblee Keeles,410600300,1000350000,Photocopier C.E. ... 200 HeÀesìeskeÀe@Heer³ej,200,
279,35,CITY ENGINEER'S DEPARTMENT FUNCTIONARY CODE : 35,503500008,1000350000,for Heritage structures & other Municipal C.E.,2500,9500
279,35,CITY ENGINEER'S DEPARTMENT FUNCTIONARY CODE : 35,503500011,1000350000,anywhere in BMC area and 49050 39000,39000,4550
279,35,CITY ENGINEER'S DEPARTMENT FUNCTIONARY CODE : 35,503500014,2003350000,Division III - C.E.,,
279,35,CITY ENGINEER'S DEPARTMENT FUNCTIONARY CODE : 35,503500017,4150350000,(BC) WS/ 4000,4000,100
279,35,CITY ENGINEER'S DEPARTMENT FUNCTIONARY CODE : 35,503500018,4180350000,office building for R/Central ward at ...,...,7500
279,35,CITY ENGINEER'S DEPARTMENT FUNCTIONARY CODE : 35,503500024,2002350000,Division II - C.E. 500,500,2500
279,35,CITY ENGINEER'S DEPARTMENT FUNCTIONARY CODE : 35,503500024,2003350000,Division III - C.E. 500,500,1000
281,35,CITY ENGINEER'S DEPARTMENT FUNCTIONARY CODE : 35,503500048,4110350000,,2500,
281,35,CITY ENGINEER'S DEPARTMENT FUNCTIONARY CODE : 35,503500204,1000354401,"redesigning, sprucing of common areas and B.M.",,
281,35,CITY ENGINEER'S DEPARTMENT FUNCTIONARY CODE : 35,503500206,2002350000,Division II - C.E. 500,500,500
281,35,CITY ENGINEER'S DEPARTMENT FUNCTIONARY CODE : 35,503500206,2003350000,...,...,100
281,35,CITY ENGINEER'S DEPARTMENT FUNCTIONARY CODE : 35,503500231,1000350000,...,...,500
281,35,CITY ENGINEER'S DEPARTMENT FUNCTIONARY CODE : 35,503500372,1000354402,...,...,100
281,35,CITY ENGINEER'S DEPARTMENT FUNCTIONARY CODE : 35,503500762,1000350000,500,500,500
281,35,CITY ENGINEER'S DEPARTMENT FUNCTIONARY CODE : 35,503500884,1000350000,Provision for Soil Investigation C.E.,,
281,35,CITY ENGINEER'S DEPARTMENT FUNCTIONARY CODE : 35,503500884,4010350000,A Ward 100,100,100
281,35,CITY ENGINEER'S DEPARTMENT FUNCTIONARY CODE : 35,503500884,4020350000,B Ward 100,100,100
281,35,CITY ENGINEER'S DEPARTMENT FUNCTIONARY CODE : 35,503500884,4030350000,C Ward 100,100,100
281,35,CITY ENGINEER'S DEPARTMENT FUNCTIONARY CODE : 35,503500884,4040350000,D Ward 100,100,100
281,35,CITY ENGINEER'S DEPARTMENT FUNCTIONARY CODE : 35,503500884,4050350000,E Ward 100,100,100
281,35,CITY ENGINEER'S DEPARTMENT FUNCTIONARY CODE : 35,503500884,4060350000,F/South Ward 100,100,100
281,35,CITY ENGINEER'S DEPARTMENT FUNCTIONARY CODE : 35,503500884,4070350000,F/North Ward 100,100,100
281,35,CITY ENGINEER'S DEPARTMENT FUNCTIONARY CODE : 35,503500884,4080350000,G/South Ward 100,100,100
283,35,CITY ENGINEER'S DEPARTMENT FUNCTIONARY CODE : 35,503500884,4090350000,G/North Ward 100,100,100
283,35,CITY ENGINEER'S DEPARTMENT FUNCTIONARY CODE : 35,503500884,4100350000,H/East Ward 100,100,100
283,35,CITY ENGINEER'S DEPARTMENT FUNCTIONARY CODE : 35,503500884,4110350000,H/West Ward 100,100,100
283,35,CITY ENGINEER'S DEPARTMENT FUNCTIONARY CODE : 35,503500884,4120350000,K/East Ward 100,100,100
283,35,CITY ENGINEER'S DEPARTMENT FUNCTIONARY CODE : 35,503500884,4130350000,K/West Ward 100,100,100
283,35,CITY ENGINEER'S DEPARTMENT FUNCTIONARY CODE : 35,503500884,4140350000,P/South Ward 100,100,100
283,35,CITY ENGINEER'S DEPARTMENT FUNCTIONARY CODE : 35,503500884,4150350000,P/North Ward 100,100,100
283,35,CITY ENGINEER'S DEPARTMENT FUNCTIONARY CODE : 35,503500884,4160350000,R/South Ward 100,100,100
283,35,CITY ENGINEER'S DEPARTMENT FUNCTIONARY CODE : 35,503500884,4170350000,R/North Ward 100,100,100
283,35,CITY ENGINEER'S DEPARTMENT FUNCTIONARY CODE : 35,503500884,4180350000,R/Central Ward 100,100,100
283,35,CITY ENGINEER'S DEPARTMENT FUNCTIONARY CODE : 35,503500884,4190350000,L Ward 100,100,100
283,35,CITY ENGINEER'S DEPARTMENT FUNCTIONARY CODE : 35,503500884,4200350000,M/East Ward 100,100,100
283,35,CITY ENGINEER'S DEPARTMENT FUNCTIONARY CODE : 35,503500884,4210350000,M/West Ward 100,100,100
283,35,CITY ENGINEER'S DEPARTMENT FUNCTIONARY CODE : 35,503500884,4220350000,N Ward 100,100,100
283,35,CITY ENGINEER'S DEPARTMENT FUNCTIONARY CODE : 35,503500884,4230350000,S Ward 100,100,100
283,35,CITY ENGINEER'S DEPARTMENT FUNCTIONARY CODE : 35,503500884,4240350000,T Ward 100,100,100
283,35,CITY ENGINEER'S DEPARTMENT FUNCTIONARY CODE : 35,503500884,4270350000,P/East Ward ...,...,100
283,35,CITY ENGINEER'S DEPARTMENT FUNCTIONARY CODE : 35,503501174,2002350000,,,100
283,35,CITY ENGINEER'S DEPARTMENT FUNCTIONARY CODE : 35,503501143,2002350000,10000 ...,...,100
283,35,CITY ENGINEER'S DEPARTMENT FUNCTIONARY CODE : 35,503501366,2002350000,...,...,100
285,35,CITY ENGINEER'S DEPARTMENT FUNCTIONARY CODE : 35,503501623,1000350000,65792,65792,60000
285,35,CITY ENGINEER'S DEPARTMENT FUNCTIONARY CODE : 35,503502031,1000350000,Management Cell building/Project Command ...,...,5000
285,35,CITY ENGINEER'S DEPARTMENT FUNCTIONARY CODE : 35,503502060,1000350000,C.E. ...,...,5000
285,35,CITY ENGINEER'S DEPARTMENT FUNCTIONARY CODE : 35,503502061,1000350000,rejuvenation of water bodies within BMC C.E. ...,...,5000
285,35,CITY ENGINEER'S DEPARTMENT FUNCTIONARY CODE : 35,503502062,4100350000,1165800 500,500,500
287,35,CITY ENGINEER'S DEPARTMENT FUNCTIONARY CODE : 35,503502063,1000350000,10000 ...,...,500
287,35,CITY ENGINEER'S DEPARTMENT FUNCTIONARY CODE : 35,503502091,1000350000,,,
287,35,CITY ENGINEER'S DEPARTMENT FUNCTIONARY CODE : 35,503502092,1000350000,Hub Building for Eastern Sub in Godrej 3870000 100,100,500
287,35,CITY ENGINEER'S DEPARTMENT FUNCTIONARY CODE : 35,503502095,4120350000,K/North ward office at Poonam nagar Market Ward 40000,40000,500
287,35,CITY ENGINEER'S DEPARTMENT FUNCTIONARY CODE : 35,503503002,4010350000,A Ward,,
287,35,CITY ENGINEER'S DEPARTMENT FUNCTIONARY CODE : 35,503503002,4020350000,B Ward 7500,7500,7000
287,35,CITY ENGINEER'S DEPARTMENT FUNCTIONARY CODE : 35,503503002,4030350000,C Ward 7500,7500,7000
287,35,CITY ENGINEER'S DEPARTMENT FUNCTIONARY CODE : 35,503503002,4040350000,D Ward,,
287,35,CITY ENGINEER'S DEPARTMENT FUNCTIONARY CODE : 35,503503002,4050350000,E Ward 7500,7500,7000
287,35,CITY ENGINEER'S DEPARTMENT FUNCTIONARY CODE : 35,503503002,4060350000,F/South Ward 7500,7500,7000
287,35,CITY ENGINEER'S DEPARTMENT FUNCTIONARY CODE : 35,503503002,4070350000,7500,7500,7000
287,35,CITY ENGINEER'S DEPARTMENT FUNCTIONARY CODE : 35,503503002,4080350000,G/South Ward 7500,7500,7000
287,35,CITY ENGINEER'S DEPARTMENT FUNCTIONARY CODE : 35,503503002,4090350000,G/North Ward 7500,7500,7000
287,35,CITY ENGINEER'S DEPARTMENT FUNCTIONARY CODE : 35,503503002,4100350000,7500,7500,7000
287,35,CITY ENGINEER'S DEPARTMENT FUNCTIONARY CODE : 35,503503002,4110350000,H/West Ward 7500,7500,7000
287,35,CITY ENGINEER'S DEPARTMENT FUNCTIONARY CODE : 35,503503002,4120350000,K/East Ward 7500,7500,7000
287,35,CITY ENGINEER'S DEPARTMENT FUNCTIONARY CODE : 35,503503002,4130350000,K/West Ward 7500,7500,7000
287,35,CITY ENGINEER'S DEPARTMENT FUNCTIONARY CODE : 35,503503002,4140350000,P/South Ward 7500,7500,7000
287,35,CITY ENGINEER'S DEPARTMENT FUNCTIONARY CODE : 35,503503002,4150350000,P/North Ward 7500,7500,7000
287,35,CITY ENGINEER'S DEPARTMENT FUNCTIONARY CODE : 35,503503002,4160350000,R/South Ward 7500,7500,7000
289,35,CITY ENGINEER'S DEPARTMENT FUNCTIONARY CODE : 35,503503002,4170350000,R/North Ward,,
289,35,CITY ENGINEER'S DEPARTMENT FUNCTIONARY CODE : 35,503503002,4180350000,R/Central Ward 7500,7500,7000
289,35,CITY ENGINEER'S DEPARTMENT FUNCTIONARY CODE : 35,503503002,4190350000,L Ward 7500,7500,7000
289,35,CITY ENGINEER'S DEPARTMENT FUNCTIONARY CODE : 35,503503002,4200350000,7500,7500,7000
289,35,CITY ENGINEER'S DEPARTMENT FUNCTIONARY CODE : 35,503503002,4210350000,M/West Ward 7500,7500,7000
289,35,CITY ENGINEER'S DEPARTMENT FUNCTIONARY CODE : 35,503503002,4220350000,N Ward 7500,7500,7000
289,35,CITY ENGINEER'S DEPARTMENT FUNCTIONARY CODE : 35,503503002,4230350000,7500,7500,7000
289,35,CITY ENGINEER'S DEPARTMENT FUNCTIONARY CODE : 35,503503002,4240350000,T Ward 7500,7500,7000
289,35,CITY ENGINEER'S DEPARTMENT FUNCTIONARY CODE : 35,503503002,4270350000,P/East Ward ...,...,7000
289,35,CITY ENGINEER'S DEPARTMENT FUNCTIONARY CODE : 35,503503036,2002350000,Theater Gym Khana & Parking lot Building 1894025 100,100,500
289,35,CITY ENGINEER'S DEPARTMENT FUNCTIONARY CODE : 35,503503037,1000350000,1257210 100,100,100
291,35,CITY ENGINEER'S DEPARTMENT FUNCTIONARY CODE :35,503501866,1000350000,Bunglow at Shivaji Park Dadar in G/North ...,...,2500
293,35,CITY ENGINEER'S DEPARTMENT FUNCTIONARY CODE :35,503501478,1000350000,,,
295,35,CITY ENGINEER'S DEPARTMENT FUNCTIONARY CODE :35,503500376,4220350000,93986 10000,10000,1000
295,35,CITY ENGINEER'S DEPARTMENT FUNCTIONARY CODE :35,503502069,4240350000,Sabhagruh at Murar Road CTS No.1132/A1 267151 60000,60000,77724
300,35,ESTATE DEPARTMENT,410202500,1000360000,Tenaments of PAP Estate,50,50
300,35,ESTATE DEPARTMENT,410600000,1000360000,Estate,500,500
300,35,ESTATE DEPARTMENT,410600200,1000360000,Estate,1000,1000
300,35,ESTATE DEPARTMENT,410600210,1000360000,Computer Software Estate,18500,18500
301,36,ESTATE DEPARTMENT FUNCTIONARY CODE : 36,503600004,1000360000,Repairs to Tenaments of PAP Estate,2500,7500
301,36,ESTATE DEPARTMENT FUNCTIONARY CODE : 36,503600004,4010360000,A Ward Estate 5,5,5
301,36,ESTATE DEPARTMENT FUNCTIONARY CODE : 36,503600004,4020360000,B Ward Estate 5,5,5
301,36,ESTATE DEPARTMENT FUNCTIONARY CODE : 36,503600004,4030360000,C Ward Estate 200,200,500
301,36,ESTATE DEPARTMENT FUNCTIONARY CODE : 36,503600004,4040360000,D Ward Estate 5,5,5
301,36,ESTATE DEPARTMENT FUNCTIONARY CODE : 36,503600004,4050360000,E Ward Estate 100,100,5000
301,36,ESTATE DEPARTMENT FUNCTIONARY CODE : 36,503600004,4060360000,F/South Ward Estate 100,100,100
301,36,ESTATE DEPARTMENT FUNCTIONARY CODE : 36,503600004,4070360000,F/North Ward Estate 5,5,5
301,36,ESTATE DEPARTMENT FUNCTIONARY CODE : 36,503600004,4070362600,F/North Ward-BM BM 500,500,10000
301,36,ESTATE DEPARTMENT FUNCTIONARY CODE : 36,503600004,4080360000,G/South Ward Estate 5,5,5
301,36,ESTATE DEPARTMENT FUNCTIONARY CODE : 36,503600004,4090360000,G/North Ward Estate 5,5,5
301,36,ESTATE DEPARTMENT FUNCTIONARY CODE : 36,503600004,4100360000,H/East Ward Estate 5,5,5
301,36,ESTATE DEPARTMENT FUNCTIONARY CODE : 36,503600004,4110360000,H/West Ward Estate 5,5,5
301,36,ESTATE DEPARTMENT FUNCTIONARY CODE : 36,503600004,4120360000,K/East Ward Estate 5,5,5
301,36,ESTATE DEPARTMENT FUNCTIONARY CODE : 36,503600004,4130360000,K/West Ward Estate 5,5,5
301,36,ESTATE DEPARTMENT FUNCTIONARY CODE : 36,503600004,4130362600,K/West Ward-BM BM ...,...,500
301,36,ESTATE DEPARTMENT FUNCTIONARY CODE : 36,503600004,4140360000,P/South Ward Estate 100,100,100
301,36,ESTATE DEPARTMENT FUNCTIONARY CODE : 36,503600004,4140362600,P/South Ward-BM BM 500,500,10000
301,36,ESTATE DEPARTMENT FUNCTIONARY CODE : 36,503600004,4150360000,P/North Ward Estate 5,5,5
301,36,ESTATE DEPARTMENT FUNCTIONARY CODE : 36,503600004,4150362600,P/North Ward-BM BM 3400,3400,5500
301,36,ESTATE DEPARTMENT FUNCTIONARY CODE : 36,503600004,4160360000,R/South Ward Estate 5,5,5
301,36,ESTATE DEPARTMENT FUNCTIONARY CODE : 36,503600004,4160362600,R/South Ward - BM BM 50000,50000,64850
301,36,ESTATE DEPARTMENT FUNCTIONARY CODE : 36,503600004,4170360000,R/North Ward Estate 5,5,5
303,36,ESTATE DEPARTMENT FUNCTIONARY CODE : 36,503600004,4180360000,R/Central Ward Estate 5,5,5
303,36,ESTATE DEPARTMENT FUNCTIONARY CODE : 36,503600004,4190360000,L Ward Estate 5,5,10000
303,36,ESTATE DEPARTMENT FUNCTIONARY CODE : 36,503600004,4200360000,M/E Ward Estate 56100,56100,10000
303,36,ESTATE DEPARTMENT FUNCTIONARY CODE : 36,503600004,4200360000,M/E Ward - M & E M & E 10000,10000,10000
303,36,ESTATE DEPARTMENT FUNCTIONARY CODE : 36,503600004,4200362600,M/E Ward - BM BM 55000,55000,40000
303,36,ESTATE DEPARTMENT FUNCTIONARY CODE : 36,503600004,4210360000,M/West Ward Estate 20500,20500,10000
303,36,ESTATE DEPARTMENT FUNCTIONARY CODE : 36,503600004,4210360000,M/West Ward - BM BM 72321,72321,10000
303,36,ESTATE DEPARTMENT FUNCTIONARY CODE : 36,503600004,4220360000,N Ward Estate ...,...,5
303,36,ESTATE DEPARTMENT FUNCTIONARY CODE : 36,503600004,4230360000,S Ward Estate 5,5,5
303,36,ESTATE DEPARTMENT FUNCTIONARY CODE : 36,503600004,4240360000,T Ward Estate 5,5,5
303,36,ESTATE DEPARTMENT FUNCTIONARY CODE : 36,503600006,1000360000,Estate 5000,5000,12500
303,36,ESTATE DEPARTMENT FUNCTIONARY CODE : 36,503600007,1000360000,Estate 100,100,100
303,36,ESTATE DEPARTMENT FUNCTIONARY CODE : 36,503600009,1000360000,Construction of PAP Tenaments ...,...,285285
303,36,ESTATE DEPARTMENT FUNCTIONARY CODE : 36,503600010,1000360000,building known as Ramgadh on Plot no. 200833 43178,43178,...
303,36,ESTATE DEPARTMENT FUNCTIONARY CODE : 36,503600011,1000360000,Development of Software (Auto DCR) Estate 2500,2500,10000
307,37,DEVELOPMENT PLAN DEPT. keÀe³e& keÀjCeejs Keeles : efJekeÀeme efve³eespeve Keeles,410600000,1000370000,DP 7500 3000 keÀe³ee&ue³e DeeefCe Flej meeOevemeecegûeer,,
307,37,DEVELOPMENT PLAN DEPT. keÀe³e& keÀjCeejs Keeles : efJekeÀeme efve³eespeve Keeles,410600210,1000370000,Computer software DP 1000 122500 mebieCekeÀ mee@HeÌìJesDej,,
307,37,DEVELOPMENT PLAN DEPT. keÀe³e& keÀjCeejs Keeles : efJekeÀeme efve³eespeve Keeles,410700000,1000370000,DP 500,,
307,37,DEVELOPMENT PLAN DEPT. keÀe³e& keÀjCeejs Keeles : efJekeÀeme efve³eespeve Keeles,410600000,1000376603,DP ... 100 keÀe³ee&ue³e DeeefCe Flej meeOevemeecegûeer,,
307,37,DEVELOPMENT PLAN DEPT. keÀe³e& keÀjCeejs Keeles : efJekeÀeme efve³eespeve Keeles,410700000,1000376603,...,,
307,37,DEVELOPMENT PLAN DEPT. keÀe³e& keÀjCeejs Keeles : efJekeÀeme efve³eespeve Keeles,410600000,2002376601,Office & other Equipments DP ... 1000 keÀe³ee&ue³e DeeefCe Flej meeOevemeecegûeer,,
308,37,DEVELOPMENT PLAN DEPT. keÀe³e& keÀjCeejs Keeles : efJekeÀeme efve³eespeve Keeles,410600000,2002376602,DP 1000 keÀe³ee&ue³e DeeefCe Flej meeOevemeecegûeer,,1000
308,37,DEVELOPMENT PLAN DEPT. keÀe³e& keÀjCeejs Keeles : efJekeÀeme efve³eespeve Keeles,410700000,2002376602,...,...,1000
308,37,DEVELOPMENT PLAN DEPT. keÀe³e& keÀjCeejs Keeles : efJekeÀeme efve³eespeve Keeles,410600000,2003370000,Office & other Equipments DP ... 1000 keÀe³ee&ue³e DeeefCe Flej meeOevemeecegûeer,...,1000
308,37,DEVELOPMENT PLAN DEPT. keÀe³e& keÀjCeejs Keeles : efJekeÀeme efve³eespeve Keeles,410700000,2003370000,...,...,600
309,37,DEVELOPMENT PLAN DEPT. FUNCTIONARY CODE : 37,503700045,1000370000,"Wadala, Bandra, Kandivali & Vikhroli C.E.",...,2000
309,37,DEVELOPMENT PLAN DEPT. FUNCTIONARY CODE : 37,503700137,1000370000,,357370,1000000
309,37,DEVELOPMENT PLAN DEPT. FUNCTIONARY CODE : 37,503700137,4050370000,E Ward 128790,128790,...
309,37,DEVELOPMENT PLAN DEPT. FUNCTIONARY CODE : 37,503700137,4140370000,P/South ward 51266,51266,...
309,37,DEVELOPMENT PLAN DEPT. FUNCTIONARY CODE : 37,503700137,4150370000,P/North Ward 23528,23528,...
309,37,DEVELOPMENT PLAN DEPT. FUNCTIONARY CODE : 37,503700137,4160370000,R/South Ward 23639,23639,...
309,37,DEVELOPMENT PLAN DEPT. FUNCTIONARY CODE : 37,503700137,4170370000,R/North Ward 4493,4493,...
309,37,DEVELOPMENT PLAN DEPT. FUNCTIONARY CODE : 37,503700137,4190370000,L Ward 8492,8492,...
309,37,DEVELOPMENT PLAN DEPT. FUNCTIONARY CODE : 37,503700137,4220370000,N ward 86869,86869,...
309,37,DEVELOPMENT PLAN DEPT. FUNCTIONARY CODE : 37,503700137,4240370000,T Ward 15553,15553,...
309,37,DEVELOPMENT PLAN DEPT. FUNCTIONARY CODE : 37,503700142,1000370000,,245000,550000
309,37,DEVELOPMENT PLAN DEPT. FUNCTIONARY CODE : 37,503700142,4140370000,P/South Ward 2500,2500,...
309,37,DEVELOPMENT PLAN DEPT. FUNCTIONARY CODE : 37,503700142,4190370000,L Ward 2500,2500,...
309,37,DEVELOPMENT PLAN DEPT. FUNCTIONARY CODE : 37,503700138,1000370000,16178,16178,20000
309,37,DEVELOPMENT PLAN DEPT. FUNCTIONARY CODE : 37,503700138,4200370000,M/East Ward 3822,3822,...
311,37,DEVELOPMENT PLAN DEPT. FUNCTIONARY CODE : 37,503700139,2001370000,Division I - City 177877,177877,350000
311,37,DEVELOPMENT PLAN DEPT. FUNCTIONARY CODE : 37,503700139,2002370000,Division II -WS 500000,500000,11100000
311,37,DEVELOPMENT PLAN DEPT. FUNCTIONARY CODE : 37,503700139,2003370000,Division III - ES 310204,310204,460000
311,37,DEVELOPMENT PLAN DEPT. FUNCTIONARY CODE : 37,503700140,2001370000,Division I - City 250000,250000,1000000
311,37,DEVELOPMENT PLAN DEPT. FUNCTIONARY CODE : 37,503700140,2002370000,Division II -WS 700000,700000,10000000
311,37,DEVELOPMENT PLAN DEPT. FUNCTIONARY CODE : 37,503700140,2003370000,Division III - ES 122464,122464,285300
311,37,DEVELOPMENT PLAN DEPT. FUNCTIONARY CODE : 37,503700141,2001370000,Division I - City ...,...,20000
311,37,DEVELOPMENT PLAN DEPT. FUNCTIONARY CODE : 37,503700141,2002370000,Division II -WS ...,...,15000
311,37,DEVELOPMENT PLAN DEPT. FUNCTIONARY CODE : 37,503700141,2003370000,Division III - ES ...,...,15000
311,37,DEVELOPMENT PLAN DEPT. FUNCTIONARY CODE : 37,503700132,2001370000,Division I - City ...,...,10
311,37,DEVELOPMENT PLAN DEPT. FUNCTIONARY CODE : 37,503700132,2002370000,Division II -WS ...,...,10
311,37,DEVELOPMENT PLAN DEPT. FUNCTIONARY CODE : 37,503700132,2003370000,Division III - ES ...,...,10
313,37,DEVELOPMENT PLAN DEPT. FUNCTIONARY CODE : 37,503700139,2001370000,Division I - City 20,20,20
313,37,DEVELOPMENT PLAN DEPT. FUNCTIONARY CODE : 37,503700139,2002370000,Division II - WS 80,80,80
313,37,DEVELOPMENT PLAN DEPT. FUNCTIONARY CODE : 37,503700139,2003370000,Division III - ES 52045,52045,252000
313,37,DEVELOPMENT PLAN DEPT. FUNCTIONARY CODE : 37,503700140,2003370000,(Acquisition of land under Section 63 of DP 10,10,10
315,37,DEVELOPMENT PLAN DEPT. FUNCTIONARY CODE : 37,503700140,2002370000,(Acquisition of land under Section 63 of DP 10,10,10
317,37,DEVELOPMENT PLAN DEPT. FUNCTIONARY CODE : 37,503700139,2003370000,(Acquisition of land under Section 61 of DP,...,100
317,37,DEVELOPMENT PLAN DEPT. FUNCTIONARY CODE : 37,503700140,2001370000,Division I - City 597672,597672,96770
317,37,DEVELOPMENT PLAN DEPT. FUNCTIONARY CODE : 37,503700140,2002370000,Division II - WS 50,50,140
317,37,DEVELOPMENT PLAN DEPT. FUNCTIONARY CODE : 37,503700140,2003370000,Division III - ES 100,100,100
319,37,DEVELOPMENT PLAN DEPT. FUNCTIONARY CODE : 37,503700140,2001370000,Division I - City 10,10,10
319,37,DEVELOPMENT PLAN DEPT. FUNCTIONARY CODE : 37,503700140,2002370000,Division II - WS 60,60,80
319,37,DEVELOPMENT PLAN DEPT. FUNCTIONARY CODE : 37,503700140,2003370000,100,100,15000
321,37,DEVELOPMENT PLAN DEPT. FUNCTIONARY CODE : 37,503700037,2001370000,Division I- T.P. E.E.(T.P) ...,...,100
321,37,DEVELOPMENT PLAN DEPT. FUNCTIONARY CODE : 37,503700037,2002370000,Division II- T.P. E.E.(T.P) ...,...,400
321,37,DEVELOPMENT PLAN DEPT. FUNCTIONARY CODE : 37,503700037,2003370000,Division III- T.P. E.E.(T.P) ...,...,50
325,38,FIRE BRIGADE DEPT. FUNCTIONARY CODE : 38,410400000,1000380000,Plant and Machinery C.F.O. LS/ þes.le. 180000,180000,200000
325,38,FIRE BRIGADE DEPT. FUNCTIONARY CODE : 38,410400000,2001380000,Plant and Machinery C.F.O. ...,...,5000
325,38,FIRE BRIGADE DEPT. FUNCTIONARY CODE : 38,410500000,1000380000,C.F.O. 449176,449176,1600000
325,38,FIRE BRIGADE DEPT. FUNCTIONARY CODE : 38,410501400,1000380000,Fire Engines C.F.O. 824,824,...
325,38,FIRE BRIGADE DEPT. FUNCTIONARY CODE : 38,410600000,1000380000,Office and Other equipments 35000,35000,60000
325,38,FIRE BRIGADE DEPT. FUNCTIONARY CODE : 38,410700000,1000380000,"Furniture,Fixture, Fittings and Electrical C.F.O. 1000",1000,2500
325,38,FIRE BRIGADE DEPT. FUNCTIONARY CODE : 38,503800078,1000380000,LS/ þes.le. 100,100,5000
325,38,FIRE BRIGADE DEPT. FUNCTIONARY CODE : 38,503800095,1000380000,C.F.O. LS/ þes.le. 100,100,6000
325,38,FIRE BRIGADE DEPT. FUNCTIONARY CODE : 38,503800103,1000380000,C.F.O. 100,100,1000
327,38,FIRE BRIGADE DEPT. FUNCTIONARY CODE : 38,503800108,2001380000,Division I - City C.F.O. 2500,2500,8991
327,38,FIRE BRIGADE DEPT. FUNCTIONARY CODE : 38,503800108,2001382600,Division I - City ...,...,5009
327,38,FIRE BRIGADE DEPT. FUNCTIONARY CODE : 38,503800108,2002380000,Division II -WS 2500,2500,14000
327,38,FIRE BRIGADE DEPT. FUNCTIONARY CODE : 38,503800108,2003380000,Division III - ES 1000,1000,7000
327,38,FIRE BRIGADE DEPT. FUNCTIONARY CODE : 38,503800074,1000380000,C.F.O. LS/ þes.le. 500,500,2000
327,38,FIRE BRIGADE DEPT. FUNCTIONARY CODE : 38,503800051,3003382102,Dy.CE(WS) 500,500,20000
327,38,FIRE BRIGADE DEPT. FUNCTIONARY CODE : 38,503800107,2003380000,Division III - ES C.E. 68000,68000,41753
329,38,FIRE BRIGADE DEPT. FUNCTIONARY CODE : 38,503800110,2003380000,Division III - ES C.E. 90000,90000,80000
329,38,FIRE BRIGADE DEPT. FUNCTIONARY CODE : 38,503800112,2002380000,Division II -WS C.E. 400,400,4000
329,38,FIRE BRIGADE DEPT. FUNCTIONARY CODE : 38,503800112,2003380000,Division III - ES C.E. 1030,1030,50300
329,38,FIRE BRIGADE DEPT. FUNCTIONARY CODE : 38,503800113,2001380000,Division I - City C.E. ...,...,1000
329,38,FIRE BRIGADE DEPT. FUNCTIONARY CODE : 38,503800113,2002380000,Division II -WS ...,...,20000
329,38,FIRE BRIGADE DEPT. FUNCTIONARY CODE : 38,503800113,2003380000,Division III - ES ...,...,10000
331,38,FIRE BRIGADE DEPT. FUNCTIONARY CODE : 38,503800104,2001382600,Division I - City B.M. 4900,4900,...
331,38,FIRE BRIGADE DEPT. FUNCTIONARY CODE : 38,503800106,2001382600,Division I - City B.M. 24999,24999,50000
331,38,FIRE BRIGADE DEPT. FUNCTIONARY CODE : 38,503800106,2002382600,Division II -WS B.M. 500,500,...
331,38,FIRE BRIGADE DEPT. FUNCTIONARY CODE : 38,503800109,2001382600,Division I - City B.M. 129045,129045,...
331,38,FIRE BRIGADE DEPT. FUNCTIONARY CODE : 38,503800109,2002382600,Division II -WS B.M. 59204,59204,...
333,38,FIRE BRIGADE DEPT. FUNCTIONARY CODE : 38,503800111,2001382600,Division I - City B.M. 1000,1000,50000
333,38,FIRE BRIGADE DEPT. FUNCTIONARY CODE : 38,503800114,2001382600,Division I - City B.M. ...,...,2500
333,38,FIRE BRIGADE DEPT. FUNCTIONARY CODE : 38,503800114,2002382600,Division II -WS B.M. ...,...,11100
333,38,FIRE BRIGADE DEPT. FUNCTIONARY CODE : 38,503800114,2003382600,Division III - ES B.M. ...,...,10000
333,38,FIRE BRIGADE DEPT. FUNCTIONARY CODE : 38,503800102,2001380099,Division I - City M & E 4400,4400,2500
333,38,FIRE BRIGADE DEPT. FUNCTIONARY CODE : 38,503800056,1000380000,C.E. þes.le. 60000,60000,39347
337,39,LICENCE DEPARTMENT keÀe³e& keÀjCeejs Keeles : Deveg%eeHeve Keeles,410600000,1000390000,Licence 1000,,
337,39,LICENCE DEPARTMENT keÀe³e& keÀjCeejs Keeles : Deveg%eeHeve Keeles,410700000,1000390000,Licence 3000,,
339,40,Shop & Establishment keÀe³e& keÀjCeejs Keeles : ogkeÀeves DeeefCe DeemLeeHevee,410600000,1000400000,40,,
339,40,Shop & Establishment keÀe³e& keÀjCeejs Keeles : ogkeÀeves DeeefCe DeemLeeHevee,410700000,1000400000,300,,
341,41,Garden & Recreation - Garden FUNCTIONARY CODE : 41,504100008,4150410000,P/North Ward - Garden S.G. 4000,4000,...
341,41,Garden & Recreation - Garden FUNCTIONARY CODE : 41,504100008,4170410000,R/North Ward - Garden S.G. 3000,3000,...
341,41,Garden & Recreation - Garden FUNCTIONARY CODE : 41,504100008,4220410000,N Ward - Garden S.G. 550,550,...
341,41,Garden & Recreation - Garden FUNCTIONARY CODE : 41,504100009,1000410000,H.O.- Garden S.G. 5000,5000,5000
341,41,Garden & Recreation - Garden FUNCTIONARY CODE : 41,504100324,4050410000,E Ward - Garden S.G. 500,500,1500
341,41,Garden & Recreation - Garden FUNCTIONARY CODE : 41,504100324,4120410000,K/ East Ward -Garden S.G. 2000,2000,...
341,41,Garden & Recreation - Garden FUNCTIONARY CODE : 41,504100324,4160410000,R/South Ward -Garden 1500,1500,...
341,41,Garden & Recreation - Garden FUNCTIONARY CODE : 41,504100451,4010410000,A-Ward - Garden S.G. 2267,2267,2267
341,41,Garden & Recreation - Garden FUNCTIONARY CODE : 41,504100451,4020410000,1889,1889,1889
341,41,Garden & Recreation - Garden FUNCTIONARY CODE : 41,504100451,4050410000,E Ward - Garden S.G. 2053,2053,2053
341,41,Garden & Recreation - Garden FUNCTIONARY CODE : 41,504100451,4060410000,F/South Ward - Garden 639,639,639
341,41,Garden & Recreation - Garden FUNCTIONARY CODE : 41,504100451,4070410000,F/North Ward - Garden S.G. 420,420,420
341,41,Garden & Recreation - Garden FUNCTIONARY CODE : 41,504100451,4080410000,G/South Ward - Garden S.G. 1323,1323,1323
341,41,Garden & Recreation - Garden FUNCTIONARY CODE : 41,504100451,4090410000,G/North Ward - Garden S.G. 945,945,945
341,41,Garden & Recreation - Garden FUNCTIONARY CODE : 41,504100451,4100410000,H/East Ward - Garden S.G. 514,514,514
341,41,Garden & Recreation - Garden FUNCTIONARY CODE : 41,504100451,4110410000,H/West Ward - Garden S.G. 172,172,172
343,41,Garden & Recreation - Garden FUNCTIONARY CODE : 41,504100451,4120410000,K/East Ward-Garden S.G. 860,860,...
343,41,Garden & Recreation - Garden FUNCTIONARY CODE : 41,504100451,4250410000,...,...,430
343,41,Garden & Recreation - Garden FUNCTIONARY CODE : 41,504100451,4260410000,K/ North Ward-Garden S.G. ...,...,430
343,41,Garden & Recreation - Garden FUNCTIONARY CODE : 41,504100451,4130410000,K/West Ward - Garden S.G. 2885,2885,2885
343,41,Garden & Recreation - Garden FUNCTIONARY CODE : 41,504100451,4140410000,P/South Ward - Garden S.G. 1383,1383,1383
343,41,Garden & Recreation - Garden FUNCTIONARY CODE : 41,504100451,4150410000,P/North Ward - Garden S.G. 430,430,...
343,41,Garden & Recreation - Garden FUNCTIONARY CODE : 41,504100451,4270410000,P/East Ward-Garden S.G. ...,...,215
343,41,Garden & Recreation - Garden FUNCTIONARY CODE : 41,504100451,4280410000,P/West Ward-Garden S.G. ...,...,215
343,41,Garden & Recreation - Garden FUNCTIONARY CODE : 41,504100451,4160410000,1205,1205,1205
343,41,Garden & Recreation - Garden FUNCTIONARY CODE : 41,504100451,4170410000,R/North Ward - Garden S.G. 1066,1066,1066
343,41,Garden & Recreation - Garden FUNCTIONARY CODE : 41,504100451,4180410000,R/Central Ward - Garden S.G. 2168,2168,1718
343,41,Garden & Recreation - Garden FUNCTIONARY CODE : 41,504100451,4190410000,L Ward - Garden S.G. 1465,1465,1465
343,41,Garden & Recreation - Garden FUNCTIONARY CODE : 41,504100451,4200410000,M/East Ward-Garden S.G. 7230,7230,7230
343,41,Garden & Recreation - Garden FUNCTIONARY CODE : 41,504100451,4220410000,N Ward-Garden S.G. 854,854,854
343,41,Garden & Recreation - Garden FUNCTIONARY CODE : 41,504100451,4230410000,S Ward - Garden S.G. 682,682,682
343,41,Garden & Recreation - Garden FUNCTIONARY CODE : 41,504100633,1000410000,1500,1500,4500
343,41,Garden & Recreation - Garden FUNCTIONARY CODE : 41,504100698,1000412600,Heritage 1000,1000,5000
343,41,Garden & Recreation - Garden FUNCTIONARY CODE : 41,504100894,4040410000,Tulsidas Kilachand Garden in D Ward S.G. 13252,13252,...
343,41,Garden & Recreation - Garden FUNCTIONARY CODE : 41,410600200,1000412700,"Computer , Printer & Peripherals GIC ...",...,1000
343,41,Garden & Recreation - Garden FUNCTIONARY CODE : 41,504100490,1000412700,GIC 1100000,1100000,915020
343,41,Garden & Recreation - Garden FUNCTIONARY CODE : 41,504100636,1000412700,"Beautification of space below flyover,etc. GIC 42800 ...",...,100
343,41,Garden & Recreation - Garden FUNCTIONARY CODE : 41,504100632,1000412700,GIC 491725 ...,...,100
343,41,Garden & Recreation - Garden FUNCTIONARY CODE : 41,504100695,1000412700,Renovation of office of Garden Cell 100,100,1000
345,41,Garden & Recreation - Garden FUNCTIONARY CODE : 41,504100697,1000412700,GIC 1000,1000,1000
345,41,Garden & Recreation - Garden FUNCTIONARY CODE : 41,504100908,1000412700,Development of garden at MCMCR premises GIC 500,500,500
345,41,Garden & Recreation - Garden FUNCTIONARY CODE : 41,504100863,1000412600,BM 43635 35740,35740,...
345,41,Garden & Recreation - Garden FUNCTIONARY CODE : 41,504100864,1000412600,BM 116501 50000,50000,50000
345,41,Garden & Recreation - Garden FUNCTIONARY CODE : 41,504100885,1000412600,63256 50000,50000,5000
345,41,Garden & Recreation - Garden FUNCTIONARY CODE : 41,504100889,4040410000,D Ward - Garden S.G. 866,866,...
345,41,Garden & Recreation - Garden FUNCTIONARY CODE : 41,504100890,4020410000,B Ward - Garden S.G. 2522,2522,...
345,41,Garden & Recreation - Garden FUNCTIONARY CODE : 41,504100890,4180410000,R/Central Ward - Garden S.G. 4965,4965,...
345,41,Garden & Recreation - Garden FUNCTIONARY CODE : 41,504100891,4010410000,A Ward - Garden S.G.,10800,
345,41,Garden & Recreation - Garden FUNCTIONARY CODE : 41,504100895,4010410000,A Ward - Garden 5665,5665,6165
345,41,Garden & Recreation - Garden FUNCTIONARY CODE : 41,504100895,4020410000,B Ward - Garden S.G. 209,209,209
345,41,Garden & Recreation - Garden FUNCTIONARY CODE : 41,504100895,4030410000,C Ward - Garden S.G. 1778,1778,1778
345,41,Garden & Recreation - Garden FUNCTIONARY CODE : 41,504100895,4040410000,D Ward - Garden S.G. 7805,7805,8671
347,41,Garden & Recreation - Garden FUNCTIONARY CODE : 41,504100895,4050410000,E Ward - Garden S.G. 2521,2521,2521
347,41,Garden & Recreation - Garden FUNCTIONARY CODE : 41,504100895,4060410000,F/South Ward - Garden 6424,6424,6424
347,41,Garden & Recreation - Garden FUNCTIONARY CODE : 41,504100895,4070410000,F/North Ward - Garden S.G. 9934,9934,10934
347,41,Garden & Recreation - Garden FUNCTIONARY CODE : 41,504100895,4080410000,G/South Ward - Garden S.G. 4859,4859,4859
347,41,Garden & Recreation - Garden FUNCTIONARY CODE : 41,504100895,4090410000,G/North Ward - Garden S.G. 6761,6761,7261
347,41,Garden & Recreation - Garden FUNCTIONARY CODE : 41,504100895,4100410000,H/East Ward - Garden S.G. 3731,3731,3731
347,41,Garden & Recreation - Garden FUNCTIONARY CODE : 41,504100895,4110410000,H/West Ward - Garden S.G. 9084,9084,10084
347,41,Garden & Recreation - Garden FUNCTIONARY CODE : 41,504100895,4120410000,K/East Ward-Garden S.G. 15145,15145,...
347,41,Garden & Recreation - Garden FUNCTIONARY CODE : 41,504100895,4250410000,K/ South Ward-Garden S.G. ...,...,8072
347,41,Garden & Recreation - Garden FUNCTIONARY CODE : 41,504100895,4260410000,K/ North Ward-Garden S.G. ...,...,8073
347,41,Garden & Recreation - Garden FUNCTIONARY CODE : 41,504100895,4130410000,K/West Ward-Garden S.G. 16935,16935,18435
347,41,Garden & Recreation - Garden FUNCTIONARY CODE : 41,504100895,4140410000,12746,12746,12746
347,41,Garden & Recreation - Garden FUNCTIONARY CODE : 41,504100895,4150410000,P/North Ward-Garden S.G. 12078,12078,...
347,41,Garden & Recreation - Garden FUNCTIONARY CODE : 41,504100895,4270410000,P/East Ward-Garden S.G. ...,...,6039
347,41,Garden & Recreation - Garden FUNCTIONARY CODE : 41,504100895,4280410000,P/West Ward-Garden S.G. ...,...,6039
347,41,Garden & Recreation - Garden FUNCTIONARY CODE : 41,504100895,4160410000,R/South Ward -Garden 18257,18257,19257
347,41,Garden & Recreation - Garden FUNCTIONARY CODE : 41,504100895,4170410000,R/North Ward - Garden S.G. 12902,12902,12902
347,41,Garden & Recreation - Garden FUNCTIONARY CODE : 41,504100895,4180410000,R/Central Ward - Garden S.G. 24805,24805,26255
347,41,Garden & Recreation - Garden FUNCTIONARY CODE : 41,504100895,4190410000,L ward - Garden S.G. 26858,26858,10858
347,41,Garden & Recreation - Garden FUNCTIONARY CODE : 41,504100895,4200410000,M/East Ward - Garden S.G. 5548,5548,5548
347,41,Garden & Recreation - Garden FUNCTIONARY CODE : 41,504100895,4210410000,M/West Ward - Garden S.G. 4727,4727,12227
347,41,Garden & Recreation - Garden FUNCTIONARY CODE : 41,504100895,4220410000,N Ward - Garden S.G. 8038,8038,8038
347,41,Garden & Recreation - Garden FUNCTIONARY CODE : 41,504100895,4230410000,S Ward - Garden S.G. 16923,16923,17423
347,41,Garden & Recreation - Garden FUNCTIONARY CODE : 41,504100895,4240410000,T Ward-Garden S.G. 14951,14951,15451
347,41,Garden & Recreation - Garden FUNCTIONARY CODE : 41,504100831,4090410000,150000,150000,204980
347,41,Garden & Recreation - Garden FUNCTIONARY CODE : 41,504100910,4030410000,S.G. 30400,30400,...
349,41,Garden & Recreation - Garden FUNCTIONARY CODE : 41,504100001,4060410000,12111 ...,...,10
349,41,Garden & Recreation - Garden FUNCTIONARY CODE : 41,504100003,4220410000,9696 ...,...,389
349,41,Garden & Recreation - Garden FUNCTIONARY CODE : 41,504100007,4010410000,A Ward - Garden S.G. 283,283,283
349,41,Garden & Recreation - Garden FUNCTIONARY CODE : 41,504100007,4020410000,B Ward - Garden S.G. 266,266,266
349,41,Garden & Recreation - Garden FUNCTIONARY CODE : 41,504100007,4030410000,C Ward -Garden S.G. 51,51,51
349,41,Garden & Recreation - Garden FUNCTIONARY CODE : 41,504100007,4040410000,D Ward - Garden S.G. 102,102,102
349,41,Garden & Recreation - Garden FUNCTIONARY CODE : 41,504100007,4050410000,E Ward - Garden S.G. 1004,1004,1004
349,41,Garden & Recreation - Garden FUNCTIONARY CODE : 41,504100007,4060410000,F/South Ward - Garden S.G. 1166,1166,1166
349,41,Garden & Recreation - Garden FUNCTIONARY CODE : 41,504100007,4070410000,F/North Ward - Garden S.G. 1046,1046,1046
349,41,Garden & Recreation - Garden FUNCTIONARY CODE : 41,504100007,4080410000,G/South Ward - Garden S.G. 696,696,696
349,41,Garden & Recreation - Garden FUNCTIONARY CODE : 41,504100007,4090410000,G/North Ward - Garden S.G. 596,596,596
349,41,Garden & Recreation - Garden FUNCTIONARY CODE : 41,504100007,4100410000,H/East Ward - Garden S.G. 104,104,104
349,41,Garden & Recreation - Garden FUNCTIONARY CODE : 41,504100007,4110410000,H/West Ward-Garden S.G. 1234,1234,1234
349,41,Garden & Recreation - Garden FUNCTIONARY CODE : 41,504100007,4120410000,K/East Ward - Garden S.G. 2046,2046,...
349,41,Garden & Recreation - Garden FUNCTIONARY CODE : 41,504100007,4250410000,K/ South Ward-Garden S.G. ...,...,1023
349,41,Garden & Recreation - Garden FUNCTIONARY CODE : 41,504100007,4260410000,K/ North Ward-Garden S.G. ...,...,1023
349,41,Garden & Recreation - Garden FUNCTIONARY CODE : 41,504100007,4130410000,K/West Ward - Garden S.G. 4089,4089,4089
349,41,Garden & Recreation - Garden FUNCTIONARY CODE : 41,504100007,4140410000,P/South Ward - Garden S.G. 1753,1753,1753
349,41,Garden & Recreation - Garden FUNCTIONARY CODE : 41,504100007,4150410000,P/North Ward - Garden S.G. 3880,3880,...
349,41,Garden & Recreation - Garden FUNCTIONARY CODE : 41,504100007,4270410000,P/East Ward-Garden ...,...,1940
349,41,Garden & Recreation - Garden FUNCTIONARY CODE : 41,504100007,4280410000,P/West Ward-Garden S.G. ...,...,1940
351,41,Garden & Recreation - Garden FUNCTIONARY CODE : 41,504100007,4160410000,R/South Ward - Garden 4204,4204,4204
351,41,Garden & Recreation - Garden FUNCTIONARY CODE : 41,504100007,4170410000,R/North Ward - Garden S.G. 1505,1505,1505
351,41,Garden & Recreation - Garden FUNCTIONARY CODE : 41,504100007,4180410000,R/Central Ward - Garden S.G. 1192,1192,1192
351,41,Garden & Recreation - Garden FUNCTIONARY CODE : 41,504100007,4190410000,L Ward - Garden S.G. 3279,3279,3279
351,41,Garden & Recreation - Garden FUNCTIONARY CODE : 41,504100007,4200410000,M/East Ward-Garden S.G. 2390,2390,2390
351,41,Garden & Recreation - Garden FUNCTIONARY CODE : 41,504100007,4210410000,M/West Ward-Garden S.G. 2349,2349,2349
351,41,Garden & Recreation - Garden FUNCTIONARY CODE : 41,504100007,4220410000,N Ward-Garden S.G. 1596,1596,1596
351,41,Garden & Recreation - Garden FUNCTIONARY CODE : 41,504100007,4230410000,S Ward-Garden S.G. 2833,2833,2833
351,41,Garden & Recreation - Garden FUNCTIONARY CODE : 41,504100007,4240410000,T Ward-Garden S.G. 2336,2336,2336
351,41,Garden & Recreation - Garden FUNCTIONARY CODE : 41,504100886,4220410000,1176558 110000,110000,250000
355,41,Garden & Recreation - (Zoo) Functionary Code : 41,504100029,1000412401,upgradation of Virmata Jijabai Bhosale B.C ...,...,10
359,41,Functionary Code : 41,410600210,1000410003,Computer Software 100,100,1000
359,41,Functionary Code : 41,410600802,2002410402,Fire Fighting & Rescue Equipments 5500,5500,4200
359,41,Functionary Code : 41,410700000,2002410402,"Furniture, Fixtures, Fittings & Electricals 5000",5000,...
359,41,Functionary Code : 41,504100822,1000410000,...,...,10000
359,41,Functionary Code : 41,504100912,1000410003,Provision for civil works for Auditorium 500,500,2000
359,41,Functionary Code : 41,504100441,4180410000,GIC ...,...,100
359,41,Functionary Code : 41,504100495,1000412700,"Complex,Swimming Pools ,Theaters in GIC 100000",100000,210200
361,41,Functionary Code:41,410600210,1000410003,Computer Software 100,100,1000
361,41,Functionary Code:41,410700000,1000410003,"Furniture, Fixtures, Fittings & Electricals ...",...,1000
361,41,Functionary Code:41,504100862,1000410000,...,...,1000
361,41,Functionary Code:41,504100911,1000410003,Provision for civil works for Swimming Pool 1000,1000,3391
361,41,Functionary Code:41,504100913,2001410301,1000,1000,1000
367,42,MARKET DEPARTMENT FUNCTIONARY CODE : 42,504200005,4140420000,,,
367,42,MARKET DEPARTMENT FUNCTIONARY CODE : 42,504200013,2003420000,10651 ...,...,1000
367,42,MARKET DEPARTMENT FUNCTIONARY CODE : 42,504200029,1000420000,Provision For Transit Camp C.E. 10000,10000,220000
367,42,MARKET DEPARTMENT FUNCTIONARY CODE : 42,504200076,1000420000,Provision For Transit Camp C.E.,250000,220000
369,42,MARKET DEPARTMENT FUNCTIONARY CODE : 42,504200081,1000420000,Provision For Transit Camp C.E.,500,500
369,42,MARKET DEPARTMENT FUNCTIONARY CODE : 42,504200085,1000420000,Provision For Transit Camp C.E.,...,500
369,42,MARKET DEPARTMENT FUNCTIONARY CODE : 42,504200041,4050420000,building at Babu Genu Market in 516656 60000,60000,35000
369,42,MARKET DEPARTMENT FUNCTIONARY CODE : 42,504200077,2001422600,Division I - City 78276,78276,...
369,42,MARKET DEPARTMENT FUNCTIONARY CODE : 42,504200077,2002422600,Division II -WS 3527,3527,...
369,42,MARKET DEPARTMENT FUNCTIONARY CODE : 42,504200077,2003422600,Division III - ES 18369,18369,5000
371,42,MARKET DEPARTMENT FUNCTIONARY CODE : 42,504200080,2001422600,Division I - City 40000,40000,25676
371,42,MARKET DEPARTMENT FUNCTIONARY CODE : 42,504200080,2002422600,Division II -WS 4000,4000,15844
371,42,MARKET DEPARTMENT FUNCTIONARY CODE : 42,504200084,2001422600,Division I - City ...,...,2000
371,42,MARKET DEPARTMENT FUNCTIONARY CODE : 42,504200084,2002422600,Division II -WS 100,100,500
371,42,MARKET DEPARTMENT FUNCTIONARY CODE : 42,504200084,2003422600,Division III - ES 100,100,500
371,42,MARKET DEPARTMENT FUNCTIONARY CODE : 42,504200086,2001422600,Division I - City ...,...,500
371,42,MARKET DEPARTMENT FUNCTIONARY CODE : 42,504200086,2002422600,Division II -WS ...,...,500
371,42,MARKET DEPARTMENT FUNCTIONARY CODE : 42,504200086,2003422600,Division III - ES ...,...,500
373,42,MARKET DEPARTMENT FUNCTIONARY CODE : 42,504200048,1000420000,Construction of New Market C.E. ...,...,5000
373,42,MARKET DEPARTMENT FUNCTIONARY CODE : 42,504200058,1000420000,3616318 400000,400000,375000
373,42,MARKET DEPARTMENT FUNCTIONARY CODE : 42,504200060,1000420000,500,500,500
373,42,MARKET DEPARTMENT FUNCTIONARY CODE : 42,504200061,1000420000,100,100,100
373,42,MARKET DEPARTMENT FUNCTIONARY CODE : 42,504200066,1000420000,5000,5000,5000
373,42,MARKET DEPARTMENT FUNCTIONARY CODE : 42,504200082,1000422600,L.T.Marg in the premises of M.J.P B.M. ...,...,100
373,42,MARKET DEPARTMENT FUNCTIONARY CODE : 42,504200083,1000420000,B.M.,...,1000
373,42,MARKET DEPARTMENT FUNCTIONARY CODE : 42,504200087,1000420000,...,...,500000
373,42,MARKET DEPARTMENT FUNCTIONARY CODE : 42,504200062,1000420000,under development plan- C.E. 40020,40020,37530
377,43,DEONAR ABATTOIR DEPT FUNCTIONARY CODE : 43,410400000,1000430000,Plant and Machinery GMDA 40000,40000,23900
377,43,DEONAR ABATTOIR DEPT FUNCTIONARY CODE : 43,410600000,1000430000,Office & Other Equipments GMDA 500,500,500
377,43,DEONAR ABATTOIR DEPT FUNCTIONARY CODE : 43,410700000,1000430000,"Furniture,Fix,Fitting & Electrical appliances GMDA 2500",2500,1000
377,43,DEONAR ABATTOIR DEPT FUNCTIONARY CODE : 43,504300007,1000432600,C.E. ...,...,10
377,43,DEONAR ABATTOIR DEPT FUNCTIONARY CODE : 43,504300007,1000432600,M & E 234000 83900,83900,72000
377,43,DEONAR ABATTOIR DEPT FUNCTIONARY CODE : 43,504300019,1000430000,Incinerator/Crematorium GMDA 138066 50,50,14000
377,43,DEONAR ABATTOIR DEPT FUNCTIONARY CODE : 43,504300021,1000432600,Building and sheep/Goat slaughter unit BM 121248 6405,6405,...
377,43,DEONAR ABATTOIR DEPT FUNCTIONARY CODE : 43,504300022,3001430099,Zone I ...,...,100
377,43,DEONAR ABATTOIR DEPT FUNCTIONARY CODE : 43,504300022,3003430099,Zone III ...,...,100
377,43,DEONAR ABATTOIR DEPT FUNCTIONARY CODE : 43,504300022,3006430099,Zone VI ...,...,100
377,43,DEONAR ABATTOIR DEPT FUNCTIONARY CODE : 43,504300022,3007430099,Zone VII ...,...,100
377,43,DEONAR ABATTOIR DEPT FUNCTIONARY CODE : 43,504300023,1000430000,GMDA 100,100,100
379,43,DEONAR ABATTOIR DEPT FUNCTIONARY CODE : 43,504300024,1000430000,Repairing of C-1 & C-2 Wada GMDA 200,200,100
379,43,DEONAR ABATTOIR DEPT FUNCTIONARY CODE : 43,504300025,1000430000,Repairing of grazing yard area GMDA 35000 25000,25000,100
379,43,DEONAR ABATTOIR DEPT FUNCTIONARY CODE : 43,504300027,1000430000,GMDA 25000 5000,5000,2500
379,43,DEONAR ABATTOIR DEPT FUNCTIONARY CODE : 43,504300028,1000430000,Upgradation of Biomethenation Plant GMDA 30000 100,100,100
379,43,DEONAR ABATTOIR DEPT FUNCTIONARY CODE : 43,504300029,1000430000,Replacement of water pump 50 HP capacity GMDA 15000 3000,3000,1000
379,43,DEONAR ABATTOIR DEPT FUNCTIONARY CODE : 43,504300033,1000432600,"bearing no. CTS 1 (pt), 2 (pt), 3 (pt) of C.E. 250000 100",100,100
379,43,DEONAR ABATTOIR DEPT FUNCTIONARY CODE : 43,504300030,1000430000,GMDA 34000 16100,16100,1000
379,43,DEONAR ABATTOIR DEPT FUNCTIONARY CODE : 43,504300031,1000430000,12241 5000,5000,5000
379,43,DEONAR ABATTOIR DEPT FUNCTIONARY CODE : 43,504300032,1000432600,BM 9416 2500,2500,5000
379,43,DEONAR ABATTOIR DEPT FUNCTIONARY CODE : 43,504300034,1000430000,shed and underground water tank at deonar BM 35000 ...,...,500
383,44,Roads And Traffic Department FUNCTIONARY CODE: 44,410400000,1000442501,Plants & Machinery 500,500,1000
383,44,Roads And Traffic Department FUNCTIONARY CODE: 44,504400874,1000442501,7034472 ...,...,100000
386,44,Roads And Traffic Department keÀe³e& keÀjCeejs Keeles : jmles DeeefCe Òe®eeueve Keeles,410400000,1000440099,Plants & Machinery 100 500 ³eb$es Je meb³eb$es,500,
386,44,Roads And Traffic Department keÀe³e& keÀjCeejs Keeles : jmles DeeefCe Òe®eeueve Keeles,410600000,1000440000,HO - Roads 1500 1500 cegK³e keÀe³ee&ue³e - jmless,1500,
386,44,Roads And Traffic Department keÀe³e& keÀjCeejs Keeles : jmles DeeefCe Òe®eeueve Keeles,410600000,2001440000,Division I - Roads ... 2000 efJeYeeie - SkeÀ - jmless,2000,
386,44,Roads And Traffic Department keÀe³e& keÀjCeejs Keeles : jmles DeeefCe Òe®eeueve Keeles,410600000,2002440000,Division II - Roads ... 2000 efJeYeeie - oesve - jmless,2000,
386,44,Roads And Traffic Department keÀe³e& keÀjCeejs Keeles : jmles DeeefCe Òe®eeueve Keeles,410600000,2003440000,Division III - Roads ... 2000 efJeYeeie - leerve - jmless,2000,
387,44,Roads And Traffic Department FUNCTIONARY CODE: 44,504400001,1000440000,Head Office Ch.E.(Rds) 1000,1000,10000
387,44,Roads And Traffic Department FUNCTIONARY CODE: 44,504400007,2001440000,Division I - Roads 85000,85000,200000
387,44,Roads And Traffic Department FUNCTIONARY CODE: 44,504400007,2002440000,3000,3000,10000
387,44,Roads And Traffic Department FUNCTIONARY CODE: 44,504400007,2003440000,Division III - Roads Ch.E.(Rds) 75000,75000,50000
387,44,Roads And Traffic Department FUNCTIONARY CODE: 44,504400918,2001440000,Division I - Roads Ch.E.(Rds) 180000,180000,60000
387,44,Roads And Traffic Department FUNCTIONARY CODE: 44,504400918,2002440000,Division II - Roads Ch.E.(Rds) 224900,224900,11129
387,44,Roads And Traffic Department FUNCTIONARY CODE: 44,504400955,2001440000,Division I - Roads Ch.E.(Rds) 50000,50000,70000
387,44,Roads And Traffic Department FUNCTIONARY CODE: 44,504400955,2002440000,Division II - Roads Ch.E.(Rds) 250000,250000,950000
387,44,Roads And Traffic Department FUNCTIONARY CODE: 44,504400955,2003440000,Division III - Roads Ch.E.(Rds) 30000,30000,39700
389,44,Roads And Traffic Department FUNCTIONARY CODE: 44,504400985,2001440000,100,100,10000
389,44,Roads And Traffic Department FUNCTIONARY CODE: 44,504400985,2002440000,Division II - Roads Ch.E.(Rds) 100,100,100
389,44,Roads And Traffic Department FUNCTIONARY CODE: 44,504400985,2003440000,Division III - Roads Ch.E.(Rds) 100,100,20000
389,44,Roads And Traffic Department FUNCTIONARY CODE: 44,504400986,2001440000,Division I - Roads Ch.E.(Rds) ...,...,1000
389,44,Roads And Traffic Department FUNCTIONARY CODE: 44,504400986,2002440000,Division II - Roads Ch.E.(Rds) ...,...,1000
389,44,Roads And Traffic Department FUNCTIONARY CODE: 44,504400986,2003440000,Division III - Roads ...,...,1000
389,44,Roads And Traffic Department FUNCTIONARY CODE: 44,504400012,2001440000,Division I - Roads Ch.E.(Rds) 7000,7000,15000
389,44,Roads And Traffic Department FUNCTIONARY CODE: 44,504400012,4010440000,A Ward Ward 6100,6100,...
389,44,Roads And Traffic Department FUNCTIONARY CODE: 44,504400012,4050440000,E Ward Ward 15000,15000,...
389,44,Roads And Traffic Department FUNCTIONARY CODE: 44,504400012,4060440000,F/South Ward Ward 6100,6100,...
389,44,Roads And Traffic Department FUNCTIONARY CODE: 44,504400012,4080440000,G/South Ward Ward 6100,6100,...
389,44,Roads And Traffic Department FUNCTIONARY CODE: 44,504400012,4090440000,G/North Ward Ward 6100,6100,...
389,44,Roads And Traffic Department FUNCTIONARY CODE: 44,504400012,2002440000,Division II - Roads Ch.E.(Rds) 43500,43500,20000
389,44,Roads And Traffic Department FUNCTIONARY CODE: 44,504400012,4110440000,H/West Ward Ward 3000,3000,...
391,44,Roads And Traffic Department FUNCTIONARY CODE: 44,504400012,4130440000,3000,3000,...
391,44,Roads And Traffic Department FUNCTIONARY CODE: 44,504400012,4140440000,P/South Ward Ward 3000,3000,...
391,44,Roads And Traffic Department FUNCTIONARY CODE: 44,504400012,4210440000,10000,10000,...
391,44,Roads And Traffic Department FUNCTIONARY CODE: 44,504400012,4220440000,N Ward - Roads Ward ...,...,7500
391,44,Roads And Traffic Department FUNCTIONARY CODE: 44,504400012,4230440000,S Ward - Roads Ward ...,...,7500
391,44,Roads And Traffic Department FUNCTIONARY CODE: 44,504400956,4110440000,H/West Ward Ch.E.(Rds) 182500,182500,200000
391,44,Roads And Traffic Department FUNCTIONARY CODE: 44,504400956,4150440000,P/North Ward Ch.E.(Rds) 17475,17475,...
391,44,Roads And Traffic Department FUNCTIONARY CODE: 44,504400970,2002440000,Division II - Roads Ch.E.(Rds) 477500,477500,150000
391,44,Roads And Traffic Department FUNCTIONARY CODE: 44,504400970,4160440000,R/South Ward Ch.E.(Rds) 310000,310000,10000
391,44,Roads And Traffic Department FUNCTIONARY CODE: 44,504400980,2001440000,10000,10000,10000
391,44,Roads And Traffic Department FUNCTIONARY CODE: 44,504400980,2002440000,Division II - Roads Ch.E.(Rds) ...,...,10000
393,44,Roads And Traffic Department FUNCTIONARY CODE: 44,504400980,4180440000,1000,1000,40000
393,44,Roads And Traffic Department FUNCTIONARY CODE: 44,504400980,4230440000,S Ward Ch.E.(Rds) 1000,1000,1000
393,44,Roads And Traffic Department FUNCTIONARY CODE: 44,504400980,4220440000,N Ward Ch.E.(Rds) 1000,1000,1000
393,44,Roads And Traffic Department FUNCTIONARY CODE: 44,504400987,2001440000,Division I - Roads Ch.E.(Rds) ...,...,1000
393,44,Roads And Traffic Department FUNCTIONARY CODE: 44,504400987,2002440000,Division II - Roads Ch.E.(Rds) ...,...,1000
393,44,Roads And Traffic Department FUNCTIONARY CODE: 44,504400987,2003440000,Division III - Roads ...,...,1000
393,44,Roads And Traffic Department FUNCTIONARY CODE: 44,504400013,1000440000,H.O. - Roads Ch.E.(Rds) 1000,1000,10000
393,44,Roads And Traffic Department FUNCTIONARY CODE: 44,504400016,2001440000,Ch.E.(Rds) ...,...,100
393,44,Roads And Traffic Department FUNCTIONARY CODE: 44,504400672,1000440000,Ch.E.(Rds) 5000,5000,20000
393,44,Roads And Traffic Department FUNCTIONARY CODE: 44,504400873,2001440000,Division I - Roads 90000,90000,70000
393,44,Roads And Traffic Department FUNCTIONARY CODE: 44,504400883,2002440000,7262,7262,5000
393,44,Roads And Traffic Department FUNCTIONARY CODE: 44,504400884,2003440000,Renovation of Eastern Suburb Office ...,...,10000
395,44,Roads And Traffic Department FUNCTIONARY CODE: 44,504400925,2001440000,15187,15187,...
395,44,Roads And Traffic Department FUNCTIONARY CODE: 44,504400925,2002440000,Division II - Roads 100000,100000,20000
395,44,Roads And Traffic Department FUNCTIONARY CODE: 44,504400925,2003440000,Division III - Roads 60000,60000,50000
395,44,Roads And Traffic Department FUNCTIONARY CODE: 44,504400927,4010440000,A Ward 50000,50000,...
395,44,Roads And Traffic Department FUNCTIONARY CODE: 44,504400931,1000440000,100,100,10000
395,44,Roads And Traffic Department FUNCTIONARY CODE: 44,504400951,1000440101,1200000,1200000,1500000
395,44,Roads And Traffic Department FUNCTIONARY CODE: 44,504400971,1000440101,express Highway within BMC 950000,950000,1000000
395,44,Roads And Traffic Department FUNCTIONARY CODE: 44,504400972,1000440101,Western Express Highway within BMC 1000000,1000000,1500000
395,44,Roads And Traffic Department FUNCTIONARY CODE: 44,504400973,1000440101,38800,38800,...
395,44,Roads And Traffic Department FUNCTIONARY CODE: 44,504400974,1000440000,100,100,1000
395,44,Roads And Traffic Department FUNCTIONARY CODE: 44,504400975,2001440000,"Mukharji Chowk (Regal Cinema), Ballard 1000",1000,100000
395,44,Roads And Traffic Department FUNCTIONARY CODE: 44,504400976,4090440000,10000,10000,...
397,44,Roads And Traffic Department FUNCTIONARY CODE: 44,504400977,4080440000,10000,10000,...
397,44,Roads And Traffic Department FUNCTIONARY CODE: 44,504400979,1000440101,Inventory management for a period of 120000,120000,20000
397,44,Roads And Traffic Department FUNCTIONARY CODE: 44,504400021,2001440000,Division I - Roads Ch.E.(Rds) 1000000,1000000,600000
397,44,Roads And Traffic Department FUNCTIONARY CODE: 44,504400021,2002440000,Division II - Roads Ch.E.(Rds) 380851,380851,450000
397,44,Roads And Traffic Department FUNCTIONARY CODE: 44,504400021,2003440000,Division III - Roads Ch.E.(Rds) 500000,500000,450000
397,44,Roads And Traffic Department FUNCTIONARY CODE: 44,504400920,2001440000,200000,200000,200000
397,44,Roads And Traffic Department FUNCTIONARY CODE: 44,504400920,2002440000,Division II - Roads Ch.E.(Rds) 12000000,12000000,14798200
399,44,Roads And Traffic Department FUNCTIONARY CODE: 44,504400920,2003440000,Division III - Roads Ch.E.(Rds) 2700000,2700000,4000000
399,44,Roads And Traffic Department FUNCTIONARY CODE: 44,504400957,2001440000,Division I - Roads Ch.E.(Rds) 4500000,4500000,5700000
399,44,Roads And Traffic Department FUNCTIONARY CODE: 44,504400957,2002440000,Division II - Roads Ch.E.(Rds) 26500000,26500000,22806600
399,44,Roads And Traffic Department FUNCTIONARY CODE: 44,504400957,2003440000,Division III - Roads Ch.E.(Rds) 3886100,3886100,7700000
399,44,Roads And Traffic Department FUNCTIONARY CODE: 44,504400978,2001440000,Division I - Roads Ch.E.(Rds) 68000,68000,20000
399,44,Roads And Traffic Department FUNCTIONARY CODE: 44,504400978,2002440000,Division II - Roads Ch.E.(Rds) 650000,650000,430534
399,44,Roads And Traffic Department FUNCTIONARY CODE: 44,504400978,2003440000,Division III - Roads Ch.E.(Rds) 200000,200000,250000
399,44,Roads And Traffic Department FUNCTIONARY CODE: 44,504400981,2001440000,Division I - Roads Ch.E.(Rds) 50000,50000,500000
399,44,Roads And Traffic Department FUNCTIONARY CODE: 44,504400981,2002440000,Division II - Roads Ch.E.(Rds) 1000,1000,1000000
401,44,Roads And Traffic Department FUNCTIONARY CODE: 44,504400981,2003440000,Division III - Roads Ch.E.(Rds) 20000,20000,230000
401,44,Roads And Traffic Department FUNCTIONARY CODE: 44,504400988,2001440000,...,...,1000
401,44,Roads And Traffic Department FUNCTIONARY CODE: 44,504400988,2002440000,Division II - Roads Ch.E.(Rds) ...,...,1000
401,44,Roads And Traffic Department FUNCTIONARY CODE: 44,504400988,2003440000,Division III - Roads Ch.E.(Rds) ...,...,1000
401,44,Roads And Traffic Department FUNCTIONARY CODE: 44,504400886,1000440000,"Foothpath,renovation and beautification in Ch.E.(Rds) 11500",11500,...
401,44,Roads And Traffic Department FUNCTIONARY CODE: 44,504400922,4080440000,"periphery,Cycle track & ralling Ch.E.(Rds) 39900",39900,...
401,44,Roads And Traffic Department FUNCTIONARY CODE: 44,504400982,1000440000,Head Office 50000,50000,400000
401,44,Roads And Traffic Department FUNCTIONARY CODE: 44,504400982,2002440000,Division II - Roads Ch.E.(Rds) 20000,20000,250000
401,44,Roads And Traffic Department FUNCTIONARY CODE: 44,504400983,1000440101,Renovation of Road Planning Office Ch.E.(Rds) 13300,13300,15000
401,44,Roads And Traffic Department FUNCTIONARY CODE: 44,504400989,2001440000,Renovation of Road City Office Ch.E.(Rds) ...,...,20000
403,44,Roads And Traffic Department FUNCTIONARY CODE: 44,504400670,2001440000,Division -I 100,100,100
403,44,Roads And Traffic Department FUNCTIONARY CODE: 44,504400670,2002440000,Division -II ...,...,100
403,44,Roads And Traffic Department FUNCTIONARY CODE: 44,504400670,2003440000,Division -III 100,100,100
403,44,Roads And Traffic Department FUNCTIONARY CODE: 44,504400671,2001440000,Division -I 100,100,100
403,44,Roads And Traffic Department FUNCTIONARY CODE: 44,504400671,2002440000,Division -II ...,...,100
403,44,Roads And Traffic Department FUNCTIONARY CODE: 44,504400671,2003440000,Division -III 100,100,100
406,44,Roads And Traffic Department keÀe³e& keÀjCeejs Keeles : jmles DeeefCe Òe®eeueve Keeles,410600200,1000445001,"100 100 mebieCekeÀ, efHe´bìj DeeefCe HesefjHesÀefjDeue",100,
406,44,Roads And Traffic Department keÀe³e& keÀjCeejs Keeles : jmles DeeefCe Òe®eeueve Keeles,410700199,1000440000,100 100 Flej HeÀefve&®ej DeeefCe efHeÀkeÌ®ej,100,
406,44,Roads And Traffic Department keÀe³e& keÀjCeejs Keeles : jmles DeeefCe Òe®eeueve Keeles,410700000,1000445001,1000,1000,
406,44,Roads And Traffic Department keÀe³e& keÀjCeejs Keeles : jmles DeeefCe Òe®eeueve Keeles,410700000,2002440000,Division - II - Roads 500,500,
407,44,Roads And Traffic Department FUNCTIONARY CODE: 44,504400023,4020440000,B Ward Ward 5000,5000,...
407,44,Roads And Traffic Department FUNCTIONARY CODE: 44,504400023,4050440000,E Ward Ward 10000,10000,...
407,44,Roads And Traffic Department FUNCTIONARY CODE: 44,504400023,4060440000,F/South Ward Ward 5000,5000,...
407,44,Roads And Traffic Department FUNCTIONARY CODE: 44,504400023,4070440000,F/North Ward 6900,6900,...
407,44,Roads And Traffic Department FUNCTIONARY CODE: 44,504400023,4080440000,G/South Ward Ward 5000,5000,...
407,44,Roads And Traffic Department FUNCTIONARY CODE: 44,504400023,4090440000,G/North Ward Ward 5000,5000,...
407,44,Roads And Traffic Department FUNCTIONARY CODE: 44,504400023,4140440000,P/South Ward Ward 5000,5000,...
407,44,Roads And Traffic Department FUNCTIONARY CODE: 44,504400023,4200440000,5000,5000,...
407,44,Roads And Traffic Department FUNCTIONARY CODE: 44,504400032,1000440000,Head Office 730000,730000,450000
407,44,Roads And Traffic Department FUNCTIONARY CODE: 44,504400032,2001440000,Division I - Roads 35000,35000,5000
407,44,Roads And Traffic Department FUNCTIONARY CODE: 44,504400032,2002440000,Division II - Roads 150000,150000,3637
407,44,Roads And Traffic Department FUNCTIONARY CODE: 44,504400032,2003440000,Division III - Roads 50000,50000,...
407,44,Roads And Traffic Department FUNCTIONARY CODE: 44,504400465,1000440000,Ch.E.(Rds) 100,100,50000
407,44,Roads And Traffic Department FUNCTIONARY CODE: 44,504400491,1000440000,Ch.E.(Rds) 50000,50000,75000
407,44,Roads And Traffic Department FUNCTIONARY CODE: 44,504400501,1000440000,Ch.E.(Rds) 100,100,68100
407,44,Roads And Traffic Department FUNCTIONARY CODE: 44,504400565,1000440000,Ch.E.(Rds) 20000,20000,70000
407,44,Roads And Traffic Department FUNCTIONARY CODE: 44,504400599,4050440000,E Ward 9100,9100,10000
409,44,Roads And Traffic Department FUNCTIONARY CODE: 44,504400903,1000440000,Mechanical Robotic parking Ch.E.(Rds) 250000,250000,1500000
409,44,Roads And Traffic Department FUNCTIONARY CODE: 44,504400929,4010440000,A Ward Ward 67000,67000,...
409,44,Roads And Traffic Department FUNCTIONARY CODE: 44,504400929,4070440000,F/ North Ward Ward 7762,7762,...
409,44,Roads And Traffic Department FUNCTIONARY CODE: 44,504400930,4200440000,M/E Ward 11863,11863,...
409,44,Roads And Traffic Department FUNCTIONARY CODE: 44,504400954,1000440000,Conventional ANPR system at various Ch.E.(Rds) 100,100,5000
409,44,Roads And Traffic Department FUNCTIONARY CODE: 44,504400967,1000440000,& Commissioining of Push Button in Ch.E.(Rds) 100,100,20000
409,44,Roads And Traffic Department FUNCTIONARY CODE: 44,504400968,1000440000,Ch.E.(Rds) 100,100,30000
409,44,Roads And Traffic Department FUNCTIONARY CODE: 44,504400984,1000440000,100000,100000,168400
409,44,Roads And Traffic Department FUNCTIONARY CODE: 44,504400521,4030440000,Nomenclature Change Ch.E.(Rds) 10000,10000,100000
409,44,Roads And Traffic Department FUNCTIONARY CODE: 44,504400990,4100440000,...,...,35200
414,45,Bridges Department keÀe³e& keÀjCeejs Keeles : Hetue Keeles,410600000,2001450000,Division I - BRIDGES ...,100,
414,45,Bridges Department keÀe³e& keÀjCeejs Keeles : Hetue Keeles,410600000,2002450000,Division II - BRIDGES ...,100,
414,45,Bridges Department keÀe³e& keÀjCeejs Keeles : Hetue Keeles,410600000,2003450000,Division III - BRIDGES ... 100 efJeYeeie leerve - Hetue,100,
414,45,Bridges Department keÀe³e& keÀjCeejs Keeles : Hetue Keeles,410600200,2001450000,Division I - BRIDGES 500,3000,
414,45,Bridges Department keÀe³e& keÀjCeejs Keeles : Hetue Keeles,410600200,2002450000,Division II - BRIDGES ... 3500 efJeYeeie oesve - Hetue,3500,
414,45,Bridges Department keÀe³e& keÀjCeejs Keeles : Hetue Keeles,410600200,2003450000,Division III - BRIDGES ...,3500,
414,45,Bridges Department keÀe³e& keÀjCeejs Keeles : Hetue Keeles,410700000,2001450000,Division I - BRIDGES ...,100,
414,45,Bridges Department keÀe³e& keÀjCeejs Keeles : Hetue Keeles,410700000,2002450000,Division II - BRIDGES ...,100,
414,45,Bridges Department keÀe³e& keÀjCeejs Keeles : Hetue Keeles,410700000,2003450000,Division III - BRIDGES ...,100,
415,45,Bridges Department FUNCTIONARY CODE : 45,504500001,2001450000,Division I - BRIDGES 1100000,1100000,1500000
415,45,Bridges Department FUNCTIONARY CODE : 45,504500001,2002450000,Division II - BRIDGES,6200000,1760000
415,45,Bridges Department FUNCTIONARY CODE : 45,504500001,2003450000,Division III - BRIDGES,880300,538100
415,45,Bridges Department FUNCTIONARY CODE : 45,504500265,2001450000,,600000,1200000
417,45,Bridges Department FUNCTIONARY CODE : 45,504500265,2002450000,Division II - BRIDGES 1000000,1000000,1800000
417,45,Bridges Department FUNCTIONARY CODE : 45,504500265,2003450000,Division III - BRIDGES,1100000,700000
417,45,Bridges Department FUNCTIONARY CODE : 45,504500267,2001450000,Division I - BRIDGES 1500000,1500000,340500
417,45,Bridges Department FUNCTIONARY CODE : 45,504500267,2002450000,Division II - BRIDGES 1900000,1900000,1400000
417,45,Bridges Department FUNCTIONARY CODE : 45,504500267,2003450000,Division III - BRIDGES,500000,200000
419,45,Bridges Department FUNCTIONARY CODE : 45,504500270,2001450000,Division I - BRIDGES 50000,50000,70000
419,45,Bridges Department FUNCTIONARY CODE : 45,504500270,2002450000,Division II - BRIDGES,95200,173700
419,45,Bridges Department FUNCTIONARY CODE : 45,504500270,2003450000,Division III - BRIDGES 3440000,3440000,3195900
419,45,Bridges Department FUNCTIONARY CODE : 45,504500274,2001450000,Division I - BRIDGES,1000000,2100000
421,45,Bridges Department FUNCTIONARY CODE : 45,504500274,2002450000,Division II - BRIDGES 400000,400000,2300000
421,45,Bridges Department FUNCTIONARY CODE : 45,504500274,2003450000,Division III - BRIDGES,11100,1300000
421,45,Bridges Department FUNCTIONARY CODE : 45,504500275,2001450000,Division I - BRIDGES,...,1600
421,45,Bridges Department FUNCTIONARY CODE : 45,504500275,2002450000,Division II - BRIDGES ...,...,800
421,45,Bridges Department FUNCTIONARY CODE : 45,504500275,2003450000,Division III - BRIDGES,...,100
421,45,Bridges Department FUNCTIONARY CODE : 45,504500002,2001450000,Division I - BRIDGES 70000,70000,100000
421,45,Bridges Department FUNCTIONARY CODE : 45,504500002,2002450000,Division II - BRIDGES 180000,180000,100000
423,45,Bridges Department FUNCTIONARY CODE : 45,504500002,2003450000,Division III - BRIDGES 100000,100000,100000
423,45,Bridges Department FUNCTIONARY CODE : 45,504500002,4200450000,M/ East Ward 2346,2346,...
423,45,Bridges Department FUNCTIONARY CODE : 45,504500003,2001450000,Division I - BRIDGES 188890,188890,200000
423,45,Bridges Department FUNCTIONARY CODE : 45,504500003,2002450000,Division II - BRIDGES 50000,50000,85700
423,45,Bridges Department FUNCTIONARY CODE : 45,504500003,2003450000,Division III - BRIDGES 529910,529910,201400
423,45,Bridges Department FUNCTIONARY CODE : 45,504500260,1000450000,,1500000,2000000
423,45,Bridges Department FUNCTIONARY CODE : 45,504500017,2002450000,100,100,29300
423,45,Bridges Department FUNCTIONARY CODE : 45,504500033,2003450000,200,200,27700
425,45,Bridges Department FUNCTIONARY CODE : 45,504500044,2002450000,1000,1000,50000
425,45,Bridges Department FUNCTIONARY CODE : 45,504500045,2002450000,100,100,...
425,45,Bridges Department FUNCTIONARY CODE : 45,504500130,2002450000,"Goregaon-Mulund Link road,Goregaon (E) 100",100,500
425,45,Bridges Department FUNCTIONARY CODE : 45,504500159,2002450000,100,100,1000
425,45,Bridges Department FUNCTIONARY CODE : 45,504500230,1000450000,Senapati Bapat Marg and Western Exprss ...,...,100
425,45,Bridges Department FUNCTIONARY CODE : 45,504500268,1000450000,100,100,1000
425,45,Bridges Department FUNCTIONARY CODE : 45,504500273,1000450000,1500000,1500000,1500000
427,45,Bridges Department FUNCTIONARY CODE : 45,504500225,1000450000,Proposed Goregaon-Mulund Link Road 10000000,10000000,25512500
427,45,Bridges Department FUNCTIONARY CODE : 45,504500225,1000450000,1000000,1000000,987500
427,45,Bridges Department FUNCTIONARY CODE : 45,504500271,2002450000,Bhayandar Link Road 40275900 1700000,1700000,7000000
427,45,Bridges Department FUNCTIONARY CODE : 45,504500272,2002450000,"Versova to Dahisar 6 packages (A,B,C,D,E 18550000",18550000,40000000
429,45,BRIDGES DEPARTMENT FUNCTIONARY CODE :45,504500051,1000450000,1000,1000,10000
433,46,MUNICIPAL PRINTING PRESS FUNCTIONARY CODE : 46,410400000,1000460000,Plant & Machinery M.M.P 50000,50000,1000
433,46,MUNICIPAL PRINTING PRESS FUNCTIONARY CODE : 46,410600000,1000460000,Office & Other Equipments M.M.P 1000,1000,1500
433,46,MUNICIPAL PRINTING PRESS FUNCTIONARY CODE : 46,410600802,1000460000,Fire Fighting & Rescue Equipments M.M.P ...,...,10000
433,46,MUNICIPAL PRINTING PRESS FUNCTIONARY CODE : 46,410700000,1000460000,"Furniture, Fixture, Fitting & Electrical M.M.P 11500",11500,1500
438,46,Chief Engineer Environment and Climate change Department,410400100,1000940000,(H.V.S) and U.V. 4400 2520,,
438,46,Chief Engineer Environment and Climate change Department,410400101,1000940000,600000 390000 300000 Jee³et Òeot<eCe keÀceer keÀjC³eemeeþer,,
438,46,Chief Engineer Environment and Climate change Department,410600000,1000940000,100 100 keÀe³ee&ue³e DeeefCe Flej meeOevemeecegûeer,,
438,46,Chief Engineer Environment and Climate change Department,410600200,1000940000,"880 2000 mebieCekeÀ, efÒebìj DeeefCe HesefjHesÀjume",,
438,46,Chief Engineer Environment and Climate change Department,410700000,1000940000,50,,
438,46,Chief Engineer Environment and Climate change Department,410800510,1000940000,Porta Cabin 500 5000 Heesìe& kesÀefyevme,,
439,46,Chief Engineer Environment and Climate change Department,509400001,1000940000,Env & CC 270000 10,10,200000
439,46,Chief Engineer Environment and Climate change Department,509400002,1000940000,Env & CC 50000 10,10,30000
439,46,Chief Engineer Environment and Climate change Department,509400003,1000940000,Commissioning of Continues Ambient Air Env & CC 420000 10,10,200000
439,46,Chief Engineer Environment and Climate change Department,509400004,1000940000,10000 10,10,1000
439,46,Chief Engineer Environment and Climate change Department,509400005,1000940000,Env & CC 5000 10,10,4990
439,46,Chief Engineer Environment and Climate change Department,509400006,1000940000,Env & CC 250000 150000,150000,100000
439,46,Chief Engineer Environment and Climate change Department,509400007,1000940000,Env & CC 1000 10,10,990
439,46,Chief Engineer Environment and Climate change Department,509400008,1000940000,Env & CC 175000 10,10,84990
439,46,Chief Engineer Environment and Climate change Department,509400009,1000940000,Decision Support System for Air Pollution in Env & CC 46210 12400,12400,20000
439,46,Chief Engineer Environment and Climate change Department,509400010,1000940000,Env & CC 142000 41000,41000,14000
441,46,Chief Engineer Environment and Climate change Department,509400011,1000940000,Eateries/Bakeries/Crematoria or any other Env & CC 3500 2500,2500,1000
441,46,Chief Engineer Environment and Climate change Department,509400012,1000940000,40000 2500,2500,20000
441,46,Chief Engineer Environment and Climate change Department,509400013,1000940000,Nomenclature Change Env & CC 200000 1500,1500,78200
441,46,Chief Engineer Environment and Climate change Department,509400014,1000940000,Env & CC 25000 10,10,5000
441,46,Chief Engineer Environment and Climate change Department,509400015,1000940000,Env & CC 50000 15000,15000,30000
441,46,Chief Engineer Environment and Climate change Department,509400016,1000940000,electric / solar / PNG / other system in Env & CC 35100 10,10,10000
441,46,Chief Engineer Environment and Climate change Department,509400017,1000940000,Env & CC 500000 100000,100000,200000
441,46,Chief Engineer Environment and Climate change Department,509400018,1000940000,Demolition (C&D) waste manifest system for Env & CC 10000 10,10,500
441,46,Chief Engineer Environment and Climate change Department,509400019,1000940000,Env & CC 500 10,10,490
441,46,Chief Engineer Environment and Climate change Department,509400020,1000940000,Env & CC 30000 10000,10000,20000
443,46,Chief Engineer Environment and Climate change Department,509400021,1000940000,Env & CC 500 10,10,490
443,46,Chief Engineer Environment and Climate change Department,509400022,1000940000,Env & CC 18000 1500,1500,6500
443,46,Chief Engineer Environment and Climate change Department,509400023,1000940000,Greening/Urban Forest to reduce urban heat Env & CC 100000 1000,1000,20000
443,46,Chief Engineer Environment and Climate change Department,509400024,1000940000,Env & CC 100000 30000,30000,70000
443,46,Chief Engineer Environment and Climate change Department,509400025,1000940000,Net Zero Emission Initiatives Env & CC 50000 ...,...,45000
443,46,Chief Engineer Environment and Climate change Department,509400026,1000940000,Green Building Initiatives as per IGBC Standards Env & CC 80000 ...,...,70000
443,46,Chief Engineer Environment and Climate change Department,509400027,1000940000,Cool Roof Solutions Env & CC 60000 ...,...,55000
