pdf_page,functionary_code,functionary_name,gl_code,cost_centre,work_name,revised_est,budget_est
7,10,Municipal Secretary keÀe³e& keÀjCeejs Keeles : ceneveiejHeeefuekeÀe meef®eJe,410600200,1000100000,HO - M.S. MS 50 50 cegK³eeue³e-ce.ve.Hee.meef®eJe,50,
7,10,Municipal Secretary keÀe³e& keÀjCeejs Keeles : ceneveiejHeeefuekeÀe meef®eJe,410600320,1000100000,HO - M.S. MS 300 300 cegK³eeue³e-ce.ve.Hee.meef®eJe,300,
7,10,Municipal Secretary keÀe³e& keÀjCeejs Keeles : ceneveiejHeeefuekeÀe meef®eJe,410600610,1000100000,HO - M.S. MS 100 100 cegK³eeue³e-ce.ve.Hee.meef®eJe,100,
7,10,Municipal Secretary keÀe³e& keÀjCeejs Keeles : ceneveiejHeeefuekeÀe meef®eJe,410600950,1000100000,HO - M.S. MS 25 25 cegK³eeue³e-ce.ve.Hee.meef®eJe,25,
7,10,Municipal Secretary keÀe³e& keÀjCeejs Keeles : ceneveiejHeeefuekeÀe meef®eJe,410700102,1000100000,HO - M.S. MS ...,100,
7,10,Municipal Secretary keÀe³e& keÀjCeejs Keeles : ceneveiejHeeefuekeÀe meef®eJe,410700103,1000100000,HO - M.S. MS ... 100 cegK³eeue³e-ce.ve.Hee.meef®eJe,100,
7,10,Municipal Secretary keÀe³e& keÀjCeejs Keeles : ceneveiejHeeefuekeÀe meef®eJe,410700104,1000100000,HO - M.S. MS ... 50 cegK³eeue³e-ce.ve.Hee.meef®eJe,50,
7,10,Municipal Secretary keÀe³e& keÀjCeejs Keeles : ceneveiejHeeefuekeÀe meef®eJe,410700201,1000100000,HO - M.S. MS ... 50 cegK³eeue³e-ce.ve.Hee.meef®eJe,50,
8,10,Municipal Secretary keÀe³e& keÀjCeejs Keeles : ceneveiejHeeefuekeÀe meef®eJe,410600300,1000100000,HO - M.S. MS 300 300 cegK³eeue³e-ce.ve.Hee.meef®eJe,300,
8,10,Municipal Secretary keÀe³e& keÀjCeejs Keeles : ceneveiejHeeefuekeÀe meef®eJe,410600950,1000100000,HO - M.S. MS ... 25 cegK³eeue³e-ce.ve.Hee.meef®eJe,25,
8,10,Municipal Secretary keÀe³e& keÀjCeejs Keeles : ceneveiejHeeefuekeÀe meef®eJe,410700102,1000100000,HO - M.S. MS ... 25 cegK³eeue³e-ce.ve.Hee.meef®eJe,25,
8,10,Municipal Secretary keÀe³e& keÀjCeejs Keeles : ceneveiejHeeefuekeÀe meef®eJe,410700103,1000100000,HO - M.S. MS ... 25 cegK³eeue³e-ce.ve.Hee.meef®eJe,25,
8,10,Municipal Secretary keÀe³e& keÀjCeejs Keeles : ceneveiejHeeefuekeÀe meef®eJe,410700104,1000100000,HO - M.S. MS ... 25 cegK³eeue³e-ce.ve.Hee.meef®eJe,25,
8,10,Municipal Secretary keÀe³e& keÀjCeejs Keeles : ceneveiejHeeefuekeÀe meef®eJe,410700201,1000100000,HO - M.S. MS ... 25 cegK³eeue³e-ce.ve.Hee.meef®eJe,25,
9,10,Municipal Secretary keÀe³e& keÀjCeejs Keeles : ceneveiejHeeefuekeÀe meef®eJe,410600950,1000100000,HO - M.S. MS ...,25,
9,10,Municipal Secretary keÀe³e& keÀjCeejs Keeles : ceneveiejHeeefuekeÀe meef®eJe,410700102,1000100000,HO - M.S. MS ... 25 cegK³eeue³e-ce.ve.Hee.meef®eJe,25,
9,10,Municipal Secretary keÀe³e& keÀjCeejs Keeles : ceneveiejHeeefuekeÀe meef®eJe,410700103,1000100000,HO - M.S. MS ... 25 cegK³eeue³e-ce.ve.Hee.meef®eJe,25,
9,10,Municipal Secretary keÀe³e& keÀjCeejs Keeles : ceneveiejHeeefuekeÀe meef®eJe,410700104,1000100000,HO - M.S. MS ... 25 cegK³eeue³e-ce.ve.Hee.meef®eJe,25,
9,10,Municipal Secretary keÀe³e& keÀjCeejs Keeles : ceneveiejHeeefuekeÀe meef®eJe,410700201,1000100000,HO - M.S. MS ... 25 cegK³eeue³e-ce.ve.Hee.meef®eJe,25,
10,10,Municipal Secretary keÀe³e& keÀjCeejs Keeles : ceneveiejHeeefuekeÀe meef®eJe,410600950,1000100000,HO - M.S. MS ... 25 cegK³eeue³e-ce.ve.Hee.meef®eJe,25,
10,10,Municipal Secretary keÀe³e& keÀjCeejs Keeles : ceneveiejHeeefuekeÀe meef®eJe,410700102,1000100000,HO - M.S. MS ... 25 cegK³eeue³e-ce.ve.Hee.meef®eJe,25,
10,10,Municipal Secretary keÀe³e& keÀjCeejs Keeles : ceneveiejHeeefuekeÀe meef®eJe,410700103,1000100000,HO - M.S. MS ...,25,
10,10,Municipal Secretary keÀe³e& keÀjCeejs Keeles : ceneveiejHeeefuekeÀe meef®eJe,410700104,1000100000,HO - M.S. MS ... 25 cegK³eeue³e-ce.ve.Hee.meef®eJe,25,
10,10,Municipal Secretary keÀe³e& keÀjCeejs Keeles : ceneveiejHeeefuekeÀe meef®eJe,410700201,1000100000,HO - M.S. MS ... 25 cegK³eeue³e-ce.ve.Hee.meef®eJe,25,
11,10,Municipal Secretary keÀe³e& keÀjCeejs Keeles : ceneveiejHeeefuekeÀe meef®eJe,410600950,1000100000,HO - M.S. MS ... 50 cegK³eeue³e-ce.ve.Hee.meef®eJe,50,
11,10,Municipal Secretary keÀe³e& keÀjCeejs Keeles : ceneveiejHeeefuekeÀe meef®eJe,410700102,1000100000,HO - M.S. MS ... 50 cegK³eeue³e-ce.ve.Hee.meef®eJe,50,
11,10,Municipal Secretary keÀe³e& keÀjCeejs Keeles : ceneveiejHeeefuekeÀe meef®eJe,410700103,1000100000,HO - M.S. MS ... 50 cegK³eeue³e-ce.ve.Hee.meef®eJe,50,
11,10,Municipal Secretary keÀe³e& keÀjCeejs Keeles : ceneveiejHeeefuekeÀe meef®eJe,410700104,1000100000,HO - M.S. MS ... 50 cegK³eeue³e-ce.ve.Hee.meef®eJe,50,
11,10,Municipal Secretary keÀe³e& keÀjCeejs Keeles : ceneveiejHeeefuekeÀe meef®eJe,410700201,1000100000,HO - M.S. MS ...,25,
12,10,Municipal Secretary keÀe³e& keÀjCeejs Keeles : ceneveiejHeeefuekeÀe meef®eJe,410600950,1000100000,HO - M.S. MS ...,100,
12,10,Municipal Secretary keÀe³e& keÀjCeejs Keeles : ceneveiejHeeefuekeÀe meef®eJe,410700102,1000100000,HO - M.S. MS ... 100 cegK³eeue³e-ce.ve.Hee.meef®eJe,100,
12,10,Municipal Secretary keÀe³e& keÀjCeejs Keeles : ceneveiejHeeefuekeÀe meef®eJe,410700103,1000100000,HO - M.S. MS ... 100 cegK³eeue³e-ce.ve.Hee.meef®eJe,100,
12,10,Municipal Secretary keÀe³e& keÀjCeejs Keeles : ceneveiejHeeefuekeÀe meef®eJe,410700104,1000100000,HO - M.S. MS ... 100 cegK³eeue³e-ce.ve.Hee.meef®eJe,100,
12,10,Municipal Secretary keÀe³e& keÀjCeejs Keeles : ceneveiejHeeefuekeÀe meef®eJe,410700201,1000100000,HO - M.S. MS ... 25 cegK³eeue³e-ce.ve.Hee.meef®eJe,25,
13,10,Municipal Secretary keÀe³e& keÀjCeejs Keeles : ceneveiejHeeefuekeÀe meef®eJe,410600950,4050100000,"A, B & E W.C.- M.S. MS ... 10 S,yeer DeeefCe F Òe.meefceleer-ce.me.",10,
13,10,Municipal Secretary keÀe³e& keÀjCeejs Keeles : ceneveiejHeeefuekeÀe meef®eJe,410600950,4040100000,C & D W.C.- M.S. MS ... 10 meerr DeeefCe [er Òe.meefceleer-ce.me.,10,
13,10,Municipal Secretary keÀe³e& keÀjCeejs Keeles : ceneveiejHeeefuekeÀe meef®eJe,410600950,4060100000,MS ...,10,
13,10,Municipal Secretary keÀe³e& keÀjCeejs Keeles : ceneveiejHeeefuekeÀe meef®eJe,410600950,4090100000,G/North W.C.- M.S. MS ... 10 peer /Gllej Òe.meefceleer - ce.me.,10,
13,10,Municipal Secretary keÀe³e& keÀjCeejs Keeles : ceneveiejHeeefuekeÀe meef®eJe,410600950,4110100000,MS ...,10,
13,10,Municipal Secretary keÀe³e& keÀjCeejs Keeles : ceneveiejHeeefuekeÀe meef®eJe,410600950,4120100000,K/East W.C.- M.S. MS ... 10 kesÀ/HetJe& Òe.meefceleer - ce.me.,10,
13,10,Municipal Secretary keÀe³e& keÀjCeejs Keeles : ceneveiejHeeefuekeÀe meef®eJe,410600950,4130100000,K/West W.C.- M.S. MS 10 kesÀ/Heefµ®ece Òe.meefceleer - ce.me.,10,
13,10,Municipal Secretary keÀe³e& keÀjCeejs Keeles : ceneveiejHeeefuekeÀe meef®eJe,410600950,4140100000,P/South W.C.- M.S. MS ... 10 Heer/oef#eCe Òe.meefceleer - ce.me.,10,
13,10,Municipal Secretary keÀe³e& keÀjCeejs Keeles : ceneveiejHeeefuekeÀe meef®eJe,410600950,4150100000,P/North W.C.- M.S. MS ... 10 Heer/Gllej Òe.meefceleer - ce.me.,10,
13,10,Municipal Secretary keÀe³e& keÀjCeejs Keeles : ceneveiejHeeefuekeÀe meef®eJe,410600950,4160100000,R/South W.C.- M.S. MS ...,10,
13,10,Municipal Secretary keÀe³e& keÀjCeejs Keeles : ceneveiejHeeefuekeÀe meef®eJe,410600950,4180100000,MS ...,10,
13,10,Municipal Secretary keÀe³e& keÀjCeejs Keeles : ceneveiejHeeefuekeÀe meef®eJe,410600950,4190100000,L W.C.- M.S. MS ...,10,
13,10,Municipal Secretary keÀe³e& keÀjCeejs Keeles : ceneveiejHeeefuekeÀe meef®eJe,410600950,4200100000,M/E W.C.- M.S. MS ... 10 Sce/HetJe& Òe.meefceleer-ce.me.,10,
13,10,Municipal Secretary keÀe³e& keÀjCeejs Keeles : ceneveiejHeeefuekeÀe meef®eJe,410600950,4210100000,M/W W.C.- M.S. MS ... 10 Sce/Heefµ®ece Òe.meefceleer-ce.me.,10,
13,10,Municipal Secretary keÀe³e& keÀjCeejs Keeles : ceneveiejHeeefuekeÀe meef®eJe,410600950,4220100000,N W.C.- M.S. MS ...,10,
13,10,Municipal Secretary keÀe³e& keÀjCeejs Keeles : ceneveiejHeeefuekeÀe meef®eJe,410600950,4240100000,S & T W.C.- M.S. MS ... 10 Sme DeeefCe ìer Òe.meefceleer-ce.me.,10,
14,10,Municipal Secretary keÀe³e& keÀjCeejs Keeles : ceneveiejHeeefuekeÀe meef®eJe,410700102,4050100000,"A, B & E W.C.- M.S. MS ...",...,10
14,10,Municipal Secretary keÀe³e& keÀjCeejs Keeles : ceneveiejHeeefuekeÀe meef®eJe,410700102,4040100000,C & D W.C.- M.S. MS ... 10 meerr DeeefCe [er Òe.meefceleer-ce.me.,...,10
14,10,Municipal Secretary keÀe³e& keÀjCeejs Keeles : ceneveiejHeeefuekeÀe meef®eJe,410700102,4060100000,MS ...,...,10
14,10,Municipal Secretary keÀe³e& keÀjCeejs Keeles : ceneveiejHeeefuekeÀe meef®eJe,410700102,4080100000,G/South W.C.- M.S. MS ...,...,10
14,10,Municipal Secretary keÀe³e& keÀjCeejs Keeles : ceneveiejHeeefuekeÀe meef®eJe,410700102,4090100000,G/North W.C.- M.S. MS ... 10 peer /Gllej Òe.meefceleer - ce.me.,...,10
14,10,Municipal Secretary keÀe³e& keÀjCeejs Keeles : ceneveiejHeeefuekeÀe meef®eJe,410700102,4110100000,MS ...,...,10
14,10,Municipal Secretary keÀe³e& keÀjCeejs Keeles : ceneveiejHeeefuekeÀe meef®eJe,410700102,4120100000,K/East W.C.- M.S. MS ...,...,10
14,10,Municipal Secretary keÀe³e& keÀjCeejs Keeles : ceneveiejHeeefuekeÀe meef®eJe,410700102,4130100000,K/West W.C.- M.S. MS ... 10 kesÀ/Heefµ®ece Òe.meefceleer - ce.me.,...,10
14,10,Municipal Secretary keÀe³e& keÀjCeejs Keeles : ceneveiejHeeefuekeÀe meef®eJe,410700102,4140100000,P/South W.C.- M.S. MS ... 10 Heer/oef#eCe Òe.meefceleer - ce.me.,...,10
14,10,Municipal Secretary keÀe³e& keÀjCeejs Keeles : ceneveiejHeeefuekeÀe meef®eJe,410700102,4150100000,P/North W.C.- M.S. MS ...,...,10
14,10,Municipal Secretary keÀe³e& keÀjCeejs Keeles : ceneveiejHeeefuekeÀe meef®eJe,410700102,4160100000,R/South W.C.- M.S. MS ... 10 Deej/oef#eCe Òe.meefceleer - ce.me.,...,10
14,10,Municipal Secretary keÀe³e& keÀjCeejs Keeles : ceneveiejHeeefuekeÀe meef®eJe,410700102,4180100000,MS ...,...,10
14,10,Municipal Secretary keÀe³e& keÀjCeejs Keeles : ceneveiejHeeefuekeÀe meef®eJe,410700102,4190100000,L W.C.- M.S. MS 10 S} Òe.meefceleer - ce.me.,,10
14,10,Municipal Secretary keÀe³e& keÀjCeejs Keeles : ceneveiejHeeefuekeÀe meef®eJe,410700102,4200100000,M/E W.C.- M.S. MS ... 10 Sce/HetJe& Òe.meefceleer-ce.me.,...,10
14,10,Municipal Secretary keÀe³e& keÀjCeejs Keeles : ceneveiejHeeefuekeÀe meef®eJe,410700102,4210100000,M/W W.C.- M.S. MS ... 10 Sce/Heefµ®ece Òe.meefceleer-ce.me.,...,10
14,10,Municipal Secretary keÀe³e& keÀjCeejs Keeles : ceneveiejHeeefuekeÀe meef®eJe,410700102,4220100000,N W.C.- M.S. MS ... 10 Sve Òe.meefceleer - ce.me.,...,10
14,10,Municipal Secretary keÀe³e& keÀjCeejs Keeles : ceneveiejHeeefuekeÀe meef®eJe,410700102,4240100000,S & T W.C.- M.S. MS ... 10 Sme DeeefCe ìer Òe.meefceleer-ce.me.,...,10
14,10,Municipal Secretary keÀe³e& keÀjCeejs Keeles : ceneveiejHeeefuekeÀe meef®eJe,410700103,4050100000,"A, B & E W.C.- M.S. MS ...",...,25
14,10,Municipal Secretary keÀe³e& keÀjCeejs Keeles : ceneveiejHeeefuekeÀe meef®eJe,410700103,4040100000,C & D W.C.- M.S. MS ... 25 meerr DeeefCe [er Òe.meefceleer - ce.me.,...,25
14,10,Municipal Secretary keÀe³e& keÀjCeejs Keeles : ceneveiejHeeefuekeÀe meef®eJe,410700103,4060100000,MS ...,...,25
14,10,Municipal Secretary keÀe³e& keÀjCeejs Keeles : ceneveiejHeeefuekeÀe meef®eJe,410700103,4080100000,G/South W.C.- M.S. MS ... 25 peer /oef#eCe Òe.meefceleer - ce.me.,...,25
14,10,Municipal Secretary keÀe³e& keÀjCeejs Keeles : ceneveiejHeeefuekeÀe meef®eJe,410700103,4090100000,G/North W.C.- M.S. MS ...,...,25
14,10,Municipal Secretary keÀe³e& keÀjCeejs Keeles : ceneveiejHeeefuekeÀe meef®eJe,410700103,4110100000,MS ...,...,25
14,10,Municipal Secretary keÀe³e& keÀjCeejs Keeles : ceneveiejHeeefuekeÀe meef®eJe,410700103,4120100000,K/East W.C.- M.S. MS ... 25 kesÀ/HetJe& Òe.meefceleer - ce.me.,...,25
14,10,Municipal Secretary keÀe³e& keÀjCeejs Keeles : ceneveiejHeeefuekeÀe meef®eJe,410700103,4130100000,K/West W.C.- M.S. MS ... 25 kesÀ/Heefµ®ece Òe.meefceleer - ce.me.,...,25
15,10,Municipal Secretary keÀe³e& keÀjCeejs Keeles : ceneveiejHeeefuekeÀe meef®eJe,410700103,4140100000,P/South W.C.- M.S. MS ... 25 Heer/oef#eCe Òe.meefceleer - ce.me.,...,25
15,10,Municipal Secretary keÀe³e& keÀjCeejs Keeles : ceneveiejHeeefuekeÀe meef®eJe,410700103,4150100000,P/North W.C.- M.S. MS ...,...,25
15,10,Municipal Secretary keÀe³e& keÀjCeejs Keeles : ceneveiejHeeefuekeÀe meef®eJe,410700103,4160100000,R/South W.C.- M.S. MS 25 25 Deej/oef#eCe Òe.meefceleer - ce.me.,25,25
15,10,Municipal Secretary keÀe³e& keÀjCeejs Keeles : ceneveiejHeeefuekeÀe meef®eJe,410700103,4180100000,MS ...,...,25
15,10,Municipal Secretary keÀe³e& keÀjCeejs Keeles : ceneveiejHeeefuekeÀe meef®eJe,410700103,4190100000,L W.C.- M.S. MS ... 25 S} Òe.meefceleer - ce.me.,...,25
15,10,Municipal Secretary keÀe³e& keÀjCeejs Keeles : ceneveiejHeeefuekeÀe meef®eJe,410700103,4200100000,MS 25 Sce/HetJe& Òe.meefceleer-ce.me.,,25
15,10,Municipal Secretary keÀe³e& keÀjCeejs Keeles : ceneveiejHeeefuekeÀe meef®eJe,410700103,4210100000,M/W W.C.- M.S. MS ... 25 Sce/Heefµ®ece Òe.meefceleer-ce.me.,...,25
15,10,Municipal Secretary keÀe³e& keÀjCeejs Keeles : ceneveiejHeeefuekeÀe meef®eJe,410700103,4220100000,N W.C.- M.S. MS ...,...,25
15,10,Municipal Secretary keÀe³e& keÀjCeejs Keeles : ceneveiejHeeefuekeÀe meef®eJe,410700103,4240100000,S & T W.C.- M.S. MS ... 25 Sme DeeefCe ìer Òe.meefceleer-ce.me.,...,25
15,10,Municipal Secretary keÀe³e& keÀjCeejs Keeles : ceneveiejHeeefuekeÀe meef®eJe,410700104,4050100000,"A, B & E W.C.- M.S. MS ...",...,25
15,10,Municipal Secretary keÀe³e& keÀjCeejs Keeles : ceneveiejHeeefuekeÀe meef®eJe,410700104,4040100000,C & D W.C.- M.S. MS ... 25 meerr DeeefCe [er Òe.meefceleer - ce.me.,...,25
15,10,Municipal Secretary keÀe³e& keÀjCeejs Keeles : ceneveiejHeeefuekeÀe meef®eJe,410700104,4060100000,MS ...,...,25
15,10,Municipal Secretary keÀe³e& keÀjCeejs Keeles : ceneveiejHeeefuekeÀe meef®eJe,410700104,4080100000,G/South W.C.- M.S. MS ... 25 peer /oef#eCe Òe.meefceleer - ce.me.,...,25
15,10,Municipal Secretary keÀe³e& keÀjCeejs Keeles : ceneveiejHeeefuekeÀe meef®eJe,410700104,4090100000,G/North W.C.- M.S. MS ...,...,25
15,10,Municipal Secretary keÀe³e& keÀjCeejs Keeles : ceneveiejHeeefuekeÀe meef®eJe,410700104,4110100000,MS ...,...,25
15,10,Municipal Secretary keÀe³e& keÀjCeejs Keeles : ceneveiejHeeefuekeÀe meef®eJe,410700104,4120100000,K/East W.C.- M.S. MS ... 25 kesÀ/HetJe& Òe.meefceleer - ce.me.,...,25
15,10,Municipal Secretary keÀe³e& keÀjCeejs Keeles : ceneveiejHeeefuekeÀe meef®eJe,410700104,4130100000,K/West W.C.- M.S. MS ... 25 kesÀ/Heefµ®ece Òe.meefceleer - ce.me.,...,25
15,10,Municipal Secretary keÀe³e& keÀjCeejs Keeles : ceneveiejHeeefuekeÀe meef®eJe,410700104,4140100000,P/South W.C.- M.S. MS ... 25 Heer/oef#eCe Òe.meefceleer - ce.me.,...,25
15,10,Municipal Secretary keÀe³e& keÀjCeejs Keeles : ceneveiejHeeefuekeÀe meef®eJe,410700104,4150100000,P/North W.C.- M.S. MS ... 25 Heer/Gllej Òe.meefceleer - ce.me.,...,25
15,10,Municipal Secretary keÀe³e& keÀjCeejs Keeles : ceneveiejHeeefuekeÀe meef®eJe,410700104,4160100000,R/South W.C.- M.S. MS 25 25 Deej/oef#eCe Òe.meefceleer - ce.me.,25,25
15,10,Municipal Secretary keÀe³e& keÀjCeejs Keeles : ceneveiejHeeefuekeÀe meef®eJe,410700104,4180100000,MS ...,...,25
15,10,Municipal Secretary keÀe³e& keÀjCeejs Keeles : ceneveiejHeeefuekeÀe meef®eJe,410700104,4190100000,L W.C.- M.S. MS ... 25 S} Òe.meefceleer - ce.me.,...,25
15,10,Municipal Secretary keÀe³e& keÀjCeejs Keeles : ceneveiejHeeefuekeÀe meef®eJe,410700104,4200100000,M/E W.C.- M.S. MS ... 25 Sce/HetJe& Òe.meefceleer-ce.me.,...,25
15,10,Municipal Secretary keÀe³e& keÀjCeejs Keeles : ceneveiejHeeefuekeÀe meef®eJe,410700104,4210100000,M/W W.C.- M.S. MS ... 25 Sce/Heefµ®ece Òe.meefceleer-ce.me.,...,25
15,10,Municipal Secretary keÀe³e& keÀjCeejs Keeles : ceneveiejHeeefuekeÀe meef®eJe,410700104,4220100000,N W.C.- M.S. MS ...,...,25
15,10,Municipal Secretary keÀe³e& keÀjCeejs Keeles : ceneveiejHeeefuekeÀe meef®eJe,410700104,4240100000,S & T W.C.- M.S. MS ... 25 Sme DeeefCe ìer Òe.meefceleer-ce.me.,...,25
16,10,Municipal Secretary keÀe³e& keÀjCeejs Keeles : ceneveiejHeeefuekeÀe meef®eJe,410700201,4050100000,"A, B & E W.C.- M.S. MS ... 10 S,yeer DeeefCe F Òe.meefceleer-ce.me.",...,10
16,10,Municipal Secretary keÀe³e& keÀjCeejs Keeles : ceneveiejHeeefuekeÀe meef®eJe,410700201,4040100000,C & D W.C.- M.S. MS ... 10 meerr DeeefCe [er Òe.meefceleer - ce.me.,...,10
16,10,Municipal Secretary keÀe³e& keÀjCeejs Keeles : ceneveiejHeeefuekeÀe meef®eJe,410700201,4060100000,MS ...,...,10
16,10,Municipal Secretary keÀe³e& keÀjCeejs Keeles : ceneveiejHeeefuekeÀe meef®eJe,410700201,4080100000,G/South W.C.- M.S. MS ... 10 peer /oef#eCe Òe.meefceleer - ce.me.,...,10
16,10,Municipal Secretary keÀe³e& keÀjCeejs Keeles : ceneveiejHeeefuekeÀe meef®eJe,410700201,4090100000,G/North W.C.- M.S. MS ... 10 peer /Gllej Òe.meefceleer - ce.me.,...,10
16,10,Municipal Secretary keÀe³e& keÀjCeejs Keeles : ceneveiejHeeefuekeÀe meef®eJe,410700201,4110100000,MS ...,...,10
16,10,Municipal Secretary keÀe³e& keÀjCeejs Keeles : ceneveiejHeeefuekeÀe meef®eJe,410700201,4120100000,K/East W.C.- M.S. MS ...,...,10
16,10,Municipal Secretary keÀe³e& keÀjCeejs Keeles : ceneveiejHeeefuekeÀe meef®eJe,410700201,4130100000,K/West W.C.- M.S. MS ...,...,10
16,10,Municipal Secretary keÀe³e& keÀjCeejs Keeles : ceneveiejHeeefuekeÀe meef®eJe,410700201,4140100000,P/South W.C.- M.S. MS ...,...,10
16,10,Municipal Secretary keÀe³e& keÀjCeejs Keeles : ceneveiejHeeefuekeÀe meef®eJe,410700201,4150100000,P/North W.C.- M.S. MS ... 10 Heer/Gllej Òe.meefceleer - ce.me.,...,10
16,10,Municipal Secretary keÀe³e& keÀjCeejs Keeles : ceneveiejHeeefuekeÀe meef®eJe,410700201,4160100000,R/South W.C.- M.S. MS ... 10 Deej/oef#eCe Òe.meefceleer - ce.me.,...,10
16,10,Municipal Secretary keÀe³e& keÀjCeejs Keeles : ceneveiejHeeefuekeÀe meef®eJe,410700201,4180100000,MS ...,...,10
16,10,Municipal Secretary keÀe³e& keÀjCeejs Keeles : ceneveiejHeeefuekeÀe meef®eJe,410700201,4190100000,L W.C.- M.S. MS ... 10 S} Òe.meefceleer - ce.me.,...,10
16,10,Municipal Secretary keÀe³e& keÀjCeejs Keeles : ceneveiejHeeefuekeÀe meef®eJe,410700201,4200100000,M/E W.C.- M.S. MS ... 10 Sce/HetJe& Òe.meefceleer-ce.me.,...,10
16,10,Municipal Secretary keÀe³e& keÀjCeejs Keeles : ceneveiejHeeefuekeÀe meef®eJe,410700201,4210100000,M/W W.C.- M.S. MS ... 10 Sce/Heefµ®ece Òe.meefceleer-ce.me.,...,10
16,10,Municipal Secretary keÀe³e& keÀjCeejs Keeles : ceneveiejHeeefuekeÀe meef®eJe,410700201,4220100000,N W.C.- M.S. MS ... 10 Sve Òe.meefceleer - ce.me.,...,10
16,10,Municipal Secretary keÀe³e& keÀjCeejs Keeles : ceneveiejHeeefuekeÀe meef®eJe,410700201,4240100000,S & T W.C.- M.S. MS ... 10 Sme DeeefCe ìer Òe.meefceleer-ce.me.,...,10
17,10,Municipal Secretary keÀe³e& keÀjCeejs Keeles : ceneveiejHeeefuekeÀe meef®eJe,410600301,1000100000,HO - M.S. MS 50,50,
17,10,Municipal Secretary keÀe³e& keÀjCeejs Keeles : ceneveiejHeeefuekeÀe meef®eJe,410600610,1000100000,HO - M.S. MS ...,100,
17,10,Municipal Secretary keÀe³e& keÀjCeejs Keeles : ceneveiejHeeefuekeÀe meef®eJe,410600950,1000100000,HO - M.S. MS ... 25 cegK³eeue³e-ce.ve.Hee.meef®eJe,25,
17,10,Municipal Secretary keÀe³e& keÀjCeejs Keeles : ceneveiejHeeefuekeÀe meef®eJe,410700100,1000100101,Mayor's Bunglow -M.S. MS ...,1000,
17,10,Municipal Secretary keÀe³e& keÀjCeejs Keeles : ceneveiejHeeefuekeÀe meef®eJe,410700102,1000100000,HO - M.S. MS ... 50 cegK³eeue³e-ce.ve.Hee.meef®eJe,50,
17,10,Municipal Secretary keÀe³e& keÀjCeejs Keeles : ceneveiejHeeefuekeÀe meef®eJe,410700103,1000100000,HO - M.S. MS ... 100 cegK³eeue³e-ce.ve.Hee.meef®eJe,100,
17,10,Municipal Secretary keÀe³e& keÀjCeejs Keeles : ceneveiejHeeefuekeÀe meef®eJe,410700104,1000100000,HO - M.S. MS ... 100 cegK³eeue³e-ce.ve.Hee.meef®eJe,100,
17,10,Municipal Secretary keÀe³e& keÀjCeejs Keeles : ceneveiejHeeefuekeÀe meef®eJe,410700201,1000100000,HO - M.S. MS ... 25 cegK³eeue³e-ce.ve.Hee.meef®eJe,25,
18,10,Municipal Secretary keÀe³e& keÀjCeejs Keeles : ceneveiejHeeefuekeÀe meef®eJe,410600200,1000100000,HO - M.S. MS 50 50 cegK³eeue³e-ce.ve.Hee.meef®eJe,50,
18,10,Municipal Secretary keÀe³e& keÀjCeejs Keeles : ceneveiejHeeefuekeÀe meef®eJe,410600301,1000100000,HO - M.S. MS 50 50 cegK³eeue³e-ce.ve.Hee.meef®eJe,50,
18,10,Municipal Secretary keÀe³e& keÀjCeejs Keeles : ceneveiejHeeefuekeÀe meef®eJe,410600320,1000100000,HO - M.S. MS 300 300 cegK³eeue³e-ce.ve.Hee.meef®eJe,300,
18,10,Municipal Secretary keÀe³e& keÀjCeejs Keeles : ceneveiejHeeefuekeÀe meef®eJe,410700104,1000100000,HO - M.S. MS ... 25 cegK³eeue³e-ce.ve.Hee.meef®eJe,25,
18,10,Municipal Secretary keÀe³e& keÀjCeejs Keeles : ceneveiejHeeefuekeÀe meef®eJe,410700201,1000100000,HO - M.S. MS ... 25 cegK³eeue³e-ce.ve.Hee.meef®eJe,25,
18,10,Municipal Secretary keÀe³e& keÀjCeejs Keeles : ceneveiejHeeefuekeÀe meef®eJe,501000002,1000100000,MS ... 200 DeeefCe meJe& ÒekeÀej®eer efJeÐegle,200,
21,11,Municipal Chief Auditor's Deptt. keÀe³e& keÀjCeejs Keeles : ce.ve.Hee.cegK³e uesKee Heefj#ekeÀ,410600000,1000110000,HO - M.C.A. MCA 1000,1500,
21,11,Municipal Chief Auditor's Deptt. keÀe³e& keÀjCeejs Keeles : ce.ve.Hee.cegK³e uesKee Heefj#ekeÀ,410700000,1000110000,HO - M.C.A. MCA 764,200,
22,11,Municipal Chief Auditor's Deptt. keÀe³e& keÀjCeejs Keeles : ce.ve.Hee.cegK³e uesKee Heefj#ekeÀ,410600200,1000110000,HO - MCA MCA 461,100,
22,11,Municipal Chief Auditor's Deptt. keÀe³e& keÀjCeejs Keeles : ce.ve.Hee.cegK³e uesKee Heefj#ekeÀ,410700000,1000110000,HO - M.C.A. MCA 142,50,
26,11,Departments related to General Administration and Ward Management,410400034,1000125437,H. R. Module Training Centre M.C. 200 200 S®e.Deej. cee@[³etue ì^sefvebie meWìj,200,
26,11,Departments related to General Administration and Ward Management,410400034,4010120000,A Ward M.C. 100 100 S efJeYeeie,100,
26,11,Departments related to General Administration and Ward Management,410400034,4020120000,B Ward M.C. 100 100 yeer efJeYeeie,100,
26,11,Departments related to General Administration and Ward Management,410400034,4030120000,C Ward M.C. 200 200 meer efJeYeeie,200,
26,11,Departments related to General Administration and Ward Management,410400034,4040120000,D Ward M.C. 100 100 [er efJeYeeie,100,
26,11,Departments related to General Administration and Ward Management,410400034,4050120000,E Ward M.C. 200 200 F& efJeYeeie,200,
26,11,Departments related to General Administration and Ward Management,410400034,4060120000,F/South Ward M.C. 100 100 SHeÀ/oef#eCe efJeYeeie,100,
26,11,Departments related to General Administration and Ward Management,410400034,4070120000,F/North Ward M.C. 100 100 SHeÀ/Gllej efJeYeeie,100,
26,11,Departments related to General Administration and Ward Management,410400034,4080120000,G/South Ward M.C. 200 200 peer/oef#eCe efJeYeeie,200,
26,11,Departments related to General Administration and Ward Management,410400034,4090120000,G/North Ward M.C. 100 100 peer/Gllej efJeYeeie,100,
26,11,Departments related to General Administration and Ward Management,410400034,4100120000,H/East Ward M.C. 200 200 S®e/HetJe& efJeYeeie,200,
26,11,Departments related to General Administration and Ward Management,410400034,4110120000,H/West Ward M.C. 100 100 S®e/HeefM®ece efJeYeeie,100,
26,11,Departments related to General Administration and Ward Management,410400034,4120120000,K/East Ward M.C. 100 100 kesÀ/HetJe& efJeYeeie,100,
26,11,Departments related to General Administration and Ward Management,410400034,4130120000,K/West Ward M.C. 100 100 kesÀ/HeefM®ece efJeYeeie,100,
26,11,Departments related to General Administration and Ward Management,410400034,4140120000,P/South Ward M.C. 100 100 Heer/oef#eCe efJeYeeie,100,
26,11,Departments related to General Administration and Ward Management,410400034,4150120000,P/North Ward M.C. 100 100 Heer/Gllej efJeYeeie,100,
26,11,Departments related to General Administration and Ward Management,410400034,4160120000,R/South Ward M.C. 100 100 Deej/oef#eCe efJeYeeie,100,
26,11,Departments related to General Administration and Ward Management,410400034,4170120000,M.C. 200 200 Deej/Gllej efJeYeeie,200,
26,11,Departments related to General Administration and Ward Management,410400034,4180120000,M.C. 100 100 Deej/ceO³e efJeYeeie,100,
26,11,Departments related to General Administration and Ward Management,410400034,4190120000,L Ward M.C. 100 100 Sue efJeYeeie,100,
26,11,Departments related to General Administration and Ward Management,410400034,4200120000,M/East Ward M.C. 100 100 Sce/HetJe& efJeYeeie,100,
26,11,Departments related to General Administration and Ward Management,410400034,4210120000,M/West Ward M.C. 100 100 Sce/HeefM®ece efJeYeeie,100,
26,11,Departments related to General Administration and Ward Management,410400034,4220120000,N Ward M.C. 100 100 Sve efJeYeeie,100,
26,11,Departments related to General Administration and Ward Management,410400034,4230120000,S Ward M.C. 100 100 Sme efJeYeeie,100,
26,11,Departments related to General Administration and Ward Management,410400034,4240120000,T Ward M.C. 100 100 ìer efJeYeeie,100,
27,11,Departments related to General Administration and Ward Management,410600200,1000120000,H.O.-M.C. M.C. 300,300,300
27,11,Departments related to General Administration and Ward Management,410600200,1000124402,Dy.Ch.Eng. (PPPP) M.C. 500 500 GHe He´. DeefYe. (HeerHeerHeerHeer),500,500
27,11,Departments related to General Administration and Ward Management,410600200,1000125401,M.C. Office M.C. 200 200 Dee³egkeÌleeb®es keÀe³ee&ue³e,200,200
27,11,Departments related to General Administration and Ward Management,410600200,1000125402,A.M.C.(Project)-Office M.C. 200 200 DeefleefjkeÌle Dee³egkeÌle (He´keÀuHe)-keÀe³ee&ue³e,200,200
27,11,Departments related to General Administration and Ward Management,410600200,1000125403,A.M.C.(City)-Office M.C. 200 200 DeefleefjkeÌle Dee³egkeÌle (Menj)-keÀe³ee&ue³e,200,200
27,11,Departments related to General Administration and Ward Management,410600200,1000125404,A.M.C.(W.S.)-Office M.C. 200 200 DeefleefjkeÌle Dee³egkeÌle (He.G.)-keÀe³ee&ue³e,200,200
27,11,Departments related to General Administration and Ward Management,410600200,1000125405,A.M.C.(E.S.)-Office M.C. 200 200 DeefleefjkeÌle Dee³egkeÌle (Het.G.)-keÀe³ee&ue³e,200,200
27,11,Departments related to General Administration and Ward Management,410600200,1000125407,Director (M.E. & M.H.) M.C. 200 200 meb®eeuekeÀ (Jew.efMe.DeeefCe cegK³e ©iCeeue³es),200,200
27,11,Departments related to General Administration and Ward Management,410600200,1000125408,Director (E.S.& P.)-M.C. M.C. 100 100 meb®eeuekeÀ (De.mes. Je He´.) Dee³egkeÌle,100,100
27,11,Departments related to General Administration and Ward Management,410600200,1000125409,D.M.C.(Gen. Admn.) M.C. 500 500 Ghe Dee³egkeÌle (mee.He´.),500,500
27,11,Departments related to General Administration and Ward Management,410600200,1000125410,"Jt. M.C. (Election) / DMC (MOc.Ctro.i A & C) 100 100 Ghe Dee³egkeÌle (pekeÀele, keÀ Je meb",100,100
27,11,Departments related to General Administration and Ward Management,410600200,1000125411,D.M.C.(Special) M.C. 100 100 Ghe Dee³egkeÌle (efJeMes<e),100,100
27,11,Departments related to General Administration and Ward Management,410600200,1000125414,D.M.C. (E. & W. M.) M.C. 100 100 Ghe Dee³egkeÌle (He³ee&. DeeefCe keÀ. J³e.),100,100
27,11,Departments related to General Administration and Ward Management,410600200,1000125415,D.M.C.(Hawkers Regulation) M.C. 100 100 Ghe Dee³egkeÌle (HesÀjerJeeuee efve³eceve),100,100
27,11,Departments related to General Administration and Ward Management,410600200,1000125417,D.M.C.(Vigilance) M.C. 100 100 Ghe Dee³egkeÌle (o#elee),100,100
27,11,Departments related to General Administration and Ward Management,410600200,1000125418,Ch. E. (Vigilance) M.C. 1500 1500 He´cegKe DeefYe³eblee (o#elee),1500,1500
27,11,Departments related to General Administration and Ward Management,410600200,1000125420,D.M.C.(Environment) M.C. 200 200 Ghe Dee³egkeÌle (He³ee&JejCe),200,200
27,11,Departments related to General Administration and Ward Management,410600200,1000125427,D.M.C.(Garden & Rec.) M.C. ... 100 Ghe Dee³egkeÌle (GÐeeves Je ceveesjbpeve),...,100
27,11,Departments related to General Administration and Ward Management,410600200,1000125428,D.M.C.(C.P.A.) M.C. 100 100 Ghe Dee³egkeÌle (ce. Ke. He´e.),100,100
27,11,Departments related to General Administration and Ward Management,410600200,1000125429,D.M.C.(Public Health) M.C. 100 100 Ghe Dee³egkeÌle (meeJe&peefvekeÀ Deejesi³e),100,100
27,11,Departments related to General Administration and Ward Management,410600200,1000125431,M.C. 500 500 Ghe Dee³egkeÌle (Deefleke´ÀceCe efvecet&ueve),500,500
27,11,Departments related to General Administration and Ward Management,410600200,1000125433,Citynet Satellite Office M.C. 100 100 efmeìervesì me@ìsueeF&ì keÀe³ee&ue³e,100,100
27,11,Departments related to General Administration and Ward Management,410600200,1000125435,D.M.C.(S.W.M.) M.C. 100 100 GHe Dee³egkeÌle (Ieve keÀ®eje J³eJemLeeHeve),100,100
27,11,Departments related to General Administration and Ward Management,410600200,1000125437,H. R. Module Training Centre M.C. ... 5000 S®e.Deej. cee@[³etue ì^sefvebie meWìj,...,5000
27,11,Departments related to General Administration and Ward Management,410600200,2001125401,M.C. 10 10 mene.Dee³egkeÌle (Deefleke´ÀceCe efvecet&ueve) Menj,10,10
27,11,Departments related to General Administration and Ward Management,410600200,2002125401,M.C. 100,100,100
27,11,Departments related to General Administration and Ward Management,410600200,3001125401,D.M.C.(Zone-I) M.C. 100 100 Ghe Dee³egkeÌle (Heefjceb[U-SkeÀ),100,100
27,11,Departments related to General Administration and Ward Management,410600200,3002125401,D.M.C.(Zone-II) M.C. 100 100 Ghe Dee³egkeÌle (Heefjceb[U-oesve),100,100
27,11,Departments related to General Administration and Ward Management,410600200,3003125401,D.M.C.(Zone-III) M.C. 100 100 Ghe Dee³egkeÌle (Heefjceb[U-leerve),100,100
28,11,Departments related to General Administration and Ward Management,410600200,3004125401,D.M.C.(Zone-IV) M.C. 200 200 Ghe Dee³egkeÌle (Heefjceb[U-®eej),200,200
28,11,Departments related to General Administration and Ward Management,410600200,3005125401,D.M.C.(Zone-V) M.C. 100 100 Ghe Dee³egkeÌle (Heefjceb[U-Hee®e),100,100
28,11,Departments related to General Administration and Ward Management,410600200,3006125401,D.M.C.(Zone-VI) M.C. 200 200 Ghe Dee³egkeÌle (Heefjceb[U-mene),200,200
28,11,Departments related to General Administration and Ward Management,410600200,3007125401,D.M.C.(Zone-VII) M.C. 100 100 Ghe Dee³egkeÌle (Heefjceb[U-meele),100,100
28,11,Departments related to General Administration and Ward Management,410600200,4010120000,A Ward M.C. 200 200 S efJeYeeie,200,200
28,11,Departments related to General Administration and Ward Management,410600200,4020120000,B Ward M.C. 200 200 yeer efJeYeeie,200,200
28,11,Departments related to General Administration and Ward Management,410600200,4030120000,C Ward M.C. 200 200 meer efJeYeeie,200,200
28,11,Departments related to General Administration and Ward Management,410600200,4040120000,D Ward M.C. 220 220 [er efJeYeeie,220,220
28,11,Departments related to General Administration and Ward Management,410600200,4050120000,E Ward M.C. 200 200 F& efJeYeeie,200,200
28,11,Departments related to General Administration and Ward Management,410600200,4060120000,F/South Ward M.C. 220 220 SHeÀ/oef#eCe efJeYeeie,220,220
28,11,Departments related to General Administration and Ward Management,410600200,4070120000,F/North Ward M.C. 200 200 SHeÀ/Gllej efJeYeeie,200,200
28,11,Departments related to General Administration and Ward Management,410600200,4080120000,G/South Ward M.C. 200 200 peer/oef#eCe efJeYeeie,200,200
28,11,Departments related to General Administration and Ward Management,410600200,4090120000,G/North Ward M.C. 200 200 peer/Gllej efJeYeeie,200,200
28,11,Departments related to General Administration and Ward Management,410600200,4100120000,H/East Ward M.C. 200 200 S®e/HetJe& efJeYeeie,200,200
28,11,Departments related to General Administration and Ward Management,410600200,4110120000,H/West Ward M.C. 1000 200 S®e/HeefM®ece efJeYeeie,1000,200
28,11,Departments related to General Administration and Ward Management,410600200,4120120000,K/East Ward M.C. 200 200 kesÀ/HetJe& efJeYeeie,200,200
28,11,Departments related to General Administration and Ward Management,410600200,4130120000,K/West Ward M.C. 200 200 kesÀ/HeefM®ece efJeYeeie,200,200
28,11,Departments related to General Administration and Ward Management,410600200,4140120000,M.C. 200 200 Heer/oef#eCe efJeYeeie,200,200
28,11,Departments related to General Administration and Ward Management,410600200,4150120000,P/North Ward M.C. 200 200 Heer/Gllej efJeYeeie,200,200
28,11,Departments related to General Administration and Ward Management,410600200,4160120000,R/South Ward M.C. 200 200 Deej/oef#eCe efJeYeeie,200,200
28,11,Departments related to General Administration and Ward Management,410600200,4170120000,R/North Ward M.C. 200 200 Deej/Gllej efJeYeeie,200,200
28,11,Departments related to General Administration and Ward Management,410600200,4180120000,R/Central Ward M.C. 200 200 Deej/ceO³e efJeYeeie,200,200
28,11,Departments related to General Administration and Ward Management,410600200,4190120000,L Ward M.C. 200 200 Sue efJeYeeie,200,200
28,11,Departments related to General Administration and Ward Management,410600200,4200120000,M/East Ward M.C. 200 200 Sce/HetJe& efJeYeeie,200,200
28,11,Departments related to General Administration and Ward Management,410600200,4210120000,M/West Ward M.C. 200 200 Sce/HeefM®ece efJeYeeie,200,200
28,11,Departments related to General Administration and Ward Management,410600200,4220120000,N Ward M.C. 200 200 Sve efJeYeeie,200,200
28,11,Departments related to General Administration and Ward Management,410600200,4230120000,S Ward M.C. 200 200 Sme efJeYeeie,200,200
28,11,Departments related to General Administration and Ward Management,410600200,4240120000,T Ward M.C. 200 200 ìer efJeYeeie,200,200
29,11,Departments related to General Administration and Ward Management,410600210,1000125431,100 100 Ghe Dee³egkeÌle (Deefleke´ÀceCe efvecet&ueve),100,100
29,11,Departments related to General Administration and Ward Management,410600210,1000125437,H. R. Module Training Centre 1500 1500 S®e.Deej. cee@[³etue ì^sefvebie meWìj,1500,1500
29,11,Departments related to General Administration and Ward Management,410600300,1000120000,H.O.-M.C. M.C. 100 100 cegK³e keÀe³ee&ue³e-Dee³egkeÌle,100,100
29,11,Departments related to General Administration and Ward Management,410600300,1000125401,M.C. Office M.C. 100 100 Dee³egkeÌleeb®es keÀe³ee&ue³e,100,100
29,11,Departments related to General Administration and Ward Management,410600300,1000125402,A.M.C.(Project)-Office M.C. 100 100 DeefleefjkeÌle Dee³egkeÌle (He´keÀuHe)-keÀe³ee&ue³e,100,100
29,11,Departments related to General Administration and Ward Management,410600300,1000125403,A.M.C.(City)-Office M.C. 150 150 DeefleefjkeÌle Dee³egkeÌle (Menj)-keÀe³ee&ue³e,150,150
29,11,Departments related to General Administration and Ward Management,410600300,1000125404,A.M.C.(W.S.)-Office M.C. 200 200 DeefleefjkeÌle Dee³egkeÌle (He.G.)-keÀe³ee&ue³e,200,200
29,11,Departments related to General Administration and Ward Management,410600300,1000125405,A.M.C.(E.S.)-Office M.C. 150 150 DeefleefjkeÌle Dee³egkeÌle (Het.G.)-keÀe³ee&ue³e,150,150
29,11,Departments related to General Administration and Ward Management,410600300,1000125408,Director (E.S.& P.)-M.C. M.C. 10 10 meb®eeuekeÀ (De.mes. Je He´.) Dee³egkeÌle,10,10
29,11,Departments related to General Administration and Ward Management,410600300,1000125410,"DMC (Octroi A & C) M.C. 140 140 Ghe Dee³egkeÌle (pekeÀele, keÀ Je meb.)",140,140
29,11,Departments related to General Administration and Ward Management,410600300,1000125420,M.C. 100 100 Ghe Dee³egkeÌle (He³ee&JejCe),100,100
29,11,Departments related to General Administration and Ward Management,410600300,1000125429,D.M.C.(Public Health) M.C. 100 100 Ghe Dee³egkeÌle (meeJe&peefvekeÀ Deejesi³e),100,100
29,11,Departments related to General Administration and Ward Management,410600300,1000125431,M.C. 200 200 Ghe Dee³egkeÌle (Deefleke´ÀceCe efvecet&ueve),200,200
29,11,Departments related to General Administration and Ward Management,410600300,1000125435,D.M.C. (S.W.M.) M.C. 100 100 GHe Dee³egkeÌle (Ieve keÀ®eje J³eJemLeeHeve),100,100
29,11,Departments related to General Administration and Ward Management,410600300,2001125401,M.C. 100 100 mene.Dee³egkeÌle (Deefleke´ÀceCe efvecet&ueve) Menj,100,100
29,11,Departments related to General Administration and Ward Management,410600300,2002125401,M.C. 100,100,100
29,11,Departments related to General Administration and Ward Management,410600300,2003125401,M.C. 100,100,100
29,11,Departments related to General Administration and Ward Management,410600300,3003125401,D.M.C.(Zone-III) M.C. 100 100 Ghe Dee³egkeÌle (Heefjceb[U-leerve),100,100
29,11,Departments related to General Administration and Ward Management,410600300,3004125401,D.M.C.(Zone-IV) M.C. 100 100 Ghe Dee³egkeÌle (Heefjceb[U-®eej),100,100
29,11,Departments related to General Administration and Ward Management,410600300,3005125401,D.M.C.(Zone-V) M.C. 100 100 Ghe Dee³egkeÌle (Heefjceb[U-Hee®e),100,100
29,11,Departments related to General Administration and Ward Management,410600300,3006125401,D.M.C.(Zone-VI) M.C. 400 400 Ghe Dee³egkeÌle (Heefjceb[U-mene),400,400
29,11,Departments related to General Administration and Ward Management,410600300,3007125401,D.M.C.(Zone-VII) M.C. 100 100 Ghe Dee³egkeÌle (Heefjceb[U-meele),100,100
29,11,Departments related to General Administration and Ward Management,410600300,4030120000,C Wad M.C. 300 300 meer efJeYeeie,300,300
29,11,Departments related to General Administration and Ward Management,410600300,4050120000,E Ward M.C. 100 100 F& efJeYeeie,100,100
29,11,Departments related to General Administration and Ward Management,410600300,4090120000,G/North Ward M.C. 100 100 peer/Gllej efJeYeeie,100,100
29,11,Departments related to General Administration and Ward Management,410600300,4100120000,H/East Ward M.C. 100 100 S®e/HetJe& efJeYeeie,100,100
30,11,Departments related to General Administration and Ward Management,410600320,1000120000,H.O.- M.C. M.C. 500 500 cegK³e keÀe³ee&ue³e-Dee³egkeÌle,500,500
30,11,Departments related to General Administration and Ward Management,410600320,4030120000,C Ward M.C. 1500 1500 meer efJeYeeie,1500,1500
30,11,Departments related to General Administration and Ward Management,410600320,4100120000,H/East Ward M.C. 1000 1000 S®e/HetJe& efJeYeeie,1000,1000
30,11,Departments related to General Administration and Ward Management,410600320,4160120000,R/South Ward M.C. 1000 1000 Deej/oef#eCe efJeYeeie,1000,1000
30,11,Departments related to General Administration and Ward Management,410600320,4200120000,M/East Ward M.C. 500 500 Sce/HetJe& efJeYeeie,500,500
30,11,Departments related to General Administration and Ward Management,410600401,4020120000,B Ward 300 300 yeer efJeYeeie,300,300
30,11,Departments related to General Administration and Ward Management,410600401,4030120000,C Ward M.C. 300 300 meer efJeYeeie,300,300
30,11,Departments related to General Administration and Ward Management,410600500,1000120000,H.O.-M.C. M.C. 50 50 cegK³e keÀe³ee&ue³e-Dee³egkeÌle,50,50
30,11,Departments related to General Administration and Ward Management,410600500,1000125401,M.C. Office M.C. 50 50 Dee³egkeÌleeb®es keÀe³ee&ue³e,50,50
30,11,Departments related to General Administration and Ward Management,410600500,1000125429,D.M.C.(Public Health) M.C. 50 50 Ghe Dee³egkeÌle (meeJe&peefvekeÀ Deejesi³e),50,50
30,11,Departments related to General Administration and Ward Management,410600500,1000125431,M.C. 50 50 Ghe Dee³egkeÌle (Deefleke´ÀceCe efvecet&ueve),50,50
30,11,Departments related to General Administration and Ward Management,410600500,1000125435,D.M.C. (S.W.M.) M.C. 50 50 GHe Dee³egkeÌle (Ieve keÀ®eje J³eJemLeeHeve),50,50
30,11,Departments related to General Administration and Ward Management,410600500,2001125401,M.C. 50 50 mene.Dee³egkeÌle (Deefleke´ÀceCe efvecet&ueve) Menj,50,50
30,11,Departments related to General Administration and Ward Management,410600500,2002125401,M.C. 50,50,50
30,11,Departments related to General Administration and Ward Management,410600500,2003125401,M.C. 30,30,30
30,11,Departments related to General Administration and Ward Management,410600500,3005125401,D.M.C.(Zone-V) M.C. 50 50 Ghe Dee³egkeÌle (Heefjceb[U-Hee®e),50,50
30,11,Departments related to General Administration and Ward Management,410600500,4010120000,A Ward M.C. 50 50 S efJeYeeie,50,50
30,11,Departments related to General Administration and Ward Management,410600500,4020120000,B Ward M.C. 50 50 yeer efJeYeeie,50,50
30,11,Departments related to General Administration and Ward Management,410600500,4030120000,C Ward M.C. 50 50 meer efJeYeeie,50,50
30,11,Departments related to General Administration and Ward Management,410600500,4040120000,D Ward M.C. 50 50 [er efJeYeeie,50,50
30,11,Departments related to General Administration and Ward Management,410600500,4050120000,E Ward M.C. 50 50 F& efJeYeeie,50,50
30,11,Departments related to General Administration and Ward Management,410600500,4060120000,F/South Ward M.C. 50 50 SHeÀ/oef#eCe efJeYeeie,50,50
30,11,Departments related to General Administration and Ward Management,410600500,4070120000,F/North Ward M.C. 50 50 SHeÀ/Gllej efJeYeeie,50,50
31,11,Departments related to General Administration and Ward Management,410600500,4080120000,G/South Ward M.C. 200,200,200
31,11,Departments related to General Administration and Ward Management,410600500,4090120000,G/North Ward M.C. 50 50 peer/Gllej efJeYeeie,50,50
31,11,Departments related to General Administration and Ward Management,410600500,4100120000,H/East Ward M.C. 50 50 S®e/HetJe& efJeYeeie,50,50
31,11,Departments related to General Administration and Ward Management,410600500,4110120000,M.C. 50 50 S®e/HeefM®ece efJeYeeie,50,50
31,11,Departments related to General Administration and Ward Management,410600500,4120120000,K/East Ward M.C. 50 50 kesÀ/HetJe& efJeYeeie,50,50
31,11,Departments related to General Administration and Ward Management,410600500,4130120000,K/West Ward M.C. 50 50 kesÀ/HeefM®ece efJeYeeie,50,50
31,11,Departments related to General Administration and Ward Management,410600500,4140120000,M.C. 50 50 Heer/oef#eCe efJeYeeie,50,50
31,11,Departments related to General Administration and Ward Management,410600500,4150120000,P/North Ward M.C. 50 50 Heer/Gllej efJeYeeie,50,50
31,11,Departments related to General Administration and Ward Management,410600500,4160120000,R/South Ward M.C. 50 50 Deej/oef#eCe efJeYeeie,50,50
31,11,Departments related to General Administration and Ward Management,410600500,4170120000,R/North Ward M.C. 50 50 Deej/Gllej efJeYeeie,50,50
31,11,Departments related to General Administration and Ward Management,410600500,4180120000,R/Central Ward M.C. 50 50 Deej/ceO³e efJeYeeie,50,50
31,11,Departments related to General Administration and Ward Management,410600500,4190120000,L Ward M.C. 50 50 Sue efJeYeeie,50,50
31,11,Departments related to General Administration and Ward Management,410600500,4200120000,M/East Ward M.C. 50 50 Sce/HetJe& efJeYeeie,50,50
31,11,Departments related to General Administration and Ward Management,410600500,4210120000,M/West Ward M.C. 50 50 Sce/HeefM®ece efJeYeeie,50,50
31,11,Departments related to General Administration and Ward Management,410600500,4220120000,N Ward M.C. 50 50 Sve efJeYeeie,50,50
31,11,Departments related to General Administration and Ward Management,410600500,4230120000,S Ward M.C. 50 50 Sme efJeYeeie,50,50
31,11,Departments related to General Administration and Ward Management,410600500,4240120000,T Ward M.C. 50 50 ìer efJeYeeie,50,50
31,11,Departments related to General Administration and Ward Management,410600700,1000125411,D.M.C.(Special) M.C. 100 100 Ghe Dee³egkeÌle (efJeMes<e),100,100
31,11,Departments related to General Administration and Ward Management,410600700,1000125429,D.M.C.(Public Health) M.C. 50 50 Ghe Dee³egkeÌle (meeJe&peefvekeÀ Deejesi³e),50,50
31,11,Departments related to General Administration and Ward Management,410600700,1000125437,H. R. Module Training Centre M.C. 100 100 S®e.Deej. cee@[³etue ì^sefvebie meWìj,100,100
31,11,Departments related to General Administration and Ward Management,410600700,2001125401,M.C. 100 100 mene.Dee³egkeÌle (Deefleke´ÀceCe efvecet&ueve) Menj,100,100
31,11,Departments related to General Administration and Ward Management,410600700,3001125401,D.M.C.(Zone-I) M.C. 100,100,100
31,11,Departments related to General Administration and Ward Management,410600700,3002125401,D.M.C.(Zone-II) M.C. 100 100 Ghe Dee³egkeÌle (Heefjceb[U-oesve),100,100
31,11,Departments related to General Administration and Ward Management,410600700,3003125401,D.M.C.(Zone-III) M.C. 100 100 Ghe Dee³egkeÌle (Heefjceb[U-leerve),100,100
31,11,Departments related to General Administration and Ward Management,410600700,3004125401,D.M.C.(Zone-IV) M.C. 100 100 Ghe Dee³egkeÌle (Heefjceb[U-®eej),100,100
31,11,Departments related to General Administration and Ward Management,410600700,3005125401,D.M.C.(Zone-V) M.C. 100 100 Ghe Dee³egkeÌle (Heefjceb[U-Hee®e),100,100
31,11,Departments related to General Administration and Ward Management,410600700,3006125401,D.M.C.(Zone-VI) M.C. 100,100,100
31,11,Departments related to General Administration and Ward Management,410600700,3007125401,D.M.C.(Zone-VII) M.C. 100 100 Ghe Dee³egkeÌle (Heefjceb[U-meele),100,100
32,11,Departments related to General Administration and Ward Management,410600700,4010120000,A Ward M.C. 100 100 S efJeYeeie,100,100
32,11,Departments related to General Administration and Ward Management,410600700,4020120000,M.C. 100 100 yeer efJeYeeie,100,100
32,11,Departments related to General Administration and Ward Management,410600700,4030120000,C Ward M.C. 100 100 meer efJeYeeie,100,100
32,11,Departments related to General Administration and Ward Management,410600700,4040120000,D Ward M.C. 100 100 [er efJeYeeie,100,100
32,11,Departments related to General Administration and Ward Management,410600700,4050120000,E Ward M.C. 100 100 F& efJeYeeie,100,100
32,11,Departments related to General Administration and Ward Management,410600700,4060120000,F/South Ward M.C. 100 100 SHeÀ/oef#eCe efJeYeeie,100,100
32,11,Departments related to General Administration and Ward Management,410600700,4070120000,F/North Ward M.C. 100 100 SHeÀ/Gllej efJeYeeie,100,100
32,11,Departments related to General Administration and Ward Management,410600700,4080120000,G/South Ward M.C. 100 100 peer/oef#eCe efJeYeeie,100,100
32,11,Departments related to General Administration and Ward Management,410600700,4090120000,M.C. 100 100 peer/Gllej efJeYeeie,100,100
32,11,Departments related to General Administration and Ward Management,410600700,4100120000,H/East Ward M.C. 100 100 S®e/HetJe& efJeYeeie,100,100
32,11,Departments related to General Administration and Ward Management,410600700,4110120000,H/West Ward M.C. 100 100 S®e/HeefM®ece efJeYeeie,100,100
32,11,Departments related to General Administration and Ward Management,410600700,4120120000,K/East Ward M.C. 100 100 kesÀ/HetJe& efJeYeeie,100,100
32,11,Departments related to General Administration and Ward Management,410600700,4130120000,K/West Ward M.C. 100 100 kesÀ/HeefM®ece efJeYeeie,100,100
32,11,Departments related to General Administration and Ward Management,410600700,4140120000,P/South Ward M.C. 100 100 Heer/oef#eCe efJeYeeie,100,100
32,11,Departments related to General Administration and Ward Management,410600700,4150120000,P/North Ward M.C. 100 100 Heer/Gllej efJeYeeie,100,100
32,11,Departments related to General Administration and Ward Management,410600700,4160120000,R/South Ward M.C. 100 100 Deej/oef#eCe efJeYeeie,100,100
32,11,Departments related to General Administration and Ward Management,410600700,4170120000,R/North Ward M.C. 100 100 Deej/Gllej efJeYeeie,100,100
32,11,Departments related to General Administration and Ward Management,410600700,4180120000,R/Central Ward M.C. 100 100 Deej/ceO³e efJeYeeie,100,100
32,11,Departments related to General Administration and Ward Management,410600700,4190120000,L Ward M.C. 100 100 Sue efJeYeeie,100,100
32,11,Departments related to General Administration and Ward Management,410600700,4200120000,M/East Ward M.C. 100 100 Sce/HetJe& efJeYeeie,100,100
32,11,Departments related to General Administration and Ward Management,410600700,4210120000,M/West Ward M.C. 100 100 Sce/HeefM®ece efJeYeeie,100,100
32,11,Departments related to General Administration and Ward Management,410600700,4220120000,N Ward M.C. 100 100 Sve efJeYeeie,100,100
32,11,Departments related to General Administration and Ward Management,410600700,4230120000,S Ward M.C. 100 100 Sme efJeYeeie,100,100
32,11,Departments related to General Administration and Ward Management,410600700,4240120000,T Ward M.C. 100 100 ìer efJeYeeie,100,100
32,11,Departments related to General Administration and Ward Management,410600701,4030120000,C Ward M.C. 255 255 meer efJeYeeie,255,255
32,11,Departments related to General Administration and Ward Management,410600702,1000125431,D.M.C.(Removal of Encroachment) M.C. 500 500 Ghe Dee³egkeÌle (Deefleke´ÀceCe efvecet&ueve),500,500
32,11,Departments related to General Administration and Ward Management,410600702,4210120000,M/West Ward M.C. 100 100 Sce/HeefM®ece efJeYeeie,100,100
33,11,Departments related to General Administration and Ward Management,410700100,1000120000,H.O.-M.C. M.C. 100 100 cegK³e keÀe³ee&ue³e-Dee³egkeÌle,100,100
33,11,Departments related to General Administration and Ward Management,410700100,1000120102,M.C.Bungalow M.C. 100,100,100
33,11,Departments related to General Administration and Ward Management,410700100,1000125401,M.C. Office M.C. 100 100 Dee³egkeÌleeb®es keÀe³ee&ue³e,100,100
33,11,Departments related to General Administration and Ward Management,410700100,1000125402,A.M.C.(Project)-Office M.C. 100 100 DeefleefjkeÌle Dee³egkeÌle (He´keÀuHe)-keÀe³ee&ue³e,100,100
33,11,Departments related to General Administration and Ward Management,410700100,1000125403,A.M.C.(City)-Office M.C. 100 100 DeefleefjkeÌle Dee³egkeÌle (Menj)-keÀe³ee&ue³e,100,100
33,11,Departments related to General Administration and Ward Management,410700100,1000125404,A.M.C.(W.S.)-Office M.C. 100 100 DeefleefjkeÌle Dee³egkeÌle (He.G.)-keÀe³ee&ue³e,100,100
33,11,Departments related to General Administration and Ward Management,410700100,1000125405,A.M.C.(E.S.)-Office M.C. 100 100 DeefleefjkeÌle Dee³egkeÌle (Het.G.)-keÀe³ee&ue³e,100,100
33,11,Departments related to General Administration and Ward Management,410700100,1000125407,Director (M.E. & M.H.) M.C. 100 100 meb®eeuekeÀ (Jew.efMe.DeeefCe cegK³e ©iCeeue³es),100,100
33,11,Departments related to General Administration and Ward Management,410700100,1000125408,Director (E.S.& P.)-M.C. M.C. 100 100 meb®eeuekeÀ (De.mes. Je He´.) Dee³egkeÌle,100,100
33,11,Departments related to General Administration and Ward Management,410700100,1000125409,D.M.C.(Gen. Admn.) M.C. 100 100 Ghe Dee³egkeÌle (mee.He´.),100,100
33,11,Departments related to General Administration and Ward Management,410700100,1000125410,"DMC (Octroi A & C) M.C. 50 50 Ghe Dee³egkeÌle (pekeÀele, keÀ Je meb.)",50,50
33,11,Departments related to General Administration and Ward Management,410700100,1000125411,D.M.C.(Special) M.C. 50 50 Ghe Dee³egkeÌle (efJeMes<e),50,50
33,11,Departments related to General Administration and Ward Management,410700100,1000125414,D.M.C. (E. & W. M.) M.C. 50 50 Ghe Dee³egkeÌle (He³ee&. DeeefCe keÀ. J³e.),50,50
33,11,Departments related to General Administration and Ward Management,410700100,1000125415,D.M.C.(Hawkers Regulation) M.C. 50 50 Ghe Dee³egkeÌle (HesÀ. efve.),50,50
33,11,Departments related to General Administration and Ward Management,410700100,1000125417,D.M.C.(Vigilance) M.C. 50 50 Ghe Dee³egkeÌle (o#elee),50,50
33,11,Departments related to General Administration and Ward Management,410700100,1000125420,D.M.C.(Environment) M.C. 100 100 Ghe Dee³egkeÌle (He³ee&JejCe),100,100
33,11,Departments related to General Administration and Ward Management,410700100,1000125427,D.M.C.(Garden & Rec.) M.C. ... 50 Ghe Dee³egkeÌle (GÐeeves Je ceveesjbpeve),...,50
33,11,Departments related to General Administration and Ward Management,410700100,1000125428,D.M.C.(C.P.A.) M.C. 50 50 Ghe Dee³egkeÌle (ce. Ke. He´e.),50,50
33,11,Departments related to General Administration and Ward Management,410700100,1000125429,D.M.C.(Public Health) M.C. 50 50 Ghe Dee³egkeÌle (meeJe&peefvekeÀ Deejesi³e),50,50
33,11,Departments related to General Administration and Ward Management,410700100,1000125430,M.C. ...,...,200
33,11,Departments related to General Administration and Ward Management,410700100,1000125433,Citynet Satellite Office M.C. 50 50 efmeìervesì me@ìsueeF&ì keÀe³ee&ue³e,50,50
33,11,Departments related to General Administration and Ward Management,410700100,1000125435,D.M.C. (S.W.M.) M.C. 50 50 GHe Dee³egkeÌle (Ieve keÀ®eje J³eJemLeeHeve),50,50
33,11,Departments related to General Administration and Ward Management,410700100,1000125437,M.C. 1000 1000 S®e.Deej. cee@[³etue ì^sefvebie meWìj,1000,1000
33,11,Departments related to General Administration and Ward Management,410700100,3001125401,D.M.C.(Zone-I) M.C. 50 50 Ghe Dee³egkeÌle (Heefjceb[U-SkeÀ),50,50
33,11,Departments related to General Administration and Ward Management,410700100,3002125401,D.M.C.(Zone-II) M.C. 50 50 Ghe Dee³egkeÌle (Heefjceb[U-oesve),50,50
33,11,Departments related to General Administration and Ward Management,410700100,3003125401,D.M.C.(Zone-III) M.C. 50 50 Ghe Dee³egkeÌle (Heefjceb[U-leerve),50,50
33,11,Departments related to General Administration and Ward Management,410700100,3004125401,D.M.C.(Zone-IV) M.C. 50 50 Ghe Dee³egkeÌle (Heefjceb[U-®eej),50,50
33,11,Departments related to General Administration and Ward Management,410700100,3005125401,D.M.C.(Zone-V) M.C. 50 50 Ghe Dee³egkeÌle (Heefjceb[U-Hee®e),50,50
34,11,Departments related to General Administration and Ward Management,410700100,3006125401,D.M.C.(Zone-VI) M.C. 50 50 Ghe Dee³egkeÌle (Heefjceb[U-mene),50,50
34,11,Departments related to General Administration and Ward Management,410700100,3007125401,D.M.C.(Zone-VII) M.C. 50,50,50
34,11,Departments related to General Administration and Ward Management,410700100,4010120000,A Ward M.C. 100 100 S efJeYeeie,100,100
34,11,Departments related to General Administration and Ward Management,410700100,4020120000,B Ward M.C. 200 200 yeer efJeYeeie,200,200
34,11,Departments related to General Administration and Ward Management,410700100,4030120000,C Ward M.C. 200 200 meer efJeYeeie,200,200
34,11,Departments related to General Administration and Ward Management,410700100,4040120000,D Ward M.C. 100 100 [er efJeYeeie,100,100
34,11,Departments related to General Administration and Ward Management,410700100,4050120000,E Ward M.C. 100 100 F& efJeYeeie,100,100
34,11,Departments related to General Administration and Ward Management,410700100,4060120000,F/South Ward M.C. 150 150 SHeÀ/oef#eCe efJeYeeie,150,150
34,11,Departments related to General Administration and Ward Management,410700100,4070120000,F/North Ward M.C. 500 500 SHeÀ/Gllej efJeYeeie,500,500
34,11,Departments related to General Administration and Ward Management,410700100,4080120000,G/South Ward M.C. 100 100 peer/oef#eCe efJeYeeie,100,100
34,11,Departments related to General Administration and Ward Management,410700100,4090120000,M.C. 100 100 peer/Gllej efJeYeeie,100,100
34,11,Departments related to General Administration and Ward Management,410700100,4100120000,H/East Ward M.C. 100 100 S®e/HetJe& efJeYeeie,100,100
34,11,Departments related to General Administration and Ward Management,410700100,4110120000,H/West Ward M.C. 500 500 S®e/HeefM®ece efJeYeeie,500,500
34,11,Departments related to General Administration and Ward Management,410700100,4120120000,K/East Ward M.C. 100 100 kesÀ/HetJe& efJeYeeie,100,100
34,11,Departments related to General Administration and Ward Management,410700100,4130120000,K/West Ward M.C. 100 100 kesÀ/HeefM®ece efJeYeeie,100,100
34,11,Departments related to General Administration and Ward Management,410700100,4140120000,P/South Ward M.C. 100 100 Heer/oef#eCe efJeYeeie,100,100
34,11,Departments related to General Administration and Ward Management,410700100,4150120000,P/North Ward M.C. 100 100 Heer/Gllej efJeYeeie,100,100
34,11,Departments related to General Administration and Ward Management,410700100,4160120000,R/South Ward M.C. 100 100 Deej/oef#eCe efJeYeeie,100,100
34,11,Departments related to General Administration and Ward Management,410700100,4170120000,R/North Ward M.C. 100 100 Deej/Gllej efJeYeeie,100,100
34,11,Departments related to General Administration and Ward Management,410700100,4180120000,M.C. 100 100 Deej/ceO³e efJeYeeie,100,100
34,11,Departments related to General Administration and Ward Management,410700100,4190120000,L Ward M.C. 100 100 Sue efJeYeeie,100,100
34,11,Departments related to General Administration and Ward Management,410700100,4200120000,M/East Ward M.C. 100 100 Sce/HetJe& efJeYeeie,100,100
34,11,Departments related to General Administration and Ward Management,410700100,4210120000,M/West Ward M.C. 100 100 Sce/HeefM®ece efJeYeeie,100,100
34,11,Departments related to General Administration and Ward Management,410700100,4220120000,N Ward M.C. 100 100 Sve efJeYeeie,100,100
34,11,Departments related to General Administration and Ward Management,410700100,4230120000,S Ward M.C. 100 100 Sme efJeYeeie,100,100
34,11,Departments related to General Administration and Ward Management,410700100,4240120000,T Ward M.C. 100 100 ìer efJeYeeie,100,100
34,11,Departments related to General Administration and Ward Management,410700101,4050120000,E Ward M.C. 100 100 F& efJeYeeie,100,100
35,11,Departments related to General Administration and Ward Management,410700102,1000120000,H.O.-M.C. M.C. 100 100 cegK³e keÀe³ee&ue³e-Dee³egkeÌle,100,100
35,11,Departments related to General Administration and Ward Management,410700102,1000125401,M.C. Office M.C. 50 50 Dee³egkeÌleeb®es keÀe³ee&ue³e,50,50
35,11,Departments related to General Administration and Ward Management,410700102,2001125401,M.C. 40 40 mene.Dee³egkeÌle (Deefleke´ÀceCe efvecet&ueve) Menj,40,40
35,11,Departments related to General Administration and Ward Management,410700102,4030120000,C Ward M.C. 150,150,150
35,11,Departments related to General Administration and Ward Management,410700102,4050120000,E Ward M.C. 50 50 F& efJeYeeie,50,50
35,11,Departments related to General Administration and Ward Management,410700102,4060120000,F/South Ward M.C. 50 50 SHeÀ/oef#eCe efJeYeeie,50,50
35,11,Departments related to General Administration and Ward Management,410700102,4090120000,G/North Ward M.C. 50 50 peer/Gllej efJeYeeie,50,50
35,11,Departments related to General Administration and Ward Management,410700102,4150120000,P/North Ward M.C. 50 50 Heer/Gllej efJeYeeie,50,50
35,11,Departments related to General Administration and Ward Management,410700102,4160120000,R/South Ward M.C. 50 50 Deej/oef#eCe efJeYeeie,50,50
35,11,Departments related to General Administration and Ward Management,410700103,1000120000,H.O.-M.C. M.C. 50 50 cegK³e keÀe³ee&ue³e-Dee³egkeÌle,50,50
35,11,Departments related to General Administration and Ward Management,410700103,1000125401,M.C. Office M.C. 50 50 Dee³egkeÌleeb®es keÀe³ee&ue³e,50,50
35,11,Departments related to General Administration and Ward Management,410700103,1000125437,H. R. Module Training Centre M.C. 300 300 S®e.Deej. cee@[³etue ì^sefvebie meWìj,300,300
35,11,Departments related to General Administration and Ward Management,410700103,2001125401,M.C. 20 20 mene.Dee³egkeÌle (Deefleke´ÀceCe efvecet&ueve) Menj,20,20
35,11,Departments related to General Administration and Ward Management,410700103,4030120000,C Ward M.C. 200 200 meer efJeYeeie,200,200
35,11,Departments related to General Administration and Ward Management,410700103,4050120000,E Ward M.C. 50 50 F& efJeYeeie,50,50
35,11,Departments related to General Administration and Ward Management,410700103,4060120000,F/South Ward M.C. 100 100 SHeÀ/oef#eCe efJeYeeie,100,100
35,11,Departments related to General Administration and Ward Management,410700103,4090120000,G/North Ward M.C. 150 150 peer/Gllej efJeYeeie,150,150
35,11,Departments related to General Administration and Ward Management,410700103,4150120000,P/North Ward M.C. 50 50 Heer/Gllej efJeYeeie,50,50
35,11,Departments related to General Administration and Ward Management,410700103,4160120000,R/South Ward M.C. 50 50 Deej/oef#eCe efJeYeeie,50,50
35,11,Departments related to General Administration and Ward Management,410700103,4190120000,L Ward M.C. 100 100 Sue efJeYeeie,100,100
35,11,Departments related to General Administration and Ward Management,410700104,1000120000,H.O.-M.C. M.C. 100 100 cegK³e keÀe³ee&ue³e-Dee³egkeÌle,100,100
35,11,Departments related to General Administration and Ward Management,410700104,1000125401,M.C. Office M.C. 50 50 Dee³egkeÌleeb®es keÀe³ee&ue³e,50,50
35,11,Departments related to General Administration and Ward Management,410700104,1000125437,H. R. Module Training Centre M.C. 500 500 S®e.Deej. cee@[³etue ì^sefvebie meWìj,500,500
35,11,Departments related to General Administration and Ward Management,410700104,4030120000,C Ward M.C. 450 450 meer efJeYeeie,450,450
36,11,Departments related to General Administration and Ward Management,410700104,4050120000,E Ward M.C. 100,100,100
36,11,Departments related to General Administration and Ward Management,410700104,4060120000,F/South Ward M.C. 100 100 SHeÀ/oef#eCe efJeYeeie,100,100
36,11,Departments related to General Administration and Ward Management,410700104,4090120000,G/North Ward M.C. 100 100 peer/Gllej efJeYeeie,100,100
36,11,Departments related to General Administration and Ward Management,410700104,4150120000,P/North Ward M.C. 50 50 Heer/Gllej efJeYeeie,50,50
36,11,Departments related to General Administration and Ward Management,410700104,4160120000,R/South Ward M.C. 50 50 Deej/oef#eCe efJeYeeie,50,50
36,11,Departments related to General Administration and Ward Management,410700104,4190120000,L Ward M.C. 100 100 Sue efJeYeeie,100,100
36,11,Departments related to General Administration and Ward Management,410700110,4030120000,C Ward M.C. 200 200 meer efJeYeeie,200,200
36,11,Departments related to General Administration and Ward Management,410700200,1000120000,H.O.-M.C. M.C. 10 10 cegK³e keÀe³ee&ue³e-Dee³egkeÌle,10,10
36,11,Departments related to General Administration and Ward Management,410700200,1000125401,M.C. Office M.C. 10 10 Dee³egkeÌleeb®es keÀe³ee&ue³e,10,10
36,11,Departments related to General Administration and Ward Management,410700200,1000125402,A.M.C.(Project)-Office M.C. 25 25 DeefleefjkeÌle Dee³egkeÌle (He´keÀuHe)-keÀe³ee&ue³e,25,25
36,11,Departments related to General Administration and Ward Management,410700200,1000125403,A.M.C.(City)-Office M.C. 25 25 DeefleefjkeÌle Dee³egkeÌle (Menj)-keÀe³ee&ue³e,25,25
36,11,Departments related to General Administration and Ward Management,410700200,1000125404,A.M.C.(W.S.)-Office M.C. 25 25 DeefleefjkeÌle Dee³egkeÌle (He.G.)-keÀe³ee&ue³e,25,25
36,11,Departments related to General Administration and Ward Management,410700200,1000125405,A.M.C.(E.S.)-Office M.C. 25 25 DeefleefjkeÌle Dee³egkeÌle (Het.G.)-keÀe³ee&ue³e,25,25
36,11,Departments related to General Administration and Ward Management,410700200,1000125407,Director (M.E. & M.H.) M.C. 25 25 meb®eeuekeÀ (Jew.efMe.DeeefCe cegK³e ©iCeeue³es),25,25
36,11,Departments related to General Administration and Ward Management,410700200,1000125408,Director (E.S.& P.)-M.C. M.C. 25 25 meb®eeuekeÀ (De.mes. Je He´.) Dee³egkeÌle,25,25
36,11,Departments related to General Administration and Ward Management,410700200,1000125409,D.M.C.(Gen. Admn.) M.C. 25 25 Ghe Dee³egkeÌle (mee.He´.),25,25
36,11,Departments related to General Administration and Ward Management,410700200,1000125410,DMC (Octroi A & C) M.C. 25,25,25
36,11,Departments related to General Administration and Ward Management,410700200,1000125411,D.M.C.(Special) M.C. 25 25 Ghe Dee³egkeÌle (efJeMes<e),25,25
36,11,Departments related to General Administration and Ward Management,410700200,1000125414,D.M.C. (E. & W. M.) M.C. 25 25 Ghe Dee³egkeÌle (He³ee&. DeeefCe keÀ. J³e.),25,25
36,11,Departments related to General Administration and Ward Management,410700200,1000125415,D.M.C.(Hawkers Regulation) M.C. 25 25 Ghe Dee³egkeÌle (HesÀ. efve.),25,25
36,11,Departments related to General Administration and Ward Management,410700200,1000125417,D.M.C.(Vigilance) M.C. 25 25 Ghe Dee³egkeÌle (o#elee),25,25
36,11,Departments related to General Administration and Ward Management,410700200,1000125418,Ch. E. (Vigilance) M.C. 50 50 He´cegKe DeefYe³eblee (o#elee),50,50
36,11,Departments related to General Administration and Ward Management,410700200,1000125420,D.M.C (Environment) M.C. 25 25 Ghe Dee³egkeÌle (He³ee&JejCe),25,25
36,11,Departments related to General Administration and Ward Management,410700200,1000125427,D.M.C.(Garden & Rec.) M.C. ... 25 Ghe Dee³egkeÌle (GÐeeves Je ceveesjbpeve),...,25
36,11,Departments related to General Administration and Ward Management,410700200,1000125428,D.M.C.(C.P.A.) M.C. 25 25 Ghe Dee³egkeÌle (ce. Ke. He´e.),25,25
37,11,Departments related to General Administration and Ward Management,410700200,1000125429,D.M.C.(Public Health.) M.C. 25 25 Ghe Dee³egkeÌle (meeJe&peefvekeÀ Deejesi³e),25,25
37,11,Departments related to General Administration and Ward Management,410700200,1000125434,D.M.C. (Tax Reforms) M.C. 25 25 GHe Dee³egkeÌle (keÀjHe´Ceeueer megOeejCee),25,25
37,11,Departments related to General Administration and Ward Management,410700200,1000125437,H. R. Module Training Centre M.C. 200 200 S®e.Deej. cee@[³etue ì^sefvebie meWìj,200,200
37,11,Departments related to General Administration and Ward Management,410700200,3001125401,D.M.C.(Zone-I) M.C. 25 25 Ghe Dee³egkeÌle (Heefjceb[U-SkeÀ),25,25
37,11,Departments related to General Administration and Ward Management,410700200,3002125401,D.M.C.(Zone-II) M.C. 25 25 Ghe Dee³egkeÌle (Heefjceb[U-oesve),25,25
37,11,Departments related to General Administration and Ward Management,410700200,3003125401,D.M.C.(Zone-III) M.C. 25 25 Ghe Dee³egkeÌle (Heefjceb[U-leerve),25,25
37,11,Departments related to General Administration and Ward Management,410700200,3004125401,D.M.C.(Zone-IV) M.C. 25 25 Ghe Dee³egkeÌle (Heefjceb[U-®eej),25,25
37,11,Departments related to General Administration and Ward Management,410700200,3005125401,D.M.C.(Zone-V) M.C. 25 25 Ghe Dee³egkeÌle (Heefjceb[U-Hee®e),25,25
37,11,Departments related to General Administration and Ward Management,410700200,3006125401,D.M.C.(Zone-VI) M.C. 25 25 Ghe Dee³egkeÌle (Heefjceb[U-mene),25,25
37,11,Departments related to General Administration and Ward Management,410700200,3007125401,D.M.C.(Zone-VII) M.C. 25,25,25
37,11,Departments related to General Administration and Ward Management,410700201,4010120000,A Ward M.C. 20 20 S efJeYeeie,20,20
37,11,Departments related to General Administration and Ward Management,410700201,4020120000,B Ward M.C. 20 20 yeer efJeYeeie,20,20
37,11,Departments related to General Administration and Ward Management,410700201,4030120000,C Ward M.C. 20 20 meer efJeYeeie,20,20
37,11,Departments related to General Administration and Ward Management,410700201,4040120000,D Ward M.C. 20 20 [er efJeYeeie,20,20
37,11,Departments related to General Administration and Ward Management,410700201,4050120000,E Ward M.C. 20 20 F& efJeYeeie,20,20
37,11,Departments related to General Administration and Ward Management,410700201,4060120000,F/South Ward M.C. 20 20 SHeÀ/oef#eCe efJeYeeie,20,20
37,11,Departments related to General Administration and Ward Management,410700201,4070120000,F/North Ward M.C. 20 20 SHeÀ/Gllej efJeYeeie,20,20
37,11,Departments related to General Administration and Ward Management,410700201,4080120000,G/South Ward M.C. 20 20 peer/oef#eCe efJeYeeie,20,20
37,11,Departments related to General Administration and Ward Management,410700201,4090120000,G/North Ward M.C. 20 20 peer/Gllej efJeYeeie,20,20
37,11,Departments related to General Administration and Ward Management,410700201,4100120000,H/East Ward M.C. 20 20 S®e/HetJe& efJeYeeie,20,20
37,11,Departments related to General Administration and Ward Management,410700201,4110120000,H/West Ward M.C. 20 20 S®e/HeefM®ece efJeYeeie,20,20
37,11,Departments related to General Administration and Ward Management,410700201,4120120000,K/East Ward M.C. 20 20 kesÀ/HetJe& efJeYeeie,20,20
37,11,Departments related to General Administration and Ward Management,410700201,4130120000,K/West Ward M.C. 20 20 kesÀ/HeefM®ece efJeYeeie,20,20
37,11,Departments related to General Administration and Ward Management,410700201,4140120000,P/South Ward M.C. 20 20 Heer/oef#eCe efJeYeeie,20,20
37,11,Departments related to General Administration and Ward Management,410700201,4150120000,P/North Ward M.C. 20 20 Heer/Gllej efJeYeeie,20,20
37,11,Departments related to General Administration and Ward Management,410700201,4160120000,R/South Ward M.C. 20 20 Deej/oef#eCe efJeYeeie,20,20
37,11,Departments related to General Administration and Ward Management,410700201,4170120000,M.C. 20 20 Deej/Gllej efJeYeeie,20,20
37,11,Departments related to General Administration and Ward Management,410700201,4180120000,M.C. 20 20 Deej/ceO³e efJeYeeie,20,20
37,11,Departments related to General Administration and Ward Management,410700201,4190120000,L Ward M.C. 20 20 Sue efJeYeeie,20,20
37,11,Departments related to General Administration and Ward Management,410700201,4200120000,M/East Ward M.C. 20 20 Sce/HetJe& efJeYeeie,20,20
37,11,Departments related to General Administration and Ward Management,410700201,4210120000,M/West Ward M.C. 20 20 Sce/HeefM®ece efJeYeeie,20,20
38,11,Departments related to General Administration and Ward Management,410700201,4220120000,N Ward M.C. 20 20 Sve efJeYeeie,20,20
38,11,Departments related to General Administration and Ward Management,410700201,4230120000,S Ward M.C. 20 20 Sme efJeYeeie,20,20
38,11,Departments related to General Administration and Ward Management,410700201,4240120000,T Ward M.C. 20 20 ìer efJeYeeie,20,20
38,11,Departments related to General Administration and Ward Management,410800300,4010120000,A Ward M.C. 100 100 S efJeYeeie,100,100
38,11,Departments related to General Administration and Ward Management,410800300,4020120000,B Ward M.C. 100 100 yeer efJeYeeie,100,100
38,11,Departments related to General Administration and Ward Management,410800300,4030120000,C Ward M.C. 100 100 meer efJeYeeie,100,100
38,11,Departments related to General Administration and Ward Management,410800300,4040120000,D Ward M.C. 100 100 [er efJeYeeie,100,100
38,11,Departments related to General Administration and Ward Management,410800300,4050120000,E Ward M.C. 100 100 F& efJeYeeie,100,100
38,11,Departments related to General Administration and Ward Management,410800300,4060120000,F/South Ward M.C. 100 100 SHeÀ/oef#eCe efJeYeeie,100,100
38,11,Departments related to General Administration and Ward Management,410800300,4070120000,F/North Ward M.C. 100 100 SHeÀ/Gllej efJeYeeie,100,100
38,11,Departments related to General Administration and Ward Management,410800300,4080120000,G/South Ward M.C. 100 100 peer/oef#eCe efJeYeeie,100,100
38,11,Departments related to General Administration and Ward Management,410800300,4090120000,G/North Ward M.C. 100 100 peer/Gllej efJeYeeie,100,100
38,11,Departments related to General Administration and Ward Management,410800300,4100120000,H/East Ward M.C. 1402 1402 S®e/HetJe& efJeYeeie,1402,1402
38,11,Departments related to General Administration and Ward Management,410800300,4110120000,H/West Ward M.C. 100 100 S®e/HeefM®ece efJeYeeie,100,100
38,11,Departments related to General Administration and Ward Management,410800300,4120120000,K/East Ward M.C. 100 100 kesÀ/HetJe& efJeYeeie,100,100
38,11,Departments related to General Administration and Ward Management,410800300,4130120000,K/West Ward M.C. 100 100 kesÀ/HeefM®ece efJeYeeie,100,100
38,11,Departments related to General Administration and Ward Management,410800300,4140120000,P/South Ward M.C. 100 100 Heer/oef#eCe efJeYeeie,100,100
38,11,Departments related to General Administration and Ward Management,410800300,4150120000,P/North Ward M.C. 100 100 Heer/Gllej efJeYeeie,100,100
38,11,Departments related to General Administration and Ward Management,410800300,4160120000,R/South Ward M.C. 100 100 Deej/oef#eCe efJeYeeie,100,100
38,11,Departments related to General Administration and Ward Management,410800300,4170120000,R/North Ward M.C. 100 100 Deej/Gllej efJeYeeie,100,100
38,11,Departments related to General Administration and Ward Management,410800300,4180120000,R/Central Ward M.C. 100 100 Deej/ceO³e efJeYeeie,100,100
38,11,Departments related to General Administration and Ward Management,410800300,4190120000,L Ward M.C. 100 100 Sue efJeYeeie,100,100
38,11,Departments related to General Administration and Ward Management,410800300,4200120000,M/East Ward M.C. 100 100 Sce/HetJe& efJeYeeie,100,100
38,11,Departments related to General Administration and Ward Management,410800300,4210120000,M.C. 100 100 Sce/HeefM®ece efJeYeeie,100,100
38,11,Departments related to General Administration and Ward Management,410800300,4220120000,M.C. 100 100 Sve efJeYeeie,100,100
38,11,Departments related to General Administration and Ward Management,410800300,4230120000,S Ward M.C. 100 100 Sme efJeYeeie,100,100
38,11,Departments related to General Administration and Ward Management,410800300,4240120000,T Ward M.C. 100 100 ìer efJeYeeie,100,100
39,11,Departments related to General Administration and Ward Management,501200005,1000120000,H.O. 3405000,3405000,2270000
39,11,Departments related to General Administration and Ward Management,501200006,2001120000,Division-I 10000,10000,10000
39,11,Departments related to General Administration and Ward Management,501200006,2002120000,Division-II 15000,15000,15000
39,11,Departments related to General Administration and Ward Management,501200006,2003120000,Division-III 10000,10000,10000
39,11,Departments related to General Administration and Ward Management,501200006,3001125401,D.M.C.(Zone-I) 5000,5000,5000
39,11,Departments related to General Administration and Ward Management,501200006,3002125401,D.M.C.(Zone-II) 5000,5000,5000
39,11,Departments related to General Administration and Ward Management,501200006,3003125401,D.M.C.(Zone-III) 5000,5000,5000
39,11,Departments related to General Administration and Ward Management,501200006,3004125401,D.M.C.(Zone-IV) 5000,5000,5000
39,11,Departments related to General Administration and Ward Management,501200006,3005125401,D.M.C.(Zone-V) 5000,5000,5000
39,11,Departments related to General Administration and Ward Management,501200006,3006125401,D.M.C.(Zone-VI) 5000,5000,5000
39,11,Departments related to General Administration and Ward Management,501200006,3007125401,D.M.C.(Zone-VII) 5000,5000,5000
41,11,Departments related to General Administration and Ward Management,501200007,4010120000,A Ward 1000,1000,1500
41,11,Departments related to General Administration and Ward Management,501200007,4020120000,B Ward 1500,1500,1500
41,11,Departments related to General Administration and Ward Management,501200007,4030120000,C Ward 1500,1500,1500
41,11,Departments related to General Administration and Ward Management,501200007,4040120000,D Ward 1500,1500,1500
41,11,Departments related to General Administration and Ward Management,501200007,4050120000,E Ward 1500,1500,1500
41,11,Departments related to General Administration and Ward Management,501200007,4060120000,F/South Ward 1500,1500,1500
41,11,Departments related to General Administration and Ward Management,501200007,4070120000,F/North Ward 1500,1500,1500
41,11,Departments related to General Administration and Ward Management,501200007,4080120000,G/South Ward 1500,1500,1500
41,11,Departments related to General Administration and Ward Management,501200007,4090120000,G/North Ward 1500,1500,1500
41,11,Departments related to General Administration and Ward Management,501200007,4100120000,H/East Ward 1500,1500,1500
41,11,Departments related to General Administration and Ward Management,501200007,4110120000,H/West Ward 1500,1500,1500
41,11,Departments related to General Administration and Ward Management,501200007,4120120000,K/East Ward 1500,1500,1500
41,11,Departments related to General Administration and Ward Management,501200007,4130120000,K/West Ward 1500,1500,1500
41,11,Departments related to General Administration and Ward Management,501200007,4140120000,P/South Ward 1500,1500,1500
41,11,Departments related to General Administration and Ward Management,501200007,4150120000,P/North Ward 1500,1500,1500
41,11,Departments related to General Administration and Ward Management,501200007,4160120000,R/South Ward 1500,1500,1500
41,11,Departments related to General Administration and Ward Management,501200007,4170120000,R/North Ward 1500,1500,1500
41,11,Departments related to General Administration and Ward Management,501200007,4180120000,R/Central Ward 1500,1500,1500
41,11,Departments related to General Administration and Ward Management,501200007,4190120000,L Ward 1500,1500,1500
41,11,Departments related to General Administration and Ward Management,501200007,4200120000,M/East Ward 1500,1500,1500
41,11,Departments related to General Administration and Ward Management,501200007,4210120000,M/West Ward 1500,1500,1500
41,11,Departments related to General Administration and Ward Management,501200007,4220120000,N Ward 1500,1500,1500
41,11,Departments related to General Administration and Ward Management,501200007,4230120000,S Ward 1500,1500,1500
41,11,Departments related to General Administration and Ward Management,501200007,4240120000,T Ward 1500,1500,1500
43,11,Departments related to General Administration and Ward Management,501201316,3001125401,D.M.C.(Zone-I) 30000,30000,30000
43,11,Departments related to General Administration and Ward Management,501201316,3002125401,D.M.C.(Zone-II) 30000,30000,30000
43,11,Departments related to General Administration and Ward Management,501201316,3003125401,D.M.C.(Zone-III) 30000,30000,30000
43,11,Departments related to General Administration and Ward Management,501201316,3004125401,D.M.C.(Zone-IV) 30000,30000,30000
43,11,Departments related to General Administration and Ward Management,501201316,3005125401,D.M.C.(Zone-V) 30000,30000,30000
43,11,Departments related to General Administration and Ward Management,501201316,3006125401,D.M.C.(Zone-VI) 30000,30000,30000
43,11,Departments related to General Administration and Ward Management,501201316,3007125401,D.M.C.(Zone-VII) 30000,30000,30000
43,11,Departments related to General Administration and Ward Management,501201568,4010120000,A Ward 3000,3000,5000
43,11,Departments related to General Administration and Ward Management,501201568,4020120000,B Ward 5000,5000,5000
43,11,Departments related to General Administration and Ward Management,501201568,4030120000,C Ward 5000,5000,5000
43,11,Departments related to General Administration and Ward Management,501201568,4040120000,D Ward 5000,5000,5000
43,11,Departments related to General Administration and Ward Management,501201568,4050120000,E Ward 5000,5000,5000
43,11,Departments related to General Administration and Ward Management,501201568,4060120000,F/South Ward 5000,5000,5000
43,11,Departments related to General Administration and Ward Management,501201568,4070120000,F/North Ward 5000,5000,5000
43,11,Departments related to General Administration and Ward Management,501201568,4080120000,G/South Ward 5000,5000,5000
43,11,Departments related to General Administration and Ward Management,501201568,4090120000,G/North Ward 5000,5000,5000
43,11,Departments related to General Administration and Ward Management,501201568,4100120000,H/East Ward 5000,5000,5000
43,11,Departments related to General Administration and Ward Management,501201568,4110120000,H/West Ward 5000,5000,5000
43,11,Departments related to General Administration and Ward Management,501201568,4120120000,K/East Ward 5000,5000,5000
43,11,Departments related to General Administration and Ward Management,501201568,4130120000,K/West Ward 5000,5000,5000
45,11,Departments related to General Administration and Ward Management,501201568,4140120000,P/South Ward 5000,5000,5000
45,11,Departments related to General Administration and Ward Management,501201568,4150120000,P/North Ward 5000,5000,5000
45,11,Departments related to General Administration and Ward Management,501201568,4160120000,R/South Ward 5000,5000,5000
45,11,Departments related to General Administration and Ward Management,501201568,4170120000,R/North Ward 5000,5000,5000
45,11,Departments related to General Administration and Ward Management,501201568,4180120000,R/Central Ward 5000,5000,5000
45,11,Departments related to General Administration and Ward Management,501201568,4190120000,L Ward 5000,5000,5000
45,11,Departments related to General Administration and Ward Management,501201568,4200120000,M/East Ward 5000,5000,5000
45,11,Departments related to General Administration and Ward Management,501201568,4210120000,M/West Ward 5000,5000,5000
45,11,Departments related to General Administration and Ward Management,501201568,4220120000,N Ward 5000,5000,5000
45,11,Departments related to General Administration and Ward Management,501201568,4230120000,S Ward 5000,5000,5000
45,11,Departments related to General Administration and Ward Management,501201568,4240120000,T Ward 5000,5000,5000
47,11,Departments related to General Administration and Ward Management,501203001,4170120000,Unforeseen Expenses Const. - 001 6000,6000,6000
47,11,Departments related to General Administration and Ward Management,501203002,4170120000,Unforeseen Expenses Const. - 002 6000,6000,6000
47,11,Departments related to General Administration and Ward Management,501203003,4170120000,Unforeseen Expenses Const. - 003 6000,6000,6000
47,11,Departments related to General Administration and Ward Management,501203004,4170120000,Unforeseen Expenses Const. - 004 6000,6000,6000
47,11,Departments related to General Administration and Ward Management,501203005,4170120000,Unforeseen Expenses Const. - 005 6000,6000,6000
47,11,Departments related to General Administration and Ward Management,501203006,4170120000,Unforeseen Expenses Const. - 006 6000,6000,6000
47,11,Departments related to General Administration and Ward Management,501203007,4170120000,6000,6000,6000
47,11,Departments related to General Administration and Ward Management,501203008,4170120000,Unforeseen Expenses Const. - 008 6000,6000,6000
47,11,Departments related to General Administration and Ward Management,501203009,4180120000,Unforeseen Expenses Const. - 009 6000,6000,6000
47,11,Departments related to General Administration and Ward Management,501203010,4180120000,Unforeseen Expenses Const. - 010 6000,6000,6000
47,11,Departments related to General Administration and Ward Management,501203011,4180120000,Unforeseen Expenses Const. - 011 6000,6000,6000
47,11,Departments related to General Administration and Ward Management,501203012,4180120000,Unforeseen Expenses Const. - 012 6000,6000,6000
47,11,Departments related to General Administration and Ward Management,501203013,4180120000,Unforeseen Expenses Const. - 013 6000,6000,6000
47,11,Departments related to General Administration and Ward Management,501203014,4180120000,Unforeseen Expenses Const. - 014 6000,6000,6000
47,11,Departments related to General Administration and Ward Management,501203015,4180120000,6000,6000,6000
47,11,Departments related to General Administration and Ward Management,501203016,4180120000,Unforeseen Expenses Const. - 016 6000,6000,6000
47,11,Departments related to General Administration and Ward Management,501203017,4180120000,Unforeseen Expenses Const. - 017 6000,6000,6000
47,11,Departments related to General Administration and Ward Management,501203018,4180120000,Unforeseen Expenses Const. - 018 6000,6000,6000
47,11,Departments related to General Administration and Ward Management,501203019,4160120000,Unforeseen Expenses Const. - 019 6000,6000,6000
47,11,Departments related to General Administration and Ward Management,501203020,4160120000,Unforeseen Expenses Const. - 020 6000,6000,6000
47,11,Departments related to General Administration and Ward Management,501203021,4160120000,Unforeseen Expenses Const. - 021 6000,6000,6000
47,11,Departments related to General Administration and Ward Management,501203022,4160120000,Unforeseen Expenses Const. - 022 6000,6000,6000
47,11,Departments related to General Administration and Ward Management,501203023,4160120000,Unforeseen Expenses Const. - 023 6000,6000,6000
47,11,Departments related to General Administration and Ward Management,501203024,4160120000,Unforeseen Expenses Const. - 024 6000,6000,6000
49,11,Departments related to General Administration and Ward Management,501203025,4160120000,Unforeseen Expenses Const. - 025 6000,6000,6000
49,11,Departments related to General Administration and Ward Management,501203026,4160120000,Unforeseen Expenses Const. - 026 6000,6000,6000
49,11,Departments related to General Administration and Ward Management,501203027,4160120000,Unforeseen Expenses Const. - 027 6000,6000,6000
49,11,Departments related to General Administration and Ward Management,501203028,4160120000,Unforeseen Expenses Const. - 028 6000,6000,6000
49,11,Departments related to General Administration and Ward Management,501203029,4160120000,Unforeseen Expenses Const. - 029 6000,6000,6000
49,11,Departments related to General Administration and Ward Management,501203030,4160120000,Unforeseen Expenses Const. - 030 6000,6000,6000
49,11,Departments related to General Administration and Ward Management,501203031,4160120000,Unforeseen Expenses Const. - 031 6000,6000,6000
49,11,Departments related to General Administration and Ward Management,501203032,4150120000,6000,6000,6000
49,11,Departments related to General Administration and Ward Management,501203033,4150120000,Unforeseen Expenses Const. - 033 6000,6000,6000
49,11,Departments related to General Administration and Ward Management,501203034,4150120000,Unforeseen Expenses Const. - 034 6000,6000,6000
49,11,Departments related to General Administration and Ward Management,501203035,4150120000,Unforeseen Expenses Const. - 035 6000,6000,6000
49,11,Departments related to General Administration and Ward Management,501203036,4150120000,Unforeseen Expenses Const. - 036 6000,6000,6000
49,11,Departments related to General Administration and Ward Management,501203037,4150120000,Unforeseen Expenses Const. - 037 6000,6000,6000
49,11,Departments related to General Administration and Ward Management,501203038,4150120000,Unforeseen Expenses Const. - 038 6000,6000,6000
49,11,Departments related to General Administration and Ward Management,501203039,4150120000,Unforeseen Expenses Const. - 039 6000,6000,6000
49,11,Departments related to General Administration and Ward Management,501203040,4150120000,6000,6000,6000
49,11,Departments related to General Administration and Ward Management,501203041,4150120000,Unforeseen Expenses Const. - 041 6000,6000,6000
49,11,Departments related to General Administration and Ward Management,501203042,4150120000,Unforeseen Expenses Const. - 042 6000,6000,6000
49,11,Departments related to General Administration and Ward Management,501203043,4150120000,Unforeseen Expenses Const. - 043 6000,6000,6000
49,11,Departments related to General Administration and Ward Management,501203044,4150120000,Unforeseen Expenses Const. - 044 6000,6000,6000
49,11,Departments related to General Administration and Ward Management,501203045,4150120000,Unforeseen Expenses Const. - 045 6000,6000,6000
49,11,Departments related to General Administration and Ward Management,501203046,4150120000,Unforeseen Expenses Const. - 046 6000,6000,6000
49,11,Departments related to General Administration and Ward Management,501203047,4150120000,Unforeseen Expenses Const. - 047 6000,6000,6000
49,11,Departments related to General Administration and Ward Management,501203048,4150120000,Unforeseen Expenses Const. - 048 6000,6000,6000
49,11,Departments related to General Administration and Ward Management,501203049,4150120000,Unforeseen Expenses Const. - 049 6000,6000,6000
51,11,Departments related to General Administration and Ward Management,501203050,4140120000,Unforeseen Expenses Const. - 050 6000,6000,6000
51,11,Departments related to General Administration and Ward Management,501203051,4140120000,Unforeseen Expenses Const. - 051 6000,6000,6000
51,11,Departments related to General Administration and Ward Management,501203052,4140120000,Unforeseen Expenses Const. - 052 6000,6000,6000
51,11,Departments related to General Administration and Ward Management,501203053,4140120000,Unforeseen Expenses Const. - 053 6000,6000,6000
51,11,Departments related to General Administration and Ward Management,501203054,4140120000,Unforeseen Expenses Const. - 054 6000,6000,6000
51,11,Departments related to General Administration and Ward Management,501203055,4140120000,Unforeseen Expenses Const. - 055 6000,6000,6000
51,11,Departments related to General Administration and Ward Management,501203056,4140120000,Unforeseen Expenses Const. - 056 6000,6000,6000
51,11,Departments related to General Administration and Ward Management,501203057,4140120000,6000,6000,6000
51,11,Departments related to General Administration and Ward Management,501203058,4140120000,Unforeseen Expenses Const. - 058 6000,6000,6000
51,11,Departments related to General Administration and Ward Management,501203059,4130120000,Unforeseen Expenses Const. - 059 6000,6000,6000
51,11,Departments related to General Administration and Ward Management,501203060,4130120000,Unforeseen Expenses Const. - 060 6000,6000,6000
51,11,Departments related to General Administration and Ward Management,501203061,4130120000,Unforeseen Expenses Const. - 061 6000,6000,6000
51,11,Departments related to General Administration and Ward Management,501203062,4130120000,Unforeseen Expenses Const. - 062 6000,6000,6000
51,11,Departments related to General Administration and Ward Management,501203063,4130120000,Unforeseen Expenses Const. - 063 6000,6000,6000
51,11,Departments related to General Administration and Ward Management,501203064,4130120000,Unforeseen Expenses Const. - 064 6000,6000,6000
51,11,Departments related to General Administration and Ward Management,501203065,4130120000,6000,6000,6000
51,11,Departments related to General Administration and Ward Management,501203066,4130120000,Unforeseen Expenses Const. - 066 6000,6000,6000
51,11,Departments related to General Administration and Ward Management,501203067,4130120000,Unforeseen Expenses Const. - 067 6000,6000,6000
51,11,Departments related to General Administration and Ward Management,501203068,4130120000,Unforeseen Expenses Const. - 068 6000,6000,6000
51,11,Departments related to General Administration and Ward Management,501203069,4130120000,Unforeseen Expenses Const. - 069 6000,6000,6000
51,11,Departments related to General Administration and Ward Management,501203070,4130120000,Unforeseen Expenses Const. - 070 6000,6000,6000
51,11,Departments related to General Administration and Ward Management,501203071,4130120000,Unforeseen Expenses Const. - 071 6000,6000,6000
51,11,Departments related to General Administration and Ward Management,501203072,4120120000,Unforeseen Expenses Const. - 072 6000,6000,6000
51,11,Departments related to General Administration and Ward Management,501203073,4120120000,Unforeseen Expenses Const. - 073 6000,6000,6000
51,11,Departments related to General Administration and Ward Management,501203074,4120120000,Unforeseen Expenses Const. - 074 6000,6000,6000
53,11,Departments related to General Administration and Ward Management,501203075,4120120000,Unforeseen Expenses Const. - 075 6000,6000,6000
53,11,Departments related to General Administration and Ward Management,501203076,4120120000,Unforeseen Expenses Const. - 076 6000,6000,6000
53,11,Departments related to General Administration and Ward Management,501203077,4120120000,Unforeseen Expenses Const. - 077 6000,6000,6000
53,11,Departments related to General Administration and Ward Management,501203078,4120120000,Unforeseen Expenses Const. - 078 6000,6000,6000
53,11,Departments related to General Administration and Ward Management,501203079,4120120000,Unforeseen Expenses Const. - 079 6000,6000,6000
53,11,Departments related to General Administration and Ward Management,501203080,4120120000,Unforeseen Expenses Const. - 080 6000,6000,6000
53,11,Departments related to General Administration and Ward Management,501203081,4120120000,Unforeseen Expenses Const. - 081 6000,6000,6000
53,11,Departments related to General Administration and Ward Management,501203082,4120120000,6000,6000,6000
53,11,Departments related to General Administration and Ward Management,501203083,4120120000,Unforeseen Expenses Const. - 083 6000,6000,6000
53,11,Departments related to General Administration and Ward Management,501203084,4120120000,Unforeseen Expenses Const. - 084 6000,6000,6000
53,11,Departments related to General Administration and Ward Management,501203085,4120120000,Unforeseen Expenses Const. - 085 6000,6000,6000
53,11,Departments related to General Administration and Ward Management,501203086,4120120000,Unforeseen Expenses Const. - 086 6000,6000,6000
53,11,Departments related to General Administration and Ward Management,501203087,4100120000,Unforeseen Expenses Const. - 087 6000,6000,6000
53,11,Departments related to General Administration and Ward Management,501203088,4100120000,Unforeseen Expenses Const. - 088 6000,6000,6000
53,11,Departments related to General Administration and Ward Management,501203089,4100120000,Unforeseen Expenses Const. - 089 6000,6000,6000
53,11,Departments related to General Administration and Ward Management,501203090,4100120000,6000,6000,6000
53,11,Departments related to General Administration and Ward Management,501203091,4100120000,Unforeseen Expenses Const. - 091 6000,6000,6000
53,11,Departments related to General Administration and Ward Management,501203092,4100120000,Unforeseen Expenses Const. - 092 6000,6000,6000
53,11,Departments related to General Administration and Ward Management,501203093,4100120000,Unforeseen Expenses Const. - 093 6000,6000,6000
53,11,Departments related to General Administration and Ward Management,501203094,4100120000,Unforeseen Expenses Const. - 094 6000,6000,6000
53,11,Departments related to General Administration and Ward Management,501203095,4100120000,Unforeseen Expenses Const. - 095 6000,6000,6000
53,11,Departments related to General Administration and Ward Management,501203096,4100120000,Unforeseen Expenses Const. - 096 6000,6000,6000
53,11,Departments related to General Administration and Ward Management,501203097,4110120000,Unforeseen Expenses Const. - 097 6000,6000,6000
53,11,Departments related to General Administration and Ward Management,501203098,4110120000,Unforeseen Expenses Const. - 098 6000,6000,6000
53,11,Departments related to General Administration and Ward Management,501203099,4110120000,Unforeseen Expenses Const. - 099 6000,6000,6000
55,11,Departments related to General Administration and Ward Management,501203100,4110120000,Unforeseen Expenses Const. - 100 6000,6000,6000
55,11,Departments related to General Administration and Ward Management,501203101,4110120000,Unforeseen Expenses Const. - 101 6000,6000,6000
55,11,Departments related to General Administration and Ward Management,501203102,4110120000,Unforeseen Expenses Const. - 102 6000,6000,6000
55,11,Departments related to General Administration and Ward Management,501203103,4240120000,Unforeseen Expenses Const. - 103 6000,6000,6000
55,11,Departments related to General Administration and Ward Management,501203104,4240120000,Unforeseen Expenses Const. - 104 6000,6000,6000
55,11,Departments related to General Administration and Ward Management,501203105,4240120000,Unforeseen Expenses Const. - 105 6000,6000,6000
55,11,Departments related to General Administration and Ward Management,501203106,4240120000,Unforeseen Expenses Const. - 106 6000,6000,6000
55,11,Departments related to General Administration and Ward Management,501203107,4240120000,6000,6000,6000
55,11,Departments related to General Administration and Ward Management,501203108,4240120000,Unforeseen Expenses Const. - 108 6000,6000,6000
55,11,Departments related to General Administration and Ward Management,501203109,4230120000,Unforeseen Expenses Const. - 109 6000,6000,6000
55,11,Departments related to General Administration and Ward Management,501203110,4230120000,Unforeseen Expenses Const. - 110 6000,6000,6000
55,11,Departments related to General Administration and Ward Management,501203111,4230120000,Unforeseen Expenses Const. - 111 6000,6000,6000
55,11,Departments related to General Administration and Ward Management,501203112,4230120000,Unforeseen Expenses Const. - 112 6000,6000,6000
55,11,Departments related to General Administration and Ward Management,501203113,4230120000,Unforeseen Expenses Const. - 113 6000,6000,6000
55,11,Departments related to General Administration and Ward Management,501203114,4230120000,Unforeseen Expenses Const. - 114 6000,6000,6000
55,11,Departments related to General Administration and Ward Management,501203115,4230120000,6000,6000,6000
55,11,Departments related to General Administration and Ward Management,501203116,4230120000,Unforeseen Expenses Const. - 116 6000,6000,6000
55,11,Departments related to General Administration and Ward Management,501203117,4230120000,Unforeseen Expenses Const. - 117 6000,6000,6000
55,11,Departments related to General Administration and Ward Management,501203118,4230120000,Unforeseen Expenses Const. - 118 6000,6000,6000
55,11,Departments related to General Administration and Ward Management,501203119,4230120000,Unforeseen Expenses Const. - 119 6000,6000,6000
55,11,Departments related to General Administration and Ward Management,501203120,4230120000,Unforeseen Expenses Const. - 120 6000,6000,6000
55,11,Departments related to General Administration and Ward Management,501203121,4230120000,Unforeseen Expenses Const. - 121 6000,6000,6000
55,11,Departments related to General Administration and Ward Management,501203122,4230120000,Unforeseen Expenses Const. - 122 6000,6000,6000
55,11,Departments related to General Administration and Ward Management,501203123,4220120000,Unforeseen Expenses Const. - 123 6000,6000,6000
55,11,Departments related to General Administration and Ward Management,501203124,4220120000,Unforeseen Expenses Const. - 124 6000,6000,6000
57,11,Departments related to General Administration and Ward Management,501203125,4220120000,Unforeseen Expenses Const. - 125 6000,6000,6000
57,11,Departments related to General Administration and Ward Management,501203126,4220120000,Unforeseen Expenses Const. - 126 6000,6000,6000
57,11,Departments related to General Administration and Ward Management,501203127,4220120000,Unforeseen Expenses Const. - 127 6000,6000,6000
57,11,Departments related to General Administration and Ward Management,501203128,4220120000,Unforeseen Expenses Const. - 128 6000,6000,6000
57,11,Departments related to General Administration and Ward Management,501203129,4220120000,Unforeseen Expenses Const. - 129 6000,6000,6000
57,11,Departments related to General Administration and Ward Management,501203130,4220120000,Unforeseen Expenses Const. - 130 6000,6000,6000
57,11,Departments related to General Administration and Ward Management,501203131,4220120000,Unforeseen Expenses Const. - 131 6000,6000,6000
57,11,Departments related to General Administration and Ward Management,501203132,4220120000,6000,6000,6000
57,11,Departments related to General Administration and Ward Management,501203133,4220120000,Unforeseen Expenses Const. - 133 6000,6000,6000
57,11,Departments related to General Administration and Ward Management,501203134,4200120000,Unforeseen Expenses Const. - 134 6000,6000,6000
57,11,Departments related to General Administration and Ward Management,501203135,4200120000,Unforeseen Expenses Const. - 135 6000,6000,6000
57,11,Departments related to General Administration and Ward Management,501203136,4200120000,Unforeseen Expenses Const. - 136 6000,6000,6000
57,11,Departments related to General Administration and Ward Management,501203137,4200120000,Unforeseen Expenses Const. - 137 6000,6000,6000
57,11,Departments related to General Administration and Ward Management,501203138,4200120000,Unforeseen Expenses Const. - 138 6000,6000,6000
57,11,Departments related to General Administration and Ward Management,501203139,4200120000,Unforeseen Expenses Const. - 139 6000,6000,6000
57,11,Departments related to General Administration and Ward Management,501203140,4200120000,6000,6000,6000
57,11,Departments related to General Administration and Ward Management,501203141,4200120000,Unforeseen Expenses Const. - 141 6000,6000,6000
57,11,Departments related to General Administration and Ward Management,501203142,4200120000,Unforeseen Expenses Const. - 142 6000,6000,6000
57,11,Departments related to General Administration and Ward Management,501203143,4200120000,Unforeseen Expenses Const. - 143 6000,6000,6000
57,11,Departments related to General Administration and Ward Management,501203144,4200120000,Unforeseen Expenses Const. - 144 6000,6000,6000
57,11,Departments related to General Administration and Ward Management,501203145,4200120000,Unforeseen Expenses Const. - 145 6000,6000,6000
57,11,Departments related to General Administration and Ward Management,501203146,4200120000,Unforeseen Expenses Const. - 146 6000,6000,6000
57,11,Departments related to General Administration and Ward Management,501203147,4200120000,Unforeseen Expenses Const. - 147 6000,6000,6000
57,11,Departments related to General Administration and Ward Management,501203148,4200120000,Unforeseen Expenses Const. - 148 6000,6000,6000
57,11,Departments related to General Administration and Ward Management,501203149,4210120000,Unforeseen Expenses Const. - 149 6000,6000,6000
59,11,Departments related to General Administration and Ward Management,501203150,4210120000,Unforeseen Expenses Const. - 150 6000,6000,6000
59,11,Departments related to General Administration and Ward Management,501203151,4210120000,Unforeseen Expenses Const. - 151 6000,6000,6000
59,11,Departments related to General Administration and Ward Management,501203152,4210120000,Unforeseen Expenses Const. - 152 6000,6000,6000
59,11,Departments related to General Administration and Ward Management,501203153,4210120000,Unforeseen Expenses Const. - 153 6000,6000,6000
59,11,Departments related to General Administration and Ward Management,501203154,4210120000,Unforeseen Expenses Const. - 154 6000,6000,6000
59,11,Departments related to General Administration and Ward Management,501203155,4210120000,Unforeseen Expenses Const. - 155 6000,6000,6000
59,11,Departments related to General Administration and Ward Management,501203156,4190120000,Unforeseen Expenses Const. - 156 6000,6000,6000
59,11,Departments related to General Administration and Ward Management,501203157,4190120000,6000,6000,6000
59,11,Departments related to General Administration and Ward Management,501203158,4190120000,Unforeseen Expenses Const. - 158 6000,6000,6000
59,11,Departments related to General Administration and Ward Management,501203159,4190120000,Unforeseen Expenses Const. - 159 6000,6000,6000
59,11,Departments related to General Administration and Ward Management,501203160,4190120000,Unforeseen Expenses Const. - 160 6000,6000,6000
59,11,Departments related to General Administration and Ward Management,501203161,4190120000,Unforeseen Expenses Const. - 161 6000,6000,6000
59,11,Departments related to General Administration and Ward Management,501203162,4190120000,Unforeseen Expenses Const. - 162 6000,6000,6000
59,11,Departments related to General Administration and Ward Management,501203163,4190120000,Unforeseen Expenses Const. - 163 6000,6000,6000
59,11,Departments related to General Administration and Ward Management,501203164,4190120000,Unforeseen Expenses Const. - 164 6000,6000,6000
59,11,Departments related to General Administration and Ward Management,501203165,4190120000,6000,6000,6000
59,11,Departments related to General Administration and Ward Management,501203166,4190120000,Unforeseen Expenses Const. - 166 6000,6000,6000
59,11,Departments related to General Administration and Ward Management,501203167,4190120000,Unforeseen Expenses Const. - 167 6000,6000,6000
59,11,Departments related to General Administration and Ward Management,501203168,4190120000,Unforeseen Expenses Const. - 168 6000,6000,6000
59,11,Departments related to General Administration and Ward Management,501203169,4190120000,Unforeseen Expenses Const. - 169 6000,6000,6000
59,11,Departments related to General Administration and Ward Management,501203170,4190120000,Unforeseen Expenses Const. - 170 6000,6000,6000
59,11,Departments related to General Administration and Ward Management,501203171,4190120000,Unforeseen Expenses Const. - 171 6000,6000,6000
59,11,Departments related to General Administration and Ward Management,501203172,4070120000,Unforeseen Expenses Const. - 172 6000,6000,6000
59,11,Departments related to General Administration and Ward Management,501203173,4070120000,Unforeseen Expenses Const. - 173 6000,6000,6000
59,11,Departments related to General Administration and Ward Management,501203174,4070120000,Unforeseen Expenses Const. - 174 6000,6000,6000
61,11,Departments related to General Administration and Ward Management,501203175,4070120000,Unforeseen Expenses Const. - 175 6000,6000,6000
61,11,Departments related to General Administration and Ward Management,501203176,4070120000,Unforeseen Expenses Const. - 176 6000,6000,6000
61,11,Departments related to General Administration and Ward Management,501203177,4070120000,Unforeseen Expenses Const. - 177 6000,6000,6000
61,11,Departments related to General Administration and Ward Management,501203178,4070120000,Unforeseen Expenses Const. - 178 6000,6000,6000
61,11,Departments related to General Administration and Ward Management,501203179,4070120000,Unforeseen Expenses Const. - 179 6000,6000,6000
61,11,Departments related to General Administration and Ward Management,501203180,4070120000,Unforeseen Expenses Const. - 180 6000,6000,6000
61,11,Departments related to General Administration and Ward Management,501203181,4070120000,Unforeseen Expenses Const. - 181 6000,6000,6000
61,11,Departments related to General Administration and Ward Management,501203182,4090120000,6000,6000,6000
61,11,Departments related to General Administration and Ward Management,501203183,4090120000,Unforeseen Expenses Const. - 183 6000,6000,6000
61,11,Departments related to General Administration and Ward Management,501203184,4090120000,Unforeseen Expenses Const. - 184 6000,6000,6000
61,11,Departments related to General Administration and Ward Management,501203185,4090120000,Unforeseen Expenses Const. - 185 6000,6000,6000
61,11,Departments related to General Administration and Ward Management,501203186,4090120000,Unforeseen Expenses Const. - 186 6000,6000,6000
61,11,Departments related to General Administration and Ward Management,501203187,4090120000,Unforeseen Expenses Const. - 187 6000,6000,6000
61,11,Departments related to General Administration and Ward Management,501203188,4090120000,Unforeseen Expenses Const. - 188 6000,6000,6000
61,11,Departments related to General Administration and Ward Management,501203189,4090120000,Unforeseen Expenses Const. - 189 6000,6000,6000
61,11,Departments related to General Administration and Ward Management,501203190,4090120000,6000,6000,6000
61,11,Departments related to General Administration and Ward Management,501203191,4090120000,Unforeseen Expenses Const. - 191 6000,6000,6000
61,11,Departments related to General Administration and Ward Management,501203192,4090120000,Unforeseen Expenses Const. - 192 6000,6000,6000
61,11,Departments related to General Administration and Ward Management,501203193,4080120000,Unforeseen Expenses Const. - 193 6000,6000,6000
61,11,Departments related to General Administration and Ward Management,501203194,4080120000,Unforeseen Expenses Const. - 194 6000,6000,6000
61,11,Departments related to General Administration and Ward Management,501203195,4080120000,Unforeseen Expenses Const. - 195 6000,6000,6000
61,11,Departments related to General Administration and Ward Management,501203196,4080120000,Unforeseen Expenses Const. - 196 6000,6000,6000
61,11,Departments related to General Administration and Ward Management,501203197,4080120000,Unforeseen Expenses Const. - 197 6000,6000,6000
61,11,Departments related to General Administration and Ward Management,501203198,4080120000,Unforeseen Expenses Const. - 198 6000,6000,6000
61,11,Departments related to General Administration and Ward Management,501203199,4080120000,Unforeseen Expenses Const. - 199 6000,6000,6000
63,11,Departments related to General Administration and Ward Management,501203200,4060120000,Unforeseen Expenses Const. - 200 6000,6000,6000
63,11,Departments related to General Administration and Ward Management,501203201,4060120000,Unforeseen Expenses Const. - 201 6000,6000,6000
63,11,Departments related to General Administration and Ward Management,501203202,4060120000,Unforeseen Expenses Const. - 202 6000,6000,6000
63,11,Departments related to General Administration and Ward Management,501203203,4060120000,Unforeseen Expenses Const. - 203 6000,6000,6000
63,11,Departments related to General Administration and Ward Management,501203204,4060120000,Unforeseen Expenses Const. - 204 6000,6000,6000
63,11,Departments related to General Administration and Ward Management,501203205,4060120000,Unforeseen Expenses Const. - 205 6000,6000,6000
63,11,Departments related to General Administration and Ward Management,501203206,4060120000,Unforeseen Expenses Const. - 206 6000,6000,6000
63,11,Departments related to General Administration and Ward Management,501203207,4050120000,6000,6000,6000
63,11,Departments related to General Administration and Ward Management,501203208,4050120000,Unforeseen Expenses Const. - 208 6000,6000,6000
63,11,Departments related to General Administration and Ward Management,501203209,4050120000,Unforeseen Expenses Const. - 209 6000,6000,6000
63,11,Departments related to General Administration and Ward Management,501203210,4050120000,Unforeseen Expenses Const. - 210 6000,6000,6000
63,11,Departments related to General Administration and Ward Management,501203211,4050120000,Unforeseen Expenses Const. - 211 6000,6000,6000
63,11,Departments related to General Administration and Ward Management,501203212,4050120000,Unforeseen Expenses Const. - 212 6000,6000,6000
63,11,Departments related to General Administration and Ward Management,501203213,4050120000,Unforeseen Expenses Const. - 213 6000,6000,6000
63,11,Departments related to General Administration and Ward Management,501203214,4040120000,Unforeseen Expenses Const. - 214 6000,6000,6000
63,11,Departments related to General Administration and Ward Management,501203215,4040120000,6000,6000,6000
63,11,Departments related to General Administration and Ward Management,501203216,4040120000,Unforeseen Expenses Const. - 216 6000,6000,6000
63,11,Departments related to General Administration and Ward Management,501203217,4040120000,Unforeseen Expenses Const. - 217 6000,6000,6000
63,11,Departments related to General Administration and Ward Management,501203218,4040120000,Unforeseen Expenses Const. - 218 6000,6000,6000
63,11,Departments related to General Administration and Ward Management,501203219,4040120000,Unforeseen Expenses Const. - 219 6000,6000,6000
63,11,Departments related to General Administration and Ward Management,501203220,4030120000,Unforeseen Expenses Const. - 220 6000,6000,6000
63,11,Departments related to General Administration and Ward Management,501203221,4030120000,Unforeseen Expenses Const. - 221 6000,6000,6000
63,11,Departments related to General Administration and Ward Management,501203222,4030120000,Unforeseen Expenses Const. - 222 6000,6000,6000
63,11,Departments related to General Administration and Ward Management,501203223,4020120000,Unforeseen Expenses Const. - 223 6000,6000,6000
63,11,Departments related to General Administration and Ward Management,501203224,4020120000,Unforeseen Expenses Const. - 224 6000,6000,6000
65,11,Departments related to General Administration and Ward Management,501203225,4010120000,Unforeseen Expenses Const. - 225 6000,6000,6000
65,11,Departments related to General Administration and Ward Management,501203226,4010120000,Unforeseen Expenses Const. - 226 6000,6000,6000
65,11,Departments related to General Administration and Ward Management,501203227,4010120000,Unforeseen Expenses Const. - 227 6000,6000,6000
65,11,Departments related to General Administration and Ward Management,501203228,1000120000,Unforeseen Expenses - I 6000,6000,6000
65,11,Departments related to General Administration and Ward Management,501203229,1000120000,Unforeseen Expenses - II 6000,6000,6000
65,11,Departments related to General Administration and Ward Management,501203230,1000120000,Unforeseen Expenses - III 6000,6000,6000
65,11,Departments related to General Administration and Ward Management,501203231,1000120000,Unforeseen Expenses - IV 6000,6000,6000
65,11,Departments related to General Administration and Ward Management,501203232,1000120000,6000,6000,6000
65,11,Departments related to General Administration and Ward Management,501203367,1000120000,Unforeseen Expenses - VI 6000,6000,6000
65,11,Departments related to General Administration and Ward Management,501203368,1000120000,Unforeseen Expenses - VII 6000,6000,6000
65,11,Departments related to General Administration and Ward Management,501203369,1000120000,Unforeseen Expenses - VIII 6000,6000,6000
65,11,Departments related to General Administration and Ward Management,501203370,1000120000,Unforeseen Expenses - IX 6000,6000,6000
65,11,Departments related to General Administration and Ward Management,501203371,1000120000,Unforeseen Expenses - X 6000,6000,6000
65,11,Departments related to General Administration and Ward Management,501203362,1000120000,H.O. 6012800,6012800,7500000
65,11,Departments related to General Administration and Ward Management,501203362,4010120000,A Ward 150000,150000,...
65,11,Departments related to General Administration and Ward Management,501203362,4040120000,D Ward 150000,150000,...
65,11,Departments related to General Administration and Ward Management,501203362,4050120000,E Ward 150000,150000,...
65,11,Departments related to General Administration and Ward Management,501203362,4060120000,F/South Ward 75000,75000,...
65,11,Departments related to General Administration and Ward Management,501203362,4070120000,F/North Ward 215000,215000,...
65,11,Departments related to General Administration and Ward Management,501203362,4080120000,G/South Ward 13000,13000,...
65,11,Departments related to General Administration and Ward Management,501203362,4090120000,G/North Ward 104200,104200,...
65,11,Departments related to General Administration and Ward Management,501203362,4100120000,H/East Ward 48500,48500,...
65,11,Departments related to General Administration and Ward Management,501203362,4120120000,K/East Ward 170900,170900,...
65,11,Departments related to General Administration and Ward Management,501203362,4130120000,K/West Ward 324300,324300,...
65,11,Departments related to General Administration and Ward Management,501203362,4140120000,P/South Ward 206300,206300,...
67,11,Departments related to General Administration and Ward Management,501203362,4150120000,P/North Ward 300000,300000,...
67,11,Departments related to General Administration and Ward Management,501203362,4160120000,R/South Ward 342500,342500,...
67,11,Departments related to General Administration and Ward Management,501203362,4170120000,R/North Ward 276500,276500,...
67,11,Departments related to General Administration and Ward Management,501203362,4180120000,R/Central Ward 296000,296000,...
67,11,Departments related to General Administration and Ward Management,501203362,4190120000,L Ward 300000,300000,...
67,11,Departments related to General Administration and Ward Management,501203362,4200120000,M/East ward 150000,150000,...
67,11,Departments related to General Administration and Ward Management,501203362,4210120000,M/West Ward 25000,25000,...
67,11,Departments related to General Administration and Ward Management,501203362,4220120000,40000,40000,...
67,11,Departments related to General Administration and Ward Management,501203362,4240120000,T Ward 150000,150000,...
67,11,Departments related to General Administration and Ward Management,501203404,1000120000,H.O. 957200,957200,3000000
67,11,Departments related to General Administration and Ward Management,501203404,4080120000,G/South Ward 8500,8500,...
67,11,Departments related to General Administration and Ward Management,501203404,4090120000,G/North Ward 34300,34300,...
67,11,Departments related to General Administration and Ward Management,501202564,4060120000,F/South Ward 2666,2666,5800
67,11,Departments related to General Administration and Ward Management,501202564,4070120000,F/North Ward 8767,8767,6160
67,11,Departments related to General Administration and Ward Management,501202564,4080120000,G/South Ward 10000,10000,11000
67,11,Departments related to General Administration and Ward Management,501202564,4090120000,G/North Ward 97500,97500,105000
67,11,Departments related to General Administration and Ward Management,501202564,4100120000,H/East Ward 500,500,550
67,11,Departments related to General Administration and Ward Management,501202564,4180120000,R/Central Ward 3322,3322,3650
67,11,Departments related to General Administration and Ward Management,501202564,4190120000,L Ward 1000,1000,1100
67,11,Departments related to General Administration and Ward Management,501202564,4210120000,M/West Ward 5358,5358,5500
69,11,Departments related to General Administration and Ward Management,501201839,1000120000,20000,20000,20000
71,11,Departments related to General Administration and Ward Management,501200642,1000125433,200,200,200
71,11,Departments related to General Administration and Ward Management,501201287,1000120000,1000,1000,1000
71,11,Departments related to General Administration and Ward Management,501201290,1000120000,1000,1000,1000
71,11,Departments related to General Administration and Ward Management,501201339,4160120000,100,100,...
71,11,Departments related to General Administration and Ward Management,501201475,1000120000,Chatrapati Shivaji Maharaj at Shivaji Park 1000,1000,1000
71,11,Departments related to General Administration and Ward Management,501201478,1000120000,100,100,100
71,11,Departments related to General Administration and Ward Management,501201750,1000120000,6000,6000,6000
71,11,Departments related to General Administration and Ward Management,501201751,1000120000,1000,1000,1000
71,11,Departments related to General Administration and Ward Management,501201841,4110120000,Beautification of Linking Road 10000,10000,10000
71,11,Departments related to General Administration and Ward Management,501201842,4110120000,Maping of Gazadar Bandh & Khar Danda 5000,5000,5000
71,11,Departments related to General Administration and Ward Management,501201843,4110120000,area Outside Railway Stations 20000,20000,20000
71,11,Departments related to General Administration and Ward Management,501201850,1000120000,Provision for Sanskrutik Bhavan 1000,1000,1000
73,11,Departments related to General Administration and Ward Management,501201851,1000120000,1000,1000,1000
73,11,Departments related to General Administration and Ward Management,501201852,1000120000,1000,1000,1000
73,11,Departments related to General Administration and Ward Management,501201853,1000120000,1000,1000,1000
73,11,Departments related to General Administration and Ward Management,501201856,1000120000,1000,1000,1000
73,11,Departments related to General Administration and Ward Management,501201868,1000120000,1000,1000,1000
73,11,Departments related to General Administration and Ward Management,501202018,1000120000,1000,1000,1000
73,11,Departments related to General Administration and Ward Management,501202019,1000120000,500,500,500
73,11,Departments related to General Administration and Ward Management,501202020,1000120000,1000,1000,1000
73,11,Departments related to General Administration and Ward Management,501202570,1000120000,Beautification of Khandoba Tekadi 10000,10000,10000
73,11,Departments related to General Administration and Ward Management,501202571,1000120000,10000,10000,10000
73,11,Departments related to General Administration and Ward Management,501202572,4240120000,10000,10000,10000
73,11,Departments related to General Administration and Ward Management,501202573,1000120000,Provision for tourisum development in Mumbai 90000,90000,80000
73,11,Departments related to General Administration and Ward Management,501202574,1000120000,10000,10000,10000
73,11,Departments related to General Administration and Ward Management,501202985,4050120000,5000,5000,5000
73,11,Departments related to General Administration and Ward Management,501202986,4050120000,100,100,100
73,11,Departments related to General Administration and Ward Management,501202987,4050120000,100,100,100
75,11,Departments related to General Administration and Ward Management,501202988,4050120000,100,100,100
75,11,Departments related to General Administration and Ward Management,501202989,4050120000,20000,20000,20000
75,11,Departments related to General Administration and Ward Management,501203359,4080120000,Improvement and beautification of Mahalaxmi 4800,4800,...
75,11,Departments related to General Administration and Ward Management,501203405,4010120000,work of Nariman Point jetty at Marine drive ...,...,50000
75,11,Departments related to General Administration and Ward Management,501203407,1000120000,H.O. 1008300,1008300,...
75,11,Departments related to General Administration and Ward Management,501203407,4010120000,A Ward 80000,80000,...
75,11,Departments related to General Administration and Ward Management,501203407,4020120000,B Ward 12200,12200,...
75,11,Departments related to General Administration and Ward Management,501203407,4040120000,D Ward 40000,40000,...
75,11,Departments related to General Administration and Ward Management,501203407,4050120000,E Ward 40000,40000,...
75,11,Departments related to General Administration and Ward Management,501203407,4060120000,F/South Ward 65000,65000,...
75,11,Departments related to General Administration and Ward Management,501203407,4070120000,F/North Ward 105000,105000,...
75,11,Departments related to General Administration and Ward Management,501203407,4080120000,G/South Ward 100000,100000,...
75,11,Departments related to General Administration and Ward Management,501203407,4090120000,G/North Ward 120000,120000,...
75,11,Departments related to General Administration and Ward Management,501203407,4100120000,H/East Ward 100000,100000,...
75,11,Departments related to General Administration and Ward Management,501203407,4110120000,H/West Ward 40000,40000,...
75,11,Departments related to General Administration and Ward Management,501203407,4120120000,K/East Ward 160000,160000,...
75,11,Departments related to General Administration and Ward Management,501203407,4130120000,K/West Ward 20000,20000,...
75,11,Departments related to General Administration and Ward Management,501203407,4140120000,P/South Ward 40000,40000,...
77,11,Departments related to General Administration and Ward Management,501203407,4150120000,P/North Ward 100000,100000,...
77,11,Departments related to General Administration and Ward Management,501203407,4160120000,R/South Ward 20000,20000,...
77,11,Departments related to General Administration and Ward Management,501203407,4170120000,R/North Ward 140000,140000,...
77,11,Departments related to General Administration and Ward Management,501203407,4180120000,R/Central Ward 260000,260000,...
77,11,Departments related to General Administration and Ward Management,501203407,4190120000,L Ward 180000,180000,...
77,11,Departments related to General Administration and Ward Management,501203407,4200120000,M/East Ward 100000,100000,...
77,11,Departments related to General Administration and Ward Management,501203407,4220120000,N Ward 120000,120000,...
77,11,Departments related to General Administration and Ward Management,501203407,4230120000,S Ward 130000,130000,...
77,11,Departments related to General Administration and Ward Management,501203407,4240120000,T Ward 19500,19500,...
77,11,Departments related to General Administration and Ward Management,501203408,4090120000,Restoration & rejuvenation of Mahim fort 10000,10000,10000
77,11,Departments related to General Administration and Ward Management,501203409,4090120000,1000,1000,10000
77,11,Departments related to General Administration and Ward Management,501203410,4160120000,29400,29400,13900
77,11,Departments related to General Administration and Ward Management,501203411,4150120000,of Madh fort & reclamation of pathway to 1000,1000,1000
79,11,Departments related to General Administration and Ward Management,501201246,1000120000,Citizens with consultation of N.G.O.'s and 500,500,500
79,11,Departments related to General Administration and Ward Management,501201533,1000120000,100,100,100
79,11,Departments related to General Administration and Ward Management,501201855,1000120000,10000,10000,10000
79,11,Departments related to General Administration and Ward Management,501201989,1000120000,1000,1000,1000
81,11,Departments related to General Administration and Ward Management,501203381,1000125421,Childrens & Teachers to access the ...,...,10000
81,11,Departments related to General Administration and Ward Management,501203381,4010120000,A ward Ward 35000,35000,43570
83,11,Departments related to General Administration and Ward Management,501200012,4070120000,Theatre in VJB Udyan (BMC's contribution) 30000 1000,1000,10000
83,11,Departments related to General Administration and Ward Management,501201295,1000120000,1000,1000,1000
83,11,Departments related to General Administration and Ward Management,501201534,1000120000,1000,1000,1000
83,11,Departments related to General Administration and Ward Management,501201818,1000120000,1000,1000,1000
83,11,Departments related to General Administration and Ward Management,501201844,2002122642,B.M. 32943 2077,2077,...
83,11,Departments related to General Administration and Ward Management,501202256,2002122642,B.M. 136776 35000,35000,50000
83,11,Departments related to General Administration and Ward Management,501203412,2002122642,"of Children Theater at Sherli Rajan, Bandra B.M. 30000 100",100,1000
85,11,Departments related to General Administration and Ward Management,501201536,1000120000,100,100,100
87,11,Departments related to General Administration and Ward Management,410600000,1000125432,Office & Other Equipment 120,120,25
87,11,Departments related to General Administration and Ward Management,410600401,1000125432,Coolers (Blue Star 2 Nos) 1000,1000,25
87,11,Departments related to General Administration and Ward Management,410700000,4080120000,"Furniture, Fixtures,Fittings & Electrical Ward 2145",2145,...
87,11,Departments related to General Administration and Ward Management,501201225,1000125432,,,
87,11,Departments related to General Administration and Ward Management,501201838,1000125432,Hostel For Women 20000,20000,1000
87,11,Departments related to General Administration and Ward Management,501201298,1000120000,1000,1000,1000
87,11,Departments related to General Administration and Ward Management,501201299,1000120000,1000,1000,1000
87,11,Departments related to General Administration and Ward Management,501201301,1000120000,1000,1000,1000
87,11,Departments related to General Administration and Ward Management,501201303,1000120000,1000,1000,1000
87,11,Departments related to General Administration and Ward Management,501201304,1000120000,1000,1000,1000
87,11,Departments related to General Administration and Ward Management,501201305,1000120000,1000,1000,1000
89,11,Departments related to General Administration and Ward Management,501202000,1000120000,1000,1000,1000
89,11,Departments related to General Administration and Ward Management,501203382,1000125432,Provision for Care Center 70000,70000,1000
89,11,Departments related to General Administration and Ward Management,501201849,1000125421,"Development,Multipurpose Hostel for Working 59200",59200,70000
91,11,Departments related to General Administration and Ward Management,501200023,4060120000,Asstt. M.C.,1000,1000
91,11,Departments related to General Administration and Ward Management,501200026,4080120000,Asstt. M.C.,1000,1000
91,11,Departments related to General Administration and Ward Management,501200027,4090120000,Asstt. M.C. 1000,1000,1000
91,11,Departments related to General Administration and Ward Management,501200028,4100120000,Asstt. M.C.,1000,1000
91,11,Departments related to General Administration and Ward Management,501200030,4100120000,Asstt. M.C.,1000,1000
91,11,Departments related to General Administration and Ward Management,501200031,4100120000,Asstt. M.C.,1000,1000
91,11,Departments related to General Administration and Ward Management,501200032,4100120000,Asstt. M.C.,1000,1000
91,11,Departments related to General Administration and Ward Management,501200039,4120120000,Asstt. M.C.,1000,1000
91,11,Departments related to General Administration and Ward Management,501200040,4130120000,Asstt. M.C.,1000,1000
91,11,Departments related to General Administration and Ward Management,501200041,4130120000,Asstt. M.C.,1000,1000
91,11,Departments related to General Administration and Ward Management,501200042,4130120000,Asstt. M.C.,1000,1000
91,11,Departments related to General Administration and Ward Management,501200043,4130120000,Asstt. M.C.,1000,1000
91,11,Departments related to General Administration and Ward Management,501200044,4130120000,Asstt. M.C.,1000,1000
91,11,Departments related to General Administration and Ward Management,501200045,4130120000,Asstt. M.C.,1000,1000
93,11,Departments related to General Administration and Ward Management,501200046,4130120000,Asstt. M.C.,1000,1000
93,11,Departments related to General Administration and Ward Management,501200047,4130120000,Asstt. M.C.,1000,1000
93,11,Departments related to General Administration and Ward Management,501200048,4130120000,Asstt. M.C.,1000,1000
93,11,Departments related to General Administration and Ward Management,501200049,4140120000,Asstt. M.C.,1000,1000
93,11,Departments related to General Administration and Ward Management,501200050,4150120000,Asstt. M.C.,1000,1000
93,11,Departments related to General Administration and Ward Management,501200052,4150120000,Asstt. M.C.,1000,1000
93,11,Departments related to General Administration and Ward Management,501200053,4150120000,Asstt. M.C.,1000,1000
93,11,Departments related to General Administration and Ward Management,501200054,4150120000,Asstt. M.C.,1000,1000
93,11,Departments related to General Administration and Ward Management,501200055,4150120000,Asstt. M.C.,1000,1000
93,11,Departments related to General Administration and Ward Management,501200056,4150120000,Asstt. M.C.,1000,1000
93,11,Departments related to General Administration and Ward Management,501200057,4150120000,Asstt. M.C.,1000,1000
93,11,Departments related to General Administration and Ward Management,501200058,4150120000,Asstt. M.C.,1000,1000
93,11,Departments related to General Administration and Ward Management,501200059,4150120000,Asstt. M.C.,1000,1000
93,11,Departments related to General Administration and Ward Management,501200060,4150120000,Asstt. M.C.,1000,1000
93,11,Departments related to General Administration and Ward Management,501200061,4150120000,Asstt. M.C. 1000,1000,1000
93,11,Departments related to General Administration and Ward Management,501200062,4150120000,Asstt. M.C.,1000,1000
95,11,Departments related to General Administration and Ward Management,501200063,4160120000,Asstt. M.C.,1000,1000
95,11,Departments related to General Administration and Ward Management,501200064,4160120000,Asstt. M.C.,1000,1000
95,11,Departments related to General Administration and Ward Management,501200065,4160120000,Asstt. M.C.,1000,1000
95,11,Departments related to General Administration and Ward Management,501200070,4180120000,Asstt. M.C.,1000,1000
95,11,Departments related to General Administration and Ward Management,501200071,4190120000,Asstt. M.C.,1000,1000
95,11,Departments related to General Administration and Ward Management,501200073,4190120000,Asstt. M.C.,1000,1000
95,11,Departments related to General Administration and Ward Management,501200074,4190120000,Asstt. M.C.,1000,1000
95,11,Departments related to General Administration and Ward Management,501200075,4190120000,Asstt. M.C.,1000,1000
95,11,Departments related to General Administration and Ward Management,501200076,4200120000,Asstt. M.C.,1000,1000
95,11,Departments related to General Administration and Ward Management,501200077,4210120000,Asstt. M.C.,1000,1000
95,11,Departments related to General Administration and Ward Management,501200078,4210120000,Asstt. M.C.,1000,1000
95,11,Departments related to General Administration and Ward Management,501200079,4210120000,Asstt. M.C.,1000,1000
95,11,Departments related to General Administration and Ward Management,501200080,4210120000,Asstt. M.C.,1000,1000
95,11,Departments related to General Administration and Ward Management,501200081,4210120000,Asstt. M.C. 1000,1000,1000
95,11,Departments related to General Administration and Ward Management,501200085,4230120000,Asstt. M.C.,1000,1000
95,11,Departments related to General Administration and Ward Management,501200088,4230120000,Asstt. M.C.,1000,1000
97,11,Departments related to General Administration and Ward Management,501200089,4230120000,Asstt. M.C.,1000,1000
97,11,Departments related to General Administration and Ward Management,501200091,4240120000,Asstt. M.C.,1000,1000
97,11,Departments related to General Administration and Ward Management,501200092,4240120000,Asstt. M.C.,1000,1000
97,11,Departments related to General Administration and Ward Management,501200093,4240120000,Asstt. M.C.,1000,1000
97,11,Departments related to General Administration and Ward Management,501200139,4150120000,Asstt. M.C.,1000,1000
97,11,Departments related to General Administration and Ward Management,501200141,4200120000,Asstt. M.C.,1000,1000
97,11,Departments related to General Administration and Ward Management,501200142,4200120000,Asstt. M.C.,1000,1000
97,11,Departments related to General Administration and Ward Management,501200143,4200120000,Asstt. M.C.,1000,1000
97,11,Departments related to General Administration and Ward Management,501200144,4200120000,Asstt. M.C.,1000,1000
97,11,Departments related to General Administration and Ward Management,501200145,4200120000,Asstt. M.C.,1000,1000
97,11,Departments related to General Administration and Ward Management,501200146,4200120000,Asstt. M.C.,1000,1000
97,11,Departments related to General Administration and Ward Management,501200147,4200120000,Asstt. M.C.,1000,1000
97,11,Departments related to General Administration and Ward Management,501200148,4220120000,Asstt. M.C.,1000,1000
97,11,Departments related to General Administration and Ward Management,501200149,4220120000,Asstt. M.C.,1000,1000
97,11,Departments related to General Administration and Ward Management,501200150,4220120000,Asstt. M.C.,1000,1000
97,11,Departments related to General Administration and Ward Management,501200151,4230120000,Asstt. M.C.,1000,1000
99,11,Departments related to General Administration and Ward Management,501200152,4230120000,Asstt. M.C.,1000,1000
99,11,Departments related to General Administration and Ward Management,501200666,4100120000,Asstt. M.C.,1000,1000
99,11,Departments related to General Administration and Ward Management,501200668,4110120000,Asstt. M.C.,1000,1000
99,11,Departments related to General Administration and Ward Management,501200669,4110120000,Asstt. M.C.,1000,1000
99,11,Departments related to General Administration and Ward Management,501200670,4120120000,Asstt. M.C.,1000,1000
99,11,Departments related to General Administration and Ward Management,501200671,4130120000,Asstt. M.C.,1000,1000
99,11,Departments related to General Administration and Ward Management,501200672,4230120000,Asstt. M.C.,1000,1000
99,11,Departments related to General Administration and Ward Management,501200675,4180120000,Asstt. M.C.,1000,1000
99,11,Departments related to General Administration and Ward Management,501200676,4180120000,Asstt. M.C.,1000,1000
99,11,Departments related to General Administration and Ward Management,501201152,4190120000,culvert nallas in Khajuri Patti Gaothan in L Asstt. M.C.,1000,1000
99,11,Departments related to General Administration and Ward Management,501201158,4190120000,Asstt. M.C.,1000,1000
99,11,Departments related to General Administration and Ward Management,501201251,4130120000,Asstt. M.C.,1000,1000
99,11,Departments related to General Administration and Ward Management,501201256,4240120000,Asstt. M.C.,1000,1000
101,11,Departments related to General Administration and Ward Management,501201317,4200120000,Improvement of Vadavali Gao in M/East Ward Asstt. M.C.,1000,1000
101,11,Departments related to General Administration and Ward Management,501202021,4180120000,Asstt. M.C.,1000,1000
101,11,Departments related to General Administration and Ward Management,501202022,4200120000,Asstt. M.C.,1000,1000
101,11,Departments related to General Administration and Ward Management,501202023,4200120000,Asstt. M.C.,1000,1000
101,11,Departments related to General Administration and Ward Management,501202258,4210120000,Asstt. M.C.,1000,1000
101,11,Departments related to General Administration and Ward Management,501202728,4180120000,1000,1000,1000
101,11,Departments related to General Administration and Ward Management,501202729,4180120000,1000,1000,1000
101,11,Departments related to General Administration and Ward Management,501202730,4180120000,1000,1000,1000
101,11,Departments related to General Administration and Ward Management,501200094,4100120000,H/East Ward 450,450,450
101,11,Departments related to General Administration and Ward Management,501200094,4120120000,K/East Ward 4900,4900,4900
101,11,Departments related to General Administration and Ward Management,501200094,4130120000,3900,3900,3900
101,11,Departments related to General Administration and Ward Management,501200094,4140120000,P/South Ward 7500,7500,7500
101,11,Departments related to General Administration and Ward Management,501200094,4150120000,P/North Ward 7000,7000,7000
101,11,Departments related to General Administration and Ward Management,501200094,4160120000,R/South Ward 2000,2000,2000
101,11,Departments related to General Administration and Ward Management,501200094,4170120000,R/North Ward 2900,2900,2900
101,11,Departments related to General Administration and Ward Management,501200094,4180120000,R/Central Ward 8200,8200,8200
103,11,Departments related to General Administration and Ward Management,501200094,4190120000,2500,2500,2500
103,11,Departments related to General Administration and Ward Management,501200094,4220120000,N Ward 2200,2200,2200
103,11,Departments related to General Administration and Ward Management,501200094,4230120000,S Ward 550,550,550
103,11,Departments related to General Administration and Ward Management,501200094,4240120000,T Ward 3000,3000,3000
103,11,Departments related to General Administration and Ward Management,501202568,4230120000,Asstt. M.C. 5000,5000,5000
103,11,Departments related to General Administration and Ward Management,501202569,4010120000,Asstt. M.C.,2500,2500
103,11,Departments related to General Administration and Ward Management,501200096,4060120000,Ward under integrated koliwadas development Asstt. M.C.,1000,1000
103,11,Departments related to General Administration and Ward Management,501200098,4080120000,under integrated koliwadas development Asstt. M.C.,93300,1000
103,11,Departments related to General Administration and Ward Management,501200678,4090120000,Dharavi Koliwada at Mahim Kala Killa in Asstt. M.C.,1000,1000
103,11,Departments related to General Administration and Ward Management,501200100,4110120000,under integrated koliwadas development Asstt. M.C.,1000,1000
103,11,Departments related to General Administration and Ward Management,501200679,4110120000,Asstt. M.C.,1000,1000
105,11,Departments related to General Administration and Ward Management,501200680,4110120000,Asstt. M.C.,1000,1000
105,11,Departments related to General Administration and Ward Management,501200101,4130120000,Ward under integrated koliwadas development Asstt. M.C.,1000,1000
105,11,Departments related to General Administration and Ward Management,501200161,4130120000,under integrated koliwadas development Asstt. M.C.,1000,1000
105,11,Departments related to General Administration and Ward Management,501200102,4150120000,"Fishermen colony, Aksa Fishermen colony, Asstt. M.C.",1000,1000
105,11,Departments related to General Administration and Ward Management,501201154,4150120000,"SWDs in Malvani, Madh, Essar, Bhati, and Asstt. M.C.",1000,1000
105,11,Departments related to General Administration and Ward Management,501200103,4170120000,Asstt. M.C.,1000,1000
105,11,Departments related to General Administration and Ward Management,501200104,4180120000,in R/Central Ward under integrated koliwadas Asstt. M.C.,1000,1000
105,11,Departments related to General Administration and Ward Management,501200681,4180120000,Asstt. M.C.,1000,1000
105,11,Departments related to General Administration and Ward Management,501202731,4180120000,Asstt. M.C. 1000,1000,1000
105,11,Departments related to General Administration and Ward Management,501202732,4180120000,Asstt. M.C.,1000,1000
107,11,Departments related to General Administration and Ward Management,501202733,4180120000,Asstt. M.C.,1000,1000
107,11,Departments related to General Administration and Ward Management,501202734,4180120000,Asstt. M.C. 1000,1000,1000
107,11,Departments related to General Administration and Ward Management,501202735,4180120000,Asstt. M.C.,1000,1000
107,11,Departments related to General Administration and Ward Management,501202736,4180120000,Asstt. M.C.,1000,1000
107,11,Departments related to General Administration and Ward Management,501202737,4180120000,Asstt. M.C.,1000,1000
107,11,Departments related to General Administration and Ward Management,501202738,4180120000,Asstt. M.C.,1000,1000
107,11,Departments related to General Administration and Ward Management,501202739,4180120000,Asstt. M.C.,1000,1000
107,11,Departments related to General Administration and Ward Management,501200105,4200120000,Ward under integrated koliwadas development Asstt. M.C. 1000,1000,1000
107,11,Departments related to General Administration and Ward Management,501200106,1000125421,Provision for Adhar Kendra 1000,1000,1000
107,11,Departments related to General Administration and Ward Management,501201560,4140120000,50,50,50
107,11,Departments related to General Administration and Ward Management,501201561,4150120000,50,50,50
109,11,Departments related to General Administration and Ward Management,501201563,4150120000,Malad-E P/N Ward 50,50,50
109,11,Departments related to General Administration and Ward Management,501201564,4160120000,50,50,50
113,13,keÀe³e& keÀjCeejs Keeles : ÒecegKe uesKeeHeeue Keeles (efJeÊe/keÀes<eeieej),410400034,1000130000,HO - C.A. CA 100 100 cegK³eeue³e - ÒecegKe uesKeeHeeue Keeles,100,
113,13,keÀe³e& keÀjCeejs Keeles : ÒecegKe uesKeeHeeue Keeles (efJeÊe/keÀes<eeieej),410600200,1000130000,HO - C.A. CA 400 400 cegK³eeue³e - ÒecegKe uesKeeHeeue Keeles,400,
113,13,keÀe³e& keÀjCeejs Keeles : ÒecegKe uesKeeHeeue Keeles (efJeÊe/keÀes<eeieej),410600200,1000134314,Budget-C.A CA ... 400 DeLe&mebkeÀuHe - ÒecegKe uesKeeHeeue Keeles,400,
113,13,keÀe³e& keÀjCeejs Keeles : ÒecegKe uesKeeHeeue Keeles (efJeÊe/keÀes<eeieej),410600320,1000130000,HO - C.A. CA 200 2000 cegK³eeue³e - ÒecegKe uesKeeHeeue Keeles,2000,
113,13,keÀe³e& keÀjCeejs Keeles : ÒecegKe uesKeeHeeue Keeles (efJeÊe/keÀes<eeieej),410600300,1000130000,HO - C.A. CA 50 150 cegK³eeue³e - ÒecegKe uesKeeHeeue Keeles,150,
113,13,keÀe³e& keÀjCeejs Keeles : ÒecegKe uesKeeHeeue Keeles (efJeÊe/keÀes<eeieej),410600500,1000130000,HO - C.A. CA 100 150 cegK³eeue³e - ÒecegKe uesKeeHeeue Keeles,150,
113,13,keÀe³e& keÀjCeejs Keeles : ÒecegKe uesKeeHeeue Keeles (efJeÊe/keÀes<eeieej),410600700,1000130000,HO - C.A. CA 200 200 cegK³eeue³e - ÒecegKe uesKeeHeeue Keeles,200,
114,13,keÀe³e& keÀjCeejs Keeles : ÒecegKe uesKeeHeeue Keeles (efJeÊe/keÀes<eeieej),410700102,1000130000,HO - C.A. CA 50 100 cegK³eeue³e - ÒecegKe uesKeeHeeue Keeles,50,100
114,13,keÀe³e& keÀjCeejs Keeles : ÒecegKe uesKeeHeeue Keeles (efJeÊe/keÀes<eeieej),410700103,1000130000,HO - C.A. CA 20 60 cegK³eeue³e - ÒecegKe uesKeeHeeue Keeles,20,60
114,13,keÀe³e& keÀjCeejs Keeles : ÒecegKe uesKeeHeeue Keeles (efJeÊe/keÀes<eeieej),410700103,2001134300,Division I - C.A. CA 20 70 efJeYeeie SkeÀ - ÒecegKe uesKeeHeeue Keeles,20,70
114,13,keÀe³e& keÀjCeejs Keeles : ÒecegKe uesKeeHeeue Keeles (efJeÊe/keÀes<eeieej),410700199,1000130000,HO - C.A. CA 20 100 cegK³eeue³e - ÒecegKe uesKeeHeeue Keeles,20,100
114,13,keÀe³e& keÀjCeejs Keeles : ÒecegKe uesKeeHeeue Keeles (efJeÊe/keÀes<eeieej),410700200,1000130000,HO - C.A. CA 50 100 cegK³eeue³e - ÒecegKe uesKeeHeeue Keeles,50,100
115,13,FUNCTIONARY CODE : 13,501300007,1000130000,offices of CA's Department including CA 100,100,200
115,13,FUNCTIONARY CODE : 13,501300009,1000130000,38090400,38090400,...
115,13,FUNCTIONARY CODE : 13,501300008,1000130000,Financial Grant in Aid to BEST CA 9286500,9286500,10000000
117,13,keÀe³e& keÀjCeejs Keeles: ÒecegKe uesKeeHeeue Keeles (efJelle/ keÀes<eeieej),330300610,1000130000,Internal Temporary Transfer 121194696 166997826 leelHegjles Debleie&le nmleeblejCe,166997826,
117,13,keÀe³e& keÀjCeejs Keeles: ÒecegKe uesKeeHeeue Keeles (efJelle/ keÀes<eeieej),320100101,1000130000,...,223500,
117,13,keÀe³e& keÀjCeejs Keeles: ÒecegKe uesKeeHeeue Keeles (efJelle/ keÀes<eeieej),320100200,1000130000,Grant for Brimstowad Project ... 2000000 efye´cemìesJee@[ ÒekeÀuHeekeÀefjlee Devegoeve,2000000,
117,13,keÀe³e& keÀjCeejs Keeles: ÒecegKe uesKeeHeeue Keeles (efJelle/ keÀes<eeieej),312110300,1000130000,Amount transfer from Revenue A/c 58240198 30787668 cenmegueer uesK³eekeÀ[tve nmleeblejCe,30787668,
117,13,keÀe³e& keÀjCeejs Keeles: ÒecegKe uesKeeHeeue Keeles (efJelle/ keÀes<eeieej),312301300,1000130000,6000000,6600000,
117,13,keÀe³e& keÀjCeejs Keeles: ÒecegKe uesKeeHeeue Keeles (efJelle/ keÀes<eeieej),312301700,1000130000,4500000 ... Yetceer mebHeeove Je efJekeÀeme efveOeer,...,
117,13,keÀe³e& keÀjCeejs Keeles: ÒecegKe uesKeeHeeue Keeles (efJelle/ keÀes<eeieej),312302400,1000130000,Depreciation Fund 3200000,...,
117,13,keÀe³e& keÀjCeejs Keeles: ÒecegKe uesKeeHeeue Keeles (efJelle/ keÀes<eeieej),312302801,1000130000,Fire Protection Fund A/c 1599121 2617243 Deeqivemegj#ee efveOeer,2617243,
117,13,keÀe³e& keÀjCeejs Keeles: ÒecegKe uesKeeHeeue Keeles (efJelle/ keÀes<eeieej),312302900,1000130000,2850000,3123000,
117,13,keÀe³e& keÀjCeejs Keeles: ÒecegKe uesKeeHeeue Keeles (efJelle/ keÀes<eeieej),312303000,1000130000,Compensation received under DCPR 6 1405205,1929684,
117,13,keÀe³e& keÀjCeejs Keeles: ÒecegKe uesKeeHeeue Keeles (efJelle/ keÀes<eeieej),312303020,1000130000,A/C of Fungible Compensatory FSI 60699300,67000000,
117,13,keÀe³e& keÀjCeejs Keeles: ÒecegKe uesKeeHeeue Keeles (efJelle/ keÀes<eeieej),312303030,1000130000,350000,380000,
117,13,keÀe³e& keÀjCeejs Keeles: ÒecegKe uesKeeHeeue Keeles (efJelle/ keÀes<eeieej),312303040,1000130000,Fund for Special Projects 3600000,...,
117,13,keÀe³e& keÀjCeejs Keeles: ÒecegKe uesKeeHeeue Keeles (efJelle/ keÀes<eeieej),312303041,1000130000,1920000,4732800,
117,13,keÀe³e& keÀjCeejs Keeles: ÒecegKe uesKeeHeeue Keeles (efJelle/ keÀes<eeieej),312303060,1000130000,1571846,3179200,
119,14,LABOUR DEPARTMENT keÀe³e& keÀjCeejs Keeles : keÀeceieej Keeles,410600000,1000140000,HO - Labour L.O. ... 250 cegK³eeue³e - ÞeefcekeÀ,250,
121,15,Public Relation Department keÀe³e& keÀjCeejs Keeles : pevemebHeke&À Keeles,410600000,1000150000,P.R.O. 200,1000,
124,16,Mumbai Mun. Security Force Dept. keÀe³e& keÀjCeejs Keeles : cegbyeF& ce.ve.Hee. megj#ee oue Keeles,410400030,1000160000,Security 1000 69000 megj#ee ³eb$eCee - cesìue ef[ìskeÌìj F.,,
124,16,Mumbai Mun. Security Force Dept. keÀe³e& keÀjCeejs Keeles : cegbyeF& ce.ve.Hee. megj#ee oue Keeles,410600000,1000160000,Office & Other Equipment Security 230 400 keÀe³ee&ue³e DeeefCe Flej meeOevemeecegûeer,,
124,16,Mumbai Mun. Security Force Dept. keÀe³e& keÀjCeejs Keeles : cegbyeF& ce.ve.Hee. megj#ee oue Keeles,410600210,1000160000,Computer Software Security 2500 3500 keÀe@cH³egìj mee@HeÌìJesDej,,
124,16,Mumbai Mun. Security Force Dept. keÀe³e& keÀjCeejs Keeles : cegbyeF& ce.ve.Hee. megj#ee oue Keeles,410700000,1000160000,Security 2000,,
124,16,Mumbai Mun. Security Force Dept. keÀe³e& keÀjCeejs Keeles : cegbyeF& ce.ve.Hee. megj#ee oue Keeles,410800201,1000160000,Security 35,,
124,16,Mumbai Mun. Security Force Dept. keÀe³e& keÀjCeejs Keeles : cegbyeF& ce.ve.Hee. megj#ee oue Keeles,410800300,1000160000,Fire Extinguisher Security ...,,
125,16,MUMBAI MUN.SECURITY FORCE DEPT. FUNCTIONARY CODE :16,501600027,4080160000,Security 5000,5000,5000
125,16,MUMBAI MUN.SECURITY FORCE DEPT. FUNCTIONARY CODE :16,501600028,1000160000,Security 24300,24300,100000
125,16,MUMBAI MUN.SECURITY FORCE DEPT. FUNCTIONARY CODE :16,501600002,1000160501,Centre building of Security Department in Security ...,...,100
129,17,FUNCTIONARY CODE :17,501700010,1000172600,74755 25900,25900,30000
129,17,FUNCTIONARY CODE :17,501700014,1000170000,"conditioning, furniture, etc. of A Wing &",,
129,17,FUNCTIONARY CODE :17,501700015,1000170000,1500 ...,...,800
129,17,FUNCTIONARY CODE :17,501700016,1000170000,370000 100,100,1000
133,17,I. T. CELL,410600200,1000180000,"Computer, Printer & Peripherals I.T.Cell",178700,323308
133,17,I. T. CELL,410600210,1000180000,Computer Software I.T.Cell 400000,400000,470000
137,17,CHIEF OFFICER (ENQUIRY),410600000,1000190000,Ch.O.(Enq.) ...,1200,1200
137,17,CHIEF OFFICER (ENQUIRY),410700000,1000190000,Ch.O.(Enq.) ...,160,160
137,17,CHIEF OFFICER (ENQUIRY),410800201,1000190000,Ch.O.(Enq.) ...,15,15
139,20,CHIEF SAFETY OFFICER DEPT. keÀe³e& keÀjCeejs Keeles :,410600200,1000200000,HO - CSO,,
139,20,CHIEF SAFETY OFFICER DEPT. keÀe³e& keÀjCeejs Keeles :,410700000,1000200000,HO - CSO,,
142,21,DISASTER MANAGEMENT CELL. keÀe³e& keÀjCeejs Keeles : DeeHelkeÀeueerve J³eJemLeeHeve keÀ#e,410800201,1000210502,DMP ...,,
143,21,DISASTER MANAGEMENT CELL FUNCTIONARY CODE : 21,502100003,1000210000,System DMP 1400,1400,...
143,21,DISASTER MANAGEMENT CELL FUNCTIONARY CODE : 21,502100004,1000210000,DMP ...,...,100
143,21,DISASTER MANAGEMENT CELL FUNCTIONARY CODE : 21,502100032,1000210502,B.M. 43100,43100,24300
143,21,DISASTER MANAGEMENT CELL FUNCTIONARY CODE : 21,502100033,1000210000,wards under Mumbai City Surveliance DMP ...,...,4000
143,21,DISASTER MANAGEMENT CELL FUNCTIONARY CODE : 21,502100034,1000210000,Disaster Management Authority (Mumbai DMP ...,...,1500000
143,21,DISASTER MANAGEMENT CELL FUNCTIONARY CODE : 21,502100035,1000210000,Disaster Management Authority (Mumbai DMP ...,...,1500000
148,22,keÀe³e& keÀjCeejs Keeles : meeiejer efkeÀveejer jmlee ÒekeÀuHe Keeles,410600000,1000220000,Office & Other Equipments 350 350 keÀe³ee&ue³e DeeefCe Flej meeOeCes,350,
148,22,keÀe³e& keÀjCeejs Keeles : meeiejer efkeÀveejer jmlee ÒekeÀuHe Keeles,410700000,1000220000,350,350,
149,22,Coastal Road Project Department FUNCTIONARY CODE: 22,502200002,1000220000,Proposed World Class Central Public ...,...,21400
149,22,Coastal Road Project Department FUNCTIONARY CODE: 22,502200003,1000220000,Public Toilet & Police Chowky along ...,...,34300
149,22,Coastal Road Project Department FUNCTIONARY CODE: 22,502200004,1000220000,...,...,34300
149,22,Coastal Road Project Department FUNCTIONARY CODE: 22,502200001,1000220000,153993500 20999300,20999300,15072400
154,22,Garden & Recreation - (Zoo),410400000,1000230000,Zoo 5000 2500 ³eb$es Je meb³eb$es,2500,2500
154,22,Garden & Recreation - (Zoo),410509900,1000230000,Other Vehicles Zoo 4000,2000,2000
154,22,Garden & Recreation - (Zoo),410600200,1000230000,Zoo 2000,300,300
154,22,Garden & Recreation - (Zoo),410600210,1000230000,Computer Software Zoo ... 2500 keÀe@cHegìj mee@HeÌìJesDej,2500,2500
154,22,Garden & Recreation - (Zoo),410600300,1000230000,Photocopier machine Zoo 100 300 HeÀesìeskeÀe@Heer³ej ceMeerve,300,300
154,22,Garden & Recreation - (Zoo),410600400,1000230000,Refrigerator Zoo 100 200 ÒeefMeleves,200,200
154,22,Garden & Recreation - (Zoo),410600700,1000230000,Projector Zoo 200 300 He´espeskeÌìj,300,300
154,22,Garden & Recreation - (Zoo),410700104,1000230000,Tables Zoo 100 500 ìsyeume,500,500
154,22,Garden & Recreation - (Zoo),410700107,1000230000,Trollies Zoo 100 500 ì^e@ueerpe,500,500
154,22,Garden & Recreation - (Zoo),410700112,1000230000,Racks Zoo 100,500,500
154,22,Garden & Recreation - (Zoo),410700199,1000230000,Zoo 100 500 Flej HeÀefve&®ej DeeefCe efHeÀkeÌ®ej,500,500
154,22,Garden & Recreation - (Zoo),410800400,1000230000,Live Stock Zoo 100 20000 ueeF&Jn æmìe@keÀ,20000,20000
155,23,Garden & Recreation - (Zoo) FUNCTIONARY CODE : 23,502300001,1000232401,Botanical Garden and Zoo B.M/ZOO,...,
155,23,Garden & Recreation - (Zoo) FUNCTIONARY CODE : 23,502300004,1000232401,Botanical Garden and Zoo B.M/ZOO 50000,50000,
155,23,Garden & Recreation - (Zoo) FUNCTIONARY CODE : 23,502300005,1000232401,Botanical Garden and Zoo B.M/ZOO,35000,
155,23,Garden & Recreation - (Zoo) FUNCTIONARY CODE : 23,502300006,1000232401,Botanical Garden and Zoo B.M/ZOO,500,
155,23,Garden & Recreation - (Zoo) FUNCTIONARY CODE : 23,502300007,1000232401,Botanical Garden and Zoo B.M/ZOO,...,
155,23,Garden & Recreation - (Zoo) FUNCTIONARY CODE : 23,502300002,1000230000,Development of ZOO at Arrey Colony,,
155,23,Garden & Recreation - (Zoo) FUNCTIONARY CODE : 23,502300003,1000230000,ZOO ...,...,
160,24,ASSESSOR AND COLLECTOR DEPTT. keÀe³e& keÀjCeejs Keeles :keÀjefveOee&jkeÀ Je mebkeÀuekeÀ Keeles,410400034,1000240000,A&C 100 1000 mkeÀ@vej,1000,
160,24,ASSESSOR AND COLLECTOR DEPTT. keÀe³e& keÀjCeejs Keeles :keÀjefveOee&jkeÀ Je mebkeÀuekeÀ Keeles,410600200,1000240000,"Computer, Printer & Peripheral A&C 200 500 mebieCekeÀ, efÒebìj DeeefCe HesefjHesÀjume",500,
160,24,ASSESSOR AND COLLECTOR DEPTT. keÀe³e& keÀjCeejs Keeles :keÀjefveOee&jkeÀ Je mebkeÀuekeÀ Keeles,410600300,1000240000,Photocopiers A&C 100 500 HeÀesìeskeÀe@Heer³eme&,500,
160,24,ASSESSOR AND COLLECTOR DEPTT. keÀe³e& keÀjCeejs Keeles :keÀjefveOee&jkeÀ Je mebkeÀuekeÀ Keeles,410600501,1000240000,Franking Machine A&C ... 500 ÖeBÀefkebÀie ceMeerve,500,
160,24,ASSESSOR AND COLLECTOR DEPTT. keÀe³e& keÀjCeejs Keeles :keÀjefveOee&jkeÀ Je mebkeÀuekeÀ Keeles,410700000,1000240000,A & C 400,500,
161,24,ASSESSOR AND COLLECTOR DEPTT. FUNCTIONARY CODE : 24,502400001,1000240000,BM 2500,2500,50000
161,24,ASSESSOR AND COLLECTOR DEPTT. FUNCTIONARY CODE : 24,502400041,1000240000,LAN/ WAN Connectivity A&C 100,100,500
161,24,ASSESSOR AND COLLECTOR DEPTT. FUNCTIONARY CODE : 24,502400086,1000240000,360 Degree Maping Projector A&C ...,...,8500
161,24,ASSESSOR AND COLLECTOR DEPTT. FUNCTIONARY CODE : 24,502400087,1000240000,8000,8000,500
161,24,ASSESSOR AND COLLECTOR DEPTT. FUNCTIONARY CODE : 24,502400090,1000240000,A&C 2000,2000,500
161,24,ASSESSOR AND COLLECTOR DEPTT. FUNCTIONARY CODE : 24,502400091,1000240000,Digital Platform Software A&C 10,10,10
163,24,ASSESSOR AND COLLECTOR DEPTT. FUNCTIONARY CODE : 24,410700299,1000240000,Other Fittings & Electrical Appliances A&C 100,100,100
163,24,ASSESSOR AND COLLECTOR DEPTT. FUNCTIONARY CODE : 24,502400092,1000240603,"3092A/2, 3092A/3, 3091A, 3089/1 etc. of 24923880 200000",200000,1500000
167,24,Central Procurement Department,410400062,1000250000,Water Pump 10 10 Jee@ìj HebHe,10,
167,24,Central Procurement Department,410600000,1000250000,Office & Other Equipments 100,200,
167,24,Central Procurement Department,410600200,1000250000,"Computer, Printer & Peripheral 300",400,
167,24,Central Procurement Department,410700000,1000250000,100,300,
170,26,Building Maintenance Department keÀe³e& keÀjCeejs Keeles : Fceejle Heefjj#eCe Keeles,502600047,1000260000,Total Station Survey BM 100 200 ìesìue mìsMeve meJnx,200,
171,2,Building Maintenance Department FUNCTIONARY CODE 2:6,502600024,1000260000,Heritage 6326,6326,12500
171,2,Building Maintenance Department FUNCTIONARY CODE 2:6,502600054,1000260000,Repairs & reinstallation of Heritage Heritage 3700,3700,...
171,2,Building Maintenance Department FUNCTIONARY CODE 2:6,502600085,1000260000,H.O. Heritage 26747,26747,...
171,2,Building Maintenance Department FUNCTIONARY CODE 2:6,502600085,4110260000,H/West Ward Ward 42646,42646,...
171,2,Building Maintenance Department FUNCTIONARY CODE 2:6,502600088,4040260000,& Development of Banganga Heritage Ward 120000 60000,60000,60000
174,26,Building Maintenance Department keÀe³e& keÀjCeejs Keeles : Fceejle Heefjj#eCe Keeles,410400000,1000264406,Plant & Machinery Heritage 23100 33390 ³eb$es Je meb³eb$es,33390,
174,26,Building Maintenance Department keÀe³e& keÀjCeejs Keeles : Fceejle Heefjj#eCe Keeles,410600000,1000260000,Office & other Equipments 200 500 keÀe³ee&ue³e DeeefCe Flej meeOevemeecegûeer,500,
174,26,Building Maintenance Department keÀe³e& keÀjCeejs Keeles : Fceejle Heefjj#eCe Keeles,410600000,1000264406,Office & other Equipments Heritage 14350 20000 keÀe³ee&ue³e DeeefCe Flej meeOevemeecegûeer,20000,
174,26,Building Maintenance Department keÀe³e& keÀjCeejs Keeles : Fceejle Heefjj#eCe Keeles,410700000,1000264406,Heritage 6100,5900,
174,26,Building Maintenance Department keÀe³e& keÀjCeejs Keeles : Fceejle Heefjj#eCe Keeles,410800000,1000264406,Other Fixed Assets Heritage 500 3800 Flej efmLej ceeuecellee,3800,
175,26,Building Maintenance Department FUNCTIONARY CODE : 26,502600027,1000260000,Heritage Structures owned by BMC. Heritage,100000,24000
175,26,Building Maintenance Department FUNCTIONARY CODE : 26,502600083,1000260000,Heritage Structures owned by BMC.,93300,37540
175,26,Building Maintenance Department FUNCTIONARY CODE : 26,502600089,1000260000,Heritage Structures owned by BMC. Heritage,2500,5000
175,26,Building Maintenance Department FUNCTIONARY CODE : 26,502600092,1000260000,Heritage Structures owned by BMC.,5000,3000
175,26,Building Maintenance Department FUNCTIONARY CODE : 26,502600095,1000260000,Heritage Structures owned by BMC. Heritage,...,12500
177,26,Building Maintenance Department FUNCTIONARY CODE : 26,502600028,1000260000,tiles Roofing of the listed Heritage,...,1000
177,26,Building Maintenance Department FUNCTIONARY CODE : 26,502600029,1000260000,,2000,5000
177,26,Building Maintenance Department FUNCTIONARY CODE : 26,502600029,1000263000,H.O-M.A. M.A. 100000,100000,125000
177,26,Building Maintenance Department FUNCTIONARY CODE : 26,502600029,4010260000,A Ward 500,500,1000
177,26,Building Maintenance Department FUNCTIONARY CODE : 26,502600029,4020260000,B Ward 1000,1000,1000
177,26,Building Maintenance Department FUNCTIONARY CODE : 26,502600029,4030260000,C Ward 1000,1000,1000
177,26,Building Maintenance Department FUNCTIONARY CODE : 26,502600029,4040260000,D Ward 1000,1000,1000
177,26,Building Maintenance Department FUNCTIONARY CODE : 26,502600029,4050260000,E Ward 1000,1000,1000
177,26,Building Maintenance Department FUNCTIONARY CODE : 26,502600029,4060260000,F/South Ward 1000,1000,1000
177,26,Building Maintenance Department FUNCTIONARY CODE : 26,502600029,4070260000,F/North Ward 1000,1000,1000
177,26,Building Maintenance Department FUNCTIONARY CODE : 26,502600029,4080260000,G/South Ward 1000,1000,1000
177,26,Building Maintenance Department FUNCTIONARY CODE : 26,502600029,4090260000,G/North Ward 1000,1000,1000
177,26,Building Maintenance Department FUNCTIONARY CODE : 26,502600029,4100260000,H/East Ward 1000,1000,1000
177,26,Building Maintenance Department FUNCTIONARY CODE : 26,502600029,4110260000,H/West Ward 1000,1000,1000
177,26,Building Maintenance Department FUNCTIONARY CODE : 26,502600029,4120260000,K/East Ward 1000,1000,1000
177,26,Building Maintenance Department FUNCTIONARY CODE : 26,502600029,4130260000,1000,1000,1000
177,26,Building Maintenance Department FUNCTIONARY CODE : 26,502600029,4140260000,P/South Ward 1000,1000,1000
177,26,Building Maintenance Department FUNCTIONARY CODE : 26,502600029,4150260000,P/North Ward 1000,1000,1000
177,26,Building Maintenance Department FUNCTIONARY CODE : 26,502600029,4160260000,R/South Ward 1000,1000,1000
177,26,Building Maintenance Department FUNCTIONARY CODE : 26,502600029,4170260000,R/North Ward 1000,1000,1000
177,26,Building Maintenance Department FUNCTIONARY CODE : 26,502600029,4180260000,R/Central Ward 1000,1000,1000
177,26,Building Maintenance Department FUNCTIONARY CODE : 26,502600029,4190260000,L Ward 1000,1000,1000
177,26,Building Maintenance Department FUNCTIONARY CODE : 26,502600029,4200260000,M/East Ward 1000,1000,1000
177,26,Building Maintenance Department FUNCTIONARY CODE : 26,502600029,4210260000,M/West Ward 1000,1000,1000
177,26,Building Maintenance Department FUNCTIONARY CODE : 26,502600029,4220260000,N Ward 1000,1000,1000
177,26,Building Maintenance Department FUNCTIONARY CODE : 26,502600029,4230260000,S Ward 1000,1000,1000
177,26,Building Maintenance Department FUNCTIONARY CODE : 26,502600029,4240260000,T Ward 1000,1000,1000
179,26,Building Maintenance Department FUNCTIONARY CODE : 26,502600031,1000260000,the official residences of the Heritage,6000,5000
179,26,Building Maintenance Department FUNCTIONARY CODE : 26,502600032,2002260000,Division II BM 105206,105206,...
179,26,Building Maintenance Department FUNCTIONARY CODE : 26,502600084,2001260000,Division I 14963,14963,...
179,26,Building Maintenance Department FUNCTIONARY CODE : 26,502600084,2002260000,Division II BM ...,...,5000
179,26,Building Maintenance Department FUNCTIONARY CODE : 26,502600084,2003260000,Division III 29077,29077,...
179,26,Building Maintenance Department FUNCTIONARY CODE : 26,502600090,2001260000,Division I BM 80306,80306,11574
179,26,Building Maintenance Department FUNCTIONARY CODE : 26,502600090,2003260000,Division III BM 30000,30000,80000
181,26,Building Maintenance Department FUNCTIONARY CODE : 26,502600093,2001260000,Division I BM ...,...,10000
181,26,Building Maintenance Department FUNCTIONARY CODE : 26,502600093,2002260000,Division II 5000,5000,50000
181,26,Building Maintenance Department FUNCTIONARY CODE : 26,502600093,2003260000,Division III BM 100,100,7000
181,26,Building Maintenance Department FUNCTIONARY CODE : 26,502600096,2001260000,Division I ...,...,10000
181,26,Building Maintenance Department FUNCTIONARY CODE : 26,502600096,2002260000,Division II,,10000
181,26,Building Maintenance Department FUNCTIONARY CODE : 26,502600096,2003260000,Division III BM ...,...,10000
181,26,Building Maintenance Department FUNCTIONARY CODE : 26,502600034,2001260000,Division I BM 100,100,300
181,26,Building Maintenance Department FUNCTIONARY CODE : 26,502600034,2002260000,Division II 100,100,300
181,26,Building Maintenance Department FUNCTIONARY CODE : 26,502600034,2003260000,Division III BM 100,100,300
183,26,Building Maintenance Department FUNCTIONARY CODE : 26,502600035,1000260000,Provision for Soil Investigation,500,600
183,26,Building Maintenance Department FUNCTIONARY CODE : 26,502600035,1000260000,Provision for Soil Investigation,100,400
183,26,Building Maintenance Department FUNCTIONARY CODE : 26,502600035,4010260000,A Ward 50,50,50
183,26,Building Maintenance Department FUNCTIONARY CODE : 26,502600035,4020260000,B Ward 50,50,50
183,26,Building Maintenance Department FUNCTIONARY CODE : 26,502600035,4030260000,C Ward 50,50,50
183,26,Building Maintenance Department FUNCTIONARY CODE : 26,502600035,4040260000,D Ward 50,50,50
183,26,Building Maintenance Department FUNCTIONARY CODE : 26,502600035,4050260000,E Ward 50,50,50
183,26,Building Maintenance Department FUNCTIONARY CODE : 26,502600035,4060260000,F/South Ward 50,50,50
183,26,Building Maintenance Department FUNCTIONARY CODE : 26,502600035,4070260000,F/North Ward 50,50,50
183,26,Building Maintenance Department FUNCTIONARY CODE : 26,502600035,4080260000,G/South Ward 50,50,50
183,26,Building Maintenance Department FUNCTIONARY CODE : 26,502600035,4090260000,G/North Ward 50,50,50
183,26,Building Maintenance Department FUNCTIONARY CODE : 26,502600035,4100260000,H/East Ward 50,50,50
183,26,Building Maintenance Department FUNCTIONARY CODE : 26,502600035,4110260000,H/West Ward 50,50,50
183,26,Building Maintenance Department FUNCTIONARY CODE : 26,502600035,4120260000,K/East Ward 50,50,50
183,26,Building Maintenance Department FUNCTIONARY CODE : 26,502600035,4130260000,K/West Ward 50,50,50
183,26,Building Maintenance Department FUNCTIONARY CODE : 26,502600035,4140260000,P/South Ward 50,50,50
183,26,Building Maintenance Department FUNCTIONARY CODE : 26,502600035,4150260000,P/North Ward 50,50,50
183,26,Building Maintenance Department FUNCTIONARY CODE : 26,502600035,4160260000,R/South Ward 50,50,50
183,26,Building Maintenance Department FUNCTIONARY CODE : 26,502600035,4170260000,R/North Ward 50,50,50
183,26,Building Maintenance Department FUNCTIONARY CODE : 26,502600035,4180260000,R/Central Ward 50,50,50
183,26,Building Maintenance Department FUNCTIONARY CODE : 26,502600035,4190260000,50,50,50
183,26,Building Maintenance Department FUNCTIONARY CODE : 26,502600035,4200260000,M/East Ward 50,50,50
183,26,Building Maintenance Department FUNCTIONARY CODE : 26,502600035,4210260000,M/West Ward 50,50,50
183,26,Building Maintenance Department FUNCTIONARY CODE : 26,502600035,4220260000,N Ward 50,50,50
183,26,Building Maintenance Department FUNCTIONARY CODE : 26,502600035,4230260000,S Ward 50,50,50
183,26,Building Maintenance Department FUNCTIONARY CODE : 26,502600035,4240260000,T Ward 50,50,50
185,26,Building Maintenance Department FUNCTIONARY CODE : 26,502600036,1000264406,Heritage 500,500,800
185,26,Building Maintenance Department FUNCTIONARY CODE : 26,502600038,1000260000,BM,4000,24720
185,26,Building Maintenance Department FUNCTIONARY CODE : 26,502600038,4010260000,A Ward 1000,1000,1000
185,26,Building Maintenance Department FUNCTIONARY CODE : 26,502600038,4020260000,B Ward 1000,1000,1000
185,26,Building Maintenance Department FUNCTIONARY CODE : 26,502600038,4030260000,C Ward 1000,1000,1000
185,26,Building Maintenance Department FUNCTIONARY CODE : 26,502600038,4040260000,D Ward 1000,1000,1000
185,26,Building Maintenance Department FUNCTIONARY CODE : 26,502600038,4050260000,E Ward 1000,1000,1000
185,26,Building Maintenance Department FUNCTIONARY CODE : 26,502600038,4060260000,F/South Ward 1000,1000,1000
185,26,Building Maintenance Department FUNCTIONARY CODE : 26,502600038,4070260000,F/North Ward 1000,1000,1000
185,26,Building Maintenance Department FUNCTIONARY CODE : 26,502600038,4080260000,G/South Ward 1000,1000,1000
185,26,Building Maintenance Department FUNCTIONARY CODE : 26,502600038,4090260000,G/North Ward 1000,1000,1000
185,26,Building Maintenance Department FUNCTIONARY CODE : 26,502600038,4100260000,H/East Ward 1000,1000,1000
185,26,Building Maintenance Department FUNCTIONARY CODE : 26,502600038,4110260000,H/West Ward 1000,1000,1000
185,26,Building Maintenance Department FUNCTIONARY CODE : 26,502600038,4120260000,K/East Ward 1000,1000,1000
185,26,Building Maintenance Department FUNCTIONARY CODE : 26,502600038,4130260000,K/West Ward 1000,1000,1000
185,26,Building Maintenance Department FUNCTIONARY CODE : 26,502600038,4140260000,P/South Ward 1000,1000,1000
185,26,Building Maintenance Department FUNCTIONARY CODE : 26,502600038,4150260000,P/North Ward 1000,1000,1000
185,26,Building Maintenance Department FUNCTIONARY CODE : 26,502600038,4160260000,R/South Ward 1000,1000,1000
185,26,Building Maintenance Department FUNCTIONARY CODE : 26,502600038,4170260000,R/North Ward 1000,1000,1000
185,26,Building Maintenance Department FUNCTIONARY CODE : 26,502600038,4180260000,R/Central Ward 1000,1000,1000
185,26,Building Maintenance Department FUNCTIONARY CODE : 26,502600038,4190260000,L Ward 1000,1000,1000
185,26,Building Maintenance Department FUNCTIONARY CODE : 26,502600038,4200260000,M/East Ward 1000,1000,1000
185,26,Building Maintenance Department FUNCTIONARY CODE : 26,502600038,4210260000,M/West Ward 1000,1000,1000
185,26,Building Maintenance Department FUNCTIONARY CODE : 26,502600038,4220260000,N Ward 1000,1000,1000
185,26,Building Maintenance Department FUNCTIONARY CODE : 26,502600038,4230260000,S Ward 1000,1000,1000
185,26,Building Maintenance Department FUNCTIONARY CODE : 26,502600038,4240260000,T Ward 1000,1000,1000
187,26,Building Maintenance Department FUNCTIONARY CODE : 26,502600039,1000264406,Heritage,1500,1000
187,26,Building Maintenance Department FUNCTIONARY CODE : 26,502600064,1000262000,Heritage 47000,47000,33800
187,26,Building Maintenance Department FUNCTIONARY CODE : 26,502600073,1000260000,BM 30000 ...,...,8850
187,26,Building Maintenance Department FUNCTIONARY CODE : 26,502600097,1000263000,M.A. ...,...,25000
189,26,Building Maintenance Department FUNCTIONARY CODE : 26,502600045,4010260000,A Ward 2500,2500,2500
189,26,Building Maintenance Department FUNCTIONARY CODE : 26,502600045,4020260000,B Ward 2500,2500,2500
189,26,Building Maintenance Department FUNCTIONARY CODE : 26,502600045,4030260000,C Ward 2500,2500,2500
189,26,Building Maintenance Department FUNCTIONARY CODE : 26,502600045,4040260000,D Ward 2500,2500,2500
189,26,Building Maintenance Department FUNCTIONARY CODE : 26,502600045,4050260000,E Ward 2500,2500,2500
189,26,Building Maintenance Department FUNCTIONARY CODE : 26,502600045,4060260000,F/South Ward 2500,2500,2500
189,26,Building Maintenance Department FUNCTIONARY CODE : 26,502600045,4070260000,F/North Ward 2500,2500,2500
189,26,Building Maintenance Department FUNCTIONARY CODE : 26,502600045,4080260000,G/South Ward 2500,2500,2500
189,26,Building Maintenance Department FUNCTIONARY CODE : 26,502600045,4090260000,G/North Ward 2500,2500,2500
189,26,Building Maintenance Department FUNCTIONARY CODE : 26,502600045,4100260000,H/East Ward 2500,2500,2500
189,26,Building Maintenance Department FUNCTIONARY CODE : 26,502600045,4110260000,H/West Ward 2500,2500,2500
189,26,Building Maintenance Department FUNCTIONARY CODE : 26,502600045,4120260000,K/East Ward 2500,2500,2500
189,26,Building Maintenance Department FUNCTIONARY CODE : 26,502600045,4130260000,K/West Ward 2500,2500,2500
189,26,Building Maintenance Department FUNCTIONARY CODE : 26,502600045,4140260000,P/South Ward 2500,2500,2500
189,26,Building Maintenance Department FUNCTIONARY CODE : 26,502600045,4150260000,P/North Ward 2500,2500,2500
189,26,Building Maintenance Department FUNCTIONARY CODE : 26,502600045,4160260000,2500,2500,2500
189,26,Building Maintenance Department FUNCTIONARY CODE : 26,502600045,4170260000,R/North Ward 2500,2500,2500
189,26,Building Maintenance Department FUNCTIONARY CODE : 26,502600045,4180260000,R/Central Ward 2500,2500,2500
189,26,Building Maintenance Department FUNCTIONARY CODE : 26,502600045,4190260000,L Ward 2500,2500,2500
189,26,Building Maintenance Department FUNCTIONARY CODE : 26,502600045,4200260000,M/East Ward 2500,2500,2500
189,26,Building Maintenance Department FUNCTIONARY CODE : 26,502600045,4210260000,M/West Ward 2500,2500,2500
189,26,Building Maintenance Department FUNCTIONARY CODE : 26,502600045,4220260000,N Ward 2500,2500,2500
189,26,Building Maintenance Department FUNCTIONARY CODE : 26,502600045,4230260000,S Ward 2500,2500,2500
189,26,Building Maintenance Department FUNCTIONARY CODE : 26,502600045,4240260000,T Ward 2500,2500,2500
191,26,Building Maintenance Department keÀe³e& keÀjCeejs Keeles: Fceejle Heefjj#eCe Keeles,350800446,4040260000,"60000 60000 Hegve©&ppeerefJekeÀjCe, meewo³eeakeÀjCe Je efJekeÀeme",60000,
193,27,LEGAL DEPTT. keÀe³e& keÀjCeejs Keeles : efJeOeer Keeles,410600000,1000270000,HO - LEGAL LEGAL 200,,
193,27,LEGAL DEPTT. keÀe³e& keÀjCeejs Keeles : efJeOeer Keeles,410800201,1000270000,HO - LEGAL LEGAL 50 50 cegK³eeue³e - efJeOeer,,
195,28,Election Department FUNCTIONARY CODE :28,410600000,1000280000,Office & Other Equipments Election ...,...,4000
195,28,Election Department FUNCTIONARY CODE :28,410600200,1000280000,"Computer, Printers & Peripheral Election ...",...,100
195,28,Election Department FUNCTIONARY CODE :28,410700000,1000280000,"Furniture, Fixtures, Fitting & Electricals Election ...",...,100
195,28,Election Department FUNCTIONARY CODE :28,502800001,1000280000,Election 1300,1300,200
199,29,MUSEUM DEPARTMENT FUNCTIONARY CODE : 29,502900002,3001292600,M/s. National Textile Heritage 44000,44000,24500
199,29,MUSEUM DEPARTMENT FUNCTIONARY CODE : 29,502900011,3001292600,M/s. National Textile Heritage 11700,11700,...
201,29,MUSEUM DEPARTMENT FUNCTIONARY CODE : 29,502900012,3001292600,M/s. National Textile Heritage 5790,5790,93950
201,29,MUSEUM DEPARTMENT FUNCTIONARY CODE : 29,502900013,3001292600,M/s. National Textile Heritage ...,...,20000
203,29,MUSEUM DEPARTMENT FUNCTIONARY CODE : 29,502900004,1000290000,Heritage 35048 15100,15100,3600
203,29,MUSEUM DEPARTMENT FUNCTIONARY CODE : 29,502900005,1000290000,Fund of Dr. Bhau Daji Lad ...,...,100
203,29,MUSEUM DEPARTMENT FUNCTIONARY CODE : 29,502900006,1000290000,Acquisition for the Museum ...,...,100
203,29,MUSEUM DEPARTMENT FUNCTIONARY CODE : 29,502900009,1000290000,Museum 700,700,700
208,30,EDUCATION DEPARTMENT keÀe³e& keÀjCeejs Keeles : efMe#eCe Keeles,410600000,1000300000,Office and Other equipments E. O. 500 1000 keÀe³ee&ue³e DeeefCe Flej meeOevemeecegûeer,1000,
208,30,EDUCATION DEPARTMENT keÀe³e& keÀjCeejs Keeles : efMe#eCe Keeles,410700199,1000300000,Other Furniture & Fixtures E. O. 79000 31200 keÀe³ee&ue³e DeeefCe Flej meeOevemeecegûeer,31200,
208,30,EDUCATION DEPARTMENT keÀe³e& keÀjCeejs Keeles : efMe#eCe Keeles,410800201,1000300000,E. O. 1,1,
209,30,EDUCATION DEPARTMENT FUNCTIONARY CODE : 30,503000058,1000300000,E.O. 100,100,100
209,30,EDUCATION DEPARTMENT FUNCTIONARY CODE : 30,503000110,1000300000,Tabs to students EO ...,...,150000
209,30,EDUCATION DEPARTMENT FUNCTIONARY CODE : 30,503000119,1000300000,E.O. 1000,1000,40000
209,30,EDUCATION DEPARTMENT FUNCTIONARY CODE : 30,503000121,1000300000,Computer Labs at Various Muncipal EO 10100,10100,12344
209,30,EDUCATION DEPARTMENT FUNCTIONARY CODE : 30,503000124,1000300000,EO,,
209,30,EDUCATION DEPARTMENT FUNCTIONARY CODE : 30,503000126,1000300000,EO 100,100,100
209,30,EDUCATION DEPARTMENT FUNCTIONARY CODE : 30,503000127,1000300000,EO 2000,2000,40700
209,30,EDUCATION DEPARTMENT FUNCTIONARY CODE : 30,503000128,1000300000,E.O. 10,10,10
209,30,EDUCATION DEPARTMENT FUNCTIONARY CODE : 30,503000129,1000300000,Provision for E-Library E.O. 1,1,1
209,30,EDUCATION DEPARTMENT FUNCTIONARY CODE : 30,503000138,1000300000,Provision for Tinker Lab E.O. 10,10,10
209,30,EDUCATION DEPARTMENT FUNCTIONARY CODE : 30,503000158,1000300000,Napking Vending and Burning Machine E.O. 1000,1000,3000
214,31,Solid Waste Management Department keÀe³e& keÀjCeejs Keeles : Ieve keÀ®eje J³eJemLeeHeve Keeles,410200300,2002310000,Chowkies S.W.M. 200000 40000 ®eewkeÀer,40000,
214,31,Solid Waste Management Department keÀe³e& keÀjCeejs Keeles : Ieve keÀ®eje J³eJemLeeHeve Keeles,410400003,2002310000,Refuse Bins 75000 50000 keÀ®eje Hesìîee,50000,
214,31,Solid Waste Management Department keÀe³e& keÀjCeejs Keeles : Ieve keÀ®eje J³eJemLeeHeve Keeles,410501200,1000310000,Stationery Compactors S.W.M. 55000,34500,
215,31,Solid Waste Management Department FUNCTIONARY CODE : 31,503100001,1000310000,Transit camp under Ashray Yojana,,
215,31,Solid Waste Management Department FUNCTIONARY CODE : 31,503100002,1000310000,Minor Civil repairs of SWM Staff quarters Dy.Ch.E. 6500,6500,10000
215,31,Solid Waste Management Department FUNCTIONARY CODE : 31,503100007,1000314801,"filling including processing, treatment of 5500",5500,6000
217,31,Solid Waste Management Department FUNCTIONARY CODE : 31,503100008,1000314801,"filling including processing, treatment of",11500,76785
217,31,Solid Waste Management Department FUNCTIONARY CODE : 31,503100016,2003310000,1000,1000,2000
217,31,Solid Waste Management Department FUNCTIONARY CODE : 31,503100044,1000310000,AYC 51768500 8447632,8447632,13000000
217,31,Solid Waste Management Department FUNCTIONARY CODE : 31,503100044,4060310000,F/South Ward Ward 56100,56100,...
217,31,Solid Waste Management Department FUNCTIONARY CODE : 31,503100044,4090310000,G/North Ward Ward 12868,12868,...
217,31,Solid Waste Management Department FUNCTIONARY CODE : 31,503100044,4140310000,P/ South Ward Ward 3400,3400,...
217,31,Solid Waste Management Department FUNCTIONARY CODE : 31,503100045,1000310000,SWM,,
217,31,Solid Waste Management Department FUNCTIONARY CODE : 31,503100045,1000310000,Head Office 11100,11100,5000
217,31,Solid Waste Management Department FUNCTIONARY CODE : 31,503100045,2001310000,Division I - City 10000,10000,25000
217,31,Solid Waste Management Department FUNCTIONARY CODE : 31,503100045,2002310000,Division II - Western Suburb 15000,15000,20000
217,31,Solid Waste Management Department FUNCTIONARY CODE : 31,503100045,2003310000,Division III - Eastern Suburb 15000,15000,20000
217,31,Solid Waste Management Department FUNCTIONARY CODE : 31,503100045,4010310031,A Ward Ward 1000,1000,1000
217,31,Solid Waste Management Department FUNCTIONARY CODE : 31,503100045,4020310031,B Ward Ward 6000,6000,1000
217,31,Solid Waste Management Department FUNCTIONARY CODE : 31,503100045,4030310031,C Ward Ward 400,400,500
217,31,Solid Waste Management Department FUNCTIONARY CODE : 31,503100045,4040310031,D Ward Ward 400,400,500
217,31,Solid Waste Management Department FUNCTIONARY CODE : 31,503100045,4050310031,E Ward Ward 400,400,500
217,31,Solid Waste Management Department FUNCTIONARY CODE : 31,503100045,4060310031,F/South Ward Ward 400,400,700
217,31,Solid Waste Management Department FUNCTIONARY CODE : 31,503100045,4070310031,F/North Ward Ward 1000,1000,800
217,31,Solid Waste Management Department FUNCTIONARY CODE : 31,503100045,4080310031,G/South Ward Ward 1000,1000,1000
217,31,Solid Waste Management Department FUNCTIONARY CODE : 31,503100045,4090310031,G/North Ward Ward 4800,4800,1000
217,31,Solid Waste Management Department FUNCTIONARY CODE : 31,503100045,4100310031,H/East Ward Ward 1500,1500,1500
217,31,Solid Waste Management Department FUNCTIONARY CODE : 31,503100045,4110310031,H/West Ward Ward 4000,4000,1000
217,31,Solid Waste Management Department FUNCTIONARY CODE : 31,503100045,4120310031,K/East Ward Ward 400,400,1000
217,31,Solid Waste Management Department FUNCTIONARY CODE : 31,503100045,4130310031,K/West Ward Ward 1200,1200,1000
219,31,Solid Waste Management Department FUNCTIONARY CODE : 31,503100045,4140310031,P/South Ward Ward 2100,2100,1000
219,31,Solid Waste Management Department FUNCTIONARY CODE : 31,503100045,4150310031,P/North Ward Ward 900,900,1000
219,31,Solid Waste Management Department FUNCTIONARY CODE : 31,503100045,4160310031,R/South Ward Ward 400,400,500
219,31,Solid Waste Management Department FUNCTIONARY CODE : 31,503100045,4170310031,R/North Ward Ward 1000,1000,1000
219,31,Solid Waste Management Department FUNCTIONARY CODE : 31,503100045,4180310031,R/Central Ward Ward 3000,3000,1000
219,31,Solid Waste Management Department FUNCTIONARY CODE : 31,503100045,4190310031,L Ward Ward 10000,10000,1000
219,31,Solid Waste Management Department FUNCTIONARY CODE : 31,503100045,4200310031,M/East Ward Ward 3000,3000,1000
219,31,Solid Waste Management Department FUNCTIONARY CODE : 31,503100045,4210310031,M/West Ward Ward 2800,2800,1000
219,31,Solid Waste Management Department FUNCTIONARY CODE : 31,503100045,4220310031,N Ward Ward 1000,1000,1000
219,31,Solid Waste Management Department FUNCTIONARY CODE : 31,503100045,4230310031,S Ward Ward 2000,2000,1000
219,31,Solid Waste Management Department FUNCTIONARY CODE : 31,503100045,4240310031,T Ward Ward 3200,3200,1000
219,31,Solid Waste Management Department FUNCTIONARY CODE : 31,503100049,1000310000,Head Office 200,200,9300
219,31,Solid Waste Management Department FUNCTIONARY CODE : 31,503100049,4010310031,A Ward Ward 200,200,500
219,31,Solid Waste Management Department FUNCTIONARY CODE : 31,503100049,4020310031,B Ward Ward 300,300,500
219,31,Solid Waste Management Department FUNCTIONARY CODE : 31,503100049,4030310031,C Ward Ward 800,800,1000
219,31,Solid Waste Management Department FUNCTIONARY CODE : 31,503100049,4040310031,D Ward Ward 300,300,1000
219,31,Solid Waste Management Department FUNCTIONARY CODE : 31,503100049,4050310031,E Ward 300,300,1000
219,31,Solid Waste Management Department FUNCTIONARY CODE : 31,503100049,4060310031,F/South Ward Ward 300,300,1200
219,31,Solid Waste Management Department FUNCTIONARY CODE : 31,503100049,4070310031,F/North Ward Ward 300,300,1000
219,31,Solid Waste Management Department FUNCTIONARY CODE : 31,503100049,4080310031,G/South Ward Ward 500,500,2500
219,31,Solid Waste Management Department FUNCTIONARY CODE : 31,503100049,4090310031,G/North Ward Ward 500,500,2500
219,31,Solid Waste Management Department FUNCTIONARY CODE : 31,503100049,4100310031,H/East Ward Ward 2400,2400,2500
221,31,Solid Waste Management Department FUNCTIONARY CODE : 31,503100049,4110310031,H/West Ward Ward 1400,1400,1000
221,31,Solid Waste Management Department FUNCTIONARY CODE : 31,503100049,4120310031,K/East Ward Ward 400,400,1000
221,31,Solid Waste Management Department FUNCTIONARY CODE : 31,503100049,4130310031,K/West Ward Ward 400,400,3500
221,31,Solid Waste Management Department FUNCTIONARY CODE : 31,503100049,4140310031,P/South Ward Ward 7900,7900,1000
221,31,Solid Waste Management Department FUNCTIONARY CODE : 31,503100049,4150310031,P/North Ward Ward 300,300,1000
221,31,Solid Waste Management Department FUNCTIONARY CODE : 31,503100049,4160310031,R/South Ward Ward 300,300,1000
221,31,Solid Waste Management Department FUNCTIONARY CODE : 31,503100049,4170310031,300,300,1000
221,31,Solid Waste Management Department FUNCTIONARY CODE : 31,503100049,4180310031,R/Central Ward Ward 400,400,1000
221,31,Solid Waste Management Department FUNCTIONARY CODE : 31,503100049,4190310031,L Ward Ward 4500,4500,1000
221,31,Solid Waste Management Department FUNCTIONARY CODE : 31,503100049,4200310031,M/East Ward Ward 300,300,1000
221,31,Solid Waste Management Department FUNCTIONARY CODE : 31,503100049,4210310031,M/West Ward Ward 300,300,1000
221,31,Solid Waste Management Department FUNCTIONARY CODE : 31,503100049,4220310031,N Ward Ward 1500,1500,1500
221,31,Solid Waste Management Department FUNCTIONARY CODE : 31,503100049,4230310031,S Ward Ward 1000,1000,1000
221,31,Solid Waste Management Department FUNCTIONARY CODE : 31,503100049,4240310031,T Ward Ward 3000,3000,1000
221,31,Solid Waste Management Department FUNCTIONARY CODE : 31,503100050,1000310000,,,
221,31,Solid Waste Management Department FUNCTIONARY CODE : 31,503100071,4010310031,A Ward Ward 500,500,500
221,31,Solid Waste Management Department FUNCTIONARY CODE : 31,503100071,4040310031,D Ward Ward ...,...,500
221,31,Solid Waste Management Department FUNCTIONARY CODE : 31,503100071,4050310031,E Ward Ward ...,...,500
221,31,Solid Waste Management Department FUNCTIONARY CODE : 31,503100071,4060310031,F/South Ward Ward ...,...,1000
221,31,Solid Waste Management Department FUNCTIONARY CODE : 31,503100071,4070310031,...,...,1000
221,31,Solid Waste Management Department FUNCTIONARY CODE : 31,503100071,4080310031,G/South Ward Ward 10000,10000,9000
223,31,Solid Waste Management Department FUNCTIONARY CODE : 31,503100071,4090310031,G/North Ward Ward 3600,3600,4000
223,31,Solid Waste Management Department FUNCTIONARY CODE : 31,503100071,4100310031,1000,1000,1000
223,31,Solid Waste Management Department FUNCTIONARY CODE : 31,503100071,4110310031,H/West Ward Ward 1000,1000,1000
223,31,Solid Waste Management Department FUNCTIONARY CODE : 31,503100071,4120310031,K/East Ward Ward 6900,6900,4000
223,31,Solid Waste Management Department FUNCTIONARY CODE : 31,503100071,4130310031,K/West Ward Ward 4000,4000,5000
223,31,Solid Waste Management Department FUNCTIONARY CODE : 31,503100071,4140310031,P/South Ward Ward ...,...,3000
223,31,Solid Waste Management Department FUNCTIONARY CODE : 31,503100071,4150310031,P/North Ward Ward 100,100,1000
223,31,Solid Waste Management Department FUNCTIONARY CODE : 31,503100071,4160310031,R/South Ward Ward 5600,5600,5000
223,31,Solid Waste Management Department FUNCTIONARY CODE : 31,503100071,4170310031,R/North Ward Ward 3700,3700,3000
223,31,Solid Waste Management Department FUNCTIONARY CODE : 31,503100071,4180310031,R/Central Ward 4000,4000,2000
223,31,Solid Waste Management Department FUNCTIONARY CODE : 31,503100071,4190310031,L Ward Ward 100000,100000,30000
223,31,Solid Waste Management Department FUNCTIONARY CODE : 31,503100071,4200310031,M/East Ward Ward 5000,5000,2000
223,31,Solid Waste Management Department FUNCTIONARY CODE : 31,503100071,4210310031,M/West Ward Ward 2500,2500,2000
223,31,Solid Waste Management Department FUNCTIONARY CODE : 31,503100071,4220310031,N Ward Ward 7000,7000,10000
223,31,Solid Waste Management Department FUNCTIONARY CODE : 31,503100071,4230310031,S Ward Ward 20000,20000,10000
223,31,Solid Waste Management Department FUNCTIONARY CODE : 31,503100071,4240310031,T Ward Ward 500,500,1000
223,31,Solid Waste Management Department FUNCTIONARY CODE : 31,503100073,2002310000,Decentralised MSW processing in Mumbai SWM 1000,1000,1000
223,31,Solid Waste Management Department FUNCTIONARY CODE : 31,503100176,1000310000,of cosatal water bodies in and around SWM 100,100,100
223,31,Solid Waste Management Department FUNCTIONARY CODE : 31,503100200,2002310000,20000,20000,50000
223,31,Solid Waste Management Department FUNCTIONARY CODE : 31,503100215,1000310000,SWM 1000,1000,1000
223,31,Solid Waste Management Department FUNCTIONARY CODE : 31,503100302,4060310000,Ward 1000,1000,1000
223,31,Solid Waste Management Department FUNCTIONARY CODE : 31,503100303,4060310000,Ward 1000,1000,1000
223,31,Solid Waste Management Department FUNCTIONARY CODE : 31,503100314,1000310000,Head Office SWM 13000,13000,12000
223,31,Solid Waste Management Department FUNCTIONARY CODE : 31,503100314,4010310031,A Ward Ward 1000,1000,500
223,31,Solid Waste Management Department FUNCTIONARY CODE : 31,503100314,4020310031,B Ward Ward 1000,1000,500
223,31,Solid Waste Management Department FUNCTIONARY CODE : 31,503100314,4030310031,C Ward Ward 200,200,200
225,31,Solid Waste Management Department FUNCTIONARY CODE : 31,503100314,4040310031,200,200,300
225,31,Solid Waste Management Department FUNCTIONARY CODE : 31,503100314,4050310031,E Ward Ward 200,200,300
225,31,Solid Waste Management Department FUNCTIONARY CODE : 31,503100314,4060310031,F/South Ward Ward 2100,2100,1000
225,31,Solid Waste Management Department FUNCTIONARY CODE : 31,503100314,4070310031,F/North Ward Ward 500,500,500
225,31,Solid Waste Management Department FUNCTIONARY CODE : 31,503100314,4080310031,G/South Ward Ward 10000,10000,1000
225,31,Solid Waste Management Department FUNCTIONARY CODE : 31,503100314,4090310031,G/North Ward Ward 14500,14500,1000
225,31,Solid Waste Management Department FUNCTIONARY CODE : 31,503100314,4100310031,H/East Ward Ward 1200,1200,1000
225,31,Solid Waste Management Department FUNCTIONARY CODE : 31,503100314,4110310031,H/West Ward Ward 1000,1000,1000
225,31,Solid Waste Management Department FUNCTIONARY CODE : 31,503100314,4120310031,K/East Ward Ward 2100,2100,1200
225,31,Solid Waste Management Department FUNCTIONARY CODE : 31,503100314,4130310031,K/West Ward Ward 5000,5000,4000
225,31,Solid Waste Management Department FUNCTIONARY CODE : 31,503100314,4140310031,P/S ward Ward 1400,1400,1200
225,31,Solid Waste Management Department FUNCTIONARY CODE : 31,503100314,4150310031,P/North Ward Ward 3000,3000,1400
225,31,Solid Waste Management Department FUNCTIONARY CODE : 31,503100314,4160310031,R/South Ward Ward 2500,2500,2000
225,31,Solid Waste Management Department FUNCTIONARY CODE : 31,503100314,4170310031,R/North Ward Ward 1000,1000,700
225,31,Solid Waste Management Department FUNCTIONARY CODE : 31,503100314,4180310031,R/C Ward Ward 1500,1500,1000
225,31,Solid Waste Management Department FUNCTIONARY CODE : 31,503100314,4190310031,L Ward Ward 10000,10000,10000
225,31,Solid Waste Management Department FUNCTIONARY CODE : 31,503100314,4200310031,M/E Ward Ward 500,500,700
225,31,Solid Waste Management Department FUNCTIONARY CODE : 31,503100314,4210310031,M/West Ward Ward 500,500,500
225,31,Solid Waste Management Department FUNCTIONARY CODE : 31,503100314,4220310031,N Ward Ward 3400,3400,2000
225,31,Solid Waste Management Department FUNCTIONARY CODE : 31,503100314,4230310031,S Ward Ward 13000,13000,10000
225,31,Solid Waste Management Department FUNCTIONARY CODE : 31,503100314,4240310031,T Ward Ward 1200,1200,1000
225,31,Solid Waste Management Department FUNCTIONARY CODE : 31,503100341,2002310000,190000 10000,10000,40000
225,31,Solid Waste Management Department FUNCTIONARY CODE : 31,503100350,1000314801,500,500,1000
225,31,Solid Waste Management Department FUNCTIONARY CODE : 31,503100343,1000310000,storage facilities for waste separation 1000,1000,10000
227,31,Solid Waste Management Department FUNCTIONARY CODE : 31,503100344,4010310031,A Ward Ward 4000,4000,4000
227,31,Solid Waste Management Department FUNCTIONARY CODE : 31,503100344,4020310031,B Ward Ward 300,300,800
227,31,Solid Waste Management Department FUNCTIONARY CODE : 31,503100344,4030310031,C Ward Ward 300,300,800
227,31,Solid Waste Management Department FUNCTIONARY CODE : 31,503100344,4040310031,D Ward Ward 300,300,800
227,31,Solid Waste Management Department FUNCTIONARY CODE : 31,503100344,4050310031,E Ward Ward 300,300,800
227,31,Solid Waste Management Department FUNCTIONARY CODE : 31,503100344,4060310031,F/South Ward Ward 500,500,1000
227,31,Solid Waste Management Department FUNCTIONARY CODE : 31,503100344,4070310031,F/North Ward Ward 300,300,800
227,31,Solid Waste Management Department FUNCTIONARY CODE : 31,503100344,4080310031,G/South Ward Ward 800,800,800
227,31,Solid Waste Management Department FUNCTIONARY CODE : 31,503100344,4090310031,G/North Ward Ward 500,500,1000
227,31,Solid Waste Management Department FUNCTIONARY CODE : 31,503100344,4100310031,H/East Ward Ward 500,500,800
227,31,Solid Waste Management Department FUNCTIONARY CODE : 31,503100344,4110310031,H/West Ward Ward 500,500,1000
227,31,Solid Waste Management Department FUNCTIONARY CODE : 31,503100344,4120310031,K/East Ward Ward 500,500,1000
227,31,Solid Waste Management Department FUNCTIONARY CODE : 31,503100344,4130310031,K/West Ward Ward 500,500,1000
227,31,Solid Waste Management Department FUNCTIONARY CODE : 31,503100344,4140310031,P/S ward Ward 300,300,800
227,31,Solid Waste Management Department FUNCTIONARY CODE : 31,503100344,4150310031,P/North Ward Ward 500,500,1000
227,31,Solid Waste Management Department FUNCTIONARY CODE : 31,503100344,4160310031,R/South Ward Ward 500,500,1000
227,31,Solid Waste Management Department FUNCTIONARY CODE : 31,503100344,4170310031,R/North Ward Ward 300,300,800
227,31,Solid Waste Management Department FUNCTIONARY CODE : 31,503100344,4180310031,R/C Ward Ward 500,500,1000
227,31,Solid Waste Management Department FUNCTIONARY CODE : 31,503100344,4190310031,L Ward Ward 500,500,1000
227,31,Solid Waste Management Department FUNCTIONARY CODE : 31,503100344,4200310031,M/E Ward Ward 500,500,1000
227,31,Solid Waste Management Department FUNCTIONARY CODE : 31,503100344,4210310031,M/West Ward Ward 500,500,1000
227,31,Solid Waste Management Department FUNCTIONARY CODE : 31,503100344,4220310031,N Ward Ward 500,500,1000
227,31,Solid Waste Management Department FUNCTIONARY CODE : 31,503100344,4230310031,S Ward Ward 300,300,...
227,31,Solid Waste Management Department FUNCTIONARY CODE : 31,503100344,4240310031,T Ward Ward 300,300,800
227,31,Solid Waste Management Department FUNCTIONARY CODE : 31,503100345,4040310000,D Ward Ward 4000,4000,...
229,31,Solid Waste Management Department FUNCTIONARY CODE : 31,503100347,1000314802,"electricity, CCTV camera, sanitisation, 1000",1000,10000
229,31,Solid Waste Management Department FUNCTIONARY CODE : 31,503100169,1000310000,Waste Segregation Centre to be Developed 1000,1000,1000
229,31,Solid Waste Management Department FUNCTIONARY CODE : 31,503100170,4210310031,M/West Ward 500,500,500
229,31,Solid Waste Management Department FUNCTIONARY CODE : 31,503100171,4070310031,1000,1000,1000
229,31,Solid Waste Management Department FUNCTIONARY CODE : 31,503100172,1000310000,2000,2000,2000
231,31,Solid Waste Management Department FUNCTIONARY CODE :31,503100074,1000310000,existing & new solid waste 2770000,2770000,3000000
233,31,keÀe³e& keÀjCeejs Keeles: Ieve keÀ®eje J³eJemLeeHeve Keeles,312110405,1000310000,715041,573607,
235,32,TRANSPORT DEPARTMENT FUNCTIONARY CODE : 32,410400000,2001321600,Division I - Plant & Machinery E.E.T. 10000,10000,15000
235,32,TRANSPORT DEPARTMENT FUNCTIONARY CODE : 32,410400000,2002321600,Division II - Plant & Machinery E.E.T. 5000,5000,7307
235,32,TRANSPORT DEPARTMENT FUNCTIONARY CODE : 32,410400000,2003321600,Division III - Plant & Machinery E.E.T. 7800,7800,124000
235,32,TRANSPORT DEPARTMENT FUNCTIONARY CODE : 32,410500000,2001321600,Division I - Vehicles E.E.T. 170973,170973,149740
235,32,TRANSPORT DEPARTMENT FUNCTIONARY CODE : 32,410500000,2002321600,Division II - Vehicles E.E.T. 57810,57810,82230
235,32,TRANSPORT DEPARTMENT FUNCTIONARY CODE : 32,410500000,2003321600,Division III - Vehicles E.E.T. 106000,106000,24030
235,32,TRANSPORT DEPARTMENT FUNCTIONARY CODE : 32,410509900,2002321600,Division II - Others Vehicles E.E.T. ...,...,20000
235,32,TRANSPORT DEPARTMENT FUNCTIONARY CODE : 32,410509900,2003321600,Division III - Others Vehicles E.E.T. 15800,15800,100
235,32,TRANSPORT DEPARTMENT FUNCTIONARY CODE : 32,410600200,2001321600,Division I E.E.T. 1500,1500,600
235,32,TRANSPORT DEPARTMENT FUNCTIONARY CODE : 32,410600200,2002321600,Division II E.E.T. 1000,1000,525
235,32,TRANSPORT DEPARTMENT FUNCTIONARY CODE : 32,410600200,2003321600,Division III E.E.T. 1000,1000,525
236,32,TRANSPORT DEPARTMENT FUNCTIONARY CODE : 32,410600000,2001321600,Division I E.E.T. ...,...,250
236,32,TRANSPORT DEPARTMENT FUNCTIONARY CODE : 32,410600000,2002321600,Division II E.E.T. ...,...,250
236,32,TRANSPORT DEPARTMENT FUNCTIONARY CODE : 32,410600000,2003321600,Division III E.E.T. 500,500,250
236,32,TRANSPORT DEPARTMENT FUNCTIONARY CODE : 32,410700000,2001321600,Division I E.E.T. ...,...,200
236,32,TRANSPORT DEPARTMENT FUNCTIONARY CODE : 32,410700000,2002321600,Division II E.E.T. ...,...,200
236,32,TRANSPORT DEPARTMENT FUNCTIONARY CODE : 32,410700000,2003321600,Division III E.E.T. 1000,1000,200
236,32,TRANSPORT DEPARTMENT FUNCTIONARY CODE : 32,410600702,2002321600,CCTV E.E.T. 2400,2400,...
236,32,TRANSPORT DEPARTMENT FUNCTIONARY CODE : 32,503200013,2003321603,E.E.T. 1500,1500,1500
236,32,TRANSPORT DEPARTMENT FUNCTIONARY CODE : 32,503200021,2002321600,Transport Garage at Malad & Bandra E.E.T. ...,...,5000
241,33,STORM WATER DRAINS DEPARTMENT FUNCTIONARY CODE : 33,503300699,2001330000,Division I - SWD ( City) S.W.D. 800000,800000,650000
241,33,STORM WATER DRAINS DEPARTMENT FUNCTIONARY CODE : 33,503300699,2002330000,Division II - SWD (Western Suburbs) S.W.D. 500000,500000,250000
241,33,STORM WATER DRAINS DEPARTMENT FUNCTIONARY CODE : 33,503300699,2003330000,Division III - SWD (Eastern Suburbs) S.W.D. 500000,500000,230000
241,33,STORM WATER DRAINS DEPARTMENT FUNCTIONARY CODE : 33,503300750,2001330000,Division I - SWD ( City) S.W.D. 1200000,1200000,1040000
241,33,STORM WATER DRAINS DEPARTMENT FUNCTIONARY CODE : 33,503300750,2002330000,Division II - SWD (Western Suburbs) S.W.D. 1922700,1922700,600000
241,33,STORM WATER DRAINS DEPARTMENT FUNCTIONARY CODE : 33,503300750,2003330000,Division III - SWD (Eastern Suburbs) S.W.D. 200000,200000,110000
243,33,STORM WATER DRAINS DEPARTMENT FUNCTIONARY CODE : 33,503300751,2001330000,Division I - SWD ( City) S.W.D. 100000,100000,80000
243,33,STORM WATER DRAINS DEPARTMENT FUNCTIONARY CODE : 33,503300751,2002330000,Division II - SWD (Western Suburbs) S.W.D. 4100000,4100000,2050000
243,33,STORM WATER DRAINS DEPARTMENT FUNCTIONARY CODE : 33,503300751,2003330000,Division III - SWD (Eastern Suburbs) S.W.D. 1560000,1560000,780000
243,33,STORM WATER DRAINS DEPARTMENT FUNCTIONARY CODE : 33,503300756,2001330000,Division I - SWD ( City) S.W.D. 49000,49000,720000
243,33,STORM WATER DRAINS DEPARTMENT FUNCTIONARY CODE : 33,503300756,2002330000,Division II - SWD (Western Suburbs) S.W.D. 100000,100000,2000000
243,33,STORM WATER DRAINS DEPARTMENT FUNCTIONARY CODE : 33,503300756,2003330000,Division III - SWD (Eastern Suburbs) S.W.D. 80000,80000,540000
245,33,STORM WATER DRAINS DEPARTMENT FUNCTIONARY CODE : 33,503300757,2001330000,Division I - SWD ( City) S.W.D. ...,...,10000
245,33,STORM WATER DRAINS DEPARTMENT FUNCTIONARY CODE : 33,503300757,2002330000,Division II - SWD (Western Suburbs) S.W.D. ...,...,10000
245,33,STORM WATER DRAINS DEPARTMENT FUNCTIONARY CODE : 33,503300757,2003330000,Division III - SWD (Eastern Suburbs) S.W.D. ...,...,10000
245,33,STORM WATER DRAINS DEPARTMENT FUNCTIONARY CODE : 33,503300407,4190330000,Other river/nalla system in Brihanmumbai S.W.D.,,
245,33,STORM WATER DRAINS DEPARTMENT FUNCTIONARY CODE : 33,503300407,4190330000,Other river/nalla system in Brihanmumbai S.W.D.,,
245,33,STORM WATER DRAINS DEPARTMENT FUNCTIONARY CODE : 33,410400000,2001330000,Plant & Machinery S.W.D. 221500,221500,716400
245,33,STORM WATER DRAINS DEPARTMENT FUNCTIONARY CODE : 33,503300700,3001330000,Zone I - (SWD) S.W.D. 20000,20000,83100
245,33,STORM WATER DRAINS DEPARTMENT FUNCTIONARY CODE : 33,503300700,3002330000,Zone II - (SWD) S.W.D. 396000,396000,516900
245,33,STORM WATER DRAINS DEPARTMENT FUNCTIONARY CODE : 33,410600200,1000330000,"Computer, Printer & Peripherals 4000",4000,4000
245,33,STORM WATER DRAINS DEPARTMENT FUNCTIONARY CODE : 33,503300746,1000330000,10000,10000,10000
247,33,STORM WATER DRAINS DEPARTMENT FUNCTIONARY CODE : 33,503300749,1000330000,Dahisar River S.W.D. 3760500 2000000,2000000,4930000
247,33,STORM WATER DRAINS DEPARTMENT FUNCTIONARY CODE : 33,503300749,1000330000,Oshiwara / Walbhat River S.W.D.,,
247,33,STORM WATER DRAINS DEPARTMENT FUNCTIONARY CODE : 33,503300752,1000332600,B.M. 28500,28500,3575
247,33,STORM WATER DRAINS DEPARTMENT FUNCTIONARY CODE : 33,503300701,2001330000,Division I - SWD S.W.D.,1000,
247,33,STORM WATER DRAINS DEPARTMENT FUNCTIONARY CODE : 33,503300701,2002330000,Division II - SWD S.W.D.,7300,
247,33,STORM WATER DRAINS DEPARTMENT FUNCTIONARY CODE : 33,503300701,2003330000,Division III - SWD S.W.D. 250000,250000,
247,33,STORM WATER DRAINS DEPARTMENT FUNCTIONARY CODE : 33,503300085,2001330000,Division I - SWD S.W.D. 103500,103500,1155900
247,33,STORM WATER DRAINS DEPARTMENT FUNCTIONARY CODE : 33,503300085,2002330000,Division II - SWD S.W.D.,195500,1650000
247,33,STORM WATER DRAINS DEPARTMENT FUNCTIONARY CODE : 33,503300085,2003330000,Division III - SWD S.W.D.,1000,...
251,34,FUNCTIONARY CODE : 34,410600321,1000340000,Facial Biometric Machine Ch.E.(M&E) 97700,97700,16000
251,34,FUNCTIONARY CODE : 34,503400599,1000340000,Ch.E.(M&E),260848,210000
251,34,FUNCTIONARY CODE : 34,503400956,1000340000,,26000,15000
251,34,FUNCTIONARY CODE : 34,503401043,1000340000,"system,Packaged A.C. plants ,VRF Ch.E.(M&E)",66614,70000
251,34,FUNCTIONARY CODE : 34,503401140,1000340000,,102675,25000
251,34,FUNCTIONARY CODE : 34,503401141,1000340000,commissioning of AFD system for PCS Ch.E.(M&E),37713,12500
251,34,FUNCTIONARY CODE : 34,503401214,1000340000,Ch.E.(M&E) 1250000 ...,...,8000
251,34,FUNCTIONARY CODE : 34,503401215,1000340000,free way tunnel along with mechanical Ch.E.(M&E) 250000 ...,...,10
253,34,FUNCTIONARY CODE : 34,503401217,1000340000,"Oxygen Jumbo Cylinder Bottling Plant"" Ch.E.(M&E) 10000 5000",5000,5000
253,34,FUNCTIONARY CODE : 34,503401229,1000340000,Generative Content & Dynamic Scene Ch.E.(M&E) 13760 100,100,100
255,34,FUNCTIONARY CODE : 34,503400140,1000340000,Ch.E.(M&E),15000,27500
255,34,FUNCTIONARY CODE : 34,503400853,2002340000,Ch.E.(M&E),18300,17500
255,34,FUNCTIONARY CODE : 34,503401085,2003340000,Ch.E.(M&E),7500,11000
255,34,FUNCTIONARY CODE : 34,503401086,2003340000,Ch.E.(M&E),5000,10654
255,34,FUNCTIONARY CODE : 34,503401218,1000340000,Ch.E.(M&E) 14450 ...,...,500
255,34,FUNCTIONARY CODE : 34,503401219,1000340000,Dy.Ch.Eng. (M&E) City & E.E.Mech Ch.E.(M&E) 78500 36690,36690,31110
255,34,FUNCTIONARY CODE : 34,503401230,1000340000,Ch.E.(M&E),47860,45860
257,34,FUNCTIONARY CODE : 34,503401231,1000340000,Ch.E.(M&E) 212000 56331,56331,70000
257,34,FUNCTIONARY CODE : 34,503401247,1000340000,1250000 2500,2500,10
257,34,FUNCTIONARY CODE : 34,503401248,1000340000,connections at municipal mahalakshmi Ch.E.(M&E) 500000 ...,...,90000
257,34,FUNCTIONARY CODE : 34,503401249,2003340000,Ch.E.(M&E) 11835 5835,5835,6000
257,34,FUNCTIONARY CODE : 34,503401251,1000340000,Ch.E.(M&E) 150000 ...,...,1000
257,34,FUNCTIONARY CODE : 34,503401252,1000340000,allied works at various municipal Ch.E.(M&E) 220000 ...,...,10000
257,34,FUNCTIONARY CODE : 34,503401253,1000341801,of Municipal Power Laundry Under Ch.E.(M&E) 178000 ...,...,200
259,34,FUNCTIONARY CODE : 34,503401006,1000340000,lights/Highmasts lights at various beaches Ch.E.(M&E) 19600 4394,4394,2228
259,34,FUNCTIONARY CODE : 34,503401204,4050340000,Ch.E.(M&E) 500,500,500
259,34,FUNCTIONARY CODE : 34,503401220,1000340000,bulb High Mast into 150Watt Smart LED Ch.E.(M&E) 540010 170000,170000,170000
259,34,FUNCTIONARY CODE : 34,503401225,1000340000,Ch.E.(M&E) 691476 10000,10000,...
261,34,FUNCTIONARY CODE :34,503400966,2002340000,,3844,3000
263,34,FUNCTIONARY CODE :34,503401046,1000340000,"system,Packaged A.C. plants ,VRF Ch.E.(M&E) 2310 ...",...,10
263,34,FUNCTIONARY CODE :34,503401232,1000340000,Mechinical system at Priyadarshani Indira Ch.E.(M&E) 271066 116878,116878,40000
267,35,CITY ENGINEER'S DEPARTMENT FUNCTIONARY CODE :35,503501865,4070350000,...,...,1000
269,35,CITY ENGINEER'S DEPARTMENT FUNCTIONARY CODE : 35,503502096,1000354402,Construction of PAP on Private Land Dy. C.E. Imp. 170913200 19000000,19000000,20000000
271,35,CITY ENGINEER'S DEPARTMENT FUNCTIONARY CODE : 35,503500003,4010350000,of the area around Gateway of India in A 79521 ...,...,926
271,35,CITY ENGINEER'S DEPARTMENT FUNCTIONARY CODE : 35,503501137,1000350000,Monument (Smarak) of Hinduhridaysamrat 5000,5000,5000
271,35,CITY ENGINEER'S DEPARTMENT FUNCTIONARY CODE : 35,503501186,1000350000,C.E. 100,100,100
271,35,CITY ENGINEER'S DEPARTMENT FUNCTIONARY CODE : 35,503501201,1000350000,Provision for Monument of late Bhagoji Kir. 100,100,100
271,35,CITY ENGINEER'S DEPARTMENT FUNCTIONARY CODE : 35,503501475,1000350000,100,100,100
271,35,CITY ENGINEER'S DEPARTMENT FUNCTIONARY CODE : 35,503501607,4080350000,C.E. 110,110,110
271,35,CITY ENGINEER'S DEPARTMENT FUNCTIONARY CODE : 35,503501868,1000350000,C.E. 1000,1000,1000
271,35,CITY ENGINEER'S DEPARTMENT FUNCTIONARY CODE : 35,503502028,1000350000,Ramabai Ambedkar Nagar Ghatkopar ( E ) in 20000 100,100,100
271,35,CITY ENGINEER'S DEPARTMENT FUNCTIONARY CODE : 35,503502077,4050350000,C.E. 5000,5000,5000
274,35,CITY ENGINEER'S DEPARTMENT keÀe³e& keÀjCeejs Keeles : veiej DeefYe³eblee Keeles,410600000,2003350000,Office & Other Equipment ... 100 keÀe³ee&ue³e DeeefCe Flej meeOevemeecegûeer,100,
274,35,CITY ENGINEER'S DEPARTMENT keÀe³e& keÀjCeejs Keeles : veiej DeefYe³eblee Keeles,410600200,1000350000,"mebieCekeÀ, efHe´bìj DeeefCe HesefjHesÀefjDeue",,
274,35,CITY ENGINEER'S DEPARTMENT keÀe³e& keÀjCeejs Keeles : veiej DeefYe³eblee Keeles,410600200,1000354407,"C.E. 500 500 mebieCekeÀ, efHe´bìj DeeefCe HesefjHesÀefjDeue",500,
274,35,CITY ENGINEER'S DEPARTMENT keÀe³e& keÀjCeejs Keeles : veiej DeefYe³eblee Keeles,410600300,1000350000,Photocopier C.E. 200 200 HeÀesìeskeÀe@Heer³ej,200,
275,35,CITY ENGINEER'S DEPARTMENT FUNCTIONARY CODE : 35,503500008,1000350000,for Heritage structures & other Municipal C.E.,18000,18000
275,35,CITY ENGINEER'S DEPARTMENT FUNCTIONARY CODE : 35,503500011,1000350000,anywhere in BMC area and 10000,10000,19000
275,35,CITY ENGINEER'S DEPARTMENT FUNCTIONARY CODE : 35,503500014,2003350000,Division III - C.E.,,
275,35,CITY ENGINEER'S DEPARTMENT FUNCTIONARY CODE : 35,503500017,4150350000,(BC) WS/ ...,...,4000
275,35,CITY ENGINEER'S DEPARTMENT FUNCTIONARY CODE : 35,503500018,4180350000,...,...,7500
275,35,CITY ENGINEER'S DEPARTMENT FUNCTIONARY CODE : 35,503500024,2002350000,Division II - C.E. ...,...,2500
275,35,CITY ENGINEER'S DEPARTMENT FUNCTIONARY CODE : 35,503500024,2003350000,Division III - C.E. ...,...,100
277,35,CITY ENGINEER'S DEPARTMENT FUNCTIONARY CODE : 35,503500204,1000354401,sprucing of common areas and improvement 100000,100000,...
277,35,CITY ENGINEER'S DEPARTMENT FUNCTIONARY CODE : 35,503500206,2002350000,Division II - C.E.,,500
277,35,CITY ENGINEER'S DEPARTMENT FUNCTIONARY CODE : 35,503500206,2003350000,Division III - C.E. ...,...,100
277,35,CITY ENGINEER'S DEPARTMENT FUNCTIONARY CODE : 35,503500231,1000350000,...,...,2500
277,35,CITY ENGINEER'S DEPARTMENT FUNCTIONARY CODE : 35,503500372,1000354402,,,
277,35,CITY ENGINEER'S DEPARTMENT FUNCTIONARY CODE : 35,503500762,1000350000,500,500,500
277,35,CITY ENGINEER'S DEPARTMENT FUNCTIONARY CODE : 35,503500884,1000350000,Provision for Soil Investigation C.E.,5900,9000
277,35,CITY ENGINEER'S DEPARTMENT FUNCTIONARY CODE : 35,503500884,4010350000,A Ward 100,100,100
277,35,CITY ENGINEER'S DEPARTMENT FUNCTIONARY CODE : 35,503500884,4020350000,B Ward 100,100,100
277,35,CITY ENGINEER'S DEPARTMENT FUNCTIONARY CODE : 35,503500884,4030350000,C Ward 100,100,100
277,35,CITY ENGINEER'S DEPARTMENT FUNCTIONARY CODE : 35,503500884,4040350000,D Ward 100,100,100
277,35,CITY ENGINEER'S DEPARTMENT FUNCTIONARY CODE : 35,503500884,4050350000,E Ward,,
277,35,CITY ENGINEER'S DEPARTMENT FUNCTIONARY CODE : 35,503500884,4060350000,F/South Ward 100,100,100
277,35,CITY ENGINEER'S DEPARTMENT FUNCTIONARY CODE : 35,503500884,4070350000,F/North Ward 100,100,100
277,35,CITY ENGINEER'S DEPARTMENT FUNCTIONARY CODE : 35,503500884,4080350000,100,100,100
277,35,CITY ENGINEER'S DEPARTMENT FUNCTIONARY CODE : 35,503500884,4090350000,G/North Ward 100,100,100
277,35,CITY ENGINEER'S DEPARTMENT FUNCTIONARY CODE : 35,503500884,4100350000,H/East Ward 100,100,100
277,35,CITY ENGINEER'S DEPARTMENT FUNCTIONARY CODE : 35,503500884,4110350000,H/West Ward 100,100,100
277,35,CITY ENGINEER'S DEPARTMENT FUNCTIONARY CODE : 35,503500884,4120350000,K/East Ward 100,100,100
277,35,CITY ENGINEER'S DEPARTMENT FUNCTIONARY CODE : 35,503500884,4130350000,K/West Ward 100,100,100
277,35,CITY ENGINEER'S DEPARTMENT FUNCTIONARY CODE : 35,503500884,4140350000,P/South Ward 100,100,100
277,35,CITY ENGINEER'S DEPARTMENT FUNCTIONARY CODE : 35,503500884,4150350000,P/North Ward 100,100,100
279,35,CITY ENGINEER'S DEPARTMENT FUNCTIONARY CODE : 35,503500884,4160350000,R/South Ward 100,100,100
279,35,CITY ENGINEER'S DEPARTMENT FUNCTIONARY CODE : 35,503500884,4170350000,R/North Ward 100,100,100
279,35,CITY ENGINEER'S DEPARTMENT FUNCTIONARY CODE : 35,503500884,4180350000,R/Central Ward 100,100,100
279,35,CITY ENGINEER'S DEPARTMENT FUNCTIONARY CODE : 35,503500884,4190350000,L Ward 100,100,100
279,35,CITY ENGINEER'S DEPARTMENT FUNCTIONARY CODE : 35,503500884,4200350000,M/East Ward 100,100,100
279,35,CITY ENGINEER'S DEPARTMENT FUNCTIONARY CODE : 35,503500884,4210350000,M/West Ward 100,100,100
279,35,CITY ENGINEER'S DEPARTMENT FUNCTIONARY CODE : 35,503500884,4220350000,N Ward,,
279,35,CITY ENGINEER'S DEPARTMENT FUNCTIONARY CODE : 35,503500884,4230350000,S Ward 100,100,100
279,35,CITY ENGINEER'S DEPARTMENT FUNCTIONARY CODE : 35,503500884,4240350000,T Ward 100,100,100
279,35,CITY ENGINEER'S DEPARTMENT FUNCTIONARY CODE : 35,503501174,2002350000,...,...,100
279,35,CITY ENGINEER'S DEPARTMENT FUNCTIONARY CODE : 35,503501143,2002350000,10000 ...,...,2000
279,35,CITY ENGINEER'S DEPARTMENT FUNCTIONARY CODE : 35,503501366,2002350000,,,
279,35,CITY ENGINEER'S DEPARTMENT FUNCTIONARY CODE : 35,503501623,1000350000,3) Proposed Development of Aminity plot 130000,130000,80000
281,35,CITY ENGINEER'S DEPARTMENT FUNCTIONARY CODE : 35,503502030,1000350000,Emergency Staff Quarters within Ward and 100,100,100
281,35,CITY ENGINEER'S DEPARTMENT FUNCTIONARY CODE : 35,503502031,1000350000,Management Cell building/Project Command 10000,10000,10000
281,35,CITY ENGINEER'S DEPARTMENT FUNCTIONARY CODE : 35,503502059,4150350000,Ward 32379,32379,...
281,35,CITY ENGINEER'S DEPARTMENT FUNCTIONARY CODE : 35,503502060,1000350000,C.E. 12000,12000,12000
281,35,CITY ENGINEER'S DEPARTMENT FUNCTIONARY CODE : 35,503502061,1000350000,5500,5500,5500
281,35,CITY ENGINEER'S DEPARTMENT FUNCTIONARY CODE : 35,503502062,4100350000,proposed construction of Net-Zero 2041300 20000,20000,150000
281,35,CITY ENGINEER'S DEPARTMENT FUNCTIONARY CODE : 35,503502063,1000350000,10000 ...,...,500
281,35,CITY ENGINEER'S DEPARTMENT FUNCTIONARY CODE : 35,503502091,1000350000,,,
281,35,CITY ENGINEER'S DEPARTMENT FUNCTIONARY CODE : 35,503502092,1000350000,Hub Building for Eastern Sub in Godrej 3870000 100,100,2500
283,35,CITY ENGINEER'S DEPARTMENT FUNCTIONARY CODE : 35,503502094,1000350000,B.M.,,50000
283,35,CITY ENGINEER'S DEPARTMENT FUNCTIONARY CODE : 35,503502095,4120350000,K/North ward office at Poonam nagar Market Ward 150000,150000,40000
283,35,CITY ENGINEER'S DEPARTMENT FUNCTIONARY CODE : 35,503503002,4010350000,A Ward 2410,2410,7500
283,35,CITY ENGINEER'S DEPARTMENT FUNCTIONARY CODE : 35,503503002,4020350000,B Ward 7500,7500,7500
283,35,CITY ENGINEER'S DEPARTMENT FUNCTIONARY CODE : 35,503503002,4030350000,C Ward 7500,7500,7500
283,35,CITY ENGINEER'S DEPARTMENT FUNCTIONARY CODE : 35,503503002,4040350000,D Ward,,
283,35,CITY ENGINEER'S DEPARTMENT FUNCTIONARY CODE : 35,503503002,4050350000,E Ward 7500,7500,7500
283,35,CITY ENGINEER'S DEPARTMENT FUNCTIONARY CODE : 35,503503002,4060350000,F/South Ward 7500,7500,7500
283,35,CITY ENGINEER'S DEPARTMENT FUNCTIONARY CODE : 35,503503002,4070350000,7500,7500,7500
283,35,CITY ENGINEER'S DEPARTMENT FUNCTIONARY CODE : 35,503503002,4080350000,G/South Ward 7500,7500,7500
283,35,CITY ENGINEER'S DEPARTMENT FUNCTIONARY CODE : 35,503503002,4090350000,G/North Ward 7500,7500,7500
283,35,CITY ENGINEER'S DEPARTMENT FUNCTIONARY CODE : 35,503503002,4100350000,H/East Ward 7500,7500,7500
283,35,CITY ENGINEER'S DEPARTMENT FUNCTIONARY CODE : 35,503503002,4110350000,H/West Ward 7500,7500,7500
283,35,CITY ENGINEER'S DEPARTMENT FUNCTIONARY CODE : 35,503503002,4120350000,K/East Ward 7500,7500,7500
283,35,CITY ENGINEER'S DEPARTMENT FUNCTIONARY CODE : 35,503503002,4130350000,K/West Ward 7500,7500,7500
283,35,CITY ENGINEER'S DEPARTMENT FUNCTIONARY CODE : 35,503503002,4140350000,P/South Ward 7500,7500,7500
283,35,CITY ENGINEER'S DEPARTMENT FUNCTIONARY CODE : 35,503503002,4150350000,P/North Ward 7500,7500,7500
283,35,CITY ENGINEER'S DEPARTMENT FUNCTIONARY CODE : 35,503503002,4160350000,R/South Ward 7500,7500,7500
283,35,CITY ENGINEER'S DEPARTMENT FUNCTIONARY CODE : 35,503503002,4170350000,R/North Ward 7500,7500,7500
283,35,CITY ENGINEER'S DEPARTMENT FUNCTIONARY CODE : 35,503503002,4180350000,R/Central Ward,,
283,35,CITY ENGINEER'S DEPARTMENT FUNCTIONARY CODE : 35,503503002,4190350000,L Ward 7500,7500,7500
283,35,CITY ENGINEER'S DEPARTMENT FUNCTIONARY CODE : 35,503503002,4200350000,M/East Ward 7500,7500,7500
283,35,CITY ENGINEER'S DEPARTMENT FUNCTIONARY CODE : 35,503503002,4210350000,7500,7500,7500
283,35,CITY ENGINEER'S DEPARTMENT FUNCTIONARY CODE : 35,503503002,4220350000,N Ward 7500,7500,7500
283,35,CITY ENGINEER'S DEPARTMENT FUNCTIONARY CODE : 35,503503002,4230350000,S Ward 7500,7500,7500
283,35,CITY ENGINEER'S DEPARTMENT FUNCTIONARY CODE : 35,503503002,4240350000,7500,7500,7500
283,35,CITY ENGINEER'S DEPARTMENT FUNCTIONARY CODE : 35,503503034,1000350000,2500,2500,100000
285,35,CITY ENGINEER'S DEPARTMENT FUNCTIONARY CODE : 35,503503035,1000350000,,,
285,35,CITY ENGINEER'S DEPARTMENT FUNCTIONARY CODE : 35,503503036,2002350000,Theater Gym Khana & Parking lot Building,,
285,35,CITY ENGINEER'S DEPARTMENT FUNCTIONARY CODE : 35,503503037,1000350000,1257210 ...,...,50000
287,35,CITY ENGINEER'S DEPARTMENT FUNCTIONARY CODE :35,503501866,1000350000,Bunglow at Shivaji Park Dadar in G/North ...,...,2500
289,35,CITY ENGINEER'S DEPARTMENT FUNCTIONARY CODE :35,503501478,1000350000,,,
291,35,CITY ENGINEER'S DEPARTMENT FUNCTIONARY CODE :35,503500376,4220350000,93986 18900,18900,11786
291,35,CITY ENGINEER'S DEPARTMENT FUNCTIONARY CODE :35,503501204,1000350000,100,100,100
291,35,CITY ENGINEER'S DEPARTMENT FUNCTIONARY CODE :35,503501393,1000350000,100,100,10000
291,35,CITY ENGINEER'S DEPARTMENT FUNCTIONARY CODE :35,503501472,1000350000,Provision for Saint Rohidas Jayanti Utsav,,
291,35,CITY ENGINEER'S DEPARTMENT FUNCTIONARY CODE :35,503502075,4050350000,5000,5000,...
291,35,CITY ENGINEER'S DEPARTMENT FUNCTIONARY CODE :35,503502069,4240350000,Sabhagruh at Murar Road CTS No.1132/A1 267151 50000,50000,80000
293,35,CITY ENGINEER'S DEPARTMENT FUNCTIONARY CODE :35,312110407,1000350000,Building & Research (MCMCR) BMC 2500,100000,
296,35,ESTATE DEPARTMENT,410202500,1000360000,Estate,100,100
296,35,ESTATE DEPARTMENT,410600000,1000360000,Estate,500,500
296,35,ESTATE DEPARTMENT,410600200,1000360000,Estate,2500,2500
296,35,ESTATE DEPARTMENT,410600210,1000360000,Computer Software Estate,5000,5000
296,35,ESTATE DEPARTMENT,410700000,1000360000,Estate,100,100
296,35,ESTATE DEPARTMENT,410700000,4160360000,Estate,100,100
297,36,ESTATE DEPARTMENT FUNCTIONARY CODE : 36,503600004,1000360000,Repairs to Tenaments of PAP Estate,7500,7500
297,36,ESTATE DEPARTMENT FUNCTIONARY CODE : 36,503600004,4010360000,A Ward Estate 5,5,5
297,36,ESTATE DEPARTMENT FUNCTIONARY CODE : 36,503600004,4020360000,B Ward Estate 5,5,5
297,36,ESTATE DEPARTMENT FUNCTIONARY CODE : 36,503600004,4030360000,C Ward Estate 6,6,500
297,36,ESTATE DEPARTMENT FUNCTIONARY CODE : 36,503600004,4040360000,D Ward Estate 5,5,5
297,36,ESTATE DEPARTMENT FUNCTIONARY CODE : 36,503600004,4050360000,E Ward Estate 100,100,100
297,36,ESTATE DEPARTMENT FUNCTIONARY CODE : 36,503600004,4060360000,F/South Ward Estate 1500,1500,100
297,36,ESTATE DEPARTMENT FUNCTIONARY CODE : 36,503600004,4070360000,F/North Ward Estate 5,5,5
297,36,ESTATE DEPARTMENT FUNCTIONARY CODE : 36,503600004,4080360000,G/South Ward Estate 5,5,5
297,36,ESTATE DEPARTMENT FUNCTIONARY CODE : 36,503600004,4090360000,G/North Ward Estate 5,5,5
297,36,ESTATE DEPARTMENT FUNCTIONARY CODE : 36,503600004,4100360000,H/East Ward Estate 5,5,5
297,36,ESTATE DEPARTMENT FUNCTIONARY CODE : 36,503600004,4110360000,H/West Ward Estate 5,5,5
297,36,ESTATE DEPARTMENT FUNCTIONARY CODE : 36,503600004,4120360000,K/East Ward Estate 5,5,5
297,36,ESTATE DEPARTMENT FUNCTIONARY CODE : 36,503600004,4130360000,K/West Ward Estate 5,5,5
297,36,ESTATE DEPARTMENT FUNCTIONARY CODE : 36,503600004,4140360000,P/South Ward Estate 100,100,100
297,36,ESTATE DEPARTMENT FUNCTIONARY CODE : 36,503600004,4140362600,P/South Ward-BM BM ...,...,15000
297,36,ESTATE DEPARTMENT FUNCTIONARY CODE : 36,503600004,4150360000,P/North Ward Estate 5,5,5
297,36,ESTATE DEPARTMENT FUNCTIONARY CODE : 36,503600004,4150362600,...,...,25000
297,36,ESTATE DEPARTMENT FUNCTIONARY CODE : 36,503600004,4160360000,R/South Ward Estate 5,5,5
297,36,ESTATE DEPARTMENT FUNCTIONARY CODE : 36,503600004,4160362600,R/South Ward - BM BM ...,...,20000
297,36,ESTATE DEPARTMENT FUNCTIONARY CODE : 36,503600004,4170360000,5,5,5
297,36,ESTATE DEPARTMENT FUNCTIONARY CODE : 36,503600004,4180360000,R/Central Ward Estate 5,5,5
297,36,ESTATE DEPARTMENT FUNCTIONARY CODE : 36,503600004,4190360000,L Ward Estate 5,5,5
299,36,ESTATE DEPARTMENT FUNCTIONARY CODE : 36,503600004,4200360000,M/E Ward Estate 51000,51000,56100
299,36,ESTATE DEPARTMENT FUNCTIONARY CODE : 36,503600004,4200360000,M/E Ward - M & E M & E 36024,36024,34957
299,36,ESTATE DEPARTMENT FUNCTIONARY CODE : 36,503600004,4200362600,M/E Ward - BM BM 30000,30000,54365
299,36,ESTATE DEPARTMENT FUNCTIONARY CODE : 36,503600004,4210360000,M/West Ward Estate 65000,65000,...
299,36,ESTATE DEPARTMENT FUNCTIONARY CODE : 36,503600004,4210360000,M/West Ward - BM BM 35000,35000,36821
299,36,ESTATE DEPARTMENT FUNCTIONARY CODE : 36,503600004,4220360000,5,5,5
299,36,ESTATE DEPARTMENT FUNCTIONARY CODE : 36,503600004,4230360000,S Ward Estate 5,5,5
299,36,ESTATE DEPARTMENT FUNCTIONARY CODE : 36,503600004,4240360000,T Ward Estate 5,5,5
299,36,ESTATE DEPARTMENT FUNCTIONARY CODE : 36,503600006,1000360000,Structural Audit of Estate Properties/ Building Estate 5000,5000,10000
299,36,ESTATE DEPARTMENT FUNCTIONARY CODE : 36,503600007,1000360000,Estate 100,100,100
299,36,ESTATE DEPARTMENT FUNCTIONARY CODE : 36,503600009,1000360000,Construction of PAP Tenaments ...,...,7000
299,36,ESTATE DEPARTMENT FUNCTIONARY CODE : 36,503600010,1000360000,Ramgadh on Plot no. 290 of Estate Scheme 200833 70000,70000,18000
299,36,ESTATE DEPARTMENT FUNCTIONARY CODE : 36,503600011,1000360000,Development of Software (Auto DCR) Estate 5500,5500,20000
304,37,DEVELOPMENT PLAN DEPT. keÀe³e& keÀjCeejs Keeles : efJekeÀeme efve³eespeve Keeles,410600000,1000370000,DP 1500 10000 keÀe³ee&ue³e DeeefCe Flej meeOevemeecegûeer,10000,
304,37,DEVELOPMENT PLAN DEPT. keÀe³e& keÀjCeejs Keeles : efJekeÀeme efve³eespeve Keeles,410600210,1000370000,Computer software DP ... 10000 mebieCekeÀ mee@HeÌìJesDej,10000,
304,37,DEVELOPMENT PLAN DEPT. keÀe³e& keÀjCeejs Keeles : efJekeÀeme efve³eespeve Keeles,410700000,1000370000,DP ...,500,
304,37,DEVELOPMENT PLAN DEPT. keÀe³e& keÀjCeejs Keeles : efJekeÀeme efve³eespeve Keeles,410600000,1000376603,DP ... 1000 keÀe³ee&ue³e DeeefCe Flej meeOevemeecegûeer,1000,
304,37,DEVELOPMENT PLAN DEPT. keÀe³e& keÀjCeejs Keeles : efJekeÀeme efve³eespeve Keeles,410700000,1000376603,...,100,
304,37,DEVELOPMENT PLAN DEPT. keÀe³e& keÀjCeejs Keeles : efJekeÀeme efve³eespeve Keeles,410600000,2002376602,Office & other Equipments DP 500 2000 keÀe³ee&ue³e DeeefCe Flej meeOevemeecegûeer,2000,
305,37,DEVELOPMENT PLAN DEPT. FUNCTIONARY CODE : 37,503700045,1000370000,"Wadala, Bandra, Kandivali & Vikhroli C.E. 3500",3500,1000
305,37,DEVELOPMENT PLAN DEPT. FUNCTIONARY CODE : 37,503700137,1000370000,405932,405932,1200000
305,37,DEVELOPMENT PLAN DEPT. FUNCTIONARY CODE : 37,503700137,4050370000,E Ward 38187,38187,...
305,37,DEVELOPMENT PLAN DEPT. FUNCTIONARY CODE : 37,503700137,4090370000,G/North Ward 11083,11083,...
305,37,DEVELOPMENT PLAN DEPT. FUNCTIONARY CODE : 37,503700137,4120370000,K/East Ward 8603,8603,...
305,37,DEVELOPMENT PLAN DEPT. FUNCTIONARY CODE : 37,503700137,4140370000,P/South Ward 75572,75572,...
305,37,DEVELOPMENT PLAN DEPT. FUNCTIONARY CODE : 37,503700137,4150370000,P/North Ward 254977,254977,...
305,37,DEVELOPMENT PLAN DEPT. FUNCTIONARY CODE : 37,503700137,4210370000,M/West Ward 10591,10591,...
305,37,DEVELOPMENT PLAN DEPT. FUNCTIONARY CODE : 37,503700137,4220370000,N Ward 190350,190350,...
305,37,DEVELOPMENT PLAN DEPT. FUNCTIONARY CODE : 37,503700137,4230370000,S Ward 4705,4705,...
305,37,DEVELOPMENT PLAN DEPT. FUNCTIONARY CODE : 37,503700142,1000370000,122723,122723,250000
305,37,DEVELOPMENT PLAN DEPT. FUNCTIONARY CODE : 37,503700142,4130370000,K/West Ward 7410,7410,...
305,37,DEVELOPMENT PLAN DEPT. FUNCTIONARY CODE : 37,503700142,4140370000,P/South Ward 13302,13302,...
305,37,DEVELOPMENT PLAN DEPT. FUNCTIONARY CODE : 37,503700142,4150370000,P/North Ward 2500,2500,...
305,37,DEVELOPMENT PLAN DEPT. FUNCTIONARY CODE : 37,503700142,4160370000,R/South Ward 25000,25000,...
305,37,DEVELOPMENT PLAN DEPT. FUNCTIONARY CODE : 37,503700142,4190370000,L Ward 75000,75000,...
305,37,DEVELOPMENT PLAN DEPT. FUNCTIONARY CODE : 37,503700142,4220370000,N Ward 4065,4065,...
307,37,DEVELOPMENT PLAN DEPT. FUNCTIONARY CODE : 37,503700138,1000370000,DP ...,...,20000
307,37,DEVELOPMENT PLAN DEPT. FUNCTIONARY CODE : 37,503700139,2001370000,Division I - City 127877,127877,358236
307,37,DEVELOPMENT PLAN DEPT. FUNCTIONARY CODE : 37,503700139,2002370000,Division II -WS 4550000,4550000,1000000
307,37,DEVELOPMENT PLAN DEPT. FUNCTIONARY CODE : 37,503700139,2003370000,Division III - ES 1000000,1000000,1000000
307,37,DEVELOPMENT PLAN DEPT. FUNCTIONARY CODE : 37,503700140,2001370000,Division I - City 800000,800000,343520
307,37,DEVELOPMENT PLAN DEPT. FUNCTIONARY CODE : 37,503700140,2002370000,Division II -WS 300000,300000,12000000
307,37,DEVELOPMENT PLAN DEPT. FUNCTIONARY CODE : 37,503700140,2003370000,Division III - ES 2620,2620,170000
307,37,DEVELOPMENT PLAN DEPT. FUNCTIONARY CODE : 37,503700141,2001370000,Division I - City ...,...,20000
307,37,DEVELOPMENT PLAN DEPT. FUNCTIONARY CODE : 37,503700141,2002370000,Division II -WS ...,...,15000
307,37,DEVELOPMENT PLAN DEPT. FUNCTIONARY CODE : 37,503700141,2003370000,Division III - ES ...,...,15000
307,37,DEVELOPMENT PLAN DEPT. FUNCTIONARY CODE : 37,503700132,2001370000,Division I - City ...,...,10
307,37,DEVELOPMENT PLAN DEPT. FUNCTIONARY CODE : 37,503700132,2002370000,Division II -WS ...,...,10
307,37,DEVELOPMENT PLAN DEPT. FUNCTIONARY CODE : 37,503700132,2003370000,Division III - ES ...,...,10
309,37,DEVELOPMENT PLAN DEPT. FUNCTIONARY CODE : 37,503700139,2001370000,Division I - City 30,30,30
309,37,DEVELOPMENT PLAN DEPT. FUNCTIONARY CODE : 37,503700139,2002370000,Division II - WS 70,70,80
309,37,DEVELOPMENT PLAN DEPT. FUNCTIONARY CODE : 37,503700139,2003370000,Division III - ES 20000,20000,400000
309,37,DEVELOPMENT PLAN DEPT. FUNCTIONARY CODE : 37,503700140,2003370000,(Acquisition of land under Section 63 of DP ...,...,10000
311,37,DEVELOPMENT PLAN DEPT. FUNCTIONARY CODE : 37,503700140,2002370000,(Acquisition of land under Section 63 of DP 10,10,10
313,37,DEVELOPMENT PLAN DEPT. FUNCTIONARY CODE : 37,503700139,2003370000,(Acquisition of land under Section 61 of DP 500,500,500
313,37,DEVELOPMENT PLAN DEPT. FUNCTIONARY CODE : 37,503700140,2001370000,Division I - City 5040,5040,5000
313,37,DEVELOPMENT PLAN DEPT. FUNCTIONARY CODE : 37,503700140,2002370000,Division II - WS,,
313,37,DEVELOPMENT PLAN DEPT. FUNCTIONARY CODE : 37,503700140,2003370000,Division III - ES ...,...,100
315,37,DEVELOPMENT PLAN DEPT. FUNCTIONARY CODE : 37,503700140,2001370000,Division I - City 10,10,10
315,37,DEVELOPMENT PLAN DEPT. FUNCTIONARY CODE : 37,503700140,2002370000,Division II - WS 60,60,80
315,37,DEVELOPMENT PLAN DEPT. FUNCTIONARY CODE : 37,503700140,2003370000,Division III - ES 1000,1000,19108
317,37,DEVELOPMENT PLAN DEPT. FUNCTIONARY CODE : 37,503700037,2001370000,Division I- T.P. E.E.(T.P) ...,...,100
317,37,DEVELOPMENT PLAN DEPT. FUNCTIONARY CODE : 37,503700037,2002370000,Division II- T.P. E.E.(T.P) ...,...,400
317,37,DEVELOPMENT PLAN DEPT. FUNCTIONARY CODE : 37,503700037,2003370000,Division III- T.P. E.E.(T.P) ...,...,50
321,38,FIRE BRIGADE DEPT. FUNCTIONARY CODE : 38,410400000,1000380000,Plant and Machinery C.F.O. LS/ þes.le. 453000,453000,200000
321,38,FIRE BRIGADE DEPT. FUNCTIONARY CODE : 38,410400000,2001380000,Plant and Machinery C.F.O. 5000,5000,5000
321,38,FIRE BRIGADE DEPT. FUNCTIONARY CODE : 38,410500000,1000380000,C.F.O. 519238,519238,1810950
321,38,FIRE BRIGADE DEPT. FUNCTIONARY CODE : 38,410501404,1000380000,Aerial Ladder Platform C.F.O. 320,320,...
321,38,FIRE BRIGADE DEPT. FUNCTIONARY CODE : 38,410501900,1000380000,Fire Fighting and Rescue Vehicles C.F.O. 2842,2842,...
321,38,FIRE BRIGADE DEPT. FUNCTIONARY CODE : 38,410600000,1000380000,Office and Other equipments C.F.O. 114950,114950,83050
321,38,FIRE BRIGADE DEPT. FUNCTIONARY CODE : 38,410700000,1000380000,"Furniture,Fixture, Fittings and Electrical C.F.O. 2500",2500,1000
321,38,FIRE BRIGADE DEPT. FUNCTIONARY CODE : 38,503800078,1000380000,C.F.O. LS/ þes.le. 1000,1000,5000
321,38,FIRE BRIGADE DEPT. FUNCTIONARY CODE : 38,503800095,1000380000,C.F.O. LS/ þes.le. 2500,2500,6000
321,38,FIRE BRIGADE DEPT. FUNCTIONARY CODE : 38,503800103,1000380000,C.F.O. 1000,1000,1000
323,38,FIRE BRIGADE DEPT. FUNCTIONARY CODE : 38,503800108,2001380000,Division I - City C.F.O. ...,...,14000
323,38,FIRE BRIGADE DEPT. FUNCTIONARY CODE : 38,503800108,2002380000,Division II -WS C.F.O. ...,...,14000
323,38,FIRE BRIGADE DEPT. FUNCTIONARY CODE : 38,503800108,2003380000,Division III - ES C.F.O. ...,...,7000
323,38,FIRE BRIGADE DEPT. FUNCTIONARY CODE : 38,503800051,3003382102,Dy.CE(WS) 50,50,50
323,38,FIRE BRIGADE DEPT. FUNCTIONARY CODE : 38,503800055,3003382101,tower at Andheri Fire Station & Repairs Dy.CE(WS) 50,50,50
323,38,FIRE BRIGADE DEPT. FUNCTIONARY CODE : 38,503800074,1000380000,,,
323,38,FIRE BRIGADE DEPT. FUNCTIONARY CODE : 38,503800075,2001382600,Division I - City B.M. 9049,9049,...
325,38,FIRE BRIGADE DEPT. FUNCTIONARY CODE : 38,503800104,2001382600,Division I - City 26000,26000,4900
325,38,FIRE BRIGADE DEPT. FUNCTIONARY CODE : 38,503800104,2002382600,Division II -WS 22084,22084,...
325,38,FIRE BRIGADE DEPT. FUNCTIONARY CODE : 38,503800106,2001382600,Division I - City B.M. 63800,63800,82999
325,38,FIRE BRIGADE DEPT. FUNCTIONARY CODE : 38,503800106,2002382600,Division II -WS B.M. 158160,158160,8744
325,38,FIRE BRIGADE DEPT. FUNCTIONARY CODE : 38,503800109,2001382600,Division I - City B.M. 500,500,7500
325,38,FIRE BRIGADE DEPT. FUNCTIONARY CODE : 38,503800109,2002382600,Division II -WS B.M. 5000,5000,20000
325,38,FIRE BRIGADE DEPT. FUNCTIONARY CODE : 38,503800109,2003382600,Division III - ES B.M. ...,...,7500
327,38,FIRE BRIGADE DEPT. FUNCTIONARY CODE : 38,503800111,2001382600,Division I - City B.M. ...,...,2500
327,38,FIRE BRIGADE DEPT. FUNCTIONARY CODE : 38,503800111,2002382600,Division II -WS B.M. ...,...,2500
327,38,FIRE BRIGADE DEPT. FUNCTIONARY CODE : 38,503800111,2003382600,Division III - ES B.M. ...,...,2500
327,38,FIRE BRIGADE DEPT. FUNCTIONARY CODE : 38,503800105,2003380000,Division III - ES 553,553,...
327,38,FIRE BRIGADE DEPT. FUNCTIONARY CODE : 38,503800107,2003380000,Division III - ES 40000,40000,88700
327,38,FIRE BRIGADE DEPT. FUNCTIONARY CODE : 38,503800110,2002380000,Division II -WS 1000,1000,9000
327,38,FIRE BRIGADE DEPT. FUNCTIONARY CODE : 38,503800110,2003380000,Division III - ES 20000,20000,90000
329,38,FIRE BRIGADE DEPT. FUNCTIONARY CODE : 38,503800112,2001380000,Division I - City ...,...,5000
329,38,FIRE BRIGADE DEPT. FUNCTIONARY CODE : 38,503800112,2002380000,Division II -WS ...,...,1000
329,38,FIRE BRIGADE DEPT. FUNCTIONARY CODE : 38,503800112,2003380000,Division III - ES ...,...,300
329,38,FIRE BRIGADE DEPT. FUNCTIONARY CODE : 38,503800101,1000380000,1000,1000,30000
329,38,FIRE BRIGADE DEPT. FUNCTIONARY CODE : 38,503800102,2001380099,Division I - City 1000,1000,5000
329,38,FIRE BRIGADE DEPT. FUNCTIONARY CODE : 38,503800056,1000380000,C.E. LS/ þes.le. 145000,145000,98000
333,39,LICENCE DEPARTMENT keÀe³e& keÀjCeejs Keeles : Deveg%eeHeve Keeles,410600000,1000390000,Licence 300,,
333,39,LICENCE DEPARTMENT keÀe³e& keÀjCeejs Keeles : Deveg%eeHeve Keeles,410700000,1000390000,5000,,
335,40,Shop & Establishment keÀe³e& keÀjCeejs Keeles : ogkeÀeves DeeefCe DeemLeeHevee,410600000,1000400000,40,,
335,40,Shop & Establishment keÀe³e& keÀjCeejs Keeles : ogkeÀeves DeeefCe DeemLeeHevee,410700000,1000400000,150,,
337,41,Garden & Recreation - Garden FUNCTIONARY CODE : 41,504100008,4150410000,P/North Ward - Garden S.G. ...,...,1000
337,41,Garden & Recreation - Garden FUNCTIONARY CODE : 41,504100008,4170410000,R/North Ward - Garden S.G. ...,...,4000
337,41,Garden & Recreation - Garden FUNCTIONARY CODE : 41,504100008,4220410000,N Ward - Garden S.G. ...,...,550
337,41,Garden & Recreation - Garden FUNCTIONARY CODE : 41,504100009,1000410000,H.O.- Garden S.G. 5000,5000,5000
337,41,Garden & Recreation - Garden FUNCTIONARY CODE : 41,504100324,1000410000,H.O.- Garden S.G. ...,...,1500
337,41,Garden & Recreation - Garden FUNCTIONARY CODE : 41,504100451,4010410000,A-Ward - Garden S.G. 1662,1662,2267
337,41,Garden & Recreation - Garden FUNCTIONARY CODE : 41,504100451,4020410000,B-Ward - Garden S.G. 1385,1385,1889
337,41,Garden & Recreation - Garden FUNCTIONARY CODE : 41,504100451,4050410000,E Ward - Garden S.G. 1505,1505,2053
337,41,Garden & Recreation - Garden FUNCTIONARY CODE : 41,504100451,4060410000,468,468,639
337,41,Garden & Recreation - Garden FUNCTIONARY CODE : 41,504100451,4070410000,F/North Ward - Garden S.G. 308,308,420
337,41,Garden & Recreation - Garden FUNCTIONARY CODE : 41,504100451,4080410000,G/South Ward - Garden S.G. 970,970,1323
337,41,Garden & Recreation - Garden FUNCTIONARY CODE : 41,504100451,4090410000,G/North Ward - Garden S.G. 693,693,945
337,41,Garden & Recreation - Garden FUNCTIONARY CODE : 41,504100451,4100410000,377,377,514
337,41,Garden & Recreation - Garden FUNCTIONARY CODE : 41,504100451,4110410000,H/West Ward - Garden S.G. 126,126,172
337,41,Garden & Recreation - Garden FUNCTIONARY CODE : 41,504100451,4120410000,K/East Ward-Garden S.G. 630,630,860
337,41,Garden & Recreation - Garden FUNCTIONARY CODE : 41,504100451,4130410000,K/West Ward - Garden S.G. 7000,7000,2885
337,41,Garden & Recreation - Garden FUNCTIONARY CODE : 41,504100451,4140410000,P/South Ward - Garden S.G. 1014,1014,1383
337,41,Garden & Recreation - Garden FUNCTIONARY CODE : 41,504100451,4150410000,...,...,430
339,41,Garden & Recreation - Garden FUNCTIONARY CODE : 41,504100451,4160410000,R/South Ward - Garden S.G. 883,883,1205
339,41,Garden & Recreation - Garden FUNCTIONARY CODE : 41,504100451,4170410000,R/North Ward - Garden S.G. 781,781,1066
339,41,Garden & Recreation - Garden FUNCTIONARY CODE : 41,504100451,4180410000,R/Central Ward - Garden S.G. 1259,1259,1718
339,41,Garden & Recreation - Garden FUNCTIONARY CODE : 41,504100451,4190410000,L Ward - Garden S.G. ...,...,1465
339,41,Garden & Recreation - Garden FUNCTIONARY CODE : 41,504100451,4200410000,M/East Ward-Garden S.G. 1804,1804,7230
339,41,Garden & Recreation - Garden FUNCTIONARY CODE : 41,504100451,4220410000,N Ward-Garden S.G. 626,626,854
339,41,Garden & Recreation - Garden FUNCTIONARY CODE : 41,504100451,4230410000,S Ward - Garden S.G. 500,500,682
339,41,Garden & Recreation - Garden FUNCTIONARY CODE : 41,504100633,1000410000,Beautification of Forts & precint ...,...,10000
339,41,Garden & Recreation - Garden FUNCTIONARY CODE : 41,504100698,1000412600,Heritage,3500,50000
339,41,Garden & Recreation - Garden FUNCTIONARY CODE : 41,410600200,1000412700,"Computer , Printer & Peripherals GIC ...",...,1000
339,41,Garden & Recreation - Garden FUNCTIONARY CODE : 41,504100490,1000412700,GIC 850000,850000,1000000
339,41,Garden & Recreation - Garden FUNCTIONARY CODE : 41,504100636,1000412700,"Beautification of space below flyover,etc. GIC 42800 100",100,10000
339,41,Garden & Recreation - Garden FUNCTIONARY CODE : 41,504100632,1000412700,GIC 491725 100,100,10000
339,41,Garden & Recreation - Garden FUNCTIONARY CODE : 41,504100695,1000412700,Renovation of office of Garden Cell GIC 5000,5000,2500
339,41,Garden & Recreation - Garden FUNCTIONARY CODE : 41,504100697,1000412700,GIC 100,100,20000
339,41,Garden & Recreation - Garden FUNCTIONARY CODE : 41,504100863,1000412600,BM 43635 20000,20000,23635
339,41,Garden & Recreation - Garden FUNCTIONARY CODE : 41,504100864,1000412600,BM 116500 10000,10000,30000
339,41,Garden & Recreation - Garden FUNCTIONARY CODE : 41,504100885,1000412600,BM 63256 17500,17500,30000
341,41,Garden & Recreation - Garden FUNCTIONARY CODE : 41,504100890,4010410000,A Ward -Garden S.G. 8090,8090,...
341,41,Garden & Recreation - Garden FUNCTIONARY CODE : 41,504100890,4020410000,B Ward - Garden S.G. 85784,85784,...
341,41,Garden & Recreation - Garden FUNCTIONARY CODE : 41,504100890,4030410000,C Ward - Garden S.G. 711,711,...
341,41,Garden & Recreation - Garden FUNCTIONARY CODE : 41,504100890,4160410000,R/South Ward -Garden S.G. 8516,8516,...
341,41,Garden & Recreation - Garden FUNCTIONARY CODE : 41,504100890,4180410000,R/Central Ward - Garden S.G. 84618,84618,...
341,41,Garden & Recreation - Garden FUNCTIONARY CODE : 41,504100895,4010410000,A Ward - Garden S.G. 5822,5822,6165
341,41,Garden & Recreation - Garden FUNCTIONARY CODE : 41,504100895,4020410000,B Ward - Garden S.G. 197,197,209
341,41,Garden & Recreation - Garden FUNCTIONARY CODE : 41,504100895,4030410000,C Ward - Garden S.G. 1679,1679,1778
341,41,Garden & Recreation - Garden FUNCTIONARY CODE : 41,504100895,4040410000,D Ward - Garden S.G. 8190,8190,8671
341,41,Garden & Recreation - Garden FUNCTIONARY CODE : 41,504100895,4050410000,E Ward - Garden S.G. 2381,2381,2521
341,41,Garden & Recreation - Garden FUNCTIONARY CODE : 41,504100895,4060410000,F/South Ward - Garden S.G. 6067,6067,6424
341,41,Garden & Recreation - Garden FUNCTIONARY CODE : 41,504100895,4070410000,F/North Ward - Garden S.G. 10326,10326,10934
341,41,Garden & Recreation - Garden FUNCTIONARY CODE : 41,504100895,4080410000,G/South Ward - Garden S.G. 4589,4589,4859
341,41,Garden & Recreation - Garden FUNCTIONARY CODE : 41,504100895,4090410000,G/North Ward - Garden S.G. 6857,6857,7261
341,41,Garden & Recreation - Garden FUNCTIONARY CODE : 41,504100895,4100410000,H/East Ward - Garden S.G. 3523,3523,3731
341,41,Garden & Recreation - Garden FUNCTIONARY CODE : 41,504100895,4110410000,H/West Ward - Garden S.G. 9523,9523,10084
341,41,Garden & Recreation - Garden FUNCTIONARY CODE : 41,504100895,4120410000,K/East Ward-Garden S.G. 15247,15247,16145
341,41,Garden & Recreation - Garden FUNCTIONARY CODE : 41,504100895,4130410000,K/West Ward-Garden S.G. 17409,17409,18435
341,41,Garden & Recreation - Garden FUNCTIONARY CODE : 41,504100895,4140410000,P/South Ward-Garden S.G. 12037,12037,12746
341,41,Garden & Recreation - Garden FUNCTIONARY CODE : 41,504100895,4150410000,P/North Ward-Garden S.G. 11406,11406,12078
341,41,Garden & Recreation - Garden FUNCTIONARY CODE : 41,504100895,4160410000,R/South Ward -Garden S.G. 18186,18186,19257
341,41,Garden & Recreation - Garden FUNCTIONARY CODE : 41,504100895,4170410000,R/North Ward - Garden S.G. 12184,12184,12902
341,41,Garden & Recreation - Garden FUNCTIONARY CODE : 41,504100895,4180410000,R/Central Ward - Garden S.G. 24794,24794,26255
343,41,Garden & Recreation - Garden FUNCTIONARY CODE : 41,504100895,4190410000,L ward - Garden S.G. 10254,10254,10858
343,41,Garden & Recreation - Garden FUNCTIONARY CODE : 41,504100895,4200410000,M/East Ward - Garden S.G. 5239,5239,5548
343,41,Garden & Recreation - Garden FUNCTIONARY CODE : 41,504100895,4210410000,M/West Ward - Garden S.G. 11547,11547,12227
343,41,Garden & Recreation - Garden FUNCTIONARY CODE : 41,504100895,4220410000,7591,7591,8038
343,41,Garden & Recreation - Garden FUNCTIONARY CODE : 41,504100895,4230410000,S Ward - Garden S.G. 16454,16454,17423
343,41,Garden & Recreation - Garden FUNCTIONARY CODE : 41,504100895,4240410000,T Ward-Garden S.G. 14591,14591,15451
343,41,Garden & Recreation - Garden FUNCTIONARY CODE : 41,504100831,4090410000,S.G. 10000,10000,250000
343,41,Garden & Recreation - Garden FUNCTIONARY CODE : 41,504100908,4190410000,Development of garden at MCMCR premises 100,100,10000
345,41,Garden & Recreation - Garden FUNCTIONARY CODE : 41,504100001,4060410000,12111 ...,...,10
345,41,Garden & Recreation - Garden FUNCTIONARY CODE : 41,504100003,4220410000,9696 ...,...,389
345,41,Garden & Recreation - Garden FUNCTIONARY CODE : 41,504100007,4010410000,A Ward - Garden 313,313,283
345,41,Garden & Recreation - Garden FUNCTIONARY CODE : 41,504100007,4020410000,B Ward - Garden S.G. 295,295,266
345,41,Garden & Recreation - Garden FUNCTIONARY CODE : 41,504100007,4030410000,C Ward -Garden S.G. 56,56,51
345,41,Garden & Recreation - Garden FUNCTIONARY CODE : 41,504100007,4040410000,D Ward - Garden S.G. 113,113,102
345,41,Garden & Recreation - Garden FUNCTIONARY CODE : 41,504100007,4050410000,E Ward - Garden S.G. 1111,1111,1004
345,41,Garden & Recreation - Garden FUNCTIONARY CODE : 41,504100007,4060410000,F/South Ward - Garden S.G. 1291,1291,1166
345,41,Garden & Recreation - Garden FUNCTIONARY CODE : 41,504100007,4070410000,F/North Ward - Garden S.G. 1158,1158,1046
345,41,Garden & Recreation - Garden FUNCTIONARY CODE : 41,504100007,4080410000,G/South Ward - Garden S.G. 770,770,696
345,41,Garden & Recreation - Garden FUNCTIONARY CODE : 41,504100007,4090410000,G/North Ward - Garden 660,660,596
345,41,Garden & Recreation - Garden FUNCTIONARY CODE : 41,504100007,4100410000,H/East Ward - Garden S.G. 115,115,104
345,41,Garden & Recreation - Garden FUNCTIONARY CODE : 41,504100007,4110410000,H/West Ward-Garden S.G. 1366,1366,1234
345,41,Garden & Recreation - Garden FUNCTIONARY CODE : 41,504100007,4120410000,K/East Ward - Garden S.G. 2265,2265,2046
345,41,Garden & Recreation - Garden FUNCTIONARY CODE : 41,504100007,4130410000,K/West Ward - Garden 4526,4526,4089
345,41,Garden & Recreation - Garden FUNCTIONARY CODE : 41,504100007,4140410000,P/South Ward - Garden S.G. 1941,1941,1753
345,41,Garden & Recreation - Garden FUNCTIONARY CODE : 41,504100007,4150410000,P/North Ward - Garden S.G. 4295,4295,3880
345,41,Garden & Recreation - Garden FUNCTIONARY CODE : 41,504100007,4160410000,R/South Ward - Garden S.G. 4654,4654,4204
345,41,Garden & Recreation - Garden FUNCTIONARY CODE : 41,504100007,4170410000,R/North Ward - Garden S.G. 1666,1666,1505
345,41,Garden & Recreation - Garden FUNCTIONARY CODE : 41,504100007,4180410000,R/Central Ward - Garden S.G. 1320,1320,1192
347,41,Garden & Recreation - Garden FUNCTIONARY CODE : 41,504100007,4190410000,L Ward - Garden S.G. 3630,3630,3279
347,41,Garden & Recreation - Garden FUNCTIONARY CODE : 41,504100007,4200410000,M/East Ward-Garden S.G. 2646,2646,2390
347,41,Garden & Recreation - Garden FUNCTIONARY CODE : 41,504100007,4210410000,2600,2600,2349
347,41,Garden & Recreation - Garden FUNCTIONARY CODE : 41,504100007,4220410000,N Ward-Garden S.G. 1767,1767,1596
347,41,Garden & Recreation - Garden FUNCTIONARY CODE : 41,504100007,4230410000,S Ward-Garden S.G. 3136,3136,2833
347,41,Garden & Recreation - Garden FUNCTIONARY CODE : 41,504100007,4240410000,T Ward-Garden S.G. 2586,2586,2336
347,41,Garden & Recreation - Garden FUNCTIONARY CODE : 41,504100886,4220410000,Marg on land bearing CTS no. 195 of TPS-III 1176558 60000,60000,150000
347,41,Garden & Recreation - Garden FUNCTIONARY CODE : 41,504100887,4220410000,90000 100,100,100
351,41,Garden & Recreation - (Zoo) Functionary Code : 41,504100029,1000412401,upgradation of Virmata Jijabai Bhosale B.C ...,...,10
355,41,Functionary Code : 41,410600210,1000410003,Computer Software ...,...,4000
355,41,Functionary Code : 41,410600802,2002410402,Fire Fighting & Rescue Equipments ...,...,9500
355,41,Functionary Code : 41,410700000,2002410402,...,...,5000
355,41,Functionary Code : 41,504100822,1000410000,10000,10000,10000
355,41,Functionary Code : 41,504100912,1000410003,Provision for civil works for Auditorium ...,...,2500
355,41,Functionary Code : 41,504100441,4180410000,GIC 1000,1000,1000
355,41,Functionary Code : 41,504100495,1000412700,"Complex,Swimming Pools ,Theaters in 200000",200000,200000
357,41,Functionary Code:41,410600210,1000410003,...,...,1000
357,41,Functionary Code:41,410700000,1000410003,...,...,10000
357,41,Functionary Code:41,504100862,1000410000,1000,1000,1000
357,41,Functionary Code:41,504100911,1000410003,Provision for civil works for Swimming Pool ...,...,7500
357,41,Functionary Code:41,504100913,2001410301,...,...,20000
359,41,Garden & Recreation - Garden keÀe³e& keÀjCeejs Keeles: ceveesjbpeve-GÐeeve GÐeeve Je ceveesjbpeve-GÐeeve,312110409,4020410000,66378,...,
363,42,MARKET DEPARTMENT FUNCTIONARY CODE : 42,504200005,4140420000,,,
363,42,MARKET DEPARTMENT FUNCTIONARY CODE : 42,504200009,4020420000,B.M.,,
363,42,MARKET DEPARTMENT FUNCTIONARY CODE : 42,504200013,2003420000,10651 ...,...,1000
363,42,MARKET DEPARTMENT FUNCTIONARY CODE : 42,504200029,1000420000,Provision For Transit Camp C.E.,28000,50000
363,42,MARKET DEPARTMENT FUNCTIONARY CODE : 42,504200076,1000420000,Provision For Transit Camp C.E. 20000,20000,350000
365,42,MARKET DEPARTMENT FUNCTIONARY CODE : 42,504200079,1000420000,Provision For Transit Camp C.E. ...,...,300
365,42,MARKET DEPARTMENT FUNCTIONARY CODE : 42,504200081,1000420000,,...,500
365,42,MARKET DEPARTMENT FUNCTIONARY CODE : 42,504200041,4050420000,building at Babu Genu Market in 516656 140000,140000,28160
365,42,MARKET DEPARTMENT FUNCTIONARY CODE : 42,504200043,2002422600,Division II -WS 2922,2922,...
365,42,MARKET DEPARTMENT FUNCTIONARY CODE : 42,504200075,2001422600,Division I - City 4449,4449,...
367,42,MARKET DEPARTMENT FUNCTIONARY CODE : 42,504200077,2001422600,Division I - City 162239,162239,55831
367,42,MARKET DEPARTMENT FUNCTIONARY CODE : 42,504200077,2002422600,Division II -WS 90000,90000,5372
367,42,MARKET DEPARTMENT FUNCTIONARY CODE : 42,504200077,2003422600,Division III - ES 31772,31772,10000
367,42,MARKET DEPARTMENT FUNCTIONARY CODE : 42,504200080,2001422600,Division I - City 10000,10000,62500
367,42,MARKET DEPARTMENT FUNCTIONARY CODE : 42,504200080,2002422600,Division II -WS 200,200,20000
367,42,MARKET DEPARTMENT FUNCTIONARY CODE : 42,504200084,2001422600,Division I - City ...,...,5000
367,42,MARKET DEPARTMENT FUNCTIONARY CODE : 42,504200084,2002422600,...,...,5200
367,42,MARKET DEPARTMENT FUNCTIONARY CODE : 42,504200084,2003422600,Division III - ES ...,...,3000
367,42,MARKET DEPARTMENT FUNCTIONARY CODE : 42,504200048,1000420000,Construction of New Market C.E. ...,...,5000
367,42,MARKET DEPARTMENT FUNCTIONARY CODE : 42,504200058,1000420000,,,
369,42,MARKET DEPARTMENT FUNCTIONARY CODE : 42,504200060,1000420000,1000,1000,5000
369,42,MARKET DEPARTMENT FUNCTIONARY CODE : 42,504200061,1000420000,100,100,100
369,42,MARKET DEPARTMENT FUNCTIONARY CODE : 42,504200066,1000420000,5500,5500,5000
369,42,MARKET DEPARTMENT FUNCTIONARY CODE : 42,504200082,1000422600,B.M. ...,...,500
369,42,MARKET DEPARTMENT FUNCTIONARY CODE : 42,504200083,1000420000,B.M.,...,10000
369,42,MARKET DEPARTMENT FUNCTIONARY CODE : 42,504200062,1000420000,under development plan- C.E. 15000,15000,90200
373,43,DEONAR ABATTOIR DEPT FUNCTIONARY CODE : 43,410400000,1000430000,Plant and Machinery GMDA 25000,25000,40000
373,43,DEONAR ABATTOIR DEPT FUNCTIONARY CODE : 43,410600000,1000430000,Office & Other Equipments GMDA 500,500,1000
373,43,DEONAR ABATTOIR DEPT FUNCTIONARY CODE : 43,410700000,1000430000,"Furniture,Fix,Fitting & Electrical appliances GMDA 4000",4000,6000
373,43,DEONAR ABATTOIR DEPT FUNCTIONARY CODE : 43,410600702,1000430000,CCTV GMDA 22800,22800,...
373,43,DEONAR ABATTOIR DEPT FUNCTIONARY CODE : 43,504300007,1000432600,C.E.,35000,1250
373,43,DEONAR ABATTOIR DEPT FUNCTIONARY CODE : 43,504300007,1000430000,M & E 100,100,17000
373,43,DEONAR ABATTOIR DEPT FUNCTIONARY CODE : 43,504300019,1000430000,138066 36655,36655,5200
373,43,DEONAR ABATTOIR DEPT FUNCTIONARY CODE : 43,504300021,1000432600,Building and sheep/Goat slaughter unit BM 121248 60000,60000,12392
373,43,DEONAR ABATTOIR DEPT FUNCTIONARY CODE : 43,504300022,3001430099,Zone I ...,...,100
373,43,DEONAR ABATTOIR DEPT FUNCTIONARY CODE : 43,504300022,3003430099,Zone III ...,...,100
373,43,DEONAR ABATTOIR DEPT FUNCTIONARY CODE : 43,504300022,3006430099,Zone VI ...,...,100
373,43,DEONAR ABATTOIR DEPT FUNCTIONARY CODE : 43,504300022,3007430099,Zone VII ...,...,100
373,43,DEONAR ABATTOIR DEPT FUNCTIONARY CODE : 43,504300023,1000430000,GMDA 100,100,2000
375,43,DEONAR ABATTOIR DEPT FUNCTIONARY CODE : 43,504300024,1000430000,Repairing of C-1 & C-2 Wada GMDA ...,...,200
375,43,DEONAR ABATTOIR DEPT FUNCTIONARY CODE : 43,504300025,1000430000,Repairing of grazing yard area GMDA 4800,4800,5000
375,43,DEONAR ABATTOIR DEPT FUNCTIONARY CODE : 43,504300026,1000432600,and S-1 wada in Deonar Abbattoir in M/E BM 24598 15196,15196,...
375,43,DEONAR ABATTOIR DEPT FUNCTIONARY CODE : 43,504300027,1000430000,GMDA 25000 100,100,10000
375,43,DEONAR ABATTOIR DEPT FUNCTIONARY CODE : 43,504300028,1000430000,Upgradation of Biomethenation Plant GMDA 30000 100,100,1000
375,43,DEONAR ABATTOIR DEPT FUNCTIONARY CODE : 43,504300029,1000430000,Replacement of water pump 50 HP capacity GMDA 15000 5000,5000,5000
375,43,DEONAR ABATTOIR DEPT FUNCTIONARY CODE : 43,504300033,1000432600,"bearing no. CTS 1 (pt), 2 (pt), 3 (pt) of C.E. 250000 ...",...,10000
375,43,DEONAR ABATTOIR DEPT FUNCTIONARY CODE : 43,504300030,1000430000,GMDA 58600 ...,...,1000
375,43,DEONAR ABATTOIR DEPT FUNCTIONARY CODE : 43,504300031,1000430000,GMDA 12241 ...,...,12241
375,43,DEONAR ABATTOIR DEPT FUNCTIONARY CODE : 43,504300032,1000432600,BM 8000 ...,...,500
379,44,Roads And Traffic Department FUNCTIONARY CODE: 44,410400000,1000442501,Plants & Machinery ...,...,1696
379,44,Roads And Traffic Department FUNCTIONARY CODE: 44,504400874,1000442501,7471524 20000,20000,650000
382,44,Roads And Traffic Department keÀe³e& keÀjCeejs Keeles : jmles DeeefCe Òe®eeueve Keeles,410400000,1000440099,Plants & Machinery 14800 1000 ³eb$es Je meb³eb$es,1000,
382,44,Roads And Traffic Department keÀe³e& keÀjCeejs Keeles : jmles DeeefCe Òe®eeueve Keeles,410600000,1000440000,Office & Other Equipment 2500,2000,
383,44,Roads And Traffic Department FUNCTIONARY CODE: 44,504400001,1000440000,,,10000
383,44,Roads And Traffic Department FUNCTIONARY CODE: 44,504400007,2001440000,Division I - Roads Ch.E.(Rds) 368500,368500,68200
383,44,Roads And Traffic Department FUNCTIONARY CODE: 44,504400007,2002440000,Division II - Roads Ch.E.(Rds) 66125,66125,27200
383,44,Roads And Traffic Department FUNCTIONARY CODE: 44,504400007,2003440000,Division III - Roads Ch.E.(Rds) 280000,280000,217600
383,44,Roads And Traffic Department FUNCTIONARY CODE: 44,504400918,2001440000,Division I - Roads 200000,200000,41480
383,44,Roads And Traffic Department FUNCTIONARY CODE: 44,504400918,2002440000,Division II - Roads 480000,480000,272000
383,44,Roads And Traffic Department FUNCTIONARY CODE: 44,504400955,2001440000,Division I - Roads Ch.E.(Rds) 50000,50000,73470
383,44,Roads And Traffic Department FUNCTIONARY CODE: 44,504400955,2002440000,Division II - Roads Ch.E.(Rds) ...,...,204000
383,44,Roads And Traffic Department FUNCTIONARY CODE: 44,504400955,2003440000,Division III - Roads Ch.E.(Rds) 20000,20000,20400
385,44,Roads And Traffic Department FUNCTIONARY CODE: 44,504400969,2001440000,Division I - Roads Ch.E.(Rds) 1000,1000,6800
385,44,Roads And Traffic Department FUNCTIONARY CODE: 44,504400969,2002440000,Division II - Roads Ch.E.(Rds) ...,...,67000
385,44,Roads And Traffic Department FUNCTIONARY CODE: 44,504400969,2003440000,Division III - Roads Ch.E.(Rds) 5000,5000,270000
385,44,Roads And Traffic Department FUNCTIONARY CODE: 44,504400985,2001440000,Division I - Roads ...,...,1000
385,44,Roads And Traffic Department FUNCTIONARY CODE: 44,504400985,2002440000,Division II - Roads ...,...,1000
385,44,Roads And Traffic Department FUNCTIONARY CODE: 44,504400985,2003440000,...,...,1000
385,44,Roads And Traffic Department FUNCTIONARY CODE: 44,504400012,2001440000,Division I - Roads Ch.E.(Rds) 20000,20000,...
385,44,Roads And Traffic Department FUNCTIONARY CODE: 44,504400012,4030440000,C Ward Ward 11500,11500,...
385,44,Roads And Traffic Department FUNCTIONARY CODE: 44,504400012,4050440000,E Ward Ward 20000,20000,15000
385,44,Roads And Traffic Department FUNCTIONARY CODE: 44,504400012,4060440000,F/South Ward Ward 15000,15000,15000
385,44,Roads And Traffic Department FUNCTIONARY CODE: 44,504400012,4070440000,F/North Ward 15000,15000,...
385,44,Roads And Traffic Department FUNCTIONARY CODE: 44,504400012,4080440000,G/South Ward 20000,20000,22000
385,44,Roads And Traffic Department FUNCTIONARY CODE: 44,504400012,4090440000,G/North Ward Ward 20000,20000,20000
387,44,Roads And Traffic Department FUNCTIONARY CODE: 44,504400012,2002440000,Division II - Roads Ch.E.(Rds) 5000,5000,35000
387,44,Roads And Traffic Department FUNCTIONARY CODE: 44,504400012,4100440000,H/East Ward Ward 7200,7200,...
387,44,Roads And Traffic Department FUNCTIONARY CODE: 44,504400012,2003440000,Division III - Roads Ch.E.(Rds) 5000,5000,...
387,44,Roads And Traffic Department FUNCTIONARY CODE: 44,504400012,4220440000,N Ward Ward 3500,3500,...
387,44,Roads And Traffic Department FUNCTIONARY CODE: 44,504400012,4230440000,S Ward 10000,10000,...
387,44,Roads And Traffic Department FUNCTIONARY CODE: 44,504400956,4110440000,H/West Ward Ch.E.(Rds) 170000,170000,250000
387,44,Roads And Traffic Department FUNCTIONARY CODE: 44,504400956,4150440000,P/North Ward 50000,50000,...
387,44,Roads And Traffic Department FUNCTIONARY CODE: 44,504400970,2001440000,Division I - Roads ...,...,10000
387,44,Roads And Traffic Department FUNCTIONARY CODE: 44,504400970,2002440000,Division II - Roads Ch.E.(Rds) ...,...,500000
387,44,Roads And Traffic Department FUNCTIONARY CODE: 44,504400970,4120440000,K/East Ward 15000,15000,...
387,44,Roads And Traffic Department FUNCTIONARY CODE: 44,504400970,4160440000,R/South Ward Ch.E.(Rds) 240000,240000,...
387,44,Roads And Traffic Department FUNCTIONARY CODE: 44,504400970,2003440000,Division III - Roads Ch.E.(Rds) 5000,5000,450000
387,44,Roads And Traffic Department FUNCTIONARY CODE: 44,504400970,4200440000,M/East Ward Ch.E.(Rds) 12000,12000,...
389,44,Roads And Traffic Department FUNCTIONARY CODE: 44,504400980,2001440000,Division I - Roads Ch.E.(Rds) ...,...,12500
389,44,Roads And Traffic Department FUNCTIONARY CODE: 44,504400980,2002440000,Division II - Roads Ch.E.(Rds) ...,...,5000
389,44,Roads And Traffic Department FUNCTIONARY CODE: 44,504400980,2003440000,Division III - Roads Ch.E.(Rds) ...,...,5000
389,44,Roads And Traffic Department FUNCTIONARY CODE: 44,504400013,1000440000,H.O. - Roads Ch.E.(Rds) 5000,5000,10000
389,44,Roads And Traffic Department FUNCTIONARY CODE: 44,504400013,4150440000,P/North Ward - Roads Ch.E.(Rds) 6000,6000,...
389,44,Roads And Traffic Department FUNCTIONARY CODE: 44,504400015,1000440000,H.O. - Roads 100,100,50
389,44,Roads And Traffic Department FUNCTIONARY CODE: 44,504400016,2001440000,Ch.E.(Rds) 100,100,50
389,44,Roads And Traffic Department FUNCTIONARY CODE: 44,504400019,1000440000,maintenance and management system Ch.E.(Rds) 100,100,50
389,44,Roads And Traffic Department FUNCTIONARY CODE: 44,504400483,1000440000,Removal of bottle neck in City & Suburbs Ch.E.(Rds) 100,100,50
389,44,Roads And Traffic Department FUNCTIONARY CODE: 44,504400488,1000440000,Ch.E.(Rds) 100,100,50
391,44,Roads And Traffic Department FUNCTIONARY CODE: 44,504400493,1000440000,100,100,50
391,44,Roads And Traffic Department FUNCTIONARY CODE: 44,504400672,1000440000,Ch.E.(Rds) 100,100,40000
391,44,Roads And Traffic Department FUNCTIONARY CODE: 44,504400873,2001440000,Division I - Roads 150000,150000,150000
391,44,Roads And Traffic Department FUNCTIONARY CODE: 44,504400708,1000440000,Making Space around Trees 100,100,50
391,44,Roads And Traffic Department FUNCTIONARY CODE: 44,504400883,2002440000,Renovation of Western Suburb Office 7500,7500,10000
391,44,Roads And Traffic Department FUNCTIONARY CODE: 44,504400884,2003440000,Renovation of Eastern Suburb Office 1000,1000,10000
391,44,Roads And Traffic Department FUNCTIONARY CODE: 44,504400925,2001440000,Division I - Roads 131273,131273,34000
391,44,Roads And Traffic Department FUNCTIONARY CODE: 44,504400925,2002440000,Division II - Roads 352786,352786,97104
391,44,Roads And Traffic Department FUNCTIONARY CODE: 44,504400925,2003440000,Division III - Roads 60000,60000,3400
391,44,Roads And Traffic Department FUNCTIONARY CODE: 44,504400926,4040440000,D Ward Ward 3023,3023,...
391,44,Roads And Traffic Department FUNCTIONARY CODE: 44,504400927,4010440000,A Ward Ward 2648,2648,...
391,44,Roads And Traffic Department FUNCTIONARY CODE: 44,504400927,4030440000,C Ward Ward 470,470,...
391,44,Roads And Traffic Department FUNCTIONARY CODE: 44,504400931,1000440000,100,100,100
393,44,Roads And Traffic Department FUNCTIONARY CODE: 44,504400951,1000440101,express Highway & Western express 1300000,1300000,1700000
393,44,Roads And Traffic Department FUNCTIONARY CODE: 44,504400971,1000440101,express Highway within BMC 420000,420000,680000
393,44,Roads And Traffic Department FUNCTIONARY CODE: 44,504400972,1000440101,Western Express Highway within BMC 550000,550000,4420000
393,44,Roads And Traffic Department FUNCTIONARY CODE: 44,504400973,1000440101,140000,140000,6800
393,44,Roads And Traffic Department FUNCTIONARY CODE: 44,504400974,1000440000,100,100,3000
393,44,Roads And Traffic Department FUNCTIONARY CODE: 44,504400975,4010440000,"Mukharji Chowk (Regal Cinema), Ballard ...",...,200000
393,44,Roads And Traffic Department FUNCTIONARY CODE: 44,504400976,4090440000,10000,10000,10000
393,44,Roads And Traffic Department FUNCTIONARY CODE: 44,504400977,4080440000,10000,10000,10000
393,44,Roads And Traffic Department FUNCTIONARY CODE: 44,504400979,1000440101,Inventory management for a period of 150000,150000,210000
395,44,Roads And Traffic Department FUNCTIONARY CODE: 44,504400021,2001440000,Division I - Roads Ch.E.(Rds) 2470000,2470000,680000
395,44,Roads And Traffic Department FUNCTIONARY CODE: 44,504400021,2002440000,Division II - Roads Ch.E.(Rds) 800000,800000,340000
395,44,Roads And Traffic Department FUNCTIONARY CODE: 44,504400021,2003440000,Division III - Roads Ch.E.(Rds) 1000000,1000000,340000
395,44,Roads And Traffic Department FUNCTIONARY CODE: 44,504400920,2001440000,Division I - Roads Ch.E.(Rds) 160000,160000,200000
395,44,Roads And Traffic Department FUNCTIONARY CODE: 44,504400920,2002440000,Division II - Roads Ch.E.(Rds) 11093811,11093811,6840000
395,44,Roads And Traffic Department FUNCTIONARY CODE: 44,504400920,2003440000,Division III - Roads Ch.E.(Rds) 2145000,2145000,3336000
395,44,Roads And Traffic Department FUNCTIONARY CODE: 44,504400957,2001440000,Division I - Roads Ch.E.(Rds) 2200000,2200000,5000000
395,44,Roads And Traffic Department FUNCTIONARY CODE: 44,504400957,2002440000,Division II - Roads Ch.E.(Rds) 12640000,12640000,15640000
395,44,Roads And Traffic Department FUNCTIONARY CODE: 44,504400957,2003440000,Division III - Roads Ch.E.(Rds) 1550000,1550000,3300000
397,44,Roads And Traffic Department FUNCTIONARY CODE: 44,504400978,2001440000,Division I - Roads Ch.E.(Rds) 10000,10000,68000
397,44,Roads And Traffic Department FUNCTIONARY CODE: 44,504400978,2002440000,Division II - Roads Ch.E.(Rds) 10000,10000,136000
397,44,Roads And Traffic Department FUNCTIONARY CODE: 44,504400978,2003440000,Division III - Roads Ch.E.(Rds) 10000,10000,40800
397,44,Roads And Traffic Department FUNCTIONARY CODE: 44,504400981,2001440000,Division I - Roads Ch.E.(Rds) ...,...,2000
397,44,Roads And Traffic Department FUNCTIONARY CODE: 44,504400981,2002440000,Division II - Roads Ch.E.(Rds) ...,...,2000
397,44,Roads And Traffic Department FUNCTIONARY CODE: 44,504400981,2003440000,Division III - Roads Ch.E.(Rds) ...,...,2000
397,44,Roads And Traffic Department FUNCTIONARY CODE: 44,504400022,2002440000,...,...,10000
397,44,Roads And Traffic Department FUNCTIONARY CODE: 44,504400982,1000440000,Provision for Walkable Footpath Ch.E.(Rds) ...,...,1000000
397,44,Roads And Traffic Department FUNCTIONARY CODE: 44,504400983,1000440101,Renovation of Road Planning Office Ch.E.(Rds) ...,...,13300
399,44,Roads And Traffic Department FUNCTIONARY CODE: 44,504400670,2001440000,Division -I 100,100,100
399,44,Roads And Traffic Department FUNCTIONARY CODE: 44,504400670,2002440000,Division -II 100,100,100
399,44,Roads And Traffic Department FUNCTIONARY CODE: 44,504400670,2003440000,Division -III 100,100,100
399,44,Roads And Traffic Department FUNCTIONARY CODE: 44,504400671,2001440000,Division -I 100,100,100
399,44,Roads And Traffic Department FUNCTIONARY CODE: 44,504400671,2002440000,Division -II 100,100,100
399,44,Roads And Traffic Department FUNCTIONARY CODE: 44,504400671,2003440000,Division -III 100,100,100
402,44,Roads And Traffic Department keÀe³e& keÀjCeejs Keeles : jmles DeeefCe Òe®eeueve Keeles,410600200,1000445001,100,100,
402,44,Roads And Traffic Department keÀe³e& keÀjCeejs Keeles : jmles DeeefCe Òe®eeueve Keeles,410700199,1000440000,Other Furniture & Fixture 100,100,
402,44,Roads And Traffic Department keÀe³e& keÀjCeejs Keeles : jmles DeeefCe Òe®eeueve Keeles,410600000,2001440000,Division - I - Roads ... 1500 efJeYeeie - SkeÀ - jmles,1500,
402,44,Roads And Traffic Department keÀe³e& keÀjCeejs Keeles : jmles DeeefCe Òe®eeueve Keeles,410600000,2002440000,Division - II - Roads ... 1500 efJeYeeie - oesve - jmles,1500,
402,44,Roads And Traffic Department keÀe³e& keÀjCeejs Keeles : jmles DeeefCe Òe®eeueve Keeles,410700000,1000445001,... 1000 JejUer JeenletkeÀ keÀe³ee&ue³e - jmles,1000,
402,44,Roads And Traffic Department keÀe³e& keÀjCeejs Keeles : jmles DeeefCe Òe®eeueve Keeles,410700000,2002440000,Division - II - Roads ... 500 efJeYeeie - oesve - jmles,500,
403,44,Roads And Traffic Department FUNCTIONARY CODE: 44,504400023,2001440000,Division I - Roads Ch.E.(Rds) 100,100,100
403,44,Roads And Traffic Department FUNCTIONARY CODE: 44,504400023,2002440000,Division II - Roads Ch.E.(Rds) 100,100,100
403,44,Roads And Traffic Department FUNCTIONARY CODE: 44,504400023,2003440000,Division III - Roads Ch.E.(Rds) 100,100,100
403,44,Roads And Traffic Department FUNCTIONARY CODE: 44,504400023,4010440000,A Ward Ward 5000,5000,...
403,44,Roads And Traffic Department FUNCTIONARY CODE: 44,504400023,4020440000,5000,5000,5000
403,44,Roads And Traffic Department FUNCTIONARY CODE: 44,504400023,4030440000,C Ward Ward 5000,5000,...
403,44,Roads And Traffic Department FUNCTIONARY CODE: 44,504400023,4040440000,D Ward Ward 5000,5000,...
403,44,Roads And Traffic Department FUNCTIONARY CODE: 44,504400023,4050440000,E Ward Ward 5000,5000,5000
403,44,Roads And Traffic Department FUNCTIONARY CODE: 44,504400023,4060440000,F/South Ward Ward 5000,5000,5000
403,44,Roads And Traffic Department FUNCTIONARY CODE: 44,504400023,4070440000,F/North Ward Ward 5000,5000,...
403,44,Roads And Traffic Department FUNCTIONARY CODE: 44,504400023,4080440000,G/South Ward Ward 5000,5000,5000
403,44,Roads And Traffic Department FUNCTIONARY CODE: 44,504400023,4090440000,G/North Ward Ward 5000,5000,5000
403,44,Roads And Traffic Department FUNCTIONARY CODE: 44,504400023,4100440000,H/East Ward Ward 5000,5000,...
403,44,Roads And Traffic Department FUNCTIONARY CODE: 44,504400023,4110440000,H/West Ward 5000,5000,...
403,44,Roads And Traffic Department FUNCTIONARY CODE: 44,504400023,4120440000,K/East Ward Ward 5000,5000,...
403,44,Roads And Traffic Department FUNCTIONARY CODE: 44,504400023,4130440000,K/West Ward Ward 5000,5000,...
403,44,Roads And Traffic Department FUNCTIONARY CODE: 44,504400023,4140440000,P/South Ward Ward 5000,5000,5000
403,44,Roads And Traffic Department FUNCTIONARY CODE: 44,504400023,4150440000,P/North Ward 5000,5000,...
403,44,Roads And Traffic Department FUNCTIONARY CODE: 44,504400023,4160440000,R/South Ward Ward 5000,5000,...
403,44,Roads And Traffic Department FUNCTIONARY CODE: 44,504400023,4170440000,R/North Ward Ward 5000,5000,...
403,44,Roads And Traffic Department FUNCTIONARY CODE: 44,504400023,4180440000,R/Central Ward Ward 5000,5000,...
403,44,Roads And Traffic Department FUNCTIONARY CODE: 44,504400023,4190440000,5000,5000,...
403,44,Roads And Traffic Department FUNCTIONARY CODE: 44,504400023,4200440000,M/E Ward Ward 5000,5000,5000
403,44,Roads And Traffic Department FUNCTIONARY CODE: 44,504400023,4210440000,M/W Ward Ward 5000,5000,...
403,44,Roads And Traffic Department FUNCTIONARY CODE: 44,504400023,4220440000,N Ward Ward 5000,5000,...
403,44,Roads And Traffic Department FUNCTIONARY CODE: 44,504400023,4230440000,5000,5000,...
403,44,Roads And Traffic Department FUNCTIONARY CODE: 44,504400023,4240440000,T Ward Ward 5000,5000,...
405,44,Roads And Traffic Department FUNCTIONARY CODE: 44,504400032,1000440000,Head Office 396863,396863,730000
405,44,Roads And Traffic Department FUNCTIONARY CODE: 44,504400032,2001440000,Division I - Roads 65000,65000,...
405,44,Roads And Traffic Department FUNCTIONARY CODE: 44,504400032,4030440000,C Ward 15000,15000,...
405,44,Roads And Traffic Department FUNCTIONARY CODE: 44,504400032,2002440000,Division II - Roads 150000,150000,100000
405,44,Roads And Traffic Department FUNCTIONARY CODE: 44,504400032,2003440000,Division III - Roads 100000,100000,...
405,44,Roads And Traffic Department FUNCTIONARY CODE: 44,504400188,1000440000,Ch.E.(Rds) 100,100,100
405,44,Roads And Traffic Department FUNCTIONARY CODE: 44,504400465,1000440000,Ch.E.(Rds) 100,100,10000
405,44,Roads And Traffic Department FUNCTIONARY CODE: 44,504400491,1000440000,Ch.E.(Rds) 50000,50000,80000
405,44,Roads And Traffic Department FUNCTIONARY CODE: 44,504400501,1000440000,Ch.E.(Rds) 100,100,45000
405,44,Roads And Traffic Department FUNCTIONARY CODE: 44,504400565,1000440000,Ch.E.(Rds) 30000,30000,70000
405,44,Roads And Traffic Department FUNCTIONARY CODE: 44,504400599,4050440000,E Ward 9100,9100,9100
405,44,Roads And Traffic Department FUNCTIONARY CODE: 44,504400903,1000440000,Mechanical Robotic parking Ch.E.(Rds) 500000,500000,2000000
405,44,Roads And Traffic Department FUNCTIONARY CODE: 44,504400929,4010440000,105500,105500,...
405,44,Roads And Traffic Department FUNCTIONARY CODE: 44,504400929,4030440000,C Ward Ward 1302,1302,...
405,44,Roads And Traffic Department FUNCTIONARY CODE: 44,504400930,4030440000,C Ward Ward,7397,
405,44,Roads And Traffic Department FUNCTIONARY CODE: 44,504400930,4040440000,,13650,
405,44,Roads And Traffic Department FUNCTIONARY CODE: 44,504400930,4160440000,R/South Ward Ward 6934,6934,...
407,44,Roads And Traffic Department FUNCTIONARY CODE: 44,504400954,1000440000,Conventional ANPR system at various Ch.E.(Rds) 100,100,5000
407,44,Roads And Traffic Department FUNCTIONARY CODE: 44,504400967,1000440000,& Commissioining of Push Button in Ch.E.(Rds) 100,100,20000
407,44,Roads And Traffic Department FUNCTIONARY CODE: 44,504400968,1000440000,Ch.E.(Rds) 100,100,20000
407,44,Roads And Traffic Department FUNCTIONARY CODE: 44,504400984,1000440000,Ch.E.(Rds) ...,...,50000
412,45,Bridges Department keÀe³e& keÀjCeejs Keeles : Hetue Keeles,410600000,2001450000,Division I - BRIDGES 100,100,
412,45,Bridges Department keÀe³e& keÀjCeejs Keeles : Hetue Keeles,410600000,2002450000,Division II - BRIDGES 100 100 efJeYeeie oesve - Hetue,100,
412,45,Bridges Department keÀe³e& keÀjCeejs Keeles : Hetue Keeles,410600000,2003450000,Division III - BRIDGES 100,100,
412,45,Bridges Department keÀe³e& keÀjCeejs Keeles : Hetue Keeles,410600200,2001450000,Division I - BRIDGES ... 3000 efJeYeeie SkeÀ - Hetue,3000,
412,45,Bridges Department keÀe³e& keÀjCeejs Keeles : Hetue Keeles,410600200,2002450000,Division II - BRIDGES ... 3500 efJeYeeie oesve - Hetue,3500,
412,45,Bridges Department keÀe³e& keÀjCeejs Keeles : Hetue Keeles,410600200,2003450000,Division III - BRIDGES ...,3500,
412,45,Bridges Department keÀe³e& keÀjCeejs Keeles : Hetue Keeles,410700000,2001450000,Division I - BRIDGES 100 100 efJeYeeie SkeÀ - Hetue,100,
412,45,Bridges Department keÀe³e& keÀjCeejs Keeles : Hetue Keeles,410700000,2002450000,Division II - BRIDGES 100 100 efJeYeeie oesve - Hetue,100,
412,45,Bridges Department keÀe³e& keÀjCeejs Keeles : Hetue Keeles,410700000,2003450000,Division III - BRIDGES 100,100,
413,45,Bridges Department FUNCTIONARY CODE : 45,504500001,2001450000,Division I - BRIDGES,1813600,1367100
413,45,Bridges Department FUNCTIONARY CODE : 45,504500001,2002450000,Division II - BRIDGES 4937100,4937100,4460500
413,45,Bridges Department FUNCTIONARY CODE : 45,504500001,2003450000,Division III - BRIDGES,1238100,472500
413,45,Bridges Department FUNCTIONARY CODE : 45,504500265,2001450000,Division I - BRIDGES,850000,905600
413,45,Bridges Department FUNCTIONARY CODE : 45,504500265,2002450000,Division II - BRIDGES,667900,1025300
415,45,Bridges Department FUNCTIONARY CODE : 45,504500265,2003450000,Division III - BRIDGES,834000,830000
415,45,Bridges Department FUNCTIONARY CODE : 45,504500267,2001450000,Division I - BRIDGES,950200,1974800
415,45,Bridges Department FUNCTIONARY CODE : 45,504500267,2002450000,Division II - BRIDGES 1645300,1645300,1803700
415,45,Bridges Department FUNCTIONARY CODE : 45,504500267,2003450000,Division III - BRIDGES,348500,334900
415,45,Bridges Department FUNCTIONARY CODE : 45,504500270,2001450000,Division I - BRIDGES,...,42900
417,45,Bridges Department FUNCTIONARY CODE : 45,504500270,2002450000,Division II - BRIDGES,53000,197000
417,45,Bridges Department FUNCTIONARY CODE : 45,504500270,2003450000,Division III - BRIDGES,770000,5130000
417,45,Bridges Department FUNCTIONARY CODE : 45,504500274,2002450000,Division II - BRIDGES,...,25000
417,45,Bridges Department FUNCTIONARY CODE : 45,504500274,2003450000,Division III - BRIDGES,...,27400
417,45,Bridges Department FUNCTIONARY CODE : 45,504500002,2001450000,Division I - BRIDGES 60000,60000,200000
417,45,Bridges Department FUNCTIONARY CODE : 45,504500002,2002450000,Division II - BRIDGES 300000,300000,300000
417,45,Bridges Department FUNCTIONARY CODE : 45,504500002,2003450000,Division III - BRIDGES 160000,160000,100000
419,45,Bridges Department FUNCTIONARY CODE : 45,504500003,2001450000,Division I - BRIDGES 134000,134000,300000
419,45,Bridges Department FUNCTIONARY CODE : 45,504500003,2002450000,Division II - BRIDGES 100000,100000,50000
419,45,Bridges Department FUNCTIONARY CODE : 45,504500003,2003450000,Division III - BRIDGES 384600,384600,169800
419,45,Bridges Department FUNCTIONARY CODE : 45,504500260,1000450000,,1070000,1500000
419,45,Bridges Department FUNCTIONARY CODE : 45,504500017,2002450000,100,100,29000
419,45,Bridges Department FUNCTIONARY CODE : 45,504500033,2003450000,200,200,200
419,45,Bridges Department FUNCTIONARY CODE : 45,504500044,2002450000,5000,5000,1000
419,45,Bridges Department FUNCTIONARY CODE : 45,504500045,2002450000,100,100,...
421,45,Bridges Department FUNCTIONARY CODE : 45,504500130,2002450000,100,100,300
421,45,Bridges Department FUNCTIONARY CODE : 45,504500159,2002450000,100,100,10000
421,45,Bridges Department FUNCTIONARY CODE : 45,504500229,1000450000,100,100,...
421,45,Bridges Department FUNCTIONARY CODE : 45,504500230,1000450000,Senapati Bapat Marg and Western Exprss 100,100,100
421,45,Bridges Department FUNCTIONARY CODE : 45,504500238,1000450000,Fixing escalator at Santacruze Skywalk 100,100,100
421,45,Bridges Department FUNCTIONARY CODE : 45,504500246,1000450000,100,100,100
421,45,Bridges Department FUNCTIONARY CODE : 45,504500268,1000450000,20000,20000,20000
421,45,Bridges Department FUNCTIONARY CODE : 45,504500271,2002450000,Bhayandar Link Road 100,100,100
421,45,Bridges Department FUNCTIONARY CODE : 45,504500273,1000450000,the works of Mumbai Urban Transport 1500000,1500000,1500000
423,45,Bridges Department FUNCTIONARY CODE : 45,504500225,1000450000,Proposed Goregaon-Mulund Link Road 9375800,9375800,17833200
423,45,Bridges Department FUNCTIONARY CODE : 45,504500225,1000450000,1324200,1324200,1754100
423,45,Bridges Department FUNCTIONARY CODE : 45,504500272,2002450000,"Versova to Dahisar 6 packages (A,B,C,D,E 27000000",27000000,40000000
425,45,BRIDGES DEPARTMENT FUNCTIONARY CODE :45,504500051,1000450000,5000,5000,10000
429,46,MUNICIPAL PRINTING PRESS FUNCTIONARY CODE : 46,410400000,1000460000,Plant & Machinery M.M.P 35000,35000,40000
429,46,MUNICIPAL PRINTING PRESS FUNCTIONARY CODE : 46,410600000,1000460000,Office & Other Equipments M.M.P 1000,1000,1000
429,46,MUNICIPAL PRINTING PRESS FUNCTIONARY CODE : 46,410600702,1000460000,CCTV M.M.P 2000,2000,...
429,46,MUNICIPAL PRINTING PRESS FUNCTIONARY CODE : 46,410600802,1000460000,Fire Fighting & Rescue Equipments M.M.P ...,...,10000
429,46,MUNICIPAL PRINTING PRESS FUNCTIONARY CODE : 46,410700000,1000460000,"Furniture, Fixture, Fitting & Electrical M.M.P 1500",1500,1500
434,46,Chief Engineer Environment and Climate change Department,410400100,1000940000,(H.V.S) and U.V. ...,,2400
434,46,Chief Engineer Environment and Climate change Department,410400101,1000940000,... 390000 ye@ìjer Òe®eueerle mekeÌMeve meb³eb$e,,390000
434,46,Chief Engineer Environment and Climate change Department,410600000,1000940000,... 100 keÀe³ee&ue³e DeeefCe Flej meeOevemeecegûeer,,100
434,46,Chief Engineer Environment and Climate change Department,410600200,1000940000,"... 150 mebieCekeÀ, efÒebìj DeeefCe HesefjHesÀjume",,150
434,46,Chief Engineer Environment and Climate change Department,410700000,1000940000,...,,500
434,46,Chief Engineer Environment and Climate change Department,410800510,1000940000,Porta Cabin ... 1300 Heesìe& kesÀefyevme,,1300
435,46,Chief Engineer Environment and Climate change Department,509400001,1000940000,Env & CC 270000 ...,...,130000
435,46,Chief Engineer Environment and Climate change Department,509400002,1000940000,Env & CC 50000 ...,...,30000
435,46,Chief Engineer Environment and Climate change Department,509400003,1000940000,Commissioning of Continues Ambient Air Env & CC 420000 ...,...,70000
435,46,Chief Engineer Environment and Climate change Department,509400004,1000940000,10000 ...,...,100
435,46,Chief Engineer Environment and Climate change Department,509400005,1000940000,Env & CC 5000 ...,...,10
435,46,Chief Engineer Environment and Climate change Department,509400006,1000940000,Env & CC 250000 ...,...,250000
435,46,Chief Engineer Environment and Climate change Department,509400007,1000940000,Env & CC 1000 ...,...,1000
435,46,Chief Engineer Environment and Climate change Department,509400008,1000940000,Env & CC 175000 ...,...,10000
435,46,Chief Engineer Environment and Climate change Department,509400009,1000940000,Decision Support System for Air Pollution in Env & CC 58610 ...,...,27410
435,46,Chief Engineer Environment and Climate change Department,509400010,1000940000,Env & CC 142000 ...,...,53500
437,46,Chief Engineer Environment and Climate change Department,509400011,1000940000,Eateries/Bakeries/Crematoria or any other Env & CC 3300 ...,...,3300
437,46,Chief Engineer Environment and Climate change Department,509400012,1000940000,Various measures for Road Dust Supression Env & CC 40000 ...,...,10000
437,46,Chief Engineer Environment and Climate change Department,509400013,1000940000,Env & CC 10000 ...,...,5000
437,46,Chief Engineer Environment and Climate change Department,509400014,1000940000,Env & CC 25000 ...,...,1000
437,46,Chief Engineer Environment and Climate change Department,509400015,1000940000,Env & CC 50000 ...,...,30000
437,46,Chief Engineer Environment and Climate change Department,509400016,1000940000,electric / solar / PNG / other system in Env & CC 35100 ...,...,10000
437,46,Chief Engineer Environment and Climate change Department,509400017,1000940000,Env & CC 500000 ...,...,50000
437,46,Chief Engineer Environment and Climate change Department,509400018,1000940000,Demolition (C&D) waste manifest system for Env & CC 10000 ...,...,10000
437,46,Chief Engineer Environment and Climate change Department,509400019,1000940000,Env & CC ...,...,500
437,46,Chief Engineer Environment and Climate change Department,509400020,1000940000,Env & CC 20000 ...,...,10000
437,46,Chief Engineer Environment and Climate change Department,509400021,1000940000,Env & CC ...,...,500
439,46,Chief Engineer Environment and Climate change Department,509400022,1000940000,Env & CC 18000 ...,...,5000
439,46,Chief Engineer Environment and Climate change Department,509400023,1000940000,Greening/Urban Forest to reduce urban heat Env & CC 100000 ...,...,10000
439,46,Chief Engineer Environment and Climate change Department,509400024,1000940000,Env & CC 50000 ...,...,20000
