pdf_page,functionary_code,functionary_name,gl_code,cost_centre,work_name,revised_est,budget_est
7,10,Municipal Secretary keÀe³e& keÀjCeejs Keeles : ceneveiejHeeefuekeÀe meef®eJe,410600200,1000100000,HO - M.S. MS 50 50 cegK³eeue³e-ce.ve.Hee.meef®eJe,50,
7,10,Municipal Secretary keÀe³e& keÀjCeejs Keeles : ceneveiejHeeefuekeÀe meef®eJe,410600320,1000100000,HO - M.S. MS 300 300 cegK³eeue³e-ce.ve.Hee.meef®eJe,300,
7,10,Municipal Secretary keÀe³e& keÀjCeejs Keeles : ceneveiejHeeefuekeÀe meef®eJe,410600610,1000100000,HO - M.S. MS 100 100 cegK³eeue³e-ce.ve.Hee.meef®eJe,100,
7,10,Municipal Secretary keÀe³e& keÀjCeejs Keeles : ceneveiejHeeefuekeÀe meef®eJe,410600950,1000100000,HO - M.S. MS 25 25 cegK³eeue³e-ce.ve.Hee.meef®eJe,25,
7,10,Municipal Secretary keÀe³e& keÀjCeejs Keeles : ceneveiejHeeefuekeÀe meef®eJe,410700102,1000100000,HO - M.S. MS ... 100 cegK³eeue³e-ce.ve.Hee.meef®eJe,100,
7,10,Municipal Secretary keÀe³e& keÀjCeejs Keeles : ceneveiejHeeefuekeÀe meef®eJe,410700103,1000100000,HO - M.S. MS ...,100,
7,10,Municipal Secretary keÀe³e& keÀjCeejs Keeles : ceneveiejHeeefuekeÀe meef®eJe,410700104,1000100000,HO - M.S. MS 50 cegK³eeue³e-ce.ve.Hee.meef®eJe,50,
7,10,Municipal Secretary keÀe³e& keÀjCeejs Keeles : ceneveiejHeeefuekeÀe meef®eJe,410700201,1000100000,HO - M.S. MS 50 cegK³eeue³e-ce.ve.Hee.meef®eJe,50,
8,10,Municipal Secretary keÀe³e& keÀjCeejs Keeles : ceneveiejHeeefuekeÀe meef®eJe,410600300,1000100000,HO - M.S. MS 300,300,
8,10,Municipal Secretary keÀe³e& keÀjCeejs Keeles : ceneveiejHeeefuekeÀe meef®eJe,410600950,1000100000,HO - M.S. MS 25 cegK³eeue³e-ce.ve.Hee.meef®eJe,25,
8,10,Municipal Secretary keÀe³e& keÀjCeejs Keeles : ceneveiejHeeefuekeÀe meef®eJe,410700102,1000100000,HO - M.S. MS ... 25 cegK³eeue³e-ce.ve.Hee.meef®eJe,25,
8,10,Municipal Secretary keÀe³e& keÀjCeejs Keeles : ceneveiejHeeefuekeÀe meef®eJe,410700103,1000100000,HO - M.S. MS ...,25,
8,10,Municipal Secretary keÀe³e& keÀjCeejs Keeles : ceneveiejHeeefuekeÀe meef®eJe,410700104,1000100000,HO - M.S. MS ... 25 cegK³eeue³e-ce.ve.Hee.meef®eJe,25,
8,10,Municipal Secretary keÀe³e& keÀjCeejs Keeles : ceneveiejHeeefuekeÀe meef®eJe,410700201,1000100000,HO - M.S. MS ... 25 cegK³eeue³e-ce.ve.Hee.meef®eJe,25,
9,10,Municipal Secretary keÀe³e& keÀjCeejs Keeles : ceneveiejHeeefuekeÀe meef®eJe,410600950,1000100000,HO - M.S. MS ...,25,
9,10,Municipal Secretary keÀe³e& keÀjCeejs Keeles : ceneveiejHeeefuekeÀe meef®eJe,410700102,1000100000,HO - M.S. MS ...,25,
9,10,Municipal Secretary keÀe³e& keÀjCeejs Keeles : ceneveiejHeeefuekeÀe meef®eJe,410700103,1000100000,HO - M.S. MS ...,25,
9,10,Municipal Secretary keÀe³e& keÀjCeejs Keeles : ceneveiejHeeefuekeÀe meef®eJe,410700104,1000100000,HO - M.S. MS 25 cegK³eeue³e-ce.ve.Hee.meef®eJe,25,
9,10,Municipal Secretary keÀe³e& keÀjCeejs Keeles : ceneveiejHeeefuekeÀe meef®eJe,410700201,1000100000,HO - M.S. MS ... 25 cegK³eeue³e-ce.ve.Hee.meef®eJe,25,
10,10,Municipal Secretary keÀe³e& keÀjCeejs Keeles : ceneveiejHeeefuekeÀe meef®eJe,410600950,1000100000,HO - M.S. MS ...,25,
10,10,Municipal Secretary keÀe³e& keÀjCeejs Keeles : ceneveiejHeeefuekeÀe meef®eJe,410700102,1000100000,HO - M.S. MS ... 25 cegK³eeue³e-ce.ve.Hee.meef®eJe,25,
10,10,Municipal Secretary keÀe³e& keÀjCeejs Keeles : ceneveiejHeeefuekeÀe meef®eJe,410700103,1000100000,HO - M.S. MS ...,25,
10,10,Municipal Secretary keÀe³e& keÀjCeejs Keeles : ceneveiejHeeefuekeÀe meef®eJe,410700104,1000100000,HO - M.S. MS ...,25,
10,10,Municipal Secretary keÀe³e& keÀjCeejs Keeles : ceneveiejHeeefuekeÀe meef®eJe,410700201,1000100000,HO - M.S. MS ... 25 cegK³eeue³e-ce.ve.Hee.meef®eJe,25,
11,10,Municipal Secretary keÀe³e& keÀjCeejs Keeles : ceneveiejHeeefuekeÀe meef®eJe,410600950,1000100000,HO - M.S. MS ... 50 cegK³eeue³e-ce.ve.Hee.meef®eJe,50,
11,10,Municipal Secretary keÀe³e& keÀjCeejs Keeles : ceneveiejHeeefuekeÀe meef®eJe,410700102,1000100000,HO - M.S. MS ...,50,
11,10,Municipal Secretary keÀe³e& keÀjCeejs Keeles : ceneveiejHeeefuekeÀe meef®eJe,410700103,1000100000,HO - M.S. MS ... 50 cegK³eeue³e-ce.ve.Hee.meef®eJe,50,
11,10,Municipal Secretary keÀe³e& keÀjCeejs Keeles : ceneveiejHeeefuekeÀe meef®eJe,410700104,1000100000,HO - M.S. MS 50 cegK³eeue³e-ce.ve.Hee.meef®eJe,50,
11,10,Municipal Secretary keÀe³e& keÀjCeejs Keeles : ceneveiejHeeefuekeÀe meef®eJe,410700201,1000100000,HO - M.S. MS ...,25,
12,10,Municipal Secretary keÀe³e& keÀjCeejs Keeles : ceneveiejHeeefuekeÀe meef®eJe,410600950,1000100000,HO - M.S. MS ...,100,
12,10,Municipal Secretary keÀe³e& keÀjCeejs Keeles : ceneveiejHeeefuekeÀe meef®eJe,410700102,1000100000,HO - M.S. MS ...,100,
12,10,Municipal Secretary keÀe³e& keÀjCeejs Keeles : ceneveiejHeeefuekeÀe meef®eJe,410700103,1000100000,HO - M.S. MS ...,100,
12,10,Municipal Secretary keÀe³e& keÀjCeejs Keeles : ceneveiejHeeefuekeÀe meef®eJe,410700104,1000100000,HO - M.S. MS 100 cegK³eeue³e-ce.ve.Hee.meef®eJe,100,
12,10,Municipal Secretary keÀe³e& keÀjCeejs Keeles : ceneveiejHeeefuekeÀe meef®eJe,410700201,1000100000,HO - M.S. MS ... 25 cegK³eeue³e-ce.ve.Hee.meef®eJe,25,
13,10,Municipal Secretary keÀe³e& keÀjCeejs Keeles : ceneveiejHeeefuekeÀe meef®eJe,410600950,4050100000,"A, B & E W.C.- M.S. MS ...",10,
13,10,Municipal Secretary keÀe³e& keÀjCeejs Keeles : ceneveiejHeeefuekeÀe meef®eJe,410600950,4040100000,C & D W.C.- M.S. MS ... 10 meerr DeeefCe [er Òe.meefceleer-ce.me.,10,
13,10,Municipal Secretary keÀe³e& keÀjCeejs Keeles : ceneveiejHeeefuekeÀe meef®eJe,410600950,4060100000,MS ...,10,
13,10,Municipal Secretary keÀe³e& keÀjCeejs Keeles : ceneveiejHeeefuekeÀe meef®eJe,410600950,4080100000,G/South W.C.- M.S. MS ... 10 peer /oef#eCe Òe.meefceleer - ce.me.,10,
13,10,Municipal Secretary keÀe³e& keÀjCeejs Keeles : ceneveiejHeeefuekeÀe meef®eJe,410600950,4090100000,G/North W.C.- M.S. MS ... 10 peer /Gllej Òe.meefceleer - ce.me.,10,
13,10,Municipal Secretary keÀe³e& keÀjCeejs Keeles : ceneveiejHeeefuekeÀe meef®eJe,410600950,4110100000,MS ...,10,
13,10,Municipal Secretary keÀe³e& keÀjCeejs Keeles : ceneveiejHeeefuekeÀe meef®eJe,410600950,4120100000,K/East W.C.- M.S. MS ... 10 kesÀ/HetJe& Òe.meefceleer - ce.me.,10,
13,10,Municipal Secretary keÀe³e& keÀjCeejs Keeles : ceneveiejHeeefuekeÀe meef®eJe,410600950,4130100000,K/West W.C.- M.S. MS ...,10,
13,10,Municipal Secretary keÀe³e& keÀjCeejs Keeles : ceneveiejHeeefuekeÀe meef®eJe,410600950,4140100000,P/South W.C.- M.S. MS ... 10 Heer/oef#eCe Òe.meefceleer - ce.me.,10,
13,10,Municipal Secretary keÀe³e& keÀjCeejs Keeles : ceneveiejHeeefuekeÀe meef®eJe,410600950,4150100000,P/North W.C.- M.S. MS 10 Heer/Gllej Òe.meefceleer - ce.me.,10,
13,10,Municipal Secretary keÀe³e& keÀjCeejs Keeles : ceneveiejHeeefuekeÀe meef®eJe,410600950,4160100000,R/South W.C.- M.S. MS ...,10,
13,10,Municipal Secretary keÀe³e& keÀjCeejs Keeles : ceneveiejHeeefuekeÀe meef®eJe,410600950,4180100000,MS ...,10,
13,10,Municipal Secretary keÀe³e& keÀjCeejs Keeles : ceneveiejHeeefuekeÀe meef®eJe,410600950,4190100000,L W.C.- M.S. MS ...,10,
13,10,Municipal Secretary keÀe³e& keÀjCeejs Keeles : ceneveiejHeeefuekeÀe meef®eJe,410600950,4200100000,M/E W.C.- M.S. MS ... 10 Sce/HetJe& Òe.meefceleer-ce.me.,10,
13,10,Municipal Secretary keÀe³e& keÀjCeejs Keeles : ceneveiejHeeefuekeÀe meef®eJe,410600950,4210100000,M/W W.C.- M.S. MS ...,10,
13,10,Municipal Secretary keÀe³e& keÀjCeejs Keeles : ceneveiejHeeefuekeÀe meef®eJe,410600950,4220100000,N W.C.- M.S. MS ...,10,
13,10,Municipal Secretary keÀe³e& keÀjCeejs Keeles : ceneveiejHeeefuekeÀe meef®eJe,410600950,4240100000,S & T W.C.- M.S. MS ... 10 Sme DeeefCe ìer Òe.meefceleer-ce.me.,10,
14,10,Municipal Secretary keÀe³e& keÀjCeejs Keeles : ceneveiejHeeefuekeÀe meef®eJe,410700102,4050100000,"A, B & E W.C.- M.S. MS ...",...,10
14,10,Municipal Secretary keÀe³e& keÀjCeejs Keeles : ceneveiejHeeefuekeÀe meef®eJe,410700102,4040100000,C & D W.C.- M.S. MS ... 10 meerr DeeefCe [er Òe.meefceleer-ce.me.,...,10
14,10,Municipal Secretary keÀe³e& keÀjCeejs Keeles : ceneveiejHeeefuekeÀe meef®eJe,410700102,4060100000,MS ...,...,10
14,10,Municipal Secretary keÀe³e& keÀjCeejs Keeles : ceneveiejHeeefuekeÀe meef®eJe,410700102,4080100000,G/South W.C.- M.S. MS ...,...,10
14,10,Municipal Secretary keÀe³e& keÀjCeejs Keeles : ceneveiejHeeefuekeÀe meef®eJe,410700102,4090100000,G/North W.C.- M.S. MS ... 10 peer /Gllej Òe.meefceleer - ce.me.,...,10
14,10,Municipal Secretary keÀe³e& keÀjCeejs Keeles : ceneveiejHeeefuekeÀe meef®eJe,410700102,4110100000,MS ...,...,10
14,10,Municipal Secretary keÀe³e& keÀjCeejs Keeles : ceneveiejHeeefuekeÀe meef®eJe,410700102,4120100000,K/East W.C.- M.S. MS ...,...,10
14,10,Municipal Secretary keÀe³e& keÀjCeejs Keeles : ceneveiejHeeefuekeÀe meef®eJe,410700102,4130100000,K/West W.C.- M.S. MS ... 10 kesÀ/Heefµ®ece Òe.meefceleer - ce.me.,...,10
14,10,Municipal Secretary keÀe³e& keÀjCeejs Keeles : ceneveiejHeeefuekeÀe meef®eJe,410700102,4140100000,P/South W.C.- M.S. MS 10 Heer/oef#eCe Òe.meefceleer - ce.me.,,10
14,10,Municipal Secretary keÀe³e& keÀjCeejs Keeles : ceneveiejHeeefuekeÀe meef®eJe,410700102,4150100000,P/North W.C.- M.S. MS ...,...,10
14,10,Municipal Secretary keÀe³e& keÀjCeejs Keeles : ceneveiejHeeefuekeÀe meef®eJe,410700102,4160100000,R/South W.C.- M.S. MS ... 10 Deej/oef#eCe Òe.meefceleer - ce.me.,...,10
14,10,Municipal Secretary keÀe³e& keÀjCeejs Keeles : ceneveiejHeeefuekeÀe meef®eJe,410700102,4180100000,MS ...,...,10
14,10,Municipal Secretary keÀe³e& keÀjCeejs Keeles : ceneveiejHeeefuekeÀe meef®eJe,410700102,4190100000,L W.C.- M.S. MS ...,...,10
14,10,Municipal Secretary keÀe³e& keÀjCeejs Keeles : ceneveiejHeeefuekeÀe meef®eJe,410700102,4200100000,M/E W.C.- M.S. MS ... 10 Sce/HetJe& Òe.meefceleer-ce.me.,...,10
14,10,Municipal Secretary keÀe³e& keÀjCeejs Keeles : ceneveiejHeeefuekeÀe meef®eJe,410700102,4210100000,M/W W.C.- M.S. MS ... 10 Sce/Heefµ®ece Òe.meefceleer-ce.me.,...,10
14,10,Municipal Secretary keÀe³e& keÀjCeejs Keeles : ceneveiejHeeefuekeÀe meef®eJe,410700102,4220100000,N W.C.- M.S. MS ...,...,10
14,10,Municipal Secretary keÀe³e& keÀjCeejs Keeles : ceneveiejHeeefuekeÀe meef®eJe,410700102,4240100000,S & T W.C.- M.S. MS ...,...,10
14,10,Municipal Secretary keÀe³e& keÀjCeejs Keeles : ceneveiejHeeefuekeÀe meef®eJe,410700103,4050100000,"A, B & E W.C.- M.S. MS ...",...,25
14,10,Municipal Secretary keÀe³e& keÀjCeejs Keeles : ceneveiejHeeefuekeÀe meef®eJe,410700103,4040100000,C & D W.C.- M.S. MS 25 meerr DeeefCe [er Òe.meefceleer - ce.me.,,25
14,10,Municipal Secretary keÀe³e& keÀjCeejs Keeles : ceneveiejHeeefuekeÀe meef®eJe,410700103,4060100000,MS ...,...,25
14,10,Municipal Secretary keÀe³e& keÀjCeejs Keeles : ceneveiejHeeefuekeÀe meef®eJe,410700103,4080100000,G/South W.C.- M.S. MS ... 25 peer /oef#eCe Òe.meefceleer - ce.me.,...,25
14,10,Municipal Secretary keÀe³e& keÀjCeejs Keeles : ceneveiejHeeefuekeÀe meef®eJe,410700103,4090100000,G/North W.C.- M.S. MS ...,...,25
14,10,Municipal Secretary keÀe³e& keÀjCeejs Keeles : ceneveiejHeeefuekeÀe meef®eJe,410700103,4110100000,MS ...,...,25
14,10,Municipal Secretary keÀe³e& keÀjCeejs Keeles : ceneveiejHeeefuekeÀe meef®eJe,410700103,4120100000,K/East W.C.- M.S. MS ...,...,25
14,10,Municipal Secretary keÀe³e& keÀjCeejs Keeles : ceneveiejHeeefuekeÀe meef®eJe,410700103,4130100000,K/West W.C.- M.S. MS ... 25 kesÀ/Heefµ®ece Òe.meefceleer - ce.me.,...,25
15,10,Municipal Secretary keÀe³e& keÀjCeejs Keeles : ceneveiejHeeefuekeÀe meef®eJe,410700103,4140100000,P/South W.C.- M.S. MS ... 25 Heer/oef#eCe Òe.meefceleer - ce.me.,...,25
15,10,Municipal Secretary keÀe³e& keÀjCeejs Keeles : ceneveiejHeeefuekeÀe meef®eJe,410700103,4150100000,P/North W.C.- M.S. MS ...,...,25
15,10,Municipal Secretary keÀe³e& keÀjCeejs Keeles : ceneveiejHeeefuekeÀe meef®eJe,410700103,4160100000,R/South W.C.- M.S. MS ... 25 Deej/oef#eCe Òe.meefceleer - ce.me.,...,25
15,10,Municipal Secretary keÀe³e& keÀjCeejs Keeles : ceneveiejHeeefuekeÀe meef®eJe,410700103,4180100000,MS ...,...,25
15,10,Municipal Secretary keÀe³e& keÀjCeejs Keeles : ceneveiejHeeefuekeÀe meef®eJe,410700103,4190100000,L W.C.- M.S. MS ... 25 S} Òe.meefceleer - ce.me.,...,25
15,10,Municipal Secretary keÀe³e& keÀjCeejs Keeles : ceneveiejHeeefuekeÀe meef®eJe,410700103,4200100000,M/E W.C.- M.S. MS ...,...,25
15,10,Municipal Secretary keÀe³e& keÀjCeejs Keeles : ceneveiejHeeefuekeÀe meef®eJe,410700103,4210100000,M/W W.C.- M.S. MS ... 25 Sce/Heefµ®ece Òe.meefceleer-ce.me.,...,25
15,10,Municipal Secretary keÀe³e& keÀjCeejs Keeles : ceneveiejHeeefuekeÀe meef®eJe,410700103,4220100000,N W.C.- M.S. MS ...,...,25
15,10,Municipal Secretary keÀe³e& keÀjCeejs Keeles : ceneveiejHeeefuekeÀe meef®eJe,410700103,4240100000,S & T W.C.- M.S. MS ... 25 Sme DeeefCe ìer Òe.meefceleer-ce.me.,...,25
15,10,Municipal Secretary keÀe³e& keÀjCeejs Keeles : ceneveiejHeeefuekeÀe meef®eJe,410700104,4050100000,"A, B & E W.C.- M.S. MS ...",...,25
15,10,Municipal Secretary keÀe³e& keÀjCeejs Keeles : ceneveiejHeeefuekeÀe meef®eJe,410700104,4040100000,C & D W.C.- M.S. MS 25 meerr DeeefCe [er Òe.meefceleer - ce.me.,,25
15,10,Municipal Secretary keÀe³e& keÀjCeejs Keeles : ceneveiejHeeefuekeÀe meef®eJe,410700104,4060100000,MS ...,...,25
15,10,Municipal Secretary keÀe³e& keÀjCeejs Keeles : ceneveiejHeeefuekeÀe meef®eJe,410700104,4080100000,G/South W.C.- M.S. MS ... 25 peer /oef#eCe Òe.meefceleer - ce.me.,...,25
15,10,Municipal Secretary keÀe³e& keÀjCeejs Keeles : ceneveiejHeeefuekeÀe meef®eJe,410700104,4090100000,G/North W.C.- M.S. MS ...,...,25
15,10,Municipal Secretary keÀe³e& keÀjCeejs Keeles : ceneveiejHeeefuekeÀe meef®eJe,410700104,4110100000,MS ...,...,25
15,10,Municipal Secretary keÀe³e& keÀjCeejs Keeles : ceneveiejHeeefuekeÀe meef®eJe,410700104,4120100000,K/East W.C.- M.S. MS ... 25 kesÀ/HetJe& Òe.meefceleer - ce.me.,...,25
15,10,Municipal Secretary keÀe³e& keÀjCeejs Keeles : ceneveiejHeeefuekeÀe meef®eJe,410700104,4130100000,K/West W.C.- M.S. MS ... 25 kesÀ/Heefµ®ece Òe.meefceleer - ce.me.,...,25
15,10,Municipal Secretary keÀe³e& keÀjCeejs Keeles : ceneveiejHeeefuekeÀe meef®eJe,410700104,4140100000,P/South W.C.- M.S. MS ...,...,25
15,10,Municipal Secretary keÀe³e& keÀjCeejs Keeles : ceneveiejHeeefuekeÀe meef®eJe,410700104,4150100000,P/North W.C.- M.S. MS ... 25 Heer/Gllej Òe.meefceleer - ce.me.,...,25
15,10,Municipal Secretary keÀe³e& keÀjCeejs Keeles : ceneveiejHeeefuekeÀe meef®eJe,410700104,4160100000,R/South W.C.- M.S. MS ... 25 Deej/oef#eCe Òe.meefceleer - ce.me.,...,25
15,10,Municipal Secretary keÀe³e& keÀjCeejs Keeles : ceneveiejHeeefuekeÀe meef®eJe,410700104,4180100000,MS ...,...,25
15,10,Municipal Secretary keÀe³e& keÀjCeejs Keeles : ceneveiejHeeefuekeÀe meef®eJe,410700104,4190100000,L W.C.- M.S. MS ... 25 S} Òe.meefceleer - ce.me.,...,25
15,10,Municipal Secretary keÀe³e& keÀjCeejs Keeles : ceneveiejHeeefuekeÀe meef®eJe,410700104,4200100000,M/E W.C.- M.S. MS ... 25 Sce/HetJe& Òe.meefceleer-ce.me.,...,25
15,10,Municipal Secretary keÀe³e& keÀjCeejs Keeles : ceneveiejHeeefuekeÀe meef®eJe,410700104,4210100000,M/W W.C.- M.S. MS ...,...,25
15,10,Municipal Secretary keÀe³e& keÀjCeejs Keeles : ceneveiejHeeefuekeÀe meef®eJe,410700104,4220100000,N W.C.- M.S. MS ...,...,25
15,10,Municipal Secretary keÀe³e& keÀjCeejs Keeles : ceneveiejHeeefuekeÀe meef®eJe,410700104,4240100000,S & T W.C.- M.S. MS ... 25 Sme DeeefCe ìer Òe.meefceleer-ce.me.,...,25
16,10,Municipal Secretary keÀe³e& keÀjCeejs Keeles : ceneveiejHeeefuekeÀe meef®eJe,410700201,4050100000,"A, B & E W.C.- M.S. MS ... 10 S,yeer DeeefCe F Òe.meefceleer-ce.me.",...,10
16,10,Municipal Secretary keÀe³e& keÀjCeejs Keeles : ceneveiejHeeefuekeÀe meef®eJe,410700201,4040100000,C & D W.C.- M.S. MS ... 10 meerr DeeefCe [er Òe.meefceleer - ce.me.,...,10
16,10,Municipal Secretary keÀe³e& keÀjCeejs Keeles : ceneveiejHeeefuekeÀe meef®eJe,410700201,4060100000,MS ...,...,10
16,10,Municipal Secretary keÀe³e& keÀjCeejs Keeles : ceneveiejHeeefuekeÀe meef®eJe,410700201,4080100000,G/South W.C.- M.S. MS 10 peer /oef#eCe Òe.meefceleer - ce.me.,,10
16,10,Municipal Secretary keÀe³e& keÀjCeejs Keeles : ceneveiejHeeefuekeÀe meef®eJe,410700201,4090100000,G/North W.C.- M.S. MS ...,...,10
16,10,Municipal Secretary keÀe³e& keÀjCeejs Keeles : ceneveiejHeeefuekeÀe meef®eJe,410700201,4110100000,MS ...,...,10
16,10,Municipal Secretary keÀe³e& keÀjCeejs Keeles : ceneveiejHeeefuekeÀe meef®eJe,410700201,4120100000,K/East W.C.- M.S. MS ...,...,10
16,10,Municipal Secretary keÀe³e& keÀjCeejs Keeles : ceneveiejHeeefuekeÀe meef®eJe,410700201,4130100000,K/West W.C.- M.S. MS ...,...,10
16,10,Municipal Secretary keÀe³e& keÀjCeejs Keeles : ceneveiejHeeefuekeÀe meef®eJe,410700201,4140100000,P/South W.C.- M.S. MS ...,...,10
16,10,Municipal Secretary keÀe³e& keÀjCeejs Keeles : ceneveiejHeeefuekeÀe meef®eJe,410700201,4150100000,P/North W.C.- M.S. MS ... 10 Heer/Gllej Òe.meefceleer - ce.me.,...,10
16,10,Municipal Secretary keÀe³e& keÀjCeejs Keeles : ceneveiejHeeefuekeÀe meef®eJe,410700201,4160100000,R/South W.C.- M.S. MS ... 10 Deej/oef#eCe Òe.meefceleer - ce.me.,...,10
16,10,Municipal Secretary keÀe³e& keÀjCeejs Keeles : ceneveiejHeeefuekeÀe meef®eJe,410700201,4180100000,MS ...,...,10
16,10,Municipal Secretary keÀe³e& keÀjCeejs Keeles : ceneveiejHeeefuekeÀe meef®eJe,410700201,4190100000,L W.C.- M.S. MS ... 10 S} Òe.meefceleer - ce.me.,...,10
16,10,Municipal Secretary keÀe³e& keÀjCeejs Keeles : ceneveiejHeeefuekeÀe meef®eJe,410700201,4200100000,M/E W.C.- M.S. MS 10 Sce/HetJe& Òe.meefceleer-ce.me.,,10
16,10,Municipal Secretary keÀe³e& keÀjCeejs Keeles : ceneveiejHeeefuekeÀe meef®eJe,410700201,4210100000,MS 10 Sce/Heefµ®ece Òe.meefceleer-ce.me.,,10
16,10,Municipal Secretary keÀe³e& keÀjCeejs Keeles : ceneveiejHeeefuekeÀe meef®eJe,410700201,4220100000,N W.C.- M.S. MS ...,...,10
16,10,Municipal Secretary keÀe³e& keÀjCeejs Keeles : ceneveiejHeeefuekeÀe meef®eJe,410700201,4240100000,S & T W.C.- M.S. MS ...,...,10
17,10,Municipal Secretary keÀe³e& keÀjCeejs Keeles : ceneveiejHeeefuekeÀe meef®eJe,410600301,1000100000,HO - M.S. MS 50,50,
17,10,Municipal Secretary keÀe³e& keÀjCeejs Keeles : ceneveiejHeeefuekeÀe meef®eJe,410600610,1000100000,HO - M.S. MS ...,100,
17,10,Municipal Secretary keÀe³e& keÀjCeejs Keeles : ceneveiejHeeefuekeÀe meef®eJe,410600950,1000100000,HO - M.S. MS ...,25,
17,10,Municipal Secretary keÀe³e& keÀjCeejs Keeles : ceneveiejHeeefuekeÀe meef®eJe,410700100,1000100101,Mayor's Bunglow -M.S. MS ...,1000,
17,10,Municipal Secretary keÀe³e& keÀjCeejs Keeles : ceneveiejHeeefuekeÀe meef®eJe,410700102,1000100000,HO - M.S. MS ... 50 cegK³eeue³e-ce.ve.Hee.meef®eJe,50,
17,10,Municipal Secretary keÀe³e& keÀjCeejs Keeles : ceneveiejHeeefuekeÀe meef®eJe,410700103,1000100000,HO - M.S. MS ... 100 cegK³eeue³e-ce.ve.Hee.meef®eJe,100,
17,10,Municipal Secretary keÀe³e& keÀjCeejs Keeles : ceneveiejHeeefuekeÀe meef®eJe,410700104,1000100000,HO - M.S. MS ...,100,
17,10,Municipal Secretary keÀe³e& keÀjCeejs Keeles : ceneveiejHeeefuekeÀe meef®eJe,410700201,1000100000,HO - M.S. MS ...,25,
18,10,Municipal Secretary keÀe³e& keÀjCeejs Keeles : ceneveiejHeeefuekeÀe meef®eJe,410600200,1000100000,HO - M.S. MS ... 50 cegK³eeue³e-ce.ve.Hee.meef®eJe,50,
18,10,Municipal Secretary keÀe³e& keÀjCeejs Keeles : ceneveiejHeeefuekeÀe meef®eJe,410600301,1000100000,HO - M.S. MS ... 50 cegK³eeue³e-ce.ve.Hee.meef®eJe,50,
18,10,Municipal Secretary keÀe³e& keÀjCeejs Keeles : ceneveiejHeeefuekeÀe meef®eJe,410600320,1000100000,HO - M.S. MS 50,300,
18,10,Municipal Secretary keÀe³e& keÀjCeejs Keeles : ceneveiejHeeefuekeÀe meef®eJe,410700104,1000100000,HO - M.S. MS ... 25 cegK³eeue³e-ce.ve.Hee.meef®eJe,25,
18,10,Municipal Secretary keÀe³e& keÀjCeejs Keeles : ceneveiejHeeefuekeÀe meef®eJe,410700201,1000100000,HO - M.S. MS ... 25 cegK³eeue³e-ce.ve.Hee.meef®eJe,25,
18,10,Municipal Secretary keÀe³e& keÀjCeejs Keeles : ceneveiejHeeefuekeÀe meef®eJe,501000002,1000100000,MS ... 200 DeeefCe meJe& ÒekeÀej®eer efJeÐegle,200,
22,11,Municipal Chief Auditor's Deptt. keÀe³e& keÀjCeejs Keeles : ce.ve.Hee.cegK³e uesKee Heefj#ekeÀ,410600000,1000110000,HO - M.C.A. MCA 3000,3000,
22,11,Municipal Chief Auditor's Deptt. keÀe³e& keÀjCeejs Keeles : ce.ve.Hee.cegK³e uesKee Heefj#ekeÀ,410700000,1000110000,HO - M.C.A. MCA 600,764,
23,11,Municipal Chief Auditor's Deptt. FUNCTIONARY CODE: 11,501100001,1000110000,Auditor 4th floor of Howkers 35645 192,192,...
25,11,Municipal Chief Auditor's Deptt. keÀe³e& keÀjCeejs Keeles : ce.ve.Hee.cegK³e uesKee Heefj#ekeÀ,410600200,1000110000,HO - MCA MCA 461,461,
25,11,Municipal Chief Auditor's Deptt. keÀe³e& keÀjCeejs Keeles : ce.ve.Hee.cegK³e uesKee Heefj#ekeÀ,410700000,1000110000,HO - M.C.A. MCA 94,142,
28,11,Departments related to General Administration and Ward Management,410400034,1000125437,H. R. Module Training Centre M.C. 200 200 S®e.Deej. cee@[³etue ì^sefvebie meWìj,200,
28,11,Departments related to General Administration and Ward Management,410400034,4010120000,A Ward M.C. ... 100 S efJeYeeie,100,
28,11,Departments related to General Administration and Ward Management,410400034,4020120000,B Ward M.C. 100 100 yeer efJeYeeie,100,
28,11,Departments related to General Administration and Ward Management,410400034,4030120000,C Ward M.C. 200 200 meer efJeYeeie,200,
28,11,Departments related to General Administration and Ward Management,410400034,4040120000,D Ward M.C. 100 100 [er efJeYeeie,100,
28,11,Departments related to General Administration and Ward Management,410400034,4050120000,E Ward M.C. 200 200 F& efJeYeeie,200,
28,11,Departments related to General Administration and Ward Management,410400034,4060120000,F/South Ward M.C. 100 100 SHeÀ/oef#eCe efJeYeeie,100,
28,11,Departments related to General Administration and Ward Management,410400034,4070120000,F/North Ward M.C. 100 100 SHeÀ/Gllej efJeYeeie,100,
28,11,Departments related to General Administration and Ward Management,410400034,4080120000,G/South Ward M.C. 200 200 peer/oef#eCe efJeYeeie,200,
28,11,Departments related to General Administration and Ward Management,410400034,4090120000,G/North Ward M.C. 100 100 peer/Gllej efJeYeeie,100,
28,11,Departments related to General Administration and Ward Management,410400034,4100120000,H/East Ward M.C. 200 200 S®e/HetJe& efJeYeeie,200,
28,11,Departments related to General Administration and Ward Management,410400034,4110120000,H/West Ward M.C. 100 100 S®e/HeefM®ece efJeYeeie,100,
28,11,Departments related to General Administration and Ward Management,410400034,4120120000,K/East Ward M.C. 100 100 kesÀ/HetJe& efJeYeeie,100,
28,11,Departments related to General Administration and Ward Management,410400034,4130120000,K/West Ward M.C. 100 100 kesÀ/HeefM®ece efJeYeeie,100,
28,11,Departments related to General Administration and Ward Management,410400034,4140120000,P/South Ward M.C. 100 100 Heer/oef#eCe efJeYeeie,100,
28,11,Departments related to General Administration and Ward Management,410400034,4150120000,P/North Ward M.C. 100 100 Heer/Gllej efJeYeeie,100,
28,11,Departments related to General Administration and Ward Management,410400034,4160120000,R/South Ward M.C. 100 100 Deej/oef#eCe efJeYeeie,100,
28,11,Departments related to General Administration and Ward Management,410400034,4170120000,M.C. 200 200 Deej/Gllej efJeYeeie,200,
28,11,Departments related to General Administration and Ward Management,410400034,4180120000,M.C. 100 100 Deej/ceO³e efJeYeeie,100,
28,11,Departments related to General Administration and Ward Management,410400034,4190120000,L Ward M.C. 115 100 Sue efJeYeeie,100,
28,11,Departments related to General Administration and Ward Management,410400034,4200120000,M/East Ward M.C. 100 100 Sce/HetJe& efJeYeeie,100,
28,11,Departments related to General Administration and Ward Management,410400034,4210120000,M/West Ward M.C. 100 100 Sce/HeefM®ece efJeYeeie,100,
28,11,Departments related to General Administration and Ward Management,410400034,4220120000,N Ward M.C. 100 100 Sve efJeYeeie,100,
28,11,Departments related to General Administration and Ward Management,410400034,4230120000,S Ward M.C. 100 100 Sme efJeYeeie,100,
28,11,Departments related to General Administration and Ward Management,410400034,4240120000,T Ward M.C. 100 100 ìer efJeYeeie,100,
29,11,Departments related to General Administration and Ward Management,410600200,1000120000,H.O.-M.C. M.C. 300,300,300
29,11,Departments related to General Administration and Ward Management,410600200,1000124402,Dy.Ch.Eng. (PPPP) M.C. ... 500 GHe He´. DeefYe. (HeerHeerHeerHeer),...,500
29,11,Departments related to General Administration and Ward Management,410600200,1000125401,M.C. Office M.C. 100 200 Dee³egkeÌleeb®es keÀe³ee&ue³e,100,200
29,11,Departments related to General Administration and Ward Management,410600200,1000125402,A.M.C.(Project)-Office M.C. 200 200 DeefleefjkeÌle Dee³egkeÌle (He´keÀuHe)-keÀe³ee&ue³e,200,200
29,11,Departments related to General Administration and Ward Management,410600200,1000125403,A.M.C.(City)-Office M.C. 200 200 DeefleefjkeÌle Dee³egkeÌle (Menj)-keÀe³ee&ue³e,200,200
29,11,Departments related to General Administration and Ward Management,410600200,1000125404,A.M.C.(W.S.)-Office M.C. 200 200 DeefleefjkeÌle Dee³egkeÌle (He.G.)-keÀe³ee&ue³e,200,200
29,11,Departments related to General Administration and Ward Management,410600200,1000125405,A.M.C.(E.S.)-Office M.C. 200 200 DeefleefjkeÌle Dee³egkeÌle (Het.G.)-keÀe³ee&ue³e,200,200
29,11,Departments related to General Administration and Ward Management,410600200,1000125407,Director (M.E. & H.) M.C. 200 200 meb®eeuekeÀ (Jew.efMe. DeeefCe Deejesi³e),200,200
29,11,Departments related to General Administration and Ward Management,410600200,1000125408,Director (E.S.& P.)-M.C. M.C. 100 100 meb®eeuekeÀ (De.mes. Je He´.),100,100
29,11,Departments related to General Administration and Ward Management,410600200,1000125409,D.M.C.(Gen. Admn.) M.C. ... 500 Ghe Dee³egkeÌle (mee.He´.),...,500
29,11,Departments related to General Administration and Ward Management,410600200,1000125410,"Jt. M.C. (Election) / DMC (MOc.Ctro.i A & C) 100 100 Ghe Dee³egkeÌle (pekeÀele, keÀ Je meb",100,100
29,11,Departments related to General Administration and Ward Management,410600200,1000125411,D.M.C.(Special) M.C. 100 100 Ghe Dee³egkeÌle (efJeMes<e),100,100
29,11,Departments related to General Administration and Ward Management,410600200,1000125414,D.M.C. (E. & W. M.) M.C. 100 100 Ghe Dee³egkeÌle (He³ee&. DeeefCe keÀ. J³e.),100,100
29,11,Departments related to General Administration and Ward Management,410600200,1000125415,D.M.C.(Hawkers Regulation) M.C. 100 100 Ghe Dee³egkeÌle (HesÀjerJeeuee efve³eceve),100,100
29,11,Departments related to General Administration and Ward Management,410600200,1000125417,D.M.C.(Vigilance) M.C. 100 100 Ghe Dee³egkeÌle (o#elee),100,100
29,11,Departments related to General Administration and Ward Management,410600200,1000125418,Ch. E. (Vigilance) M.C. ... 1500 He´cegKe DeefYe³eblee (o#elee),...,1500
29,11,Departments related to General Administration and Ward Management,410600200,1000125420,D.M.C.(Environment) M.C. 200 200 Ghe Dee³egkeÌle (He³ee&JejCe),200,200
29,11,Departments related to General Administration and Ward Management,410600200,1000125427,D.M.C.(Garden & Rec.) M.C. 88 100 Ghe Dee³egkeÌle (GÐeeves Je ceveesjbpeve),88,100
29,11,Departments related to General Administration and Ward Management,410600200,1000125428,D.M.C.(C.P.A.) M.C. 100 100 Ghe Dee³egkeÌle (ce. Ke. He´e.),100,100
29,11,Departments related to General Administration and Ward Management,410600200,1000125429,D.M.C.(Public Health) M.C. 100 100 Ghe Dee³egkeÌle (meeJe&peefvekeÀ Deejesi³e),100,100
29,11,Departments related to General Administration and Ward Management,410600200,1000125431,M.C. 500 500 Ghe Dee³egkeÌle (Deefleke´ÀceCe efvecet&ueve),500,500
29,11,Departments related to General Administration and Ward Management,410600200,1000125433,Citynet Satellite Office M.C. 100 100 efmeìervesì me@ìsueeF&ì keÀe³ee&ue³e,100,100
29,11,Departments related to General Administration and Ward Management,410600200,1000125435,D.M.C.(S.W.M.) M.C. 100 100 GHe Dee³egkeÌle (Ieve keÀ®eje J³eJemLeeHeve),100,100
29,11,Departments related to General Administration and Ward Management,410600200,1000125437,H. R. Module Training Centre M.C. ... 5000 S®e.Deej. cee@[³etue ì^sefvebie meWìj,...,5000
29,11,Departments related to General Administration and Ward Management,410600200,2001125401,M.C. 10 10 mene.Dee³egkeÌle (Deefleke´ÀceCe efvecet&ueve) Menj,10,10
29,11,Departments related to General Administration and Ward Management,410600200,2002125401,M.C. ...,...,100
29,11,Departments related to General Administration and Ward Management,410600200,3001125401,D.M.C.(Zone-I) M.C. 100 100 Ghe Dee³egkeÌle (Heefjceb[U-SkeÀ),100,100
29,11,Departments related to General Administration and Ward Management,410600200,3002125401,D.M.C.(Zone-II) M.C. 100 100 Ghe Dee³egkeÌle (Heefjceb[U-oesve),100,100
29,11,Departments related to General Administration and Ward Management,410600200,3003125401,D.M.C.(Zone-III) M.C. 100 100 Ghe Dee³egkeÌle (Heefjceb[U-leerve),100,100
30,11,Departments related to General Administration and Ward Management,410600200,3004125401,D.M.C.(Zone-IV) M.C. 200 200 Ghe Dee³egkeÌle (Heefjceb[U-®eej),200,200
30,11,Departments related to General Administration and Ward Management,410600200,3005125401,D.M.C.(Zone-V) M.C. 100 100 Ghe Dee³egkeÌle (Heefjceb[U-Hee®e),100,100
30,11,Departments related to General Administration and Ward Management,410600200,3006125401,D.M.C.(Zone-VI) M.C. 200 200 Ghe Dee³egkeÌle (Heefjceb[U-mene),200,200
30,11,Departments related to General Administration and Ward Management,410600200,3007125401,D.M.C.(Zone-VII) M.C. 100 100 Ghe Dee³egkeÌle (Heefjceb[U-meele),100,100
30,11,Departments related to General Administration and Ward Management,410600200,4010120000,A Ward M.C. 200 200 S efJeYeeie,200,200
30,11,Departments related to General Administration and Ward Management,410600200,4020120000,B Ward M.C. 200 200 yeer efJeYeeie,200,200
30,11,Departments related to General Administration and Ward Management,410600200,4030120000,C Ward M.C. 200 200 meer efJeYeeie,200,200
30,11,Departments related to General Administration and Ward Management,410600200,4040120000,D Ward M.C. 220 220 [er efJeYeeie,220,220
30,11,Departments related to General Administration and Ward Management,410600200,4050120000,E Ward M.C. 200 200 F& efJeYeeie,200,200
30,11,Departments related to General Administration and Ward Management,410600200,4060120000,F/South Ward M.C. 220 220 SHeÀ/oef#eCe efJeYeeie,220,220
30,11,Departments related to General Administration and Ward Management,410600200,4070120000,F/North Ward M.C. 200 200 SHeÀ/Gllej efJeYeeie,200,200
30,11,Departments related to General Administration and Ward Management,410600200,4080120000,G/South Ward M.C. 200 200 peer/oef#eCe efJeYeeie,200,200
30,11,Departments related to General Administration and Ward Management,410600200,4090120000,G/North Ward M.C. 200 200 peer/Gllej efJeYeeie,200,200
30,11,Departments related to General Administration and Ward Management,410600200,4100120000,H/East Ward M.C. 200 200 S®e/HetJe& efJeYeeie,200,200
30,11,Departments related to General Administration and Ward Management,410600200,4110120000,H/West Ward M.C. 7500 1000 S®e/HeefM®ece efJeYeeie,7500,1000
30,11,Departments related to General Administration and Ward Management,410600200,4120120000,K/East Ward M.C. 200 200 kesÀ/HetJe& efJeYeeie,200,200
30,11,Departments related to General Administration and Ward Management,410600200,4130120000,K/West Ward M.C. 200 200 kesÀ/HeefM®ece efJeYeeie,200,200
30,11,Departments related to General Administration and Ward Management,410600200,4140120000,M.C. 200 200 Heer/oef#eCe efJeYeeie,200,200
30,11,Departments related to General Administration and Ward Management,410600200,4150120000,P/North Ward M.C. 200 200 Heer/Gllej efJeYeeie,200,200
30,11,Departments related to General Administration and Ward Management,410600200,4160120000,R/South Ward M.C. 200 200 Deej/oef#eCe efJeYeeie,200,200
30,11,Departments related to General Administration and Ward Management,410600200,4170120000,R/North Ward M.C. 200 200 Deej/Gllej efJeYeeie,200,200
30,11,Departments related to General Administration and Ward Management,410600200,4180120000,R/Central Ward M.C. 200 200 Deej/ceO³e efJeYeeie,200,200
30,11,Departments related to General Administration and Ward Management,410600200,4190120000,L Ward M.C. 200 200 Sue efJeYeeie,200,200
30,11,Departments related to General Administration and Ward Management,410600200,4200120000,M/East Ward M.C. 200 200 Sce/HetJe& efJeYeeie,200,200
30,11,Departments related to General Administration and Ward Management,410600200,4210120000,M/West Ward M.C. 200 200 Sce/HeefM®ece efJeYeeie,200,200
30,11,Departments related to General Administration and Ward Management,410600200,4220120000,N Ward M.C. 200 200 Sve efJeYeeie,200,200
30,11,Departments related to General Administration and Ward Management,410600200,4230120000,S Ward M.C. 200 200 Sme efJeYeeie,200,200
30,11,Departments related to General Administration and Ward Management,410600200,4240120000,T Ward M.C. 200 200 ìer efJeYeeie,200,200
31,11,Departments related to General Administration and Ward Management,410600210,1000125431,100 100 Ghe Dee³egkeÌle (Deefleke´ÀceCe efvecet&ueve),100,100
31,11,Departments related to General Administration and Ward Management,410600210,1000125437,H. R. Module Training Centre 1500 1500 S®e.Deej. cee@[³etue ì^sefvebie meWìj,1500,1500
31,11,Departments related to General Administration and Ward Management,410600300,1000120000,H.O.-M.C. M.C. 100 100 cegK³e keÀe³ee&ue³e-Dee³egkeÌle,100,100
31,11,Departments related to General Administration and Ward Management,410600300,1000125401,M.C. Office M.C. 200 100 Dee³egkeÌleeb®es keÀe³ee&ue³e,200,100
31,11,Departments related to General Administration and Ward Management,410600300,1000125402,A.M.C.(Project)-Office M.C. 100 100 DeefleefjkeÌle Dee³egkeÌle (He´keÀuHe)-keÀe³ee&ue³e,100,100
31,11,Departments related to General Administration and Ward Management,410600300,1000125403,A.M.C.(City)-Office M.C. 150 150 DeefleefjkeÌle Dee³egkeÌle (Menj)-keÀe³ee&ue³e,150,150
31,11,Departments related to General Administration and Ward Management,410600300,1000125404,A.M.C.(W.S.)-Office M.C. 200 200 DeefleefjkeÌle Dee³egkeÌle (He.G.)-keÀe³ee&ue³e,200,200
31,11,Departments related to General Administration and Ward Management,410600300,1000125405,A.M.C.(E.S.)-Office M.C. 150 150 DeefleefjkeÌle Dee³egkeÌle (Het.G.)-keÀe³ee&ue³e,150,150
31,11,Departments related to General Administration and Ward Management,410600300,1000125408,Director (E.S.& P.)-M.C. M.C. 10 10 meb®eeuekeÀ (De.mes. Je He´.),10,10
31,11,Departments related to General Administration and Ward Management,410600300,1000125410,"DMC (Octroi A & C) M.C. 140 140 Ghe Dee³egkeÌle (pekeÀele, keÀ Je meb.)",140,140
31,11,Departments related to General Administration and Ward Management,410600300,1000125420,M.C. 100 100 Ghe Dee³egkeÌle (He³ee&JejCe),100,100
31,11,Departments related to General Administration and Ward Management,410600300,1000125429,D.M.C.(Public Health) M.C. 100 100 Ghe Dee³egkeÌle (meeJe&peefvekeÀ Deejesi³e),100,100
31,11,Departments related to General Administration and Ward Management,410600300,1000125431,M.C. 200 200 Ghe Dee³egkeÌle (Deefleke´ÀceCe efvecet&ueve),200,200
31,11,Departments related to General Administration and Ward Management,410600300,1000125435,D.M.C. (S.W.M.) M.C. 100 100 GHe Dee³egkeÌle (Ieve keÀ®eje J³eJemLeeHeve),100,100
31,11,Departments related to General Administration and Ward Management,410600300,2001125401,M.C. 100 100 mene.Dee³egkeÌle (Deefleke´ÀceCe efvecet&ueve) Menj,100,100
31,11,Departments related to General Administration and Ward Management,410600300,2002125401,M.C. ...,...,100
31,11,Departments related to General Administration and Ward Management,410600300,2003125401,M.C. 100,100,100
31,11,Departments related to General Administration and Ward Management,410600300,3003125401,D.M.C.(Zone-III) M.C. 100 100 Ghe Dee³egkeÌle (Heefjceb[U-leerve),100,100
31,11,Departments related to General Administration and Ward Management,410600300,3004125401,D.M.C.(Zone-IV) M.C. 100 100 Ghe Dee³egkeÌle (Heefjceb[U-®eej),100,100
31,11,Departments related to General Administration and Ward Management,410600300,3005125401,D.M.C.(Zone-V) M.C. 100 100 Ghe Dee³egkeÌle (Heefjceb[U-Hee®e),100,100
31,11,Departments related to General Administration and Ward Management,410600300,3006125401,D.M.C.(Zone-VI) M.C. 400 400 Ghe Dee³egkeÌle (Heefjceb[U-mene),400,400
31,11,Departments related to General Administration and Ward Management,410600300,3007125401,D.M.C.(Zone-VII) M.C. 100 100 Ghe Dee³egkeÌle (Heefjceb[U-meele),100,100
31,11,Departments related to General Administration and Ward Management,410600300,4030120000,C Wad M.C. 300 300 meer efJeYeeie,300,300
31,11,Departments related to General Administration and Ward Management,410600300,4050120000,E Ward M.C. 100 100 F& efJeYeeie,100,100
31,11,Departments related to General Administration and Ward Management,410600300,4090120000,G/North Ward M.C. 100 100 peer/Gllej efJeYeeie,100,100
31,11,Departments related to General Administration and Ward Management,410600300,4100120000,H/East Ward M.C. 100 100 S®e/HetJe& efJeYeeie,100,100
32,11,Departments related to General Administration and Ward Management,410600320,1000120000,H.O.- M.C. M.C. 500 500 cegK³e keÀe³ee&ue³e-Dee³egkeÌle,500,500
32,11,Departments related to General Administration and Ward Management,410600320,4030120000,C Ward M.C. 1500 1500 meer efJeYeeie,1500,1500
32,11,Departments related to General Administration and Ward Management,410600320,4070120000,F/North ward M.C. 1245 ... SHeÀ/Gllej efJeYeeie,1245,...
32,11,Departments related to General Administration and Ward Management,410600320,4100120000,H/East Ward M.C. 1000 1000 S®e/HetJe& efJeYeeie,1000,1000
32,11,Departments related to General Administration and Ward Management,410600320,4160120000,R/South Ward M.C. 100 1000 Deej/oef#eCe efJeYeeie,100,1000
32,11,Departments related to General Administration and Ward Management,410600320,4200120000,M/East Ward M.C. 3000 500 Sce/HetJe& efJeYeeie,3000,500
32,11,Departments related to General Administration and Ward Management,410600401,4020120000,B Ward 300 300 yeer efJeYeeie,300,300
32,11,Departments related to General Administration and Ward Management,410600401,4030120000,C Ward M.C. 300 300 meer efJeYeeie,300,300
32,11,Departments related to General Administration and Ward Management,410600500,1000120000,H.O.-M.C. M.C. 50 50 cegK³e keÀe³ee&ue³e-Dee³egkeÌle,50,50
32,11,Departments related to General Administration and Ward Management,410600500,1000125401,M.C. Office M.C. 50 50 Dee³egkeÌleeb®es keÀe³ee&ue³e,50,50
32,11,Departments related to General Administration and Ward Management,410600500,1000125429,D.M.C.(Public Health) M.C. 50 50 Ghe Dee³egkeÌle (meeJe&peefvekeÀ Deejesi³e),50,50
32,11,Departments related to General Administration and Ward Management,410600500,1000125431,M.C. 50 50 Ghe Dee³egkeÌle (Deefleke´ÀceCe efvecet&ueve),50,50
32,11,Departments related to General Administration and Ward Management,410600500,1000125435,D.M.C. (S.W.M.) M.C. 50 50 GHe Dee³egkeÌle (Ieve keÀ®eje J³eJemLeeHeve),50,50
32,11,Departments related to General Administration and Ward Management,410600500,2001125401,M.C. 50,50,50
32,11,Departments related to General Administration and Ward Management,410600500,2002125401,M.C. ...,...,50
32,11,Departments related to General Administration and Ward Management,410600500,2003125401,M.C. 30,30,100
32,11,Departments related to General Administration and Ward Management,410600500,3005125401,D.M.C.(Zone-V) M.C. ... 50 Ghe Dee³egkeÌle (Heefjceb[U-Hee®e),...,50
32,11,Departments related to General Administration and Ward Management,410600500,4010120000,A Ward M.C. ... 50 S efJeYeeie,...,50
32,11,Departments related to General Administration and Ward Management,410600500,4020120000,B Ward M.C. 50 50 yeer efJeYeeie,50,50
32,11,Departments related to General Administration and Ward Management,410600500,4030120000,C Ward M.C. 50,50,50
32,11,Departments related to General Administration and Ward Management,410600500,4040120000,D Ward M.C. 50 50 [er efJeYeeie,50,50
32,11,Departments related to General Administration and Ward Management,410600500,4050120000,E Ward M.C. 50 50 F& efJeYeeie,50,50
32,11,Departments related to General Administration and Ward Management,410600500,4060120000,M.C. 50 50 SHeÀ/oef#eCe efJeYeeie,50,50
33,11,Departments related to General Administration and Ward Management,410600500,4070120000,F/North Ward M.C. 50,50,50
33,11,Departments related to General Administration and Ward Management,410600500,4080120000,G/South Ward M.C. 200 200 peer/oef#eCe efJeYeeie,200,200
33,11,Departments related to General Administration and Ward Management,410600500,4090120000,G/North Ward M.C. 50 50 peer/Gllej efJeYeeie,50,50
33,11,Departments related to General Administration and Ward Management,410600500,4100120000,M.C. 50 50 S®e/HetJe& efJeYeeie,50,50
33,11,Departments related to General Administration and Ward Management,410600500,4110120000,H/West Ward M.C. 50 50 S®e/HeefM®ece efJeYeeie,50,50
33,11,Departments related to General Administration and Ward Management,410600500,4120120000,K/East Ward M.C. 50 50 kesÀ/HetJe& efJeYeeie,50,50
33,11,Departments related to General Administration and Ward Management,410600500,4130120000,M.C. 50 50 kesÀ/HeefM®ece efJeYeeie,50,50
33,11,Departments related to General Administration and Ward Management,410600500,4140120000,P/South Ward M.C. 50 50 Heer/oef#eCe efJeYeeie,50,50
33,11,Departments related to General Administration and Ward Management,410600500,4150120000,P/North Ward M.C. 50 50 Heer/Gllej efJeYeeie,50,50
33,11,Departments related to General Administration and Ward Management,410600500,4160120000,R/South Ward M.C. 50 50 Deej/oef#eCe efJeYeeie,50,50
33,11,Departments related to General Administration and Ward Management,410600500,4170120000,R/North Ward M.C. 50 50 Deej/Gllej efJeYeeie,50,50
33,11,Departments related to General Administration and Ward Management,410600500,4180120000,R/Central Ward M.C. 50 50 Deej/ceO³e efJeYeeie,50,50
33,11,Departments related to General Administration and Ward Management,410600500,4190120000,L Ward M.C. 35 50 Sue efJeYeeie,35,50
33,11,Departments related to General Administration and Ward Management,410600500,4200120000,M/East Ward M.C. 50 50 Sce/HetJe& efJeYeeie,50,50
33,11,Departments related to General Administration and Ward Management,410600500,4210120000,M/West Ward M.C. 50 50 Sce/HeefM®ece efJeYeeie,50,50
33,11,Departments related to General Administration and Ward Management,410600500,4220120000,N Ward M.C. 50 50 Sve efJeYeeie,50,50
33,11,Departments related to General Administration and Ward Management,410600500,4230120000,S Ward M.C. 50 50 Sme efJeYeeie,50,50
33,11,Departments related to General Administration and Ward Management,410600500,4240120000,T Ward M.C. 50 50 ìer efJeYeeie,50,50
33,11,Departments related to General Administration and Ward Management,410600700,1000125411,D.M.C.(Special) M.C. 100 100 Ghe Dee³egkeÌle (efJeMes<e),100,100
33,11,Departments related to General Administration and Ward Management,410600700,1000125429,D.M.C.(Public Health) M.C. 50 50 Ghe Dee³egkeÌle (meeJe&peefvekeÀ Deejesi³e),50,50
33,11,Departments related to General Administration and Ward Management,410600700,1000125437,H. R. Module Training Centre M.C. 100 100 S®e.Deej. cee@[³etue ì^sefvebie meWìj,100,100
33,11,Departments related to General Administration and Ward Management,410600700,2001125401,M.C. 100 100 mene.Dee³egkeÌle (Deefleke´ÀceCe efvecet&ueve) Menj,100,100
33,11,Departments related to General Administration and Ward Management,410600700,3001125401,D.M.C.(Zone-I) M.C. 100 100 Ghe Dee³egkeÌle (Heefjceb[U-SkeÀ),100,100
33,11,Departments related to General Administration and Ward Management,410600700,3002125401,D.M.C.(Zone-II) M.C. 100 100 Ghe Dee³egkeÌle (Heefjceb[U-oesve),100,100
33,11,Departments related to General Administration and Ward Management,410600700,3003125401,D.M.C.(Zone-III) M.C. 100 100 Ghe Dee³egkeÌle (Heefjceb[U-leerve),100,100
33,11,Departments related to General Administration and Ward Management,410600700,3004125401,D.M.C.(Zone-IV) M.C. 100 100 Ghe Dee³egkeÌle (Heefjceb[U-®eej),100,100
33,11,Departments related to General Administration and Ward Management,410600700,3005125401,D.M.C.(Zone-V) M.C. 100 100 Ghe Dee³egkeÌle (Heefjceb[U-Hee®e),100,100
33,11,Departments related to General Administration and Ward Management,410600700,3006125401,D.M.C.(Zone-VI) M.C. 100 100 Ghe Dee³egkeÌle (Heefjceb[U-mene),100,100
34,11,Departments related to General Administration and Ward Management,410600700,3007125401,D.M.C.(Zone-VII) M.C. 100 100 Ghe Dee³egkeÌle (Heefjceb[U-meele),100,100
34,11,Departments related to General Administration and Ward Management,410600700,4010120000,A Ward M.C. ... 100 S efJeYeeie,...,100
34,11,Departments related to General Administration and Ward Management,410600700,4020120000,B Ward M.C. 100 100 yeer efJeYeeie,100,100
34,11,Departments related to General Administration and Ward Management,410600700,4030120000,C Ward M.C. 100 100 meer efJeYeeie,100,100
34,11,Departments related to General Administration and Ward Management,410600700,4040120000,D Ward M.C. 100 100 [er efJeYeeie,100,100
34,11,Departments related to General Administration and Ward Management,410600700,4050120000,E Ward M.C. 100 100 F& efJeYeeie,100,100
34,11,Departments related to General Administration and Ward Management,410600700,4060120000,F/South Ward M.C. 100 100 SHeÀ/oef#eCe efJeYeeie,100,100
34,11,Departments related to General Administration and Ward Management,410600700,4070120000,F/North Ward M.C. 100 100 SHeÀ/Gllej efJeYeeie,100,100
34,11,Departments related to General Administration and Ward Management,410600700,4080120000,G/South Ward M.C. 100 100 peer/oef#eCe efJeYeeie,100,100
34,11,Departments related to General Administration and Ward Management,410600700,4090120000,G/North Ward M.C. 100 100 peer/Gllej efJeYeeie,100,100
34,11,Departments related to General Administration and Ward Management,410600700,4100120000,H/East Ward M.C. 100 100 S®e/HetJe& efJeYeeie,100,100
34,11,Departments related to General Administration and Ward Management,410600700,4110120000,H/West Ward M.C. 100 100 S®e/HeefM®ece efJeYeeie,100,100
34,11,Departments related to General Administration and Ward Management,410600700,4120120000,K/East Ward M.C. 100 100 kesÀ/HetJe& efJeYeeie,100,100
34,11,Departments related to General Administration and Ward Management,410600700,4130120000,K/West Ward M.C. 100 100 kesÀ/HeefM®ece efJeYeeie,100,100
34,11,Departments related to General Administration and Ward Management,410600700,4140120000,P/South Ward M.C. 100 100 Heer/oef#eCe efJeYeeie,100,100
34,11,Departments related to General Administration and Ward Management,410600700,4150120000,P/North Ward M.C. 100 100 Heer/Gllej efJeYeeie,100,100
34,11,Departments related to General Administration and Ward Management,410600700,4160120000,R/South Ward M.C. 100 100 Deej/oef#eCe efJeYeeie,100,100
34,11,Departments related to General Administration and Ward Management,410600700,4170120000,M.C. 100 100 Deej/Gllej efJeYeeie,100,100
34,11,Departments related to General Administration and Ward Management,410600700,4180120000,R/Central Ward M.C. 100 100 Deej/ceO³e efJeYeeie,100,100
34,11,Departments related to General Administration and Ward Management,410600700,4190120000,L Ward M.C. 100 100 Sue efJeYeeie,100,100
34,11,Departments related to General Administration and Ward Management,410600700,4200120000,M/East Ward M.C. 100 100 Sce/HetJe& efJeYeeie,100,100
34,11,Departments related to General Administration and Ward Management,410600700,4210120000,M/West Ward M.C. 100 100 Sce/HeefM®ece efJeYeeie,100,100
34,11,Departments related to General Administration and Ward Management,410600700,4220120000,N Ward M.C. 100 100 Sve efJeYeeie,100,100
34,11,Departments related to General Administration and Ward Management,410600700,4230120000,S Ward M.C. 100 100 Sme efJeYeeie,100,100
34,11,Departments related to General Administration and Ward Management,410600700,4240120000,M.C. 100 100 ìer efJeYeeie,100,100
34,11,Departments related to General Administration and Ward Management,410600701,4030120000,C Ward M.C. 255 255 meer efJeYeeie,255,255
34,11,Departments related to General Administration and Ward Management,410600702,1000125431,D.M.C.(Removal of Encroachment) M.C. 500 500 Ghe Dee³egkeÌle (Deefleke´ÀceCe efvecet&ueve),500,500
34,11,Departments related to General Administration and Ward Management,410600702,4210120000,M/West Ward M.C. 100 100 Sce/HeefM®ece efJeYeeie,100,100
35,11,Departments related to General Administration and Ward Management,410700100,1000120000,H.O.-M.C. M.C. 100 100 cegK³e keÀe³ee&ue³e-Dee³egkeÌle,100,100
35,11,Departments related to General Administration and Ward Management,410700100,1000120102,M.C.Bungalow M.C. 100,100,100
35,11,Departments related to General Administration and Ward Management,410700100,1000125401,M.C. Office M.C. 100 100 Dee³egkeÌleeb®es keÀe³ee&ue³e,100,100
35,11,Departments related to General Administration and Ward Management,410700100,1000125402,A.M.C.(Project)-Office M.C. 100 100 DeefleefjkeÌle Dee³egkeÌle (He´keÀuHe)-keÀe³ee&ue³e,100,100
35,11,Departments related to General Administration and Ward Management,410700100,1000125403,A.M.C.(City)-Office M.C. 100 100 DeefleefjkeÌle Dee³egkeÌle (Menj)-keÀe³ee&ue³e,100,100
35,11,Departments related to General Administration and Ward Management,410700100,1000125404,A.M.C.(W.S.)-Office M.C. 100 100 DeefleefjkeÌle Dee³egkeÌle (He.G.)-keÀe³ee&ue³e,100,100
35,11,Departments related to General Administration and Ward Management,410700100,1000125405,A.M.C.(E.S.)-Office M.C. 100 100 DeefleefjkeÌle Dee³egkeÌle (Het.G.)-keÀe³ee&ue³e,100,100
35,11,Departments related to General Administration and Ward Management,410700100,1000125407,Director (M.E. & H.) M.C. 100 100 meb®eeuekeÀ (Jew.efMe. DeeefCe Deejesi³e),100,100
35,11,Departments related to General Administration and Ward Management,410700100,1000125408,Director (E.S.& P.)-M.C. M.C. 100 100 meb®eeuekeÀ (De.mes. Je He´.),100,100
35,11,Departments related to General Administration and Ward Management,410700100,1000125409,D.M.C.(Gen. Admn.) M.C. ... 100 Ghe Dee³egkeÌle (mee.He´.),...,100
35,11,Departments related to General Administration and Ward Management,410700100,1000125410,"DMC (Octroi A & C) M.C. 50 50 Ghe Dee³egkeÌle (pekeÀele, keÀ Je meb.)",50,50
35,11,Departments related to General Administration and Ward Management,410700100,1000125411,D.M.C.(Special) M.C. 50 50 Ghe Dee³egkeÌle (efJeMes<e),50,50
35,11,Departments related to General Administration and Ward Management,410700100,1000125414,D.M.C. (E. & W. M.) M.C. 50 50 Ghe Dee³egkeÌle (He³ee&. DeeefCe keÀ. J³e.),50,50
35,11,Departments related to General Administration and Ward Management,410700100,1000125415,D.M.C.(Hawkers Regulation) M.C. 50 50 Ghe Dee³egkeÌle (HesÀ. efve.),50,50
35,11,Departments related to General Administration and Ward Management,410700100,1000125417,D.M.C.(Vigilance) M.C. 50 50 Ghe Dee³egkeÌle (o#elee),50,50
35,11,Departments related to General Administration and Ward Management,410700100,1000125420,D.M.C.(Environment) M.C. 100 100 Ghe Dee³egkeÌle (He³ee&JejCe),100,100
35,11,Departments related to General Administration and Ward Management,410700100,1000125427,D.M.C.(Garden & Rec.) M.C. ... 50 Ghe Dee³egkeÌle (GÐeeves Je ceveesjbpeve),...,50
35,11,Departments related to General Administration and Ward Management,410700100,1000125428,D.M.C.(C.P.A.) M.C. 50 50 Ghe Dee³egkeÌle (ce. Ke. He´e.),50,50
35,11,Departments related to General Administration and Ward Management,410700100,1000125429,D.M.C.(Public Health) M.C. 50 50 Ghe Dee³egkeÌle (meeJe&peefvekeÀ Deejesi³e),50,50
35,11,Departments related to General Administration and Ward Management,410700100,1000125430,M.C. ...,...,200
35,11,Departments related to General Administration and Ward Management,410700100,1000125433,Citynet Satellite Office M.C. 50 50 efmeìervesì me@ìsueeF&ì keÀe³ee&ue³e,50,50
35,11,Departments related to General Administration and Ward Management,410700100,1000125435,D.M.C. (S.W.M.) M.C. 50 50 GHe Dee³egkeÌle (Ieve keÀ®eje J³eJemLeeHeve),50,50
35,11,Departments related to General Administration and Ward Management,410700100,1000125437,M.C. 1000 1000 S®e.Deej. cee@[³etue ì^sefvebie meWìj,1000,1000
35,11,Departments related to General Administration and Ward Management,410700100,1000125438,Business Incubation Centre M.C. ... 250 efyepevesme FvekeÌ³egJesMeve keWÀê,...,250
35,11,Departments related to General Administration and Ward Management,410700100,3001125401,D.M.C.(Zone-I) M.C. 25 50 Ghe Dee³egkeÌle (Heefjceb[U-SkeÀ),25,50
35,11,Departments related to General Administration and Ward Management,410700100,3002125401,D.M.C.(Zone-II) M.C. 50 50 Ghe Dee³egkeÌle (Heefjceb[U-oesve),50,50
35,11,Departments related to General Administration and Ward Management,410700100,3003125401,D.M.C.(Zone-III) M.C. 50 50 Ghe Dee³egkeÌle (Heefjceb[U-leerve),50,50
35,11,Departments related to General Administration and Ward Management,410700100,3004125401,D.M.C.(Zone-IV) M.C. 50 50 Ghe Dee³egkeÌle (Heefjceb[U-®eej),50,50
36,11,Departments related to General Administration and Ward Management,410700100,3005125401,D.M.C.(Zone-V) M.C. 50 50 Ghe Dee³egkeÌle (Heefjceb[U-Hee®e),50,50
36,11,Departments related to General Administration and Ward Management,410700100,3006125401,D.M.C.(Zone-VI) M.C. 50,50,50
36,11,Departments related to General Administration and Ward Management,410700100,3007125401,D.M.C.(Zone-VII) M.C. 50 50 Ghe Dee³egkeÌle (Heefjceb[U-meele),50,50
36,11,Departments related to General Administration and Ward Management,410700100,4010120000,A Ward M.C. 100 100 S efJeYeeie,100,100
36,11,Departments related to General Administration and Ward Management,410700100,4020120000,B Ward M.C. 200 200 yeer efJeYeeie,200,200
36,11,Departments related to General Administration and Ward Management,410700100,4030120000,C Ward M.C. 200 200 meer efJeYeeie,200,200
36,11,Departments related to General Administration and Ward Management,410700100,4040120000,D Ward M.C. 100 100 [er efJeYeeie,100,100
36,11,Departments related to General Administration and Ward Management,410700100,4050120000,E Ward M.C. 100 100 F& efJeYeeie,100,100
36,11,Departments related to General Administration and Ward Management,410700100,4060120000,F/South Ward M.C. 150 150 SHeÀ/oef#eCe efJeYeeie,150,150
36,11,Departments related to General Administration and Ward Management,410700100,4070120000,F/North Ward M.C. 500 500 SHeÀ/Gllej efJeYeeie,500,500
36,11,Departments related to General Administration and Ward Management,410700100,4080120000,M.C. 100 100 peer/oef#eCe efJeYeeie,100,100
36,11,Departments related to General Administration and Ward Management,410700100,4090120000,G/North Ward M.C. 100 100 peer/Gllej efJeYeeie,100,100
36,11,Departments related to General Administration and Ward Management,410700100,4100120000,H/East Ward M.C. 100 100 S®e/HetJe& efJeYeeie,100,100
36,11,Departments related to General Administration and Ward Management,410700100,4110120000,H/West Ward M.C. 25000 500 S®e/HeefM®ece efJeYeeie,25000,500
36,11,Departments related to General Administration and Ward Management,410700100,4120120000,K/East Ward M.C. 100 100 kesÀ/HetJe& efJeYeeie,100,100
36,11,Departments related to General Administration and Ward Management,410700100,4130120000,K/West Ward M.C. 100 100 kesÀ/HeefM®ece efJeYeeie,100,100
36,11,Departments related to General Administration and Ward Management,410700100,4140120000,P/South Ward M.C. 100 100 Heer/oef#eCe efJeYeeie,100,100
36,11,Departments related to General Administration and Ward Management,410700100,4150120000,P/North Ward M.C. 100 100 Heer/Gllej efJeYeeie,100,100
36,11,Departments related to General Administration and Ward Management,410700100,4160120000,R/South Ward M.C. 100 100 Deej/oef#eCe efJeYeeie,100,100
36,11,Departments related to General Administration and Ward Management,410700100,4170120000,M.C. 100 100 Deej/Gllej efJeYeeie,100,100
36,11,Departments related to General Administration and Ward Management,410700100,4180120000,R/Central Ward M.C. 100 100 Deej/ceO³e efJeYeeie,100,100
36,11,Departments related to General Administration and Ward Management,410700100,4190120000,L Ward M.C. 100 100 Sue efJeYeeie,100,100
36,11,Departments related to General Administration and Ward Management,410700100,4200120000,M/East Ward M.C. 100 100 Sce/HetJe& efJeYeeie,100,100
36,11,Departments related to General Administration and Ward Management,410700100,4210120000,M/West Ward M.C. 100 100 Sce/HeefM®ece efJeYeeie,100,100
36,11,Departments related to General Administration and Ward Management,410700100,4220120000,N Ward M.C. 100 100 Sve efJeYeeie,100,100
36,11,Departments related to General Administration and Ward Management,410700100,4230120000,S Ward M.C. 100 100 Sme efJeYeeie,100,100
36,11,Departments related to General Administration and Ward Management,410700100,4240120000,T Ward M.C. 100 100 ìer efJeYeeie,100,100
36,11,Departments related to General Administration and Ward Management,410700101,4050120000,E Ward M.C. 100 100 F& efJeYeeie,100,100
37,11,Departments related to General Administration and Ward Management,410700102,1000120000,H.O.-M.C. M.C. 100 100 cegK³e keÀe³ee&ue³e-Dee³egkeÌle,100,100
37,11,Departments related to General Administration and Ward Management,410700102,1000125401,M.C. Office M.C. 50 50 Dee³egkeÌleeb®es keÀe³ee&ue³e,50,50
37,11,Departments related to General Administration and Ward Management,410700102,2001125401,M.C. 40 40 mene.Dee³egkeÌle (Deefleke´ÀceCe efvecet&ueve) Menj,40,40
37,11,Departments related to General Administration and Ward Management,410700102,4030120000,C Ward M.C. 150,150,150
37,11,Departments related to General Administration and Ward Management,410700102,4050120000,E Ward M.C. 50 50 F& efJeYeeie,50,50
37,11,Departments related to General Administration and Ward Management,410700102,4060120000,F/South Ward M.C. 50 50 SHeÀ/oef#eCe efJeYeeie,50,50
37,11,Departments related to General Administration and Ward Management,410700102,4090120000,G/North Ward M.C. 50 50 peer/Gllej efJeYeeie,50,50
37,11,Departments related to General Administration and Ward Management,410700102,4150120000,P/North Ward M.C. 50 50 Heer/Gllej efJeYeeie,50,50
37,11,Departments related to General Administration and Ward Management,410700102,4160120000,R/South Ward M.C. 50 50 Deej/oef#eCe efJeYeeie,50,50
37,11,Departments related to General Administration and Ward Management,410700103,1000120000,H.O.-M.C. M.C. 50 50 cegK³e keÀe³ee&ue³e-Dee³egkeÌle,50,50
37,11,Departments related to General Administration and Ward Management,410700103,1000125401,M.C. Office M.C. 50 50 Dee³egkeÌleeb®es keÀe³ee&ue³e,50,50
37,11,Departments related to General Administration and Ward Management,410700103,1000125437,H. R. Module Training Centre M.C. 300 300 S®e.Deej. cee@[³etue ì^sefvebie meWìj,300,300
37,11,Departments related to General Administration and Ward Management,410700103,2001125401,M.C. 20 20 mene.Dee³egkeÌle (Deefleke´ÀceCe efvecet&ueve) Menj,20,20
37,11,Departments related to General Administration and Ward Management,410700103,4030120000,C Ward M.C. 200 200 meer efJeYeeie,200,200
37,11,Departments related to General Administration and Ward Management,410700103,4050120000,E Ward M.C. 50 50 F& efJeYeeie,50,50
37,11,Departments related to General Administration and Ward Management,410700103,4060120000,F/South Ward M.C. 100 100 SHeÀ/oef#eCe efJeYeeie,100,100
37,11,Departments related to General Administration and Ward Management,410700103,4090120000,G/North Ward M.C. 150 150 peer/Gllej efJeYeeie,150,150
37,11,Departments related to General Administration and Ward Management,410700103,4150120000,P/North Ward M.C. 50 50 Heer/Gllej efJeYeeie,50,50
37,11,Departments related to General Administration and Ward Management,410700103,4160120000,R/South Ward M.C. 50 50 Deej/oef#eCe efJeYeeie,50,50
37,11,Departments related to General Administration and Ward Management,410700103,4190120000,L Ward M.C. 100 100 Sue efJeYeeie,100,100
37,11,Departments related to General Administration and Ward Management,410700104,1000120000,H.O.-M.C. M.C. 100 100 cegK³e keÀe³ee&ue³e-Dee³egkeÌle,100,100
37,11,Departments related to General Administration and Ward Management,410700104,1000125401,M.C. Office M.C. 50 50 Dee³egkeÌleeb®es keÀe³ee&ue³e,50,50
37,11,Departments related to General Administration and Ward Management,410700104,1000125437,H. R. Module Training Centre M.C. 500 500 S®e.Deej. cee@[³etue ì^sefvebie meWìj,500,500
37,11,Departments related to General Administration and Ward Management,410700104,4030120000,C Ward M.C. 450 450 meer efJeYeeie,450,450
38,11,Departments related to General Administration and Ward Management,410700104,4050120000,E Ward M.C. 100,100,100
38,11,Departments related to General Administration and Ward Management,410700104,4060120000,F/South Ward M.C. 100 100 SHeÀ/oef#eCe efJeYeeie,100,100
38,11,Departments related to General Administration and Ward Management,410700104,4090120000,G/North Ward M.C. 100 100 peer/Gllej efJeYeeie,100,100
38,11,Departments related to General Administration and Ward Management,410700104,4150120000,P/North Ward M.C. 50 50 Heer/Gllej efJeYeeie,50,50
38,11,Departments related to General Administration and Ward Management,410700104,4160120000,R/South Ward M.C. 50 50 Deej/oef#eCe efJeYeeie,50,50
38,11,Departments related to General Administration and Ward Management,410700104,4190120000,L Ward M.C. 100 100 Sue efJeYeeie,100,100
38,11,Departments related to General Administration and Ward Management,410700110,4030120000,Lockers - C Ward M.C. 200 200 uee@keÀme& - meer efJeYeeie,200,200
38,11,Departments related to General Administration and Ward Management,410700200,1000120000,H.O.-M.C. M.C. 10 10 cegK³e keÀe³ee&ue³e-Dee³egkeÌle,10,10
38,11,Departments related to General Administration and Ward Management,410700200,1000125401,M.C. Office M.C. 10 10 Dee³egkeÌleeb®es keÀe³ee&ue³e,10,10
38,11,Departments related to General Administration and Ward Management,410700200,1000125402,A.M.C.(Project)-Office M.C. 25 25 DeefleefjkeÌle Dee³egkeÌle (He´keÀuHe)-keÀe³ee&ue³e,25,25
38,11,Departments related to General Administration and Ward Management,410700200,1000125403,A.M.C.(City)-Office M.C. 25 25 DeefleefjkeÌle Dee³egkeÌle (Menj)-keÀe³ee&ue³e,25,25
38,11,Departments related to General Administration and Ward Management,410700200,1000125404,A.M.C.(W.S.)-Office M.C. 25 25 DeefleefjkeÌle Dee³egkeÌle I74)-keÀe³ee&ue³e,25,25
38,11,Departments related to General Administration and Ward Management,410700200,1000125405,A.M.C.(E.S.)-Office M.C. 25 25 DeefleefjkeÌle Dee³egkeÌle (Het.G.)-keÀe³ee&ue³e,25,25
38,11,Departments related to General Administration and Ward Management,410700200,1000125407,Director (M.E. & H.) M.C. 25 25 meb®eeuekeÀ (Jew.efMe. DeeefCe Deejesi³e),25,25
38,11,Departments related to General Administration and Ward Management,410700200,1000125408,Director (E.S.& P.)-M.C. M.C. 25 25 meb®eeuekeÀ (De.mes. Je He´.),25,25
38,11,Departments related to General Administration and Ward Management,410700200,1000125409,D.M.C.(Gen. Admn.) M.C. ... 25 Ghe Dee³egkeÌle (mee.He´.),...,25
38,11,Departments related to General Administration and Ward Management,410700200,1000125410,DMC (Octroi A & C) M.C. 25,25,25
38,11,Departments related to General Administration and Ward Management,410700200,1000125411,D.M.C.(Special) M.C. 25 25 Ghe Dee³egkeÌle (efJeMes<e),25,25
38,11,Departments related to General Administration and Ward Management,410700200,1000125414,D.M.C. (E. & W. M.) M.C. 25 25 Ghe Dee³egkeÌle (He³ee&. DeeefCe keÀ. J³e.),25,25
38,11,Departments related to General Administration and Ward Management,410700200,1000125415,D.M.C.(Hawkers Regulation) M.C. 25 25 Ghe Dee³egkeÌle (HesÀ. efve.),25,25
38,11,Departments related to General Administration and Ward Management,410700200,1000125417,D.M.C.(Vigilance) M.C. 25 25 Ghe Dee³egkeÌle (o#elee),25,25
38,11,Departments related to General Administration and Ward Management,410700200,1000125418,Ch. E. (Vigilance) M.C. ... 50 He´cegKe DeefYe³eblee (o#elee),...,50
38,11,Departments related to General Administration and Ward Management,410700200,1000125420,D.M.C (Environment) M.C. 25 25 Ghe Dee³egkeÌle (He³ee&JejCe),25,25
38,11,Departments related to General Administration and Ward Management,410700200,1000125427,D.M.C.(Garden & Rec.) M.C. ... 25 Ghe Dee³egkeÌle (GÐeeves Je ceveesjbpeve),...,25
38,11,Departments related to General Administration and Ward Management,410700200,1000125428,D.M.C.(C.P.A.) M.C. 25 25 Ghe Dee³egkeÌle (ce. Ke. He´e.),25,25
39,11,Departments related to General Administration and Ward Management,410700200,1000125429,D.M.C.(Public Health.) M.C. 25 25 Ghe Dee³egkeÌle (meeJe&peefvekeÀ Deejesi³e),25,25
39,11,Departments related to General Administration and Ward Management,410700200,1000125434,D.M.C. (Tax Reforms) M.C. 25 25 GHe Dee³egkeÌle (keÀjHe´Ceeueer megOeejCee),25,25
39,11,Departments related to General Administration and Ward Management,410700200,1000125437,H. R. Module Training Centre M.C. 200 200 S®e.Deej. cee@[³etue ì^sefvebie meWìj,200,200
39,11,Departments related to General Administration and Ward Management,410700200,3001125401,D.M.C.(Zone-I) M.C. 25 25 Ghe Dee³egkeÌle (Heefjceb[U-SkeÀ),25,25
39,11,Departments related to General Administration and Ward Management,410700200,3002125401,D.M.C.(Zone-II) M.C. 25 25 Ghe Dee³egkeÌle (Heefjceb[U-oesve),25,25
39,11,Departments related to General Administration and Ward Management,410700200,3003125401,D.M.C.(Zone-III) M.C. 25 25 Ghe Dee³egkeÌle (Heefjceb[U-leerve),25,25
39,11,Departments related to General Administration and Ward Management,410700200,3004125401,D.M.C.(Zone-IV) M.C. 25 25 Ghe Dee³egkeÌle (Heefjceb[U-®eej),25,25
39,11,Departments related to General Administration and Ward Management,410700200,3005125401,D.M.C.(Zone-V) M.C. 25 25 Ghe Dee³egkeÌle (Heefjceb[U-Hee®e),25,25
39,11,Departments related to General Administration and Ward Management,410700200,3006125401,D.M.C.(Zone-VI) M.C. 25 25 Ghe Dee³egkeÌle (Heefjceb[U-mene),25,25
39,11,Departments related to General Administration and Ward Management,410700200,3007125401,D.M.C.(Zone-VII) M.C. 25,25,25
39,11,Departments related to General Administration and Ward Management,410700201,4010120000,A Ward M.C. ... 20 S efJeYeeie,...,20
39,11,Departments related to General Administration and Ward Management,410700201,4020120000,B Ward M.C. 20 20 yeer efJeYeeie,20,20
39,11,Departments related to General Administration and Ward Management,410700201,4030120000,C Ward M.C. 20 20 meer efJeYeeie,20,20
39,11,Departments related to General Administration and Ward Management,410700201,4040120000,D Ward M.C. 20 20 [er efJeYeeie,20,20
39,11,Departments related to General Administration and Ward Management,410700201,4050120000,E Ward M.C. 20 20 F& efJeYeeie,20,20
39,11,Departments related to General Administration and Ward Management,410700201,4060120000,F/South Ward M.C. 20 20 SHeÀ/oef#eCe efJeYeeie,20,20
39,11,Departments related to General Administration and Ward Management,410700201,4070120000,F/North Ward M.C. 20 20 SHeÀ/Gllej efJeYeeie,20,20
39,11,Departments related to General Administration and Ward Management,410700201,4080120000,G/South Ward M.C. 20 20 peer/oef#eCe efJeYeeie,20,20
39,11,Departments related to General Administration and Ward Management,410700201,4090120000,G/North Ward M.C. 20 20 peer/Gllej efJeYeeie,20,20
39,11,Departments related to General Administration and Ward Management,410700201,4100120000,H/East Ward M.C. 20 20 S®e/HetJe& efJeYeeie,20,20
39,11,Departments related to General Administration and Ward Management,410700201,4110120000,H/West Ward M.C. 20 20 S®e/HeefM®ece efJeYeeie,20,20
39,11,Departments related to General Administration and Ward Management,410700201,4120120000,K/East Ward M.C. 20 20 kesÀ/HetJe& efJeYeeie,20,20
39,11,Departments related to General Administration and Ward Management,410700201,4130120000,K/West Ward M.C. 20 20 kesÀ/HeefM®ece efJeYeeie,20,20
39,11,Departments related to General Administration and Ward Management,410700201,4140120000,P/South Ward M.C. 20 20 Heer/oef#eCe efJeYeeie,20,20
39,11,Departments related to General Administration and Ward Management,410700201,4150120000,P/North Ward M.C. 20 20 Heer/Gllej efJeYeeie,20,20
39,11,Departments related to General Administration and Ward Management,410700201,4160120000,R/South Ward M.C. 20 20 Deej/oef#eCe efJeYeeie,20,20
39,11,Departments related to General Administration and Ward Management,410700201,4170120000,M.C. 20 20 Deej/Gllej efJeYeeie,20,20
39,11,Departments related to General Administration and Ward Management,410700201,4180120000,M.C. 20 20 Deej/ceO³e efJeYeeie,20,20
39,11,Departments related to General Administration and Ward Management,410700201,4190120000,L Ward M.C. 20 20 Sue efJeYeeie,20,20
39,11,Departments related to General Administration and Ward Management,410700201,4200120000,M/East Ward M.C. 20 20 Sce/HetJe& efJeYeeie,20,20
39,11,Departments related to General Administration and Ward Management,410700201,4210120000,M/West Ward M.C. 20 20 Sce/HeefM®ece efJeYeeie,20,20
40,11,Departments related to General Administration and Ward Management,410700201,4220120000,N Ward M.C. 20 20 Sve efJeYeeie,20,20
40,11,Departments related to General Administration and Ward Management,410700201,4230120000,S Ward M.C. 20 20 Sme efJeYeeie,20,20
40,11,Departments related to General Administration and Ward Management,410700201,4240120000,T Ward M.C. 20 20 ìer efJeYeeie,20,20
40,11,Departments related to General Administration and Ward Management,410800300,4010120000,A Ward M.C. ... 100 S efJeYeeie,...,100
40,11,Departments related to General Administration and Ward Management,410800300,4020120000,B Ward M.C. 100 100 yeer efJeYeeie,100,100
40,11,Departments related to General Administration and Ward Management,410800300,4030120000,C Ward M.C. 100 100 meer efJeYeeie,100,100
40,11,Departments related to General Administration and Ward Management,410800300,4040120000,D Ward M.C. 100 100 [er efJeYeeie,100,100
40,11,Departments related to General Administration and Ward Management,410800300,4050120000,E Ward M.C. 100 100 F& efJeYeeie,100,100
40,11,Departments related to General Administration and Ward Management,410800300,4060120000,F/South Ward M.C. 100 100 SHeÀ/oef#eCe efJeYeeie,100,100
40,11,Departments related to General Administration and Ward Management,410800300,4070120000,F/North Ward M.C. 100 100 SHeÀ/Gllej efJeYeeie,100,100
40,11,Departments related to General Administration and Ward Management,410800300,4080120000,G/South Ward M.C. 100 100 peer/oef#eCe efJeYeeie,100,100
40,11,Departments related to General Administration and Ward Management,410800300,4090120000,G/North Ward M.C. 100 100 peer/Gllej efJeYeeie,100,100
40,11,Departments related to General Administration and Ward Management,410800300,4100120000,H/East Ward M.C. 1500 1402 S®e/HetJe& efJeYeeie,1500,1402
40,11,Departments related to General Administration and Ward Management,410800300,4110120000,H/West Ward M.C. 100 100 S®e/HeefM®ece efJeYeeie,100,100
40,11,Departments related to General Administration and Ward Management,410800300,4120120000,K/East Ward M.C. 100 100 kesÀ/HetJe& efJeYeeie,100,100
40,11,Departments related to General Administration and Ward Management,410800300,4130120000,K/West Ward M.C. 100 100 kesÀ/HeefM®ece efJeYeeie,100,100
40,11,Departments related to General Administration and Ward Management,410800300,4140120000,P/South Ward M.C. 100 100 Heer/oef#eCe efJeYeeie,100,100
40,11,Departments related to General Administration and Ward Management,410800300,4150120000,P/North Ward M.C. 100 100 Heer/Gllej efJeYeeie,100,100
40,11,Departments related to General Administration and Ward Management,410800300,4160120000,R/South Ward M.C. 100 100 Deej/oef#eCe efJeYeeie,100,100
40,11,Departments related to General Administration and Ward Management,410800300,4170120000,R/North Ward M.C. 100 100 Deej/Gllej efJeYeeie,100,100
40,11,Departments related to General Administration and Ward Management,410800300,4180120000,R/Central Ward M.C. 100 100 Deej/ceO³e efJeYeeie,100,100
40,11,Departments related to General Administration and Ward Management,410800300,4190120000,L Ward M.C. 100 100 Sue efJeYeeie,100,100
40,11,Departments related to General Administration and Ward Management,410800300,4200120000,M/East Ward M.C. 100 100 Sce/HetJe& efJeYeeie,100,100
40,11,Departments related to General Administration and Ward Management,410800300,4210120000,M.C. 100 100 Sce/HeefM®ece efJeYeeie,100,100
40,11,Departments related to General Administration and Ward Management,410800300,4220120000,M.C. 100 100 Sve efJeYeeie,100,100
40,11,Departments related to General Administration and Ward Management,410800300,4230120000,S Ward M.C. 100 100 Sme efJeYeeie,100,100
40,11,Departments related to General Administration and Ward Management,410800300,4240120000,T Ward M.C. 100 100 ìer efJeYeeie,100,100
41,11,Departments related to General Administration and Ward Management,501200005,1000120000,H.O.-M.C. 2270000,2270000,3405000
41,11,Departments related to General Administration and Ward Management,501200006,2001120000,Division-I 10000,10000,10000
41,11,Departments related to General Administration and Ward Management,501200006,2002120000,Division-II 15000,15000,15000
41,11,Departments related to General Administration and Ward Management,501200006,2003120000,Division-III 10000,10000,10000
41,11,Departments related to General Administration and Ward Management,501200006,3001125401,D.M.C.(Zone-I) 5000,5000,5000
41,11,Departments related to General Administration and Ward Management,501200006,3002125401,D.M.C.(Zone-II) 5000,5000,5000
41,11,Departments related to General Administration and Ward Management,501200006,3003125401,D.M.C.(Zone-III) 5000,5000,5000
41,11,Departments related to General Administration and Ward Management,501200006,3004125401,D.M.C.(Zone-IV) 5000,5000,5000
41,11,Departments related to General Administration and Ward Management,501200006,3005125401,D.M.C.(Zone-V) 5000,5000,5000
41,11,Departments related to General Administration and Ward Management,501200006,3006125401,D.M.C.(Zone-VI) 5000,5000,5000
41,11,Departments related to General Administration and Ward Management,501200006,3007125401,D.M.C.(Zone-VII) 5000,5000,5000
43,11,Departments related to General Administration and Ward Management,501200007,4010120000,A Ward 1500,1500,1500
43,11,Departments related to General Administration and Ward Management,501200007,4020120000,B Ward 1500,1500,1500
43,11,Departments related to General Administration and Ward Management,501200007,4030120000,C Ward 1500,1500,1500
43,11,Departments related to General Administration and Ward Management,501200007,4040120000,D Ward 1500,1500,1500
43,11,Departments related to General Administration and Ward Management,501200007,4050120000,E Ward 1500,1500,1500
43,11,Departments related to General Administration and Ward Management,501200007,4060120000,F/South Ward 1500,1500,1500
43,11,Departments related to General Administration and Ward Management,501200007,4070120000,F/North Ward 1500,1500,1500
43,11,Departments related to General Administration and Ward Management,501200007,4080120000,G/South Ward 1500,1500,1500
43,11,Departments related to General Administration and Ward Management,501200007,4090120000,G/North Ward 1500,1500,1500
43,11,Departments related to General Administration and Ward Management,501200007,4100120000,H/East Ward 1500,1500,1500
43,11,Departments related to General Administration and Ward Management,501200007,4110120000,H/West Ward 1500,1500,1500
43,11,Departments related to General Administration and Ward Management,501200007,4120120000,K/East Ward 1500,1500,1500
43,11,Departments related to General Administration and Ward Management,501200007,4130120000,K/West Ward 1500,1500,1500
43,11,Departments related to General Administration and Ward Management,501200007,4140120000,P/South Ward 1500,1500,1500
43,11,Departments related to General Administration and Ward Management,501200007,4150120000,P/North Ward 1500,1500,1500
43,11,Departments related to General Administration and Ward Management,501200007,4160120000,R/South Ward 1500,1500,1500
43,11,Departments related to General Administration and Ward Management,501200007,4170120000,R/North Ward 1500,1500,1500
43,11,Departments related to General Administration and Ward Management,501200007,4180120000,R/Central Ward 1500,1500,1500
43,11,Departments related to General Administration and Ward Management,501200007,4190120000,L Ward 1500,1500,1500
43,11,Departments related to General Administration and Ward Management,501200007,4200120000,M/East Ward 1500,1500,1500
43,11,Departments related to General Administration and Ward Management,501200007,4210120000,M/West Ward 1500,1500,1500
43,11,Departments related to General Administration and Ward Management,501200007,4220120000,N Ward 1500,1500,1500
43,11,Departments related to General Administration and Ward Management,501200007,4230120000,S Ward 1500,1500,1500
43,11,Departments related to General Administration and Ward Management,501200007,4240120000,T Ward 1500,1500,1500
45,11,Departments related to General Administration and Ward Management,501201316,3001125401,D.M.C.(Zone-I) 30000,30000,30000
45,11,Departments related to General Administration and Ward Management,501201316,3002125401,D.M.C.(Zone-II) 30000,30000,30000
45,11,Departments related to General Administration and Ward Management,501201316,3003125401,D.M.C.(Zone-III) 30000,30000,30000
45,11,Departments related to General Administration and Ward Management,501201316,3004125401,D.M.C.(Zone-IV) 30000,30000,30000
45,11,Departments related to General Administration and Ward Management,501201316,3005125401,D.M.C.(Zone-V) 30000,30000,30000
45,11,Departments related to General Administration and Ward Management,501201316,3006125401,D.M.C.(Zone-VI) 30000,30000,30000
45,11,Departments related to General Administration and Ward Management,501201316,3007125401,D.M.C.(Zone-VII) 30000,30000,30000
45,11,Departments related to General Administration and Ward Management,501201568,4010120000,A Ward 5000,5000,5000
45,11,Departments related to General Administration and Ward Management,501201568,4020120000,B Ward 5000,5000,5000
45,11,Departments related to General Administration and Ward Management,501201568,4030120000,C Ward 5000,5000,5000
45,11,Departments related to General Administration and Ward Management,501201568,4040120000,D Ward 5000,5000,5000
45,11,Departments related to General Administration and Ward Management,501201568,4050120000,E Ward 5000,5000,5000
45,11,Departments related to General Administration and Ward Management,501201568,4060120000,F/South Ward 5000,5000,5000
45,11,Departments related to General Administration and Ward Management,501201568,4070120000,F/North Ward 5000,5000,5000
45,11,Departments related to General Administration and Ward Management,501201568,4080120000,G/South Ward 5000,5000,5000
45,11,Departments related to General Administration and Ward Management,501201568,4090120000,G/North Ward 5000,5000,5000
45,11,Departments related to General Administration and Ward Management,501201568,4100120000,H/East Ward 5000,5000,5000
45,11,Departments related to General Administration and Ward Management,501201568,4110120000,H/West Ward 5000,5000,5000
45,11,Departments related to General Administration and Ward Management,501201568,4120120000,K/East Ward 5000,5000,5000
45,11,Departments related to General Administration and Ward Management,501201568,4130120000,K/West Ward 5000,5000,5000
45,11,Departments related to General Administration and Ward Management,501201568,4140120000,P/South Ward 5000,5000,5000
47,11,Departments related to General Administration and Ward Management,501201568,4150120000,P/North Ward 5000,5000,5000
47,11,Departments related to General Administration and Ward Management,501201568,4160120000,R/South Ward 5000,5000,5000
47,11,Departments related to General Administration and Ward Management,501201568,4170120000,R/North Ward 5000,5000,5000
47,11,Departments related to General Administration and Ward Management,501201568,4180120000,R/Central Ward 5000,5000,5000
47,11,Departments related to General Administration and Ward Management,501201568,4190120000,L Ward 5000,5000,5000
47,11,Departments related to General Administration and Ward Management,501201568,4200120000,M/East Ward 5000,5000,5000
47,11,Departments related to General Administration and Ward Management,501201568,4210120000,M/West Ward 5000,5000,5000
47,11,Departments related to General Administration and Ward Management,501201568,4220120000,N Ward 5000,5000,5000
47,11,Departments related to General Administration and Ward Management,501201568,4230120000,S Ward 5000,5000,5000
47,11,Departments related to General Administration and Ward Management,501201568,4240120000,T Ward 5000,5000,5000
47,11,Departments related to General Administration and Ward Management,501203001,4170120000,Unforeseen Expenses Const. - 001 6000,6000,6000
47,11,Departments related to General Administration and Ward Management,501203002,4170120000,Unforeseen Expenses Const. - 002 6000,6000,6000
47,11,Departments related to General Administration and Ward Management,501203003,4170120000,Unforeseen Expenses Const. - 003 6000,6000,6000
47,11,Departments related to General Administration and Ward Management,501203004,4170120000,Unforeseen Expenses Const. - 004 6000,6000,6000
47,11,Departments related to General Administration and Ward Management,501203005,4170120000,Unforeseen Expenses Const. - 005 6000,6000,6000
47,11,Departments related to General Administration and Ward Management,501203006,4170120000,Unforeseen Expenses Const. - 006 6000,6000,6000
47,11,Departments related to General Administration and Ward Management,501203007,4170120000,Unforeseen Expenses Const. - 007 6000,6000,6000
47,11,Departments related to General Administration and Ward Management,501203008,4170120000,Unforeseen Expenses Const. - 008 6000,6000,6000
47,11,Departments related to General Administration and Ward Management,501203009,4180120000,Unforeseen Expenses Const. - 009 6000,6000,6000
47,11,Departments related to General Administration and Ward Management,501203010,4180120000,Unforeseen Expenses Const. - 010 6000,6000,6000
47,11,Departments related to General Administration and Ward Management,501203011,4180120000,Unforeseen Expenses Const. - 011 6000,6000,6000
47,11,Departments related to General Administration and Ward Management,501203012,4180120000,Unforeseen Expenses Const. - 012 6000,6000,6000
47,11,Departments related to General Administration and Ward Management,501203013,4180120000,Unforeseen Expenses Const. - 013 6000,6000,6000
47,11,Departments related to General Administration and Ward Management,501203014,4180120000,6000,6000,6000
49,11,Departments related to General Administration and Ward Management,501203015,4180120000,Unforeseen Expenses Const. - 015 6000,6000,6000
49,11,Departments related to General Administration and Ward Management,501203016,4180120000,Unforeseen Expenses Const. - 016 6000,6000,6000
49,11,Departments related to General Administration and Ward Management,501203017,4180120000,Unforeseen Expenses Const. - 017 6000,6000,6000
49,11,Departments related to General Administration and Ward Management,501203018,4180120000,Unforeseen Expenses Const. - 018 6000,6000,6000
49,11,Departments related to General Administration and Ward Management,501203019,4160120000,Unforeseen Expenses Const. - 019 6000,6000,6000
49,11,Departments related to General Administration and Ward Management,501203020,4160120000,Unforeseen Expenses Const. - 020 6000,6000,6000
49,11,Departments related to General Administration and Ward Management,501203021,4160120000,Unforeseen Expenses Const. - 021 6000,6000,6000
49,11,Departments related to General Administration and Ward Management,501203022,4160120000,6000,6000,6000
49,11,Departments related to General Administration and Ward Management,501203023,4160120000,Unforeseen Expenses Const. - 023 6000,6000,6000
49,11,Departments related to General Administration and Ward Management,501203024,4160120000,Unforeseen Expenses Const. - 024 6000,6000,6000
49,11,Departments related to General Administration and Ward Management,501203025,4160120000,Unforeseen Expenses Const. - 025 6000,6000,6000
49,11,Departments related to General Administration and Ward Management,501203026,4160120000,Unforeseen Expenses Const. - 026 6000,6000,6000
49,11,Departments related to General Administration and Ward Management,501203027,4160120000,Unforeseen Expenses Const. - 027 6000,6000,6000
49,11,Departments related to General Administration and Ward Management,501203028,4160120000,Unforeseen Expenses Const. - 028 6000,6000,6000
49,11,Departments related to General Administration and Ward Management,501203029,4160120000,Unforeseen Expenses Const. - 029 6000,6000,6000
49,11,Departments related to General Administration and Ward Management,501203030,4160120000,Unforeseen Expenses Const. - 030 6000,6000,6000
49,11,Departments related to General Administration and Ward Management,501203031,4160120000,Unforeseen Expenses Const. - 031 6000,6000,6000
49,11,Departments related to General Administration and Ward Management,501203032,4150120000,Unforeseen Expenses Const. - 032 6000,6000,6000
49,11,Departments related to General Administration and Ward Management,501203033,4150120000,Unforeseen Expenses Const. - 033 6000,6000,6000
49,11,Departments related to General Administration and Ward Management,501203034,4150120000,Unforeseen Expenses Const. - 034 6000,6000,6000
49,11,Departments related to General Administration and Ward Management,501203035,4150120000,Unforeseen Expenses Const. - 035 6000,6000,6000
49,11,Departments related to General Administration and Ward Management,501203036,4150120000,Unforeseen Expenses Const. - 036 6000,6000,6000
49,11,Departments related to General Administration and Ward Management,501203037,4150120000,Unforeseen Expenses Const. - 037 6000,6000,6000
49,11,Departments related to General Administration and Ward Management,501203038,4150120000,Unforeseen Expenses Const. - 038 6000,6000,6000
49,11,Departments related to General Administration and Ward Management,501203039,4150120000,Unforeseen Expenses Const. - 039 6000,6000,6000
51,11,Departments related to General Administration and Ward Management,501203040,4150120000,Unforeseen Expenses Const. - 040 6000,6000,6000
51,11,Departments related to General Administration and Ward Management,501203041,4150120000,Unforeseen Expenses Const. - 041 6000,6000,6000
51,11,Departments related to General Administration and Ward Management,501203042,4150120000,Unforeseen Expenses Const. - 042 6000,6000,6000
51,11,Departments related to General Administration and Ward Management,501203043,4150120000,Unforeseen Expenses Const. - 043 6000,6000,6000
51,11,Departments related to General Administration and Ward Management,501203044,4150120000,Unforeseen Expenses Const. - 044 6000,6000,6000
51,11,Departments related to General Administration and Ward Management,501203045,4150120000,Unforeseen Expenses Const. - 045 6000,6000,6000
51,11,Departments related to General Administration and Ward Management,501203046,4150120000,Unforeseen Expenses Const. - 046 6000,6000,6000
51,11,Departments related to General Administration and Ward Management,501203047,4150120000,6000,6000,6000
51,11,Departments related to General Administration and Ward Management,501203048,4150120000,Unforeseen Expenses Const. - 048 6000,6000,6000
51,11,Departments related to General Administration and Ward Management,501203049,4150120000,Unforeseen Expenses Const. - 049 6000,6000,6000
51,11,Departments related to General Administration and Ward Management,501203050,4140120000,Unforeseen Expenses Const. - 050 6000,6000,6000
51,11,Departments related to General Administration and Ward Management,501203051,4140120000,Unforeseen Expenses Const. - 051 6000,6000,6000
51,11,Departments related to General Administration and Ward Management,501203052,4140120000,Unforeseen Expenses Const. - 052 6000,6000,6000
51,11,Departments related to General Administration and Ward Management,501203053,4140120000,Unforeseen Expenses Const. - 053 6000,6000,6000
51,11,Departments related to General Administration and Ward Management,501203054,4140120000,Unforeseen Expenses Const. - 054 6000,6000,6000
51,11,Departments related to General Administration and Ward Management,501203055,4140120000,Unforeseen Expenses Const. - 055 6000,6000,6000
51,11,Departments related to General Administration and Ward Management,501203056,4140120000,Unforeseen Expenses Const. - 056 6000,6000,6000
51,11,Departments related to General Administration and Ward Management,501203057,4140120000,Unforeseen Expenses Const. - 057 6000,6000,6000
51,11,Departments related to General Administration and Ward Management,501203058,4140120000,Unforeseen Expenses Const. - 058 6000,6000,6000
51,11,Departments related to General Administration and Ward Management,501203059,4130120000,Unforeseen Expenses Const. - 059 6000,6000,6000
51,11,Departments related to General Administration and Ward Management,501203060,4130120000,Unforeseen Expenses Const. - 060 6000,6000,6000
51,11,Departments related to General Administration and Ward Management,501203061,4130120000,Unforeseen Expenses Const. - 061 6000,6000,6000
51,11,Departments related to General Administration and Ward Management,501203062,4130120000,Unforeseen Expenses Const. - 062 6000,6000,6000
51,11,Departments related to General Administration and Ward Management,501203063,4130120000,Unforeseen Expenses Const. - 063 6000,6000,6000
51,11,Departments related to General Administration and Ward Management,501203064,4130120000,Unforeseen Expenses Const. - 064 6000,6000,6000
53,11,Departments related to General Administration and Ward Management,501203065,4130120000,Unforeseen Expenses Const. - 065 6441,6441,6000
53,11,Departments related to General Administration and Ward Management,501203066,4130120000,Unforeseen Expenses Const. - 066 6000,6000,6000
53,11,Departments related to General Administration and Ward Management,501203067,4130120000,Unforeseen Expenses Const. - 067 6000,6000,6000
53,11,Departments related to General Administration and Ward Management,501203068,4130120000,Unforeseen Expenses Const. - 068 6000,6000,6000
53,11,Departments related to General Administration and Ward Management,501203069,4130120000,Unforeseen Expenses Const. - 069 6000,6000,6000
53,11,Departments related to General Administration and Ward Management,501203070,4130120000,Unforeseen Expenses Const. - 070 6000,6000,6000
53,11,Departments related to General Administration and Ward Management,501203071,4130120000,Unforeseen Expenses Const. - 071 6000,6000,6000
53,11,Departments related to General Administration and Ward Management,501203072,4120120000,6000,6000,6000
53,11,Departments related to General Administration and Ward Management,501203073,4120120000,Unforeseen Expenses Const. - 073 6000,6000,6000
53,11,Departments related to General Administration and Ward Management,501203074,4120120000,Unforeseen Expenses Const. - 074 6000,6000,6000
53,11,Departments related to General Administration and Ward Management,501203075,4120120000,Unforeseen Expenses Const. - 075 6000,6000,6000
53,11,Departments related to General Administration and Ward Management,501203076,4120120000,Unforeseen Expenses Const. - 076 6000,6000,6000
53,11,Departments related to General Administration and Ward Management,501203077,4120120000,Unforeseen Expenses Const. - 077 6000,6000,6000
53,11,Departments related to General Administration and Ward Management,501203078,4120120000,Unforeseen Expenses Const. - 078 6000,6000,6000
53,11,Departments related to General Administration and Ward Management,501203079,4120120000,Unforeseen Expenses Const. - 079 6000,6000,6000
53,11,Departments related to General Administration and Ward Management,501203080,4120120000,Unforeseen Expenses Const. - 080 6000,6000,6000
53,11,Departments related to General Administration and Ward Management,501203081,4120120000,Unforeseen Expenses Const. - 081 6000,6000,6000
53,11,Departments related to General Administration and Ward Management,501203082,4120120000,Unforeseen Expenses Const. - 082 6000,6000,6000
53,11,Departments related to General Administration and Ward Management,501203083,4120120000,Unforeseen Expenses Const. - 083 6000,6000,6000
53,11,Departments related to General Administration and Ward Management,501203084,4120120000,Unforeseen Expenses Const. - 084 6000,6000,6000
53,11,Departments related to General Administration and Ward Management,501203085,4120120000,Unforeseen Expenses Const. - 085 6000,6000,6000
53,11,Departments related to General Administration and Ward Management,501203086,4120120000,Unforeseen Expenses Const. - 086 6000,6000,6000
53,11,Departments related to General Administration and Ward Management,501203087,4100120000,Unforeseen Expenses Const. - 087 6000,6000,6000
53,11,Departments related to General Administration and Ward Management,501203088,4100120000,Unforeseen Expenses Const. - 088 6000,6000,6000
53,11,Departments related to General Administration and Ward Management,501203089,4100120000,Unforeseen Expenses Const. - 089 6000,6000,6000
55,11,Departments related to General Administration and Ward Management,501203090,4100120000,Unforeseen Expenses Const. - 090 6000,6000,6000
55,11,Departments related to General Administration and Ward Management,501203091,4100120000,Unforeseen Expenses Const. - 091 6000,6000,6000
55,11,Departments related to General Administration and Ward Management,501203092,4100120000,Unforeseen Expenses Const. - 092 6000,6000,6000
55,11,Departments related to General Administration and Ward Management,501203093,4100120000,Unforeseen Expenses Const. - 093 6000,6000,6000
55,11,Departments related to General Administration and Ward Management,501203094,4100120000,Unforeseen Expenses Const. - 094 6000,6000,6000
55,11,Departments related to General Administration and Ward Management,501203095,4100120000,Unforeseen Expenses Const. - 095 6000,6000,6000
55,11,Departments related to General Administration and Ward Management,501203096,4100120000,Unforeseen Expenses Const. - 096 6000,6000,6000
55,11,Departments related to General Administration and Ward Management,501203097,4110120000,6000,6000,6000
55,11,Departments related to General Administration and Ward Management,501203098,4110120000,Unforeseen Expenses Const. - 098 6000,6000,6000
55,11,Departments related to General Administration and Ward Management,501203099,4110120000,Unforeseen Expenses Const. - 099 6000,6000,6000
55,11,Departments related to General Administration and Ward Management,501203100,4110120000,Unforeseen Expenses Const. - 100 6000,6000,6000
55,11,Departments related to General Administration and Ward Management,501203101,4110120000,Unforeseen Expenses Const. - 101 6000,6000,6000
55,11,Departments related to General Administration and Ward Management,501203102,4110120000,Unforeseen Expenses Const. - 102 6000,6000,6000
55,11,Departments related to General Administration and Ward Management,501203103,4240120000,Unforeseen Expenses Const. - 103 6000,6000,6000
55,11,Departments related to General Administration and Ward Management,501203104,4240120000,Unforeseen Expenses Const. - 104 6000,6000,6000
55,11,Departments related to General Administration and Ward Management,501203105,4240120000,Unforeseen Expenses Const. - 105 6000,6000,6000
55,11,Departments related to General Administration and Ward Management,501203106,4240120000,Unforeseen Expenses Const. - 106 6000,6000,6000
55,11,Departments related to General Administration and Ward Management,501203107,4240120000,Unforeseen Expenses Const. - 107 6000,6000,6000
55,11,Departments related to General Administration and Ward Management,501203108,4240120000,Unforeseen Expenses Const. - 108 6000,6000,6000
55,11,Departments related to General Administration and Ward Management,501203109,4230120000,Unforeseen Expenses Const. - 109 6000,6000,6000
55,11,Departments related to General Administration and Ward Management,501203110,4230120000,Unforeseen Expenses Const. - 110 6000,6000,6000
55,11,Departments related to General Administration and Ward Management,501203111,4230120000,Unforeseen Expenses Const. - 111 6000,6000,6000
55,11,Departments related to General Administration and Ward Management,501203112,4230120000,Unforeseen Expenses Const. - 112 6000,6000,6000
55,11,Departments related to General Administration and Ward Management,501203113,4230120000,Unforeseen Expenses Const. - 113 6000,6000,6000
55,11,Departments related to General Administration and Ward Management,501203114,4230120000,Unforeseen Expenses Const. - 114 6000,6000,6000
57,11,Departments related to General Administration and Ward Management,501203115,4230120000,Unforeseen Expenses Const. - 115 6000,6000,6000
57,11,Departments related to General Administration and Ward Management,501203116,4230120000,Unforeseen Expenses Const. - 116 6000,6000,6000
57,11,Departments related to General Administration and Ward Management,501203117,4230120000,Unforeseen Expenses Const. - 117 6000,6000,6000
57,11,Departments related to General Administration and Ward Management,501203118,4230120000,Unforeseen Expenses Const. - 118 6000,6000,6000
57,11,Departments related to General Administration and Ward Management,501203119,4230120000,Unforeseen Expenses Const. - 119 6000,6000,6000
57,11,Departments related to General Administration and Ward Management,501203120,4230120000,Unforeseen Expenses Const. - 120 6000,6000,6000
57,11,Departments related to General Administration and Ward Management,501203121,4230120000,Unforeseen Expenses Const. - 121 6000,6000,6000
57,11,Departments related to General Administration and Ward Management,501203122,4230120000,6000,6000,6000
57,11,Departments related to General Administration and Ward Management,501203123,4220120000,Unforeseen Expenses Const. - 123 6000,6000,6000
57,11,Departments related to General Administration and Ward Management,501203124,4220120000,Unforeseen Expenses Const. - 124 6000,6000,6000
57,11,Departments related to General Administration and Ward Management,501203125,4220120000,Unforeseen Expenses Const. - 125 6000,6000,6000
57,11,Departments related to General Administration and Ward Management,501203126,4220120000,Unforeseen Expenses Const. - 126 6000,6000,6000
57,11,Departments related to General Administration and Ward Management,501203127,4220120000,Unforeseen Expenses Const. - 127 6000,6000,6000
57,11,Departments related to General Administration and Ward Management,501203128,4220120000,Unforeseen Expenses Const. - 128 6000,6000,6000
57,11,Departments related to General Administration and Ward Management,501203129,4220120000,Unforeseen Expenses Const. - 129 6000,6000,6000
57,11,Departments related to General Administration and Ward Management,501203130,4220120000,Unforeseen Expenses Const. - 130 6000,6000,6000
57,11,Departments related to General Administration and Ward Management,501203131,4220120000,Unforeseen Expenses Const. - 131 6000,6000,6000
57,11,Departments related to General Administration and Ward Management,501203132,4220120000,Unforeseen Expenses Const. - 132 6000,6000,6000
57,11,Departments related to General Administration and Ward Management,501203133,4220120000,Unforeseen Expenses Const. - 133 6000,6000,6000
57,11,Departments related to General Administration and Ward Management,501203134,4200120000,Unforeseen Expenses Const. - 134 6000,6000,6000
57,11,Departments related to General Administration and Ward Management,501203135,4200120000,Unforeseen Expenses Const. - 135 6000,6000,6000
57,11,Departments related to General Administration and Ward Management,501203136,4200120000,Unforeseen Expenses Const. - 136 6000,6000,6000
57,11,Departments related to General Administration and Ward Management,501203137,4200120000,Unforeseen Expenses Const. - 137 6000,6000,6000
57,11,Departments related to General Administration and Ward Management,501203138,4200120000,Unforeseen Expenses Const. - 138 6000,6000,6000
57,11,Departments related to General Administration and Ward Management,501203139,4200120000,Unforeseen Expenses Const. - 139 6000,6000,6000
59,11,Departments related to General Administration and Ward Management,501203140,4200120000,Unforeseen Expenses Const. - 140 6000,6000,6000
59,11,Departments related to General Administration and Ward Management,501203141,4200120000,Unforeseen Expenses Const. - 141 6000,6000,6000
59,11,Departments related to General Administration and Ward Management,501203142,4200120000,Unforeseen Expenses Const. - 142 6000,6000,6000
59,11,Departments related to General Administration and Ward Management,501203143,4200120000,Unforeseen Expenses Const. - 143 6000,6000,6000
59,11,Departments related to General Administration and Ward Management,501203144,4200120000,Unforeseen Expenses Const. - 144 6000,6000,6000
59,11,Departments related to General Administration and Ward Management,501203145,4200120000,Unforeseen Expenses Const. - 145 6000,6000,6000
59,11,Departments related to General Administration and Ward Management,501203146,4200120000,Unforeseen Expenses Const. - 146 6000,6000,6000
59,11,Departments related to General Administration and Ward Management,501203147,4200120000,6000,6000,6000
59,11,Departments related to General Administration and Ward Management,501203148,4200120000,Unforeseen Expenses Const. - 148 6000,6000,6000
59,11,Departments related to General Administration and Ward Management,501203149,4210120000,Unforeseen Expenses Const. - 149 6000,6000,6000
59,11,Departments related to General Administration and Ward Management,501203150,4210120000,Unforeseen Expenses Const. - 150 6000,6000,6000
59,11,Departments related to General Administration and Ward Management,501203151,4210120000,Unforeseen Expenses Const. - 151 6000,6000,6000
59,11,Departments related to General Administration and Ward Management,501203152,4210120000,Unforeseen Expenses Const. - 152 6000,6000,6000
59,11,Departments related to General Administration and Ward Management,501203153,4210120000,Unforeseen Expenses Const. - 153 6000,6000,6000
59,11,Departments related to General Administration and Ward Management,501203154,4210120000,Unforeseen Expenses Const. - 154 6000,6000,6000
59,11,Departments related to General Administration and Ward Management,501203155,4210120000,Unforeseen Expenses Const. - 155 6000,6000,6000
59,11,Departments related to General Administration and Ward Management,501203156,4190120000,Unforeseen Expenses Const. - 156 6000,6000,6000
59,11,Departments related to General Administration and Ward Management,501203157,4190120000,Unforeseen Expenses Const. - 157 6000,6000,6000
59,11,Departments related to General Administration and Ward Management,501203158,4190120000,Unforeseen Expenses Const. - 158 6000,6000,6000
59,11,Departments related to General Administration and Ward Management,501203159,4190120000,Unforeseen Expenses Const. - 159 6000,6000,6000
59,11,Departments related to General Administration and Ward Management,501203160,4190120000,Unforeseen Expenses Const. - 160 6000,6000,6000
59,11,Departments related to General Administration and Ward Management,501203161,4190120000,Unforeseen Expenses Const. - 161 6000,6000,6000
59,11,Departments related to General Administration and Ward Management,501203162,4190120000,Unforeseen Expenses Const. - 162 6000,6000,6000
59,11,Departments related to General Administration and Ward Management,501203163,4190120000,Unforeseen Expenses Const. - 163 6000,6000,6000
59,11,Departments related to General Administration and Ward Management,501203164,4190120000,Unforeseen Expenses Const. - 164 6000,6000,6000
61,11,Departments related to General Administration and Ward Management,501203165,4190120000,Unforeseen Expenses Const. - 165 6000,6000,6000
61,11,Departments related to General Administration and Ward Management,501203166,4190120000,Unforeseen Expenses Const. - 166 6000,6000,6000
61,11,Departments related to General Administration and Ward Management,501203167,4190120000,Unforeseen Expenses Const. - 167 6000,6000,6000
61,11,Departments related to General Administration and Ward Management,501203168,4190120000,Unforeseen Expenses Const. - 168 6000,6000,6000
61,11,Departments related to General Administration and Ward Management,501203169,4190120000,Unforeseen Expenses Const. - 169 6000,6000,6000
61,11,Departments related to General Administration and Ward Management,501203170,4190120000,Unforeseen Expenses Const. - 170 6000,6000,6000
61,11,Departments related to General Administration and Ward Management,501203171,4190120000,Unforeseen Expenses Const. - 171 6000,6000,6000
61,11,Departments related to General Administration and Ward Management,501203172,4070120000,6000,6000,6000
61,11,Departments related to General Administration and Ward Management,501203173,4070120000,Unforeseen Expenses Const. - 173 6000,6000,6000
61,11,Departments related to General Administration and Ward Management,501203174,4070120000,Unforeseen Expenses Const. - 174 6000,6000,6000
61,11,Departments related to General Administration and Ward Management,501203175,4070120000,Unforeseen Expenses Const. - 175 6000,6000,6000
61,11,Departments related to General Administration and Ward Management,501203176,4070120000,Unforeseen Expenses Const. - 176 6000,6000,6000
61,11,Departments related to General Administration and Ward Management,501203177,4070120000,Unforeseen Expenses Const. - 177 6000,6000,6000
61,11,Departments related to General Administration and Ward Management,501203178,4070120000,Unforeseen Expenses Const. - 178 6000,6000,6000
61,11,Departments related to General Administration and Ward Management,501203179,4070120000,Unforeseen Expenses Const. - 179 6000,6000,6000
61,11,Departments related to General Administration and Ward Management,501203180,4070120000,Unforeseen Expenses Const. - 180 6000,6000,6000
61,11,Departments related to General Administration and Ward Management,501203181,4070120000,Unforeseen Expenses Const. - 181 6000,6000,6000
61,11,Departments related to General Administration and Ward Management,501203182,4090120000,Unforeseen Expenses Const. - 182 6000,6000,6000
61,11,Departments related to General Administration and Ward Management,501203183,4090120000,Unforeseen Expenses Const. - 183 6000,6000,6000
61,11,Departments related to General Administration and Ward Management,501203184,4090120000,Unforeseen Expenses Const. - 184 6000,6000,6000
61,11,Departments related to General Administration and Ward Management,501203185,4090120000,Unforeseen Expenses Const. - 185 6000,6000,6000
61,11,Departments related to General Administration and Ward Management,501203186,4090120000,Unforeseen Expenses Const. - 186 6000,6000,6000
61,11,Departments related to General Administration and Ward Management,501203187,4090120000,Unforeseen Expenses Const. - 187 6000,6000,6000
61,11,Departments related to General Administration and Ward Management,501203188,4090120000,Unforeseen Expenses Const. - 188 6000,6000,6000
61,11,Departments related to General Administration and Ward Management,501203189,4090120000,Unforeseen Expenses Const. - 189 6000,6000,6000
63,11,Departments related to General Administration and Ward Management,501203190,4090120000,Unforeseen Expenses Const. - 190 6000,6000,6000
63,11,Departments related to General Administration and Ward Management,501203191,4090120000,Unforeseen Expenses Const. - 191 6000,6000,6000
63,11,Departments related to General Administration and Ward Management,501203192,4090120000,Unforeseen Expenses Const. - 192 6000,6000,6000
63,11,Departments related to General Administration and Ward Management,501203193,4080120000,Unforeseen Expenses Const. - 193 6000,6000,6000
63,11,Departments related to General Administration and Ward Management,501203194,4080120000,Unforeseen Expenses Const. - 194 6000,6000,6000
63,11,Departments related to General Administration and Ward Management,501203195,4080120000,Unforeseen Expenses Const. - 195 6000,6000,6000
63,11,Departments related to General Administration and Ward Management,501203196,4080120000,Unforeseen Expenses Const. - 196 6000,6000,6000
63,11,Departments related to General Administration and Ward Management,501203197,4080120000,6000,6000,6000
63,11,Departments related to General Administration and Ward Management,501203198,4080120000,Unforeseen Expenses Const. - 198 6000,6000,6000
63,11,Departments related to General Administration and Ward Management,501203199,4080120000,Unforeseen Expenses Const. - 199 6000,6000,6000
63,11,Departments related to General Administration and Ward Management,501203200,4060120000,Unforeseen Expenses Const. - 200 6000,6000,6000
63,11,Departments related to General Administration and Ward Management,501203201,4060120000,Unforeseen Expenses Const. - 201 6000,6000,6000
63,11,Departments related to General Administration and Ward Management,501203202,4060120000,Unforeseen Expenses Const. - 202 6000,6000,6000
63,11,Departments related to General Administration and Ward Management,501203203,4060120000,Unforeseen Expenses Const. - 203 6000,6000,6000
63,11,Departments related to General Administration and Ward Management,501203204,4060120000,Unforeseen Expenses Const. - 204 6000,6000,6000
63,11,Departments related to General Administration and Ward Management,501203205,4060120000,Unforeseen Expenses Const. - 205 6000,6000,6000
63,11,Departments related to General Administration and Ward Management,501203206,4060120000,Unforeseen Expenses Const. - 206 6000,6000,6000
63,11,Departments related to General Administration and Ward Management,501203207,4050120000,Unforeseen Expenses Const. - 207 6000,6000,6000
63,11,Departments related to General Administration and Ward Management,501203208,4050120000,Unforeseen Expenses Const. - 208 6000,6000,6000
63,11,Departments related to General Administration and Ward Management,501203209,4050120000,Unforeseen Expenses Const. - 209 6000,6000,6000
63,11,Departments related to General Administration and Ward Management,501203210,4050120000,Unforeseen Expenses Const. - 210 6000,6000,6000
63,11,Departments related to General Administration and Ward Management,501203211,4050120000,Unforeseen Expenses Const. - 211 6000,6000,6000
63,11,Departments related to General Administration and Ward Management,501203212,4050120000,Unforeseen Expenses Const. - 212 6000,6000,6000
63,11,Departments related to General Administration and Ward Management,501203213,4050120000,Unforeseen Expenses Const. - 213 6000,6000,6000
63,11,Departments related to General Administration and Ward Management,501203214,4040120000,Unforeseen Expenses Const. - 214 6000,6000,6000
65,11,Departments related to General Administration and Ward Management,501203215,4040120000,Unforeseen Expenses Const. - 215 6000,6000,6000
65,11,Departments related to General Administration and Ward Management,501203216,4040120000,Unforeseen Expenses Const. - 216 6000,6000,6000
65,11,Departments related to General Administration and Ward Management,501203217,4040120000,Unforeseen Expenses Const. - 217 6000,6000,6000
65,11,Departments related to General Administration and Ward Management,501203218,4040120000,Unforeseen Expenses Const. - 218 6000,6000,6000
65,11,Departments related to General Administration and Ward Management,501203219,4040120000,Unforeseen Expenses Const. - 219 6000,6000,6000
65,11,Departments related to General Administration and Ward Management,501203220,4030120000,Unforeseen Expenses Const. - 220 6000,6000,6000
65,11,Departments related to General Administration and Ward Management,501203221,4030120000,Unforeseen Expenses Const. - 221 6000,6000,6000
65,11,Departments related to General Administration and Ward Management,501203222,4030120000,6000,6000,6000
65,11,Departments related to General Administration and Ward Management,501203223,4020120000,Unforeseen Expenses Const. - 223 6000,6000,6000
65,11,Departments related to General Administration and Ward Management,501203224,4020120000,Unforeseen Expenses Const. - 224 6000,6000,6000
65,11,Departments related to General Administration and Ward Management,501203225,4010120000,Unforeseen Expenses Const. - 225 6000,6000,6000
65,11,Departments related to General Administration and Ward Management,501203226,4010120000,Unforeseen Expenses Const. - 226 6000,6000,6000
65,11,Departments related to General Administration and Ward Management,501203227,4010120000,Unforeseen Expenses Const. - 227 6000,6000,6000
65,11,Departments related to General Administration and Ward Management,501203228,1000120000,Unforeseen Expenses - I 6000,6000,6000
65,11,Departments related to General Administration and Ward Management,501203229,1000120000,Unforeseen Expenses - II 6000,6000,6000
65,11,Departments related to General Administration and Ward Management,501203230,1000120000,Unforeseen Expenses - III 6000,6000,6000
65,11,Departments related to General Administration and Ward Management,501203231,1000120000,Unforeseen Expenses - IV 6000,6000,6000
65,11,Departments related to General Administration and Ward Management,501203232,1000120000,Unforeseen Expenses - V 6000,6000,6000
65,11,Departments related to General Administration and Ward Management,501203367,1000120000,Unforeseen Expenses Const. - VI 6000,6000,6000
65,11,Departments related to General Administration and Ward Management,501203368,1000120000,Unforeseen Expenses Const. - VII 6000,6000,6000
65,11,Departments related to General Administration and Ward Management,501203369,1000120000,Unforeseen Expenses Const. - VIII 6000,6000,6000
65,11,Departments related to General Administration and Ward Management,501203370,1000120000,Unforeseen Expenses Const. - IX 6000,6000,6000
65,11,Departments related to General Administration and Ward Management,501203371,1000120000,Unforeseen Expenses Const. - X 6000,6000,6000
67,11,Departments related to General Administration and Ward Management,501203362,1000120000,civic amenitites alongwith development 7159472,7159472,7500000
67,11,Departments related to General Administration and Ward Management,501203362,4010120000,A Ward 280000,280000,...
67,11,Departments related to General Administration and Ward Management,501203362,4040120000,D Ward 240000,240000,...
67,11,Departments related to General Administration and Ward Management,501203362,4050120000,E Ward 280000,280000,...
67,11,Departments related to General Administration and Ward Management,501203362,4060120000,F/South Ward 184000,184000,...
67,11,Departments related to General Administration and Ward Management,501203362,4070120000,F/North Ward 296000,296000,...
67,11,Departments related to General Administration and Ward Management,501203362,4080120000,G/South Ward 100000,100000,...
67,11,Departments related to General Administration and Ward Management,501203362,4090120000,180000,180000,...
67,11,Departments related to General Administration and Ward Management,501203362,4100120000,H/East Ward 226900,226900,...
67,11,Departments related to General Administration and Ward Management,501203362,4110120000,H/West Ward 300000,300000,...
67,11,Departments related to General Administration and Ward Management,501203362,4120120000,K/East Ward 146000,146000,...
67,11,Departments related to General Administration and Ward Management,501203362,4130120000,K/West Ward 683214,683214,...
67,11,Departments related to General Administration and Ward Management,501203362,4140120000,P/South Ward 280000,280000,...
67,11,Departments related to General Administration and Ward Management,501203362,4150120000,P/North Ward 310000,310000,...
67,11,Departments related to General Administration and Ward Management,501203362,4160120000,R/South Ward 276000,276000,...
67,11,Departments related to General Administration and Ward Management,501203362,4170120000,R/North Ward 300000,300000,...
67,11,Departments related to General Administration and Ward Management,501203362,4180120000,R/Central Ward 510000,510000,...
67,11,Departments related to General Administration and Ward Management,501203362,4190120000,L Ward 498414,498414,...
67,11,Departments related to General Administration and Ward Management,501203362,4210120000,M/West Ward 40000,40000,...
67,11,Departments related to General Administration and Ward Management,501203362,4220120000,N Ward 560000,560000,...
67,11,Departments related to General Administration and Ward Management,501203362,4240120000,T Ward 250000,250000,...
67,11,Departments related to General Administration and Ward Management,501203404,1000120000,900000,900000,3000000
67,11,Departments related to General Administration and Ward Management,501203404,4190120000,L Ward 100000,100000,...
69,11,Departments related to General Administration and Ward Management,501203384,4040120000,500,500,...
69,11,Departments related to General Administration and Ward Management,501203385,4040120000,3000,3000,...
69,11,Departments related to General Administration and Ward Management,501203386,4040120000,2300,2300,...
69,11,Departments related to General Administration and Ward Management,501203387,4040120000,2500,2500,...
69,11,Departments related to General Administration and Ward Management,501203388,4040120000,2000,2000,...
69,11,Departments related to General Administration and Ward Management,501203389,4040120000,to needy students in ward no. 217 in D 2000,2000,...
69,11,Departments related to General Administration and Ward Management,501203390,4040120000,sanitary pad Vending machine in ward no 2000,2000,...
69,11,Departments related to General Administration and Ward Management,501203391,4040120000,2500,2500,...
69,11,Departments related to General Administration and Ward Management,501203392,4040120000,2500,2500,...
69,11,Departments related to General Administration and Ward Management,501203393,4040120000,2500,2500,...
69,11,Departments related to General Administration and Ward Management,501203394,4040120000,2000,2000,...
71,11,Departments related to General Administration and Ward Management,501202422,4150120000,amenities alongwith development works in 50000,50000,...
71,11,Departments related to General Administration and Ward Management,501202416,4150120000,amenities alongwith development works in 30320,30320,...
71,11,Departments related to General Administration and Ward Management,501202607,4150120000,amenities alongwith development works in 34621,34621,...
71,11,Departments related to General Administration and Ward Management,501202575,4130120000,K/West Ward 151,151,...
71,11,Departments related to General Administration and Ward Management,501202575,4140120000,P/South Ward 11239,11239,...
71,11,Departments related to General Administration and Ward Management,501202564,4010120000,A ward 650,650,...
71,11,Departments related to General Administration and Ward Management,501202564,4060120000,F/South Ward 13634,13634,2666
71,11,Departments related to General Administration and Ward Management,501202564,4070120000,F/North Ward 9203,9203,6160
71,11,Departments related to General Administration and Ward Management,501202564,4080120000,G/South Ward 6600,6600,10000
71,11,Departments related to General Administration and Ward Management,501202564,4090120000,G/North Ward 126178,126178,97500
73,11,Departments related to General Administration and Ward Management,501202564,4100120000,H/East Ward 750,750,500
73,11,Departments related to General Administration and Ward Management,501202564,4180120000,R/Central Ward 11841,11841,3322
73,11,Departments related to General Administration and Ward Management,501202564,4190120000,L Ward 1702,1702,1000
73,11,Departments related to General Administration and Ward Management,501202564,4210120000,M/West Ward 4630,4630,5000
73,11,Departments related to General Administration and Ward Management,501201839,1000120000,20000,20000,20000
75,11,Departments related to General Administration and Ward Management,501200642,1000125433,200,200,200
75,11,Departments related to General Administration and Ward Management,501201287,1000120000,...,...,1000
75,11,Departments related to General Administration and Ward Management,501201290,1000120000,...,...,1000
75,11,Departments related to General Administration and Ward Management,501201339,4160120000,1000,1000,1000
75,11,Departments related to General Administration and Ward Management,501201475,1000120000,Chatrapati Shivaji Maharaj at Shivaji Park 1000,1000,1000
75,11,Departments related to General Administration and Ward Management,501201478,1000120000,611,611,100
75,11,Departments related to General Administration and Ward Management,501201750,1000120000,6000,6000,6000
75,11,Departments related to General Administration and Ward Management,501201751,1000120000,1000,1000,1000
75,11,Departments related to General Administration and Ward Management,501201841,4110120000,10000,10000,10000
75,11,Departments related to General Administration and Ward Management,501201842,4110120000,Maping of Gazadar Bandh & Khar Danda 5000,5000,5000
75,11,Departments related to General Administration and Ward Management,501201843,4110120000,area Outside Railway Stations 20000,20000,20000
75,11,Departments related to General Administration and Ward Management,501201850,1000120000,Provision for Sanskrutik Bhavan 1000,1000,1000
77,11,Departments related to General Administration and Ward Management,501201851,1000120000,1000,1000,1000
77,11,Departments related to General Administration and Ward Management,501201852,1000120000,1000,1000,1000
77,11,Departments related to General Administration and Ward Management,501201853,1000120000,1000,1000,1000
77,11,Departments related to General Administration and Ward Management,501201856,1000120000,1000,1000,1000
77,11,Departments related to General Administration and Ward Management,501201868,1000120000,1000,1000,1000
77,11,Departments related to General Administration and Ward Management,501201877,4050120000,22500,22500,...
77,11,Departments related to General Administration and Ward Management,501202018,1000120000,1000,1000,1000
77,11,Departments related to General Administration and Ward Management,501202019,1000120000,500,500,500
77,11,Departments related to General Administration and Ward Management,501202020,1000120000,1000,1000,1000
77,11,Departments related to General Administration and Ward Management,501202303,4060120000,and Devlopment Work at Various Places in 50000,50000,...
77,11,Departments related to General Administration and Ward Management,501202304,4070120000,amenities alongwith development works in 30000,30000,...
77,11,Departments related to General Administration and Ward Management,501202307,4070120000,amenities alongwith development works in 30000,30000,...
79,11,Departments related to General Administration and Ward Management,501202312,4070120000,25000,25000,...
79,11,Departments related to General Administration and Ward Management,501202315,4070120000,amenities alongwith development works in 50000,50000,...
79,11,Departments related to General Administration and Ward Management,501202316,4070120000,amenities alongwith development works in 50000,50000,...
79,11,Departments related to General Administration and Ward Management,501202318,4070120000,amenities alongwith development works in 25000,25000,...
79,11,Departments related to General Administration and Ward Management,501202321,4080120000,amenitites alongwith development works at 50000,50000,...
79,11,Departments related to General Administration and Ward Management,501202322,4080120000,amenitites alongwith development works at 50000,50000,...
79,11,Departments related to General Administration and Ward Management,501202326,4080120000,amenitites alongwith development works in 50000,50000,...
79,11,Departments related to General Administration and Ward Management,501202334,4090120000,and Devlopment Work at Various Places in 50000,50000,...
81,11,Departments related to General Administration and Ward Management,501202336,4090120000,amenities alongwith development works in 50000,50000,...
81,11,Departments related to General Administration and Ward Management,501202338,4090120000,amenities alongwith development works in 50000,50000,...
81,11,Departments related to General Administration and Ward Management,501202339,4090120000,amenities alongwith development works in 9987,9987,...
81,11,Departments related to General Administration and Ward Management,501202344,4090120000,amenities alongwith development works in 39962,39962,...
81,11,Departments related to General Administration and Ward Management,501202361,4110120000,amenities alongwith development works in 50000,50000,...
81,11,Departments related to General Administration and Ward Management,501202362,4120120000,amenities alongwith development works in 50000,50000,...
81,11,Departments related to General Administration and Ward Management,501202389,4130120000,amenities alongwith development works in 30000,30000,...
81,11,Departments related to General Administration and Ward Management,501202390,4130120000,amenities alongwith development works in 30000,30000,...
81,11,Departments related to General Administration and Ward Management,501202391,4130120000,amenities alongwith development works in 28403,28403,...
83,11,Departments related to General Administration and Ward Management,501202393,4130120000,amenities alongwith development works in 30000,30000,...
83,11,Departments related to General Administration and Ward Management,501202394,4130120000,amenities alongwith development works in 30000,30000,...
83,11,Departments related to General Administration and Ward Management,501202396,4130120000,and Devlopment Work at Various Places in 2268,2268,...
83,11,Departments related to General Administration and Ward Management,501202407,4150120000,amenities alongwith development works in 30000,30000,...
83,11,Departments related to General Administration and Ward Management,501202409,4150120000,amenities alongwith development works in 30000,30000,...
83,11,Departments related to General Administration and Ward Management,501202411,4150120000,amenities alongwith development works in 30000,30000,...
83,11,Departments related to General Administration and Ward Management,501202412,4150120000,amenities alongwith development works in 30000,30000,...
83,11,Departments related to General Administration and Ward Management,501202413,4150120000,amenities alongwith development works in 30000,30000,...
85,11,Departments related to General Administration and Ward Management,501202414,4150120000,amenities alongwith development works in 30000,30000,...
85,11,Departments related to General Administration and Ward Management,501202415,4150120000,amenities alongwith development works in 30000,30000,...
85,11,Departments related to General Administration and Ward Management,501202417,4150120000,amenities alongwith development works in 30000,30000,...
85,11,Departments related to General Administration and Ward Management,501202418,4150120000,amenities alongwith development works in 30000,30000,...
85,11,Departments related to General Administration and Ward Management,501202460,4180120000,amenities alongwith development works in 30000,30000,...
85,11,Departments related to General Administration and Ward Management,501202503,4210120000,amenities alongwith development works in 30000,30000,...
85,11,Departments related to General Administration and Ward Management,501202535,4230120000,amenities alongwith development works in 338,338,...
85,11,Departments related to General Administration and Ward Management,501202545,4240120000,amenities alongwith development works in 6500,6500,...
85,11,Departments related to General Administration and Ward Management,501202547,4240120000,30000,30000,...
85,11,Departments related to General Administration and Ward Management,501202455,4180120000,amenities alongwith development works in 30000,30000,...
87,11,Departments related to General Administration and Ward Management,501202456,4180120000,amenities alongwith development works in 30000,30000,...
87,11,Departments related to General Administration and Ward Management,501202457,4180120000,amenities alongwith development works in 30000,30000,...
87,11,Departments related to General Administration and Ward Management,501202571,1000120000,1000,1000,10000
87,11,Departments related to General Administration and Ward Management,501202572,4240120000,10000,10000,10000
87,11,Departments related to General Administration and Ward Management,501202573,1000120000,Provision for tourisum development in Mumbai 1000,1000,80000
87,11,Departments related to General Administration and Ward Management,501202574,1000120000,1000,1000,10000
87,11,Departments related to General Administration and Ward Management,501202985,4050120000,5000,5000,5000
87,11,Departments related to General Administration and Ward Management,501202987,4050120000,100,100,100
87,11,Departments related to General Administration and Ward Management,501202988,4050120000,100,100,100
87,11,Departments related to General Administration and Ward Management,501202989,4050120000,20000,20000,20000
87,11,Departments related to General Administration and Ward Management,501203359,4080120000,Improvement and beautification of Mahalaxmi 4800,4800,4800
89,11,Departments related to General Administration and Ward Management,501203365,1000120000,Head Office 2730,2730,...
89,11,Departments related to General Administration and Ward Management,501203365,4010120000,A Ward 17775,17775,...
89,11,Departments related to General Administration and Ward Management,501203365,4020120000,B Ward 2000,2000,...
89,11,Departments related to General Administration and Ward Management,501203365,4030120000,C Ward 4500,4500,...
89,11,Departments related to General Administration and Ward Management,501203365,4040120000,D Ward 10500,10500,...
89,11,Departments related to General Administration and Ward Management,501203365,4050120000,E Ward 8901,8901,...
89,11,Departments related to General Administration and Ward Management,501203365,4080120000,G/South Ward 19563,19563,...
89,11,Departments related to General Administration and Ward Management,501203365,4110120000,H/West Ward 3474,3474,...
89,11,Departments related to General Administration and Ward Management,501203365,4120120000,K/East Ward 35829,35829,...
89,11,Departments related to General Administration and Ward Management,501203365,4130120000,K/West Ward 2500,2500,...
89,11,Departments related to General Administration and Ward Management,501203365,4140120000,P/South Ward 1075,1075,...
89,11,Departments related to General Administration and Ward Management,501203365,4150120000,P/North Ward 619,619,...
89,11,Departments related to General Administration and Ward Management,501203365,4170120000,R/North Ward 500,500,...
89,11,Departments related to General Administration and Ward Management,501203365,4190120000,L Ward 12901,12901,...
89,11,Departments related to General Administration and Ward Management,501203365,4200120000,M/East Ward 6559,6559,...
89,11,Departments related to General Administration and Ward Management,501203365,4210120000,M/West Ward 5927,5927,...
89,11,Departments related to General Administration and Ward Management,501203365,4220120000,N Ward 5689,5689,...
89,11,Departments related to General Administration and Ward Management,501203365,4230120000,S Ward 10467,10467,...
89,11,Departments related to General Administration and Ward Management,501203366,4010120000,A Ward 33710,33710,...
89,11,Departments related to General Administration and Ward Management,501203366,4030120000,C Ward 27640,27640,...
89,11,Departments related to General Administration and Ward Management,501203366,4040120000,D Ward 9576,9576,...
89,11,Departments related to General Administration and Ward Management,501203366,4080120000,G/South Ward 23562,23562,...
89,11,Departments related to General Administration and Ward Management,501203366,4100120000,H/East Ward 127710,127710,...
89,11,Departments related to General Administration and Ward Management,501203366,4110120000,H/West Ward 24928,24928,...
89,11,Departments related to General Administration and Ward Management,501203366,4120120000,K/East Ward 185761,185761,...
89,11,Departments related to General Administration and Ward Management,501203366,4130120000,K/West Ward 50000,50000,...
89,11,Departments related to General Administration and Ward Management,501203366,4230120000,S ward 14942,14942,...
91,11,Departments related to General Administration and Ward Management,501203374,4120120000,10000,10000,...
91,11,Departments related to General Administration and Ward Management,501203375,4120120000,"other work at MIDC Andheri East. (Passage, 5000",5000,...
91,11,Departments related to General Administration and Ward Management,501203376,4120120000,Mahakali Road & other works at MIDC 5000,5000,...
91,11,Departments related to General Administration and Ward Management,501203377,4120120000,4000,4000,...
91,11,Departments related to General Administration and Ward Management,501203378,4120120000,3000,3000,...
91,11,Departments related to General Administration and Ward Management,501203379,4120120000,3000,3000,...
91,11,Departments related to General Administration and Ward Management,501203406,4010120000,A Ward Ward 10000,10000,...
91,11,Departments related to General Administration and Ward Management,501203406,4020120000,B Ward Ward 10000,10000,...
91,11,Departments related to General Administration and Ward Management,501203406,4030120000,C Ward Ward 10000,10000,...
91,11,Departments related to General Administration and Ward Management,501203406,4040120000,D Ward Ward 10000,10000,...
91,11,Departments related to General Administration and Ward Management,501203406,4050120000,E Ward Ward 10000,10000,...
91,11,Departments related to General Administration and Ward Management,501203406,4060120000,F/South Ward Ward 10000,10000,...
91,11,Departments related to General Administration and Ward Management,501203406,4080120000,G/South Ward Ward 10000,10000,...
91,11,Departments related to General Administration and Ward Management,501203406,4090120000,G/North Ward Ward 20000,20000,...
91,11,Departments related to General Administration and Ward Management,501203406,4100120000,H/East Ward Ward 20000,20000,...
93,11,Departments related to General Administration and Ward Management,501203406,4110120000,H/West Ward Ward 10000,10000,...
93,11,Departments related to General Administration and Ward Management,501203406,4120120000,K/East Ward Ward 20000,20000,...
93,11,Departments related to General Administration and Ward Management,501203406,4130120000,K/West Ward Ward 20000,20000,...
93,11,Departments related to General Administration and Ward Management,501203406,4140120000,P/South Ward Ward 10000,10000,...
93,11,Departments related to General Administration and Ward Management,501203406,4150120000,P/North Ward Ward 20000,20000,...
93,11,Departments related to General Administration and Ward Management,501203406,4160120000,R/South Ward Ward 20000,20000,...
93,11,Departments related to General Administration and Ward Management,501203406,4170120000,R/North Ward Ward 10000,10000,...
93,11,Departments related to General Administration and Ward Management,501203406,4180120000,R/Central Ward Ward 20000,20000,...
93,11,Departments related to General Administration and Ward Management,501203406,4200120000,M/East Ward Ward 20000,20000,...
93,11,Departments related to General Administration and Ward Management,501203406,4210120000,M/West Ward Ward 10000,10000,...
93,11,Departments related to General Administration and Ward Management,501203406,4220120000,N Ward Ward 20000,20000,...
93,11,Departments related to General Administration and Ward Management,501203406,4230120000,S Ward Ward 20000,20000,...
93,11,Departments related to General Administration and Ward Management,501203406,4240120000,T Ward Ward 10000,10000,...
93,11,Departments related to General Administration and Ward Management,501203407,1000120000,3698823,3698823,3000000
93,11,Departments related to General Administration and Ward Management,501203407,4010120000,A Ward 98679,98679,...
93,11,Departments related to General Administration and Ward Management,501203407,4090120000,G/North Ward 40000,40000,...
93,11,Departments related to General Administration and Ward Management,501203407,4150120000,P/North Ward 20000,20000,...
93,11,Departments related to General Administration and Ward Management,501203407,4190120000,L Ward 227498,227498,...
93,11,Departments related to General Administration and Ward Management,501203407,4200120000,M/East Ward 675000,675000,...
93,11,Departments related to General Administration and Ward Management,501203407,4220120000,N Ward 150000,150000,...
93,11,Departments related to General Administration and Ward Management,501203407,4230120000,S Ward 90000,90000,...
93,11,Departments related to General Administration and Ward Management,501203408,4090120000,Restoration & rejuvenation of Mahim fort 1000,1000,10000
93,11,Departments related to General Administration and Ward Management,501203410,4160120000,...,...,43300
97,11,Departments related to General Administration and Ward Management,501201246,1000120000,Citizens with consultation of N.G.O.'s and 500,500,500
97,11,Departments related to General Administration and Ward Management,501201533,1000120000,100,100,100
97,11,Departments related to General Administration and Ward Management,501201855,1000120000,10000,10000,10000
97,11,Departments related to General Administration and Ward Management,501201989,1000120000,1000,1000,1000
99,11,Departments related to General Administration and Ward Management,501203381,1000125421,Childrens & Teachers to access the 143920,143920,217990
99,11,Departments related to General Administration and Ward Management,501203381,4010120000,A ward Ward 78570,78570,...
101,11,Departments related to General Administration and Ward Management,501200012,4070120000,Theatre in VJB Udyan (BMC's contribution) 352788 1000,1000,2000
101,11,Departments related to General Administration and Ward Management,501201295,1000120000,1000,1000,1000
101,11,Departments related to General Administration and Ward Management,501201534,1000120000,1000,1000,1000
101,11,Departments related to General Administration and Ward Management,501201818,1000120000,1000,1000,1000
101,11,Departments related to General Administration and Ward Management,501201844,2002122642,B.M. 32943 7056,7056,...
101,11,Departments related to General Administration and Ward Management,501202256,2002122642,B.M. 106522 5000,5000,50000
101,11,Departments related to General Administration and Ward Management,501203412,2002122642,"of Children Theater at Sherli Rajan, Bandra B.M. 30000 ...",...,30000
103,11,Departments related to General Administration and Ward Management,501201536,1000120000,100,100,100
105,11,Departments related to General Administration and Ward Management,410600000,1000125432,Office & Other Equipment 120,120,120
105,11,Departments related to General Administration and Ward Management,410600401,1000125432,Coolers (Blue Star 2 Nos) 1000,1000,1000
105,11,Departments related to General Administration and Ward Management,410700000,4080120000,"Furniture, Fixtures,Fittings & Electrical Ward ...",...,2145
105,11,Departments related to General Administration and Ward Management,501201225,1000125432,,,
105,11,Departments related to General Administration and Ward Management,501201838,1000125432,Hostel For Women ...,...,190000
105,11,Departments related to General Administration and Ward Management,501201298,1000120000,1000,1000,1000
105,11,Departments related to General Administration and Ward Management,501201299,1000120000,1000,1000,1000
105,11,Departments related to General Administration and Ward Management,501201301,1000120000,1000,1000,1000
105,11,Departments related to General Administration and Ward Management,501201303,1000120000,1000,1000,1000
107,11,Departments related to General Administration and Ward Management,501201304,1000120000,1000,1000,1000
107,11,Departments related to General Administration and Ward Management,501201305,1000120000,1000,1000,1000
107,11,Departments related to General Administration and Ward Management,501202000,1000120000,1000,1000,1000
107,11,Departments related to General Administration and Ward Management,501203382,1000125432,Provision for Care Center ...,...,70000
107,11,Departments related to General Administration and Ward Management,501203395,4040120000,employment to destitute woman in ward no 214 Ward 1000,1000,...
107,11,Departments related to General Administration and Ward Management,501203396,4040120000,machine to needy and below poverty line Ward 2000,2000,...
107,11,Departments related to General Administration and Ward Management,501201848,1000120000,284156 12000,12000,1000
107,11,Departments related to General Administration and Ward Management,501201849,1000125421,"Development,Multipurpose Hostel for Working 71000",71000,111246
109,11,Departments related to General Administration and Ward Management,501200023,4060120000,Asstt. M.C.,1000,1000
109,11,Departments related to General Administration and Ward Management,501200026,4080120000,Asstt. M.C.,1000,1000
109,11,Departments related to General Administration and Ward Management,501200027,4090120000,Asstt. M.C. 1000,1000,1000
109,11,Departments related to General Administration and Ward Management,501200028,4100120000,Asstt. M.C.,1000,1000
109,11,Departments related to General Administration and Ward Management,501200030,4100120000,Asstt. M.C.,1000,1000
109,11,Departments related to General Administration and Ward Management,501200031,4100120000,Asstt. M.C.,1000,1000
109,11,Departments related to General Administration and Ward Management,501200032,4100120000,Asstt. M.C.,1000,1000
109,11,Departments related to General Administration and Ward Management,501200039,4120120000,Asstt. M.C. 1000,1000,1000
109,11,Departments related to General Administration and Ward Management,501200040,4130120000,Asstt. M.C.,1000,1000
109,11,Departments related to General Administration and Ward Management,501200041,4130120000,Asstt. M.C.,1000,1000
109,11,Departments related to General Administration and Ward Management,501200042,4130120000,Asstt. M.C.,1000,1000
109,11,Departments related to General Administration and Ward Management,501200043,4130120000,Asstt. M.C.,1000,1000
109,11,Departments related to General Administration and Ward Management,501200044,4130120000,Asstt. M.C. 1000,1000,1000
109,11,Departments related to General Administration and Ward Management,501200045,4130120000,Asstt. M.C.,1000,1000
111,11,Departments related to General Administration and Ward Management,501200046,4130120000,Asstt. M.C.,1000,1000
111,11,Departments related to General Administration and Ward Management,501200047,4130120000,Asstt. M.C.,1000,1000
111,11,Departments related to General Administration and Ward Management,501200048,4130120000,Asstt. M.C.,1000,1000
111,11,Departments related to General Administration and Ward Management,501200049,4140120000,Asstt. M.C.,1000,1000
111,11,Departments related to General Administration and Ward Management,501200050,4150120000,Asstt. M.C.,1000,1000
111,11,Departments related to General Administration and Ward Management,501200051,4150120000,Asstt. M.C.,1000,1000
111,11,Departments related to General Administration and Ward Management,501200052,4150120000,Asstt. M.C.,1000,1000
111,11,Departments related to General Administration and Ward Management,501200053,4150120000,Asstt. M.C.,1000,1000
111,11,Departments related to General Administration and Ward Management,501200054,4150120000,Asstt. M.C.,1000,1000
111,11,Departments related to General Administration and Ward Management,501200055,4150120000,Asstt. M.C.,1000,1000
111,11,Departments related to General Administration and Ward Management,501200056,4150120000,Asstt. M.C.,1000,1000
111,11,Departments related to General Administration and Ward Management,501200057,4150120000,Asstt. M.C.,1000,1000
111,11,Departments related to General Administration and Ward Management,501200058,4150120000,Asstt. M.C.,1000,1000
111,11,Departments related to General Administration and Ward Management,501200059,4150120000,Asstt. M.C.,1000,1000
111,11,Departments related to General Administration and Ward Management,501200060,4150120000,Asstt. M.C.,1000,1000
111,11,Departments related to General Administration and Ward Management,501200061,4150120000,Asstt. M.C.,1000,1000
111,11,Departments related to General Administration and Ward Management,501200062,4150120000,Asstt. M.C.,1000,1000
113,11,Departments related to General Administration and Ward Management,501200063,4160120000,Asstt. M.C.,1000,1000
113,11,Departments related to General Administration and Ward Management,501200064,4160120000,Asstt. M.C.,1000,1000
113,11,Departments related to General Administration and Ward Management,501200065,4160120000,Asstt. M.C.,1000,1000
113,11,Departments related to General Administration and Ward Management,501200070,4180120000,Asstt. M.C.,1000,1000
113,11,Departments related to General Administration and Ward Management,501200071,4190120000,Asstt. M.C.,1000,1000
113,11,Departments related to General Administration and Ward Management,501200072,4190120000,Asstt. M.C.,1000,1000
113,11,Departments related to General Administration and Ward Management,501200073,4190120000,Asstt. M.C.,1000,1000
113,11,Departments related to General Administration and Ward Management,501200074,4190120000,Asstt. M.C.,1000,1000
113,11,Departments related to General Administration and Ward Management,501200075,4190120000,Asstt. M.C.,1000,1000
113,11,Departments related to General Administration and Ward Management,501200076,4200120000,Asstt. M.C.,1000,1000
113,11,Departments related to General Administration and Ward Management,501200077,4210120000,Asstt. M.C.,1000,1000
113,11,Departments related to General Administration and Ward Management,501200078,4210120000,Asstt. M.C.,1000,1000
113,11,Departments related to General Administration and Ward Management,501200079,4210120000,Asstt. M.C.,1000,1000
113,11,Departments related to General Administration and Ward Management,501200080,4210120000,Asstt. M.C.,1000,1000
113,11,Departments related to General Administration and Ward Management,501200081,4210120000,Asstt. M.C. 1000,1000,1000
113,11,Departments related to General Administration and Ward Management,501200085,4230120000,Asstt. M.C.,1000,1000
113,11,Departments related to General Administration and Ward Management,501200088,4230120000,Asstt. M.C.,1000,1000
115,11,Departments related to General Administration and Ward Management,501200089,4230120000,Asstt. M.C.,1000,1000
115,11,Departments related to General Administration and Ward Management,501200091,4240120000,Asstt. M.C.,6000,1000
115,11,Departments related to General Administration and Ward Management,501200092,4240120000,Asstt. M.C.,8500,1000
115,11,Departments related to General Administration and Ward Management,501200093,4240120000,Asstt. M.C.,13000,1000
115,11,Departments related to General Administration and Ward Management,501200139,4150120000,Asstt. M.C.,1000,1000
115,11,Departments related to General Administration and Ward Management,501200140,4150120000,Asstt. M.C.,1000,1000
115,11,Departments related to General Administration and Ward Management,501200141,4200120000,Asstt. M.C.,1000,1000
115,11,Departments related to General Administration and Ward Management,501200142,4200120000,Asstt. M.C.,1000,1000
115,11,Departments related to General Administration and Ward Management,501200143,4200120000,Asstt. M.C.,1000,1000
115,11,Departments related to General Administration and Ward Management,501200144,4200120000,Asstt. M.C.,1000,1000
115,11,Departments related to General Administration and Ward Management,501200145,4200120000,Asstt. M.C.,1000,1000
115,11,Departments related to General Administration and Ward Management,501200146,4200120000,Asstt. M.C.,1000,1000
115,11,Departments related to General Administration and Ward Management,501200147,4200120000,Asstt. M.C.,1000,1000
115,11,Departments related to General Administration and Ward Management,501200148,4220120000,Asstt. M.C.,1000,1000
115,11,Departments related to General Administration and Ward Management,501200149,4220120000,Asstt. M.C.,1000,1000
115,11,Departments related to General Administration and Ward Management,501200150,4220120000,Asstt. M.C.,1000,1000
115,11,Departments related to General Administration and Ward Management,501200151,4230120000,Asstt. M.C.,1000,1000
117,11,Departments related to General Administration and Ward Management,501200152,4230120000,Asstt. M.C.,1000,1000
117,11,Departments related to General Administration and Ward Management,501200666,4100120000,Asstt. M.C.,1000,1000
117,11,Departments related to General Administration and Ward Management,501200668,4110120000,in Kolwad Gaothan and Boran Gaothan in Asstt. M.C.,1000,1000
117,11,Departments related to General Administration and Ward Management,501200669,4110120000,Asstt. M.C.,1000,1000
117,11,Departments related to General Administration and Ward Management,501200670,4120120000,Asstt. M.C.,1000,1000
117,11,Departments related to General Administration and Ward Management,501200671,4130120000,Asstt. M.C.,1000,1000
117,11,Departments related to General Administration and Ward Management,501200672,4230120000,Asstt. M.C.,1000,1000
117,11,Departments related to General Administration and Ward Management,501200675,4180120000,Asstt. M.C.,1000,1000
117,11,Departments related to General Administration and Ward Management,501200676,4180120000,Asstt. M.C.,1000,1000
117,11,Departments related to General Administration and Ward Management,501201152,4190120000,culvert nallas in Khajuri Patti Gaothan in L Asstt. M.C.,1000,1000
117,11,Departments related to General Administration and Ward Management,501201158,4190120000,Asstt. M.C.,1000,1000
117,11,Departments related to General Administration and Ward Management,501201251,4130120000,Asstt. M.C. 51000,51000,1000
117,11,Departments related to General Administration and Ward Management,501201256,4240120000,Asstt. M.C.,1000,1000
117,11,Departments related to General Administration and Ward Management,501201317,4200120000,Improvement of Vadavali Gao in M/East Ward Asstt. M.C.,1000,1000
119,11,Departments related to General Administration and Ward Management,501202021,4180120000,Asstt. M.C.,1000,1000
119,11,Departments related to General Administration and Ward Management,501202022,4200120000,Asstt. M.C.,1000,1000
119,11,Departments related to General Administration and Ward Management,501202023,4200120000,Asstt. M.C.,1000,1000
119,11,Departments related to General Administration and Ward Management,501202258,4210120000,Asstt. M.C.,1000,1000
119,11,Departments related to General Administration and Ward Management,501202259,4210120000,Asstt. M.C.,1000,1000
119,11,Departments related to General Administration and Ward Management,501202728,4180120000,1000,1000,1000
119,11,Departments related to General Administration and Ward Management,501202729,4180120000,1000,1000,1000
119,11,Departments related to General Administration and Ward Management,501202730,4180120000,1000,1000,1000
119,11,Departments related to General Administration and Ward Management,501202566,4240120000,2270,2270,...
119,11,Departments related to General Administration and Ward Management,501200094,4100120000,H/East Ward 450,450,450
119,11,Departments related to General Administration and Ward Management,501200094,4120120000,K/East Ward 4900,4900,4900
119,11,Departments related to General Administration and Ward Management,501200094,4130120000,3900,3900,3900
119,11,Departments related to General Administration and Ward Management,501200094,4140120000,P/South Ward 7500,7500,7500
119,11,Departments related to General Administration and Ward Management,501200094,4150120000,P/North Ward 7000,7000,7000
119,11,Departments related to General Administration and Ward Management,501200094,4160120000,R/South Ward 2000,2000,2000
119,11,Departments related to General Administration and Ward Management,501200094,4170120000,R/North Ward 2900,2900,2900
119,11,Departments related to General Administration and Ward Management,501200094,4180120000,R/Central Ward 8200,8200,8200
119,11,Departments related to General Administration and Ward Management,501200094,4190120000,2500,2500,2500
119,11,Departments related to General Administration and Ward Management,501200094,4220120000,N Ward 2200,2200,2200
119,11,Departments related to General Administration and Ward Management,501200094,4230120000,S Ward 9919,9919,550
121,11,Departments related to General Administration and Ward Management,501200094,4240120000,T Ward 3000,3000,3000
121,11,Departments related to General Administration and Ward Management,501202568,4230120000,Asstt. M.C.,5000,5000
121,11,Departments related to General Administration and Ward Management,501202569,4010120000,Parade Koliwada in A Ward under integrated Asstt. M.C.,2500,2500
121,11,Departments related to General Administration and Ward Management,501200096,4060120000,Ward under integrated koliwadas development Asstt. M.C.,1000,1000
121,11,Departments related to General Administration and Ward Management,501200098,4080120000,under integrated koliwadas development Asstt. M.C.,55500,93300
121,11,Departments related to General Administration and Ward Management,501200678,4090120000,Dharavi Koliwada at Mahim Kala Killa in Asstt. M.C.,1000,1000
121,11,Departments related to General Administration and Ward Management,501200100,4110120000,under integrated koliwadas development Asstt. M.C.,1000,1000
121,11,Departments related to General Administration and Ward Management,501200679,4110120000,Asstt. M.C.,1000,1000
121,11,Departments related to General Administration and Ward Management,501200680,4110120000,Asstt. M.C. 1000,1000,1000
123,11,Departments related to General Administration and Ward Management,501200101,4130120000,Ward under integrated koliwadas development Asstt. M.C.,1000,1000
123,11,Departments related to General Administration and Ward Management,501200161,4130120000,under integrated koliwadas development Asstt. M.C.,1000,1000
123,11,Departments related to General Administration and Ward Management,501200102,4150120000,"Fishermen colony, Aksha Fishermen colony, Asstt. M.C.",1000,1000
123,11,Departments related to General Administration and Ward Management,501201154,4150120000,"SWDs in Malvani, Madh, Essar, Bhati, and Asstt. M.C.",1000,1000
123,11,Departments related to General Administration and Ward Management,501200103,4170120000,Asstt. M.C.,1000,1000
123,11,Departments related to General Administration and Ward Management,501200104,4180120000,in R/Central Ward under integrated koliwadas Asstt. M.C.,1000,1000
123,11,Departments related to General Administration and Ward Management,501200681,4180120000,Asstt. M.C.,1000,1000
123,11,Departments related to General Administration and Ward Management,501202731,4180120000,Asstt. M.C.,1000,1000
123,11,Departments related to General Administration and Ward Management,501202732,4180120000,Asstt. M.C.,1000,1000
123,11,Departments related to General Administration and Ward Management,501202733,4180120000,Asstt. M.C.,1000,1000
123,11,Departments related to General Administration and Ward Management,501202734,4180120000,Asstt. M.C.,1000,1000
123,11,Departments related to General Administration and Ward Management,501202735,4180120000,Asstt. M.C.,1000,1000
125,11,Departments related to General Administration and Ward Management,501202736,4180120000,Asstt. M.C.,1000,1000
125,11,Departments related to General Administration and Ward Management,501202737,4180120000,Asstt. M.C.,1000,1000
125,11,Departments related to General Administration and Ward Management,501202738,4180120000,Asstt. M.C.,1000,1000
125,11,Departments related to General Administration and Ward Management,501202739,4180120000,Asstt. M.C.,1000,1000
125,11,Departments related to General Administration and Ward Management,501200105,4200120000,Ward under integrated koliwadas development Asstt. M.C.,1000,1000
125,11,Departments related to General Administration and Ward Management,501200106,1000125421,Provision for Adhar Kendra 10000,10000,10000
125,11,Departments related to General Administration and Ward Management,501201560,4140120000,50,50,50
125,11,Departments related to General Administration and Ward Management,501201561,4150120000,50,50,50
125,11,Departments related to General Administration and Ward Management,501201563,4150120000,Malad-E P/N Ward 50,50,50
125,11,Departments related to General Administration and Ward Management,501201564,4160120000,50,50,50
129,13,keÀe³e& keÀjCeejs Keeles : ÒecegKe uesKeeHeeue Keeles (efJeÊe/keÀes<eeieej),410400034,1000130000,HO - C.A. CA 100 100 cegK³eeue³e - ÒecegKe uesKeeHeeue Keeles,100,
129,13,keÀe³e& keÀjCeejs Keeles : ÒecegKe uesKeeHeeue Keeles (efJeÊe/keÀes<eeieej),410600200,1000130000,HO - C.A. CA 400 400 cegK³eeue³e - ÒecegKe uesKeeHeeue Keeles,400,
129,13,keÀe³e& keÀjCeejs Keeles : ÒecegKe uesKeeHeeue Keeles (efJeÊe/keÀes<eeieej),410600200,1000134314,Budget-C.A CA ...,400,
129,13,keÀe³e& keÀjCeejs Keeles : ÒecegKe uesKeeHeeue Keeles (efJeÊe/keÀes<eeieej),410600320,1000130000,HO - C.A. CA 200 2500 cegK³eeue³e - ÒecegKe uesKeeHeeue Keeles,2500,
129,13,keÀe³e& keÀjCeejs Keeles : ÒecegKe uesKeeHeeue Keeles (efJeÊe/keÀes<eeieej),410600300,1000130000,HO - C.A. CA 50 100 cegK³eeue³e - ÒecegKe uesKeeHeeue Keeles,100,
129,13,keÀe³e& keÀjCeejs Keeles : ÒecegKe uesKeeHeeue Keeles (efJeÊe/keÀes<eeieej),410600500,1000130000,HO - C.A. CA 100,150,
129,13,keÀe³e& keÀjCeejs Keeles : ÒecegKe uesKeeHeeue Keeles (efJeÊe/keÀes<eeieej),410600700,1000130000,HO - C.A. CA 50 cegK³eeue³e - ÒecegKe uesKeeHeeue Keeles,,
130,13,keÀe³e& keÀjCeejs Keeles : ÒecegKe uesKeeHeeue Keeles (efJeÊe/keÀes<eeieej),410700102,1000130000,HO - C.A. CA 50 100 cegK³eeue³e - ÒecegKe uesKeeHeeue Keeles,50,100
130,13,keÀe³e& keÀjCeejs Keeles : ÒecegKe uesKeeHeeue Keeles (efJeÊe/keÀes<eeieej),410700103,1000130000,HO - C.A. CA 20,20,60
130,13,keÀe³e& keÀjCeejs Keeles : ÒecegKe uesKeeHeeue Keeles (efJeÊe/keÀes<eeieej),410700103,2001134300,Division I - C.A. CA 20,20,70
130,13,keÀe³e& keÀjCeejs Keeles : ÒecegKe uesKeeHeeue Keeles (efJeÊe/keÀes<eeieej),410700104,2001134300,Division I - C.A. CA 20 100 efJeYeeie SkeÀ - ÒecegKe uesKeeHeeue Keeles,20,100
130,13,keÀe³e& keÀjCeejs Keeles : ÒecegKe uesKeeHeeue Keeles (efJeÊe/keÀes<eeieej),410700199,1000130000,HO - C.A. CA 20 100 cegK³eeue³e - ÒecegKe uesKeeHeeue Keeles,20,100
130,13,keÀe³e& keÀjCeejs Keeles : ÒecegKe uesKeeHeeue Keeles (efJeÊe/keÀes<eeieej),410700200,1000130000,HO - C.A. CA 50 100 cegK³eeue³e - ÒecegKe uesKeeHeeue Keeles,50,100
131,13,FUNCTIONARY CODE : 13,501300007,1000130000,offices of CA's Department including CA 100,100,200
131,13,FUNCTIONARY CODE : 13,501300008,1000130000,Financial Grant in Aid to BEST CA 9187812,9187812,9286500
133,13,keÀe³e& keÀjCeejs Keeles: ÒecegKe uesKeeHeeue Keeles (efJelle/ keÀes<eeieej),330300610,1000130000,Internal Temporary Transfer 47944822 116275416 leelHegjles Debleie&le nmleeblejCe,116275416,
133,13,keÀe³e& keÀjCeejs Keeles: ÒecegKe uesKeeHeeue Keeles (efJelle/ keÀes<eeieej),320100101,1000130000,...,223500,
133,13,keÀe³e& keÀjCeejs Keeles: ÒecegKe uesKeeHeeue Keeles (efJelle/ keÀes<eeieej),320100200,1000130000,Grant for Brimstowad Project ... 2000000 efye´cemìesJee@[ ÒekeÀuHeekeÀefjlee Devegoeve,2000000,
133,13,keÀe³e& keÀjCeejs Keeles: ÒecegKe uesKeeHeeue Keeles (efJelle/ keÀes<eeieej),312100201,1000130000,Utilisation of Accumulated Surplus ... 5500000 mebef®ele Jelee&Ue jkeÌkeÀce JeeHejCes,5500000,
133,13,keÀe³e& keÀjCeejs Keeles: ÒecegKe uesKeeHeeue Keeles (efJelle/ keÀes<eeieej),312110300,1000130000,Amount transfer from Revenue A/c 40272168 12249310 cenmegueer uesK³eekeÀ[tve nmleeblejCe,12249310,
133,13,keÀe³e& keÀjCeejs Keeles: ÒecegKe uesKeeHeeue Keeles (efJelle/ keÀes<eeieej),312301300,1000130000,5400000,5940000,
133,13,keÀe³e& keÀjCeejs Keeles: ÒecegKe uesKeeHeeue Keeles (efJelle/ keÀes<eeieej),312301301,1000130000,9000000,9900000,
133,13,keÀe³e& keÀjCeejs Keeles: ÒecegKe uesKeeHeeue Keeles (efJelle/ keÀes<eeieej),312301700,1000130000,4240000 ... Yetceer mebHeeove Je efJekeÀeme efveOeer,...,
133,13,keÀe³e& keÀjCeejs Keeles: ÒecegKe uesKeeHeeue Keeles (efJelle/ keÀes<eeieej),312302400,1000130000,Depreciation Fund 6800000 ... Iemeeje efveOeer,...,
133,13,keÀe³e& keÀjCeejs Keeles: ÒecegKe uesKeeHeeue Keeles (efJelle/ keÀes<eeieej),312302800,1000130000,Assets Replacement Fund 4100000 ... ceeuecellee HegvemLee&Hevee efveOeer,...,
133,13,keÀe³e& keÀjCeejs Keeles: ÒecegKe uesKeeHeeue Keeles (efJelle/ keÀes<eeieej),312302801,1000130000,Fire Protection Fund A/c 665000 731500 Deeqivemegj#ee efveOeer,731500,
133,13,keÀe³e& keÀjCeejs Keeles: ÒecegKe uesKeeHeeue Keeles (efJelle/ keÀes<eeieej),312302900,1000130000,2000000,2200000,
133,13,keÀe³e& keÀjCeejs Keeles: ÒecegKe uesKeeHeeue Keeles (efJelle/ keÀes<eeieej),312303000,1000130000,Compensation received under DCPR 6 3225662,1664490,
133,13,keÀe³e& keÀjCeejs Keeles: ÒecegKe uesKeeHeeue Keeles (efJelle/ keÀes<eeieej),312303020,1000130000,A/C of Fungible Compensatory FSI 56029500,51300000,
133,13,keÀe³e& keÀjCeejs Keeles: ÒecegKe uesKeeHeeue Keeles (efJelle/ keÀes<eeieej),312303030,1000130000,260000,80000,
133,13,keÀe³e& keÀjCeejs Keeles: ÒecegKe uesKeeHeeue Keeles (efJelle/ keÀes<eeieej),312303040,1000130000,Fund for Special Projects 11000000 ... efJeMes<e ÒekeÀuHeebmeeþer efveOeer,...,
133,13,keÀe³e& keÀjCeejs Keeles: ÒecegKe uesKeeHeeue Keeles (efJelle/ keÀes<eeieej),312303041,1000130000,3360000 3427200 (veÐeeb®es Hegve&ªppeerJeve) DeLe&mebkeÀuHe ie keÀ[tve ³esCes,3427200,
133,13,keÀe³e& keÀjCeejs Keeles: ÒecegKe uesKeeHeeue Keeles (efJelle/ keÀes<eeieej),312303060,1000130000,3237336,2646600,
135,14,LABOUR DEPARTMENT keÀe³e& keÀjCeejs Keeles : keÀeceieej Keeles,410600000,1000140000,HO - Labour L.O. ... 250 cegK³eeue³e - ÞeefcekeÀ,250,
137,15,Public Relation Department keÀe³e& keÀjCeejs Keeles : pevemebHeke&À Keeles,410400028,1000150000,SLR Camera P.R.O. ... 500 SmeSueDeej ke@Àcesje,500,
137,15,Public Relation Department keÀe³e& keÀjCeejs Keeles : pevemebHeke&À Keeles,410600000,1000150000,P.R.O. 640,1000,
137,15,Public Relation Department keÀe³e& keÀjCeejs Keeles : pevemebHeke&À Keeles,410600300,1000150000,Photocopiers P.R.O. 300 ... HeÀesìeskeÀe@Heer³eme&,...,
140,16,Mumbai Mun. Security Force Dept. keÀe³e& keÀjCeejs Keeles : cegbyeF& ce.ve.Hee. megj#ee oue Keeles,410400030,1000160000,Security ... 70000 megj#ee ³eb$eCee - cesìue ef[ìskeÌìj F.,70000,
140,16,Mumbai Mun. Security Force Dept. keÀe³e& keÀjCeejs Keeles : cegbyeF& ce.ve.Hee. megj#ee oue Keeles,410600000,1000160000,Office & Other Equipment Security ... 400 keÀe³ee&ue³e DeeefCe Flej meeOevemeecegûeer,400,
140,16,Mumbai Mun. Security Force Dept. keÀe³e& keÀjCeejs Keeles : cegbyeF& ce.ve.Hee. megj#ee oue Keeles,410600210,1000160000,Computer Software Security ...,3500,
140,16,Mumbai Mun. Security Force Dept. keÀe³e& keÀjCeejs Keeles : cegbyeF& ce.ve.Hee. megj#ee oue Keeles,410600320,1000160000,Security ... 1000 JesU veeWoCeer ³eb$e,1000,
140,16,Mumbai Mun. Security Force Dept. keÀe³e& keÀjCeejs Keeles : cegbyeF& ce.ve.Hee. megj#ee oue Keeles,410700000,1000160000,Security ...,4000,
140,16,Mumbai Mun. Security Force Dept. keÀe³e& keÀjCeejs Keeles : cegbyeF& ce.ve.Hee. megj#ee oue Keeles,410800201,1000160000,Security ...,35,
140,16,Mumbai Mun. Security Force Dept. keÀe³e& keÀjCeejs Keeles : cegbyeF& ce.ve.Hee. megj#ee oue Keeles,410800300,1000160000,Fire Extinguisher Security ... 50 DeefiveMeceve meeOeve,50,
141,16,MUMBAI MUN.SECURITY FORCE DEPT. FUNCTIONARY CODE :16,501600027,4080160000,Security 5000,5000,5000
141,16,MUMBAI MUN.SECURITY FORCE DEPT. FUNCTIONARY CODE :16,501600028,1000160000,Security 118350,118350,106915
141,16,MUMBAI MUN.SECURITY FORCE DEPT. FUNCTIONARY CODE :16,501600002,1000160501,Centre building of Security Department in Security ...,...,100
145,17,FUNCTIONARY CODE : 17,501700010,1000172600,structures at CTIRC premises in R/Central 98809 5000,5000,25900
145,17,FUNCTIONARY CODE : 17,501700014,1000170000,"conditioning, furniture, etc. of A Wing &",,
145,17,FUNCTIONARY CODE : 17,501700015,1000170000,1500 100,100,1400
145,17,FUNCTIONARY CODE : 17,501700016,1000170000,370000 ...,...,17800
150,17,I. T. CELL,410600200,1000180000,I.T. Cell 170000,180000,180000
150,17,I. T. CELL,410600210,1000180000,Computer Software I.T. Cell,50000,50000
150,17,I. T. CELL,410800201,1000180000,I.T. Cell ... 15 pe[ Jemletmebie´n DeeefCe efve³elekeÀeefuekesÀ,15,15
150,17,I. T. CELL,410600320,1000180000,I.T. Cell 35 50 JesU veeWoCeer ³eb$e,50,50
151,17,I. T. CELL,501800018,1000180000,"Unique identification number to properties, I.T.Cell ...",...,6000
151,17,I. T. CELL,501800019,1000180000,Provision for Smart City project I.T.Cell ...,...,100
151,17,I. T. CELL,501800021,1000180000,I.T.Cell ...,...,5967
151,17,I. T. CELL,501800023,1000180000,Digital Transformation of all Citizen Services I.T.Cell ...,...,5000
155,17,CHIEF OFFICER (ENQUIRY),410600000,1000190000,Ch.O.(Enq.) ...,1200,1200
155,17,CHIEF OFFICER (ENQUIRY),410700000,1000190000,Ch.O.(Enq.) ...,160,160
155,17,CHIEF OFFICER (ENQUIRY),410800201,1000190000,Ch.O.(Enq.) ...,15,15
157,20,CHIEF SAFETY OFFICER DEPT. keÀe³e& keÀjCeejs Keeles :,410600200,1000200000,HO - CSO ... 140 cegK³eeue³e - Òe.meg.De,140,
157,20,CHIEF SAFETY OFFICER DEPT. keÀe³e& keÀjCeejs Keeles :,410700000,1000200000,HO - CSO,,
159,21,DISASTER MANAGEMENT CELL FUNCTIONARY CODE : 21,410400000,1000210000,Plant & Machinery - H.O DMP 38400,38400,100
159,21,DISASTER MANAGEMENT CELL FUNCTIONARY CODE : 21,410400000,1000210502,Plant & Machinery - C.I.D.M. DMP ...,...,100
159,21,DISASTER MANAGEMENT CELL FUNCTIONARY CODE : 21,410600000,1000210000,Office & Other Equipment - HO DMP 1000,1000,8000
159,21,DISASTER MANAGEMENT CELL FUNCTIONARY CODE : 21,410600000,1000210502,...,...,2500
159,21,DISASTER MANAGEMENT CELL FUNCTIONARY CODE : 21,410700000,1000210000,"Furniture, Fixture, Fitting & Electrical - HO DMP ...",...,100
159,21,DISASTER MANAGEMENT CELL FUNCTIONARY CODE : 21,410700000,1000210502,DMP ...,...,200
159,21,DISASTER MANAGEMENT CELL FUNCTIONARY CODE : 21,410800201,1000210502,Dead Stock Books & Periodical - C.I.D.M. DMP ...,...,10
159,21,DISASTER MANAGEMENT CELL FUNCTIONARY CODE : 21,502100003,1000210000,System DMP 5100,5100,1400
159,21,DISASTER MANAGEMENT CELL FUNCTIONARY CODE : 21,502100032,1000210502,B.M. 5000,5000,52490
159,21,DISASTER MANAGEMENT CELL FUNCTIONARY CODE : 21,502100033,1000210000,wards under Mumbai City Surveliance DMP 50206,50206,100
164,22,keÀe³e& keÀjCeejs Keeles : meeiejer efkeÀveejer jmlee ÒekeÀuHe Keeles,410600000,1000220000,Office & Other Equipments 50,50,350
164,22,keÀe³e& keÀjCeejs Keeles : meeiejer efkeÀveejer jmlee ÒekeÀuHe Keeles,410700000,1000220000,50,50,150
165,22,Coastal Road Project Department FUNCTIONARY CODE: 22,502200001,1000220000,153667267 30000000,30000000,29000000
169,23,Garden & Recreation - (Zoo) FUNCTIONARY CODE : 23,410400000,1000230000,Plant & Machinery 10000,10000,
169,23,Garden & Recreation - (Zoo) FUNCTIONARY CODE : 23,410509900,1000230000,Other Vehicles ZOO 4000,4000,
169,23,Garden & Recreation - (Zoo) FUNCTIONARY CODE : 23,410600200,1000230000,"Computer,Printer & Peripheral ZOO ...",...,
169,23,Garden & Recreation - (Zoo) FUNCTIONARY CODE : 23,410600210,1000230000,Computer Software ZOO 5000,5000,
169,23,Garden & Recreation - (Zoo) FUNCTIONARY CODE : 23,410600300,1000230000,Photocopier machine ZOO 300,300,
169,23,Garden & Recreation - (Zoo) FUNCTIONARY CODE : 23,410600400,1000230000,Refrigerator ZOO ...,...,
169,23,Garden & Recreation - (Zoo) FUNCTIONARY CODE : 23,410600700,1000230000,Projector ...,...,
169,23,Garden & Recreation - (Zoo) FUNCTIONARY CODE : 23,410700104,1000230000,Tables ZOO ...,...,
169,23,Garden & Recreation - (Zoo) FUNCTIONARY CODE : 23,410700107,1000230000,Trollies ZOO ...,...,
169,23,Garden & Recreation - (Zoo) FUNCTIONARY CODE : 23,410700112,1000230000,Racks ZOO ...,...,
169,23,Garden & Recreation - (Zoo) FUNCTIONARY CODE : 23,410700199,1000230000,Other Furniture & Fixture ZOO ...,...,
169,23,Garden & Recreation - (Zoo) FUNCTIONARY CODE : 23,410800400,1000230000,Live Stock ZOO 100,100,
169,23,Garden & Recreation - (Zoo) FUNCTIONARY CODE : 23,502300001,1000232401,,183250,
169,23,Garden & Recreation - (Zoo) FUNCTIONARY CODE : 23,502300004,1000232401,Botanical Garden and Zoo B.M/ZOO,21200,
169,23,Garden & Recreation - (Zoo) FUNCTIONARY CODE : 23,502300005,1000232401,Botanical Garden and Zoo B.M/ZOO,10000,
171,23,Garden & Recreation - (Zoo) FUNCTIONARY CODE : 23,502300006,1000232401,Botanical Garden and Zoo B.M/ZOO,...,
171,23,Garden & Recreation - (Zoo) FUNCTIONARY CODE : 23,502300002,1000230000,Development of ZOO at Arrey Colony,,
171,23,Garden & Recreation - (Zoo) FUNCTIONARY CODE : 23,502300003,1000230000,ZOO 100,100,
176,24,ASSESSOR AND COLLECTOR DEPTT. keÀe³e& keÀjCeejs Keeles keÀjefveOee&jkeÀ Je mebkeÀuekeÀ Keeles,410400034,1000240000,Scanner A&C ...,1000,
176,24,ASSESSOR AND COLLECTOR DEPTT. keÀe³e& keÀjCeejs Keeles keÀjefveOee&jkeÀ Je mebkeÀuekeÀ Keeles,410600300,1000240000,Photocopiers A&C ... 500 HeÀesìeskeÀe@Heer³eme&,500,
176,24,ASSESSOR AND COLLECTOR DEPTT. keÀe³e& keÀjCeejs Keeles keÀjefveOee&jkeÀ Je mebkeÀuekeÀ Keeles,410600501,1000240000,Franking Machine A&C ...,500,
176,24,ASSESSOR AND COLLECTOR DEPTT. keÀe³e& keÀjCeejs Keeles keÀjefveOee&jkeÀ Je mebkeÀuekeÀ Keeles,410600200,1000240000,"Computer, Printer & Peripheral A&C 1000 7450 mebieCekeÀ, efÒebìj DeeefCe HesefjHesÀjume",7450,
176,24,ASSESSOR AND COLLECTOR DEPTT. keÀe³e& keÀjCeejs Keeles keÀjefveOee&jkeÀ Je mebkeÀuekeÀ Keeles,410700000,1000240000,A & C 100,500,
177,24,ASSESSOR AND COLLECTOR DEPTT. FUNCTIONARY CODE : 24,502400001,1000240000,of A&C department including sitting A&C 500,500,50000
177,24,ASSESSOR AND COLLECTOR DEPTT. FUNCTIONARY CODE : 24,502400041,1000240000,LAN/ WAN Connectivity A&C 500,500,500
177,24,ASSESSOR AND COLLECTOR DEPTT. FUNCTIONARY CODE : 24,502400086,1000240000,360 Degree Maping Projector A&C 8500,8500,500
177,24,ASSESSOR AND COLLECTOR DEPTT. FUNCTIONARY CODE : 24,502400087,1000240000,168600,168600,20000
177,24,ASSESSOR AND COLLECTOR DEPTT. FUNCTIONARY CODE : 24,502400090,1000240000,A&C 3000,3000,3000
177,24,ASSESSOR AND COLLECTOR DEPTT. FUNCTIONARY CODE : 24,502400091,1000240000,Digital Platform Software A&C 10,10,10
179,24,ASSESSOR AND COLLECTOR DEPTT. FUNCTIONARY CODE : 24,410700299,1000240000,Other Fittings & Electrical Appliances A&C 100,100,100
183,24,Central Procurement Department,410400062,1000250000,Water Pump 10 10 Jee@ìj HebHe,10,
183,24,Central Procurement Department,410600000,1000250000,Office & Other Equipments 100,200,
183,24,Central Procurement Department,410600200,1000250000,"Computer, Printer & Peripheral 200",400,
183,24,Central Procurement Department,410700000,1000250000,200,300,
186,26,Building Maintenance Department keÀe³e& keÀjCeejs Keeles : Fceejle Heefjj#eCe Keeles,502600047,1000260000,Total Station Survey BM 600 550 ìesìue mìsMeve meJnx,550,
186,26,Building Maintenance Department keÀe³e& keÀjCeejs Keeles : Fceejle Heefjj#eCe Keeles,410600000,1000260000,Office & other Equipments BM 100 100 keÀe³ee&ue³e DeeefCe Flej meeOevemeecegûeer,100,
187,2,Building Maintenance Department FUNCTIONARY CODE 2:6,502600024,1000260000,Heritage 5600,5600,12000
187,2,Building Maintenance Department FUNCTIONARY CODE 2:6,502600054,1000260000,& reinstallation of Heritage Madhavdas Heritage 3900,3900,...
187,2,Building Maintenance Department FUNCTIONARY CODE 2:6,502600085,1000260000,Provision for Illumination of Forts Heritage 1000,1000,9200
187,2,Building Maintenance Department FUNCTIONARY CODE 2:6,502600088,4040260000,Development of Banganga Heritage Preinct in Ward 120000 10000,10000,60000
190,26,Building Maintenance Department keÀe³e& keÀjCeejs Keeles : Fceejle Heefjj#eCe Keeles,410400000,1000264406,Plant & Machinery Heritage 2000 31500 ³eb$es Je meb³eb$es,31500,
190,26,Building Maintenance Department keÀe³e& keÀjCeejs Keeles : Fceejle Heefjj#eCe Keeles,410600000,1000260000,Office & other Equipments Heritage,,
190,26,Building Maintenance Department keÀe³e& keÀjCeejs Keeles : Fceejle Heefjj#eCe Keeles,410600000,1000264406,Office & other Equipments Heritage 4650 20000 keÀe³ee&ue³e DeeefCe Flej meeOevemeecegûeer,20000,
190,26,Building Maintenance Department keÀe³e& keÀjCeejs Keeles : Fceejle Heefjj#eCe Keeles,410700000,1000264406,Heritage 10000,9000,
190,26,Building Maintenance Department keÀe³e& keÀjCeejs Keeles : Fceejle Heefjj#eCe Keeles,410800000,1000264406,Other Fixed Assets Heritage ... 3800 Flej efmLej ceeuecellee,3800,
191,26,Building Maintenance Department FUNCTIONARY CODE : 26,502600027,1000260000,Structures owned by BMC. Heritage,70000,80000
191,26,Building Maintenance Department FUNCTIONARY CODE : 26,502600083,1000260000,Structures owned by BMC. Heritage,44000,100000
191,26,Building Maintenance Department FUNCTIONARY CODE : 26,502600089,1000260000,Structures owned by BMC. Heritage,48000,40000
191,26,Building Maintenance Department FUNCTIONARY CODE : 26,502600092,1000260000,Structures owned by BMC. Heritage,...,19000
191,26,Building Maintenance Department FUNCTIONARY CODE : 26,502600028,1000260000,Roofing of the listed Heritage structures Heritage,...,1000
193,26,Building Maintenance Department FUNCTIONARY CODE : 26,502600029,1000260000,,1000,5000
193,26,Building Maintenance Department FUNCTIONARY CODE : 26,502600029,1000263000,H.O-M.A. M.A. 106900,106900,36000
193,26,Building Maintenance Department FUNCTIONARY CODE : 26,502600029,4010260000,A Ward 1000,1000,1000
193,26,Building Maintenance Department FUNCTIONARY CODE : 26,502600029,4020260000,B Ward 1000,1000,1000
193,26,Building Maintenance Department FUNCTIONARY CODE : 26,502600029,4030260000,C Ward 1000,1000,1000
193,26,Building Maintenance Department FUNCTIONARY CODE : 26,502600029,4040260000,D Ward 1000,1000,1000
193,26,Building Maintenance Department FUNCTIONARY CODE : 26,502600029,4050260000,E Ward 1000,1000,1000
193,26,Building Maintenance Department FUNCTIONARY CODE : 26,502600029,4060260000,F/South Ward 1000,1000,1000
193,26,Building Maintenance Department FUNCTIONARY CODE : 26,502600029,4070260000,F/North Ward,,
193,26,Building Maintenance Department FUNCTIONARY CODE : 26,502600029,4080260000,G/South Ward 1000,1000,1000
193,26,Building Maintenance Department FUNCTIONARY CODE : 26,502600029,4090260000,G/North Ward 1000,1000,1000
193,26,Building Maintenance Department FUNCTIONARY CODE : 26,502600029,4100260000,H/East Ward 1000,1000,1000
193,26,Building Maintenance Department FUNCTIONARY CODE : 26,502600029,4110260000,H/West Ward 1000,1000,1000
193,26,Building Maintenance Department FUNCTIONARY CODE : 26,502600029,4120260000,K/East Ward,,
193,26,Building Maintenance Department FUNCTIONARY CODE : 26,502600029,4130260000,K/West Ward 1000,1000,1000
193,26,Building Maintenance Department FUNCTIONARY CODE : 26,502600029,4140260000,P/South Ward 1000,1000,1000
193,26,Building Maintenance Department FUNCTIONARY CODE : 26,502600029,4150260000,P/North Ward 1000,1000,1000
193,26,Building Maintenance Department FUNCTIONARY CODE : 26,502600029,4160260000,R/South Ward 1000,1000,1000
193,26,Building Maintenance Department FUNCTIONARY CODE : 26,502600029,4170260000,R/North Ward,,
193,26,Building Maintenance Department FUNCTIONARY CODE : 26,502600029,4180260000,R/Central Ward 1000,1000,1000
193,26,Building Maintenance Department FUNCTIONARY CODE : 26,502600029,4190260000,L Ward 1000,1000,1000
193,26,Building Maintenance Department FUNCTIONARY CODE : 26,502600029,4200260000,M/East Ward 1000,1000,1000
193,26,Building Maintenance Department FUNCTIONARY CODE : 26,502600029,4210260000,M/West Ward 1000,1000,1000
193,26,Building Maintenance Department FUNCTIONARY CODE : 26,502600029,4220260000,N Ward,,
193,26,Building Maintenance Department FUNCTIONARY CODE : 26,502600029,4230260000,S Ward 1000,1000,1000
193,26,Building Maintenance Department FUNCTIONARY CODE : 26,502600029,4240260000,T Ward 1000,1000,1000
195,26,Building Maintenance Department FUNCTIONARY CODE : 26,502600031,1000260000,official residences of the Heritage,3000,5000
195,26,Building Maintenance Department FUNCTIONARY CODE : 26,502600032,2001260000,Division I 2848,2848,...
195,26,Building Maintenance Department FUNCTIONARY CODE : 26,502600032,2002260000,Division II BM 109238,109238,74000
195,26,Building Maintenance Department FUNCTIONARY CODE : 26,502600032,2003260000,Division III BM 919,919,...
195,26,Building Maintenance Department FUNCTIONARY CODE : 26,502600084,2001260000,Division I BM 18000,18000,14000
195,26,Building Maintenance Department FUNCTIONARY CODE : 26,502600084,2002260000,Division II BM 600,600,4000
195,26,Building Maintenance Department FUNCTIONARY CODE : 26,502600084,2003260000,Division III BM 58200,58200,26000
195,26,Building Maintenance Department FUNCTIONARY CODE : 26,502600090,2001260000,Division I 11000,11000,50000
195,26,Building Maintenance Department FUNCTIONARY CODE : 26,502600090,2002260000,1500,1500,45000
195,26,Building Maintenance Department FUNCTIONARY CODE : 26,502600090,2003260000,Division III BM,,
197,26,Building Maintenance Department FUNCTIONARY CODE : 26,502600093,2001260000,Division I BM,...,
197,26,Building Maintenance Department FUNCTIONARY CODE : 26,502600093,2002260000,Division II ...,...,20000
197,26,Building Maintenance Department FUNCTIONARY CODE : 26,502600093,2003260000,Division III BM ...,...,7000
197,26,Building Maintenance Department FUNCTIONARY CODE : 26,502600034,2001260000,Division I BM 100,100,300
197,26,Building Maintenance Department FUNCTIONARY CODE : 26,502600034,2002260000,Division II BM 100,100,300
197,26,Building Maintenance Department FUNCTIONARY CODE : 26,502600034,2003260000,Division III 100,100,300
197,26,Building Maintenance Department FUNCTIONARY CODE : 26,502600035,1000260000,Provision for Soil Investigation BM,500,600
197,26,Building Maintenance Department FUNCTIONARY CODE : 26,502600035,1000260000,Provision for Soil Investigation C.E.,...,400
197,26,Building Maintenance Department FUNCTIONARY CODE : 26,502600035,4010260000,A Ward 50,50,50
197,26,Building Maintenance Department FUNCTIONARY CODE : 26,502600035,4020260000,B Ward 50,50,50
197,26,Building Maintenance Department FUNCTIONARY CODE : 26,502600035,4030260000,C Ward,,
197,26,Building Maintenance Department FUNCTIONARY CODE : 26,502600035,4040260000,D Ward 50,50,50
197,26,Building Maintenance Department FUNCTIONARY CODE : 26,502600035,4050260000,E Ward 50,50,50
197,26,Building Maintenance Department FUNCTIONARY CODE : 26,502600035,4060260000,F/South Ward 50,50,50
197,26,Building Maintenance Department FUNCTIONARY CODE : 26,502600035,4070260000,F/North Ward 50,50,50
197,26,Building Maintenance Department FUNCTIONARY CODE : 26,502600035,4080260000,G/South Ward 50,50,50
197,26,Building Maintenance Department FUNCTIONARY CODE : 26,502600035,4090260000,G/North Ward 50,50,50
199,26,Building Maintenance Department FUNCTIONARY CODE : 26,502600035,4100260000,H/East Ward 200,200,50
199,26,Building Maintenance Department FUNCTIONARY CODE : 26,502600035,4110260000,H/West Ward,,
199,26,Building Maintenance Department FUNCTIONARY CODE : 26,502600035,4120260000,K/East Ward 50,50,50
199,26,Building Maintenance Department FUNCTIONARY CODE : 26,502600035,4130260000,K/West Ward 50,50,50
199,26,Building Maintenance Department FUNCTIONARY CODE : 26,502600035,4140260000,P/South Ward 50,50,50
199,26,Building Maintenance Department FUNCTIONARY CODE : 26,502600035,4150260000,P/North Ward 50,50,50
199,26,Building Maintenance Department FUNCTIONARY CODE : 26,502600035,4160260000,R/South Ward 50,50,50
199,26,Building Maintenance Department FUNCTIONARY CODE : 26,502600035,4170260000,R/North Ward 50,50,50
199,26,Building Maintenance Department FUNCTIONARY CODE : 26,502600035,4180260000,R/Central Ward,,
199,26,Building Maintenance Department FUNCTIONARY CODE : 26,502600035,4190260000,L Ward 50,50,50
199,26,Building Maintenance Department FUNCTIONARY CODE : 26,502600035,4200260000,M/East Ward 50,50,50
199,26,Building Maintenance Department FUNCTIONARY CODE : 26,502600035,4210260000,M/West Ward 50,50,50
199,26,Building Maintenance Department FUNCTIONARY CODE : 26,502600035,4220260000,N Ward 50,50,50
199,26,Building Maintenance Department FUNCTIONARY CODE : 26,502600035,4230260000,S Ward 50,50,50
199,26,Building Maintenance Department FUNCTIONARY CODE : 26,502600035,4240260000,T Ward 50,50,50
199,26,Building Maintenance Department FUNCTIONARY CODE : 26,502600036,1000264406,owned by BMC and included in proposed Heritage 500,500,800
199,26,Building Maintenance Department FUNCTIONARY CODE : 26,502600038,1000260000,Properties which are in Dilapidated BM,10218,1000
199,26,Building Maintenance Department FUNCTIONARY CODE : 26,502600038,4010260000,A Ward 1000,1000,1000
199,26,Building Maintenance Department FUNCTIONARY CODE : 26,502600038,4020260000,B Ward 1000,1000,1000
199,26,Building Maintenance Department FUNCTIONARY CODE : 26,502600038,4030260000,C Ward 1000,1000,1000
199,26,Building Maintenance Department FUNCTIONARY CODE : 26,502600038,4040260000,D Ward 1000,1000,1000
199,26,Building Maintenance Department FUNCTIONARY CODE : 26,502600038,4050260000,E Ward 1000,1000,1000
199,26,Building Maintenance Department FUNCTIONARY CODE : 26,502600038,4060260000,F/South Ward 1000,1000,1000
201,26,Building Maintenance Department FUNCTIONARY CODE : 26,502600038,4070260000,F/North Ward 1000,1000,1000
201,26,Building Maintenance Department FUNCTIONARY CODE : 26,502600038,4080260000,1000,1000,1000
201,26,Building Maintenance Department FUNCTIONARY CODE : 26,502600038,4090260000,G/North Ward 1000,1000,1000
201,26,Building Maintenance Department FUNCTIONARY CODE : 26,502600038,4100260000,H/East Ward,,
201,26,Building Maintenance Department FUNCTIONARY CODE : 26,502600038,4110260000,H/West Ward 1000,1000,1000
201,26,Building Maintenance Department FUNCTIONARY CODE : 26,502600038,4120260000,K/East Ward,,
201,26,Building Maintenance Department FUNCTIONARY CODE : 26,502600038,4130260000,K/West Ward 1000,1000,1000
201,26,Building Maintenance Department FUNCTIONARY CODE : 26,502600038,4140260000,P/South Ward,,
201,26,Building Maintenance Department FUNCTIONARY CODE : 26,502600038,4150260000,P/North Ward 1000,1000,1000
201,26,Building Maintenance Department FUNCTIONARY CODE : 26,502600038,4160260000,R/South Ward 1000,1000,1000
201,26,Building Maintenance Department FUNCTIONARY CODE : 26,502600038,4170260000,R/North Ward 1000,1000,1000
201,26,Building Maintenance Department FUNCTIONARY CODE : 26,502600038,4180260000,R/Central Ward 1000,1000,1000
201,26,Building Maintenance Department FUNCTIONARY CODE : 26,502600038,4190260000,L Ward 1000,1000,1000
201,26,Building Maintenance Department FUNCTIONARY CODE : 26,502600038,4200260000,M/East Ward 1000,1000,1000
201,26,Building Maintenance Department FUNCTIONARY CODE : 26,502600038,4210260000,M/West Ward 1000,1000,1000
201,26,Building Maintenance Department FUNCTIONARY CODE : 26,502600038,4220260000,N Ward 1000,1000,1000
201,26,Building Maintenance Department FUNCTIONARY CODE : 26,502600038,4230260000,S Ward 1000,1000,1000
201,26,Building Maintenance Department FUNCTIONARY CODE : 26,502600038,4240260000,T Ward 1000,1000,1000
201,26,Building Maintenance Department FUNCTIONARY CODE : 26,502600039,1000264406,Heritage,,
201,26,Building Maintenance Department FUNCTIONARY CODE : 26,502600064,1000262000,Heritage 40000,40000,47000
201,26,Building Maintenance Department FUNCTIONARY CODE : 26,502600073,1000260000,30000 ...,...,8850
203,26,Building Maintenance Department FUNCTIONARY CODE : 26,502600045,4010260000,A Ward 2500,2500,2500
203,26,Building Maintenance Department FUNCTIONARY CODE : 26,502600045,4020260000,2500,2500,2500
203,26,Building Maintenance Department FUNCTIONARY CODE : 26,502600045,4030260000,C Ward,,
203,26,Building Maintenance Department FUNCTIONARY CODE : 26,502600045,4040260000,D Ward 2500,2500,2500
203,26,Building Maintenance Department FUNCTIONARY CODE : 26,502600045,4050260000,E Ward 2500,2500,2500
203,26,Building Maintenance Department FUNCTIONARY CODE : 26,502600045,4060260000,F/South Ward 2500,2500,2500
203,26,Building Maintenance Department FUNCTIONARY CODE : 26,502600045,4070260000,F/North Ward 2500,2500,2500
203,26,Building Maintenance Department FUNCTIONARY CODE : 26,502600045,4080260000,G/South Ward 2500,2500,2500
203,26,Building Maintenance Department FUNCTIONARY CODE : 26,502600045,4090260000,G/North Ward 2500,2500,2500
203,26,Building Maintenance Department FUNCTIONARY CODE : 26,502600045,4100260000,H/East Ward 2500,2500,2500
203,26,Building Maintenance Department FUNCTIONARY CODE : 26,502600045,4110260000,H/West Ward 2500,2500,2500
203,26,Building Maintenance Department FUNCTIONARY CODE : 26,502600045,4120260000,K/East Ward 2500,2500,2500
203,26,Building Maintenance Department FUNCTIONARY CODE : 26,502600045,4130260000,K/West Ward 2500,2500,2500
203,26,Building Maintenance Department FUNCTIONARY CODE : 26,502600045,4140260000,P/South Ward 2500,2500,2500
203,26,Building Maintenance Department FUNCTIONARY CODE : 26,502600045,4150260000,P/North Ward,,
203,26,Building Maintenance Department FUNCTIONARY CODE : 26,502600045,4160260000,R/South Ward,,
203,26,Building Maintenance Department FUNCTIONARY CODE : 26,502600045,4170260000,R/North Ward 2500,2500,2500
203,26,Building Maintenance Department FUNCTIONARY CODE : 26,502600045,4180260000,R/Central Ward 2500,2500,2500
203,26,Building Maintenance Department FUNCTIONARY CODE : 26,502600045,4190260000,L Ward 2500,2500,2500
203,26,Building Maintenance Department FUNCTIONARY CODE : 26,502600045,4200260000,M/East Ward 2500,2500,2500
203,26,Building Maintenance Department FUNCTIONARY CODE : 26,502600045,4210260000,M/West Ward 2500,2500,2500
203,26,Building Maintenance Department FUNCTIONARY CODE : 26,502600045,4220260000,N Ward 2500,2500,2500
203,26,Building Maintenance Department FUNCTIONARY CODE : 26,502600045,4230260000,S Ward 2500,2500,2500
203,26,Building Maintenance Department FUNCTIONARY CODE : 26,502600045,4240260000,T Ward 2500,2500,2500
205,26,Building Maintenance Department keÀe³e& keÀjCeejs Keeles: Fceejle Heefjj#eCe Keeles,350800446,4040260000,"Beautification & Development of 10000 60000 Hegve©&ppeerefJekeÀjCe, meewo³eeakeÀjCe Je efJ",60000,
207,27,LEGAL DEPTT. keÀe³e& keÀjCeejs Keeles : efJeOeer Keeles,410600000,1000270000,HO - LEGAL LEGAL 500 500 cegK³eeue³e - efJeOeer,500,
207,27,LEGAL DEPTT. keÀe³e& keÀjCeejs Keeles : efJeOeer Keeles,410800201,1000270000,HO - LEGAL LEGAL 50 50 cegK³eeue³e - efJeOeer,50,
209,28,Election Department FUNCTIONARY CODE :28,410600000,1000280000,Office & Other Equipments Election 2000,2000,1000
209,28,Election Department FUNCTIONARY CODE :28,502800001,1000280000,12900,12900,1000
213,29,MUSEUM DEPARTMENT FUNCTIONARY CODE : 29,502900002,3001292600,M/s. National Textile Heritage 142500,142500,18800
213,29,MUSEUM DEPARTMENT FUNCTIONARY CODE : 29,502900011,3001292600,M/s. National Textile Heritage 17590,17590,800
215,29,MUSEUM DEPARTMENT FUNCTIONARY CODE : 29,502900012,3001292600,M/s. National Textile Heritage ...,...,15600
215,29,MUSEUM DEPARTMENT FUNCTIONARY CODE : 29,502900004,1000290000,,,
215,29,MUSEUM DEPARTMENT FUNCTIONARY CODE : 29,502900005,1000290000,Fund of Dr. Bhau Daji Lad ...,...,100
215,29,MUSEUM DEPARTMENT FUNCTIONARY CODE : 29,502900006,1000290000,Acquisition for the Museum ...,...,100
215,29,MUSEUM DEPARTMENT FUNCTIONARY CODE : 29,502900009,1000290000,Museum 500,500,500
220,30,EDUCATION DEPARTMENT keÀe³e& keÀjCeejs Keeles : efMe#eCe Keeles,410600000,1000300000,Office and Other equipments E. O. 6000 1000 keÀe³ee&ue³e DeeefCe Flej meeOevemeecegûeer,1000,
220,30,EDUCATION DEPARTMENT keÀe³e& keÀjCeejs Keeles : efMe#eCe Keeles,410700199,1000300000,Other Furniture & Fixtures E. O. 2500 75000 Flej HeÀefve&®ej DeeefCe efHeÀkeÌM®eme&,75000,
220,30,EDUCATION DEPARTMENT keÀe³e& keÀjCeejs Keeles : efMe#eCe Keeles,410800201,1000300000,E. O. 1,1,
221,30,EDUCATION DEPARTMENT FUNCTIONARY CODE : 30,503000058,1000300000,E.O. 100,100,100
221,30,EDUCATION DEPARTMENT FUNCTIONARY CODE : 30,503000110,1000300000,Tabs to students EO 10,10,10
221,30,EDUCATION DEPARTMENT FUNCTIONARY CODE : 30,503000121,1000300000,Computer Labs at Various Muncipal EO 10000,10000,20000
221,30,EDUCATION DEPARTMENT FUNCTIONARY CODE : 30,503000124,1000300000,EO 100,100,100
221,30,EDUCATION DEPARTMENT FUNCTIONARY CODE : 30,503000126,1000300000,EO 100,100,100
221,30,EDUCATION DEPARTMENT FUNCTIONARY CODE : 30,503000127,1000300000,EO 2000,2000,41078
221,30,EDUCATION DEPARTMENT FUNCTIONARY CODE : 30,503000128,1000300000,E.O. 10,10,10
221,30,EDUCATION DEPARTMENT FUNCTIONARY CODE : 30,503000129,1000300000,Provision for E-Library E.O. 1,1,1
221,30,EDUCATION DEPARTMENT FUNCTIONARY CODE : 30,503000138,1000300000,Provision for Tinker Lab E.O. 500,500,500
221,30,EDUCATION DEPARTMENT FUNCTIONARY CODE : 30,503000158,1000300000,Napking Vending and Burning Machine E.O. 1000,1000,3000
221,30,EDUCATION DEPARTMENT FUNCTIONARY CODE : 30,503000159,1000300000,Development of Skill Labs at Municipal E.O. 262100,262100,100000
221,30,EDUCATION DEPARTMENT FUNCTIONARY CODE : 30,503000119,1000300000,E.O. ...,...,34000
226,31,Solid Waste Management Department keÀe³e& keÀjCeejs Keeles : Ieve keÀ®eje J³eJemLeeHeve Keeles,410200300,2002310000,Chowkies S.W.M. 10000,150000,
226,31,Solid Waste Management Department keÀe³e& keÀjCeejs Keeles : Ieve keÀ®eje J³eJemLeeHeve Keeles,410400003,2002310000,Refuse Bins 91000,55000,
226,31,Solid Waste Management Department keÀe³e& keÀjCeejs Keeles : Ieve keÀ®eje J³eJemLeeHeve Keeles,410501200,1000310000,Stationery Compactors S.W.M. 52600 32500 mìsMevejer keÀcHe@keÌìj,32500,
227,31,Solid Waste Management Department FUNCTIONARY CODE :31,503100001,1000310000,Transit camp under Ashray Yojana,,
227,31,Solid Waste Management Department FUNCTIONARY CODE :31,503100007,1000314801,"filling including processing, treatment of 35000",35000,41000
229,31,Solid Waste Management Department FUNCTIONARY CODE :31,503100008,1000314801,"filling including processing, treatment of",5500,49000
229,31,Solid Waste Management Department FUNCTIONARY CODE :31,503100016,2003310000,2500,2500,2000
229,31,Solid Waste Management Department FUNCTIONARY CODE :31,503100044,1000310000,AYC 45762100 3714030,3714030,10550000
229,31,Solid Waste Management Department FUNCTIONARY CODE :31,503100044,4060310000,F/South Ward - SWM Ward 200800,200800,...
229,31,Solid Waste Management Department FUNCTIONARY CODE :31,503100044,4080310000,G/South Ward - SWM Ward 8270,8270,...
229,31,Solid Waste Management Department FUNCTIONARY CODE :31,503100045,1000310000,SWM,,
229,31,Solid Waste Management Department FUNCTIONARY CODE :31,503100045,1000310000,Head Office 16940,16940,13000
229,31,Solid Waste Management Department FUNCTIONARY CODE :31,503100045,2001310000,Division I - City 10000,10000,20000
229,31,Solid Waste Management Department FUNCTIONARY CODE :31,503100045,2002310000,Division II - Western Suburb 10000,10000,20000
229,31,Solid Waste Management Department FUNCTIONARY CODE :31,503100045,2003310000,Division III - Eastern Suburb 10000,10000,20000
229,31,Solid Waste Management Department FUNCTIONARY CODE :31,503100045,4010310031,A Ward Ward 800,800,1200
229,31,Solid Waste Management Department FUNCTIONARY CODE :31,503100045,4020310031,B Ward Ward 500,500,5000
229,31,Solid Waste Management Department FUNCTIONARY CODE :31,503100045,4030310031,C Ward Ward 500,500,10000
229,31,Solid Waste Management Department FUNCTIONARY CODE :31,503100045,4040310031,D Ward Ward 2300,2300,2500
229,31,Solid Waste Management Department FUNCTIONARY CODE :31,503100045,4050310031,E Ward Ward 1000,1000,1000
229,31,Solid Waste Management Department FUNCTIONARY CODE :31,503100045,4060310031,F/South Ward Ward 2500,2500,5000
229,31,Solid Waste Management Department FUNCTIONARY CODE :31,503100045,4070310031,F/North Ward Ward 4560,4560,5000
229,31,Solid Waste Management Department FUNCTIONARY CODE :31,503100045,4080310031,G/South Ward Ward 2900,2900,1000
229,31,Solid Waste Management Department FUNCTIONARY CODE :31,503100045,4090310031,G/North Ward Ward 6300,6300,5000
229,31,Solid Waste Management Department FUNCTIONARY CODE :31,503100045,4100310031,H/East Ward Ward 1500,1500,1900
229,31,Solid Waste Management Department FUNCTIONARY CODE :31,503100045,4110310031,H/West Ward Ward 4000,4000,5000
229,31,Solid Waste Management Department FUNCTIONARY CODE :31,503100045,4120310031,K/East Ward Ward 800,800,800
229,31,Solid Waste Management Department FUNCTIONARY CODE :31,503100045,4130310031,K/West Ward Ward 2000,2000,2000
231,31,Solid Waste Management Department FUNCTIONARY CODE :31,503100045,4140310031,P/South Ward Ward 1500,1500,1500
231,31,Solid Waste Management Department FUNCTIONARY CODE :31,503100045,4150310031,P/North Ward Ward 1800,1800,2600
231,31,Solid Waste Management Department FUNCTIONARY CODE :31,503100045,4160310031,R/South Ward Ward 800,800,1500
231,31,Solid Waste Management Department FUNCTIONARY CODE :31,503100045,4170310031,R/North Ward Ward 800,800,1000
231,31,Solid Waste Management Department FUNCTIONARY CODE :31,503100045,4180310031,R/Central Ward Ward 2000,2000,3000
231,31,Solid Waste Management Department FUNCTIONARY CODE :31,503100045,4190310031,L Ward Ward 10000,10000,10000
231,31,Solid Waste Management Department FUNCTIONARY CODE :31,503100045,4200310031,M/East Ward Ward 1900,1900,1900
231,31,Solid Waste Management Department FUNCTIONARY CODE :31,503100045,4210310031,M/West Ward Ward 1500,1500,2500
231,31,Solid Waste Management Department FUNCTIONARY CODE :31,503100045,4220310031,N Ward Ward 1500,1500,1650
231,31,Solid Waste Management Department FUNCTIONARY CODE :31,503100045,4230310031,S Ward Ward 1700,1700,1700
231,31,Solid Waste Management Department FUNCTIONARY CODE :31,503100045,4240310031,T Ward Ward 4000,4000,3000
231,31,Solid Waste Management Department FUNCTIONARY CODE :31,503100049,1000310000,Head Office 1300,1300,2000
231,31,Solid Waste Management Department FUNCTIONARY CODE :31,503100049,4010310031,A Ward Ward 1000,1000,1000
231,31,Solid Waste Management Department FUNCTIONARY CODE :31,503100049,4020310031,B Ward Ward 500,500,1000
231,31,Solid Waste Management Department FUNCTIONARY CODE :31,503100049,4030310031,C Ward Ward 2000,2000,2000
231,31,Solid Waste Management Department FUNCTIONARY CODE :31,503100049,4040310031,D Ward Ward 1000,1000,2000
231,31,Solid Waste Management Department FUNCTIONARY CODE :31,503100049,4050310031,E Ward 700,700,1000
231,31,Solid Waste Management Department FUNCTIONARY CODE :31,503100049,4060310031,F/South Ward Ward 900,900,1000
233,31,Solid Waste Management Department FUNCTIONARY CODE :31,503100049,4070310031,F/North Ward Ward 800,800,1000
233,31,Solid Waste Management Department FUNCTIONARY CODE :31,503100049,4080310031,G/South Ward Ward 1500,1500,3000
233,31,Solid Waste Management Department FUNCTIONARY CODE :31,503100049,4090310031,G/North Ward Ward 2000,2000,4000
233,31,Solid Waste Management Department FUNCTIONARY CODE :31,503100049,4100310031,H/East Ward Ward 2000,2000,2500
233,31,Solid Waste Management Department FUNCTIONARY CODE :31,503100049,4110310031,3000,3000,1000
233,31,Solid Waste Management Department FUNCTIONARY CODE :31,503100049,4120310031,K/East Ward 4000,4000,8500
233,31,Solid Waste Management Department FUNCTIONARY CODE :31,503100049,4130310031,K/West Ward Ward 2300,2300,4000
233,31,Solid Waste Management Department FUNCTIONARY CODE :31,503100049,4140310031,P/South Ward Ward 5900,5900,8500
233,31,Solid Waste Management Department FUNCTIONARY CODE :31,503100049,4150310031,P/North Ward Ward 600,600,1000
233,31,Solid Waste Management Department FUNCTIONARY CODE :31,503100049,4160310031,R/South Ward Ward 500,500,1000
233,31,Solid Waste Management Department FUNCTIONARY CODE :31,503100049,4170310031,R/North Ward Ward 500,500,1000
233,31,Solid Waste Management Department FUNCTIONARY CODE :31,503100049,4180310031,R/Central Ward Ward 5800,5800,5000
233,31,Solid Waste Management Department FUNCTIONARY CODE :31,503100049,4190310031,L Ward Ward 6500,6500,8500
233,31,Solid Waste Management Department FUNCTIONARY CODE :31,503100049,4200310031,M/East Ward 800,800,2500
233,31,Solid Waste Management Department FUNCTIONARY CODE :31,503100049,4210310031,M/West Ward Ward 1500,1500,2500
233,31,Solid Waste Management Department FUNCTIONARY CODE :31,503100049,4220310031,N Ward Ward 1400,1400,2000
233,31,Solid Waste Management Department FUNCTIONARY CODE :31,503100049,4230310031,S Ward Ward 1500,1500,1000
233,31,Solid Waste Management Department FUNCTIONARY CODE :31,503100049,4240310031,T Ward Ward 2000,2000,3000
233,31,Solid Waste Management Department FUNCTIONARY CODE :31,503100050,1000310000,,,
233,31,Solid Waste Management Department FUNCTIONARY CODE :31,503100071,4010310031,A Ward Ward 900,900,500
233,31,Solid Waste Management Department FUNCTIONARY CODE :31,503100071,4040310031,200,200,500
235,31,Solid Waste Management Department FUNCTIONARY CODE :31,503100071,4050310031,E Ward Ward 300,300,500
235,31,Solid Waste Management Department FUNCTIONARY CODE :31,503100071,4060310031,F/South Ward Ward 1000,1000,1000
235,31,Solid Waste Management Department FUNCTIONARY CODE :31,503100071,4070310031,F/North Ward Ward 1000,1000,3000
235,31,Solid Waste Management Department FUNCTIONARY CODE :31,503100071,4080310031,31500,31500,9000
235,31,Solid Waste Management Department FUNCTIONARY CODE :31,503100071,4090310031,G/North Ward Ward 5100,5100,5300
235,31,Solid Waste Management Department FUNCTIONARY CODE :31,503100071,4100310031,H/East Ward Ward 500,500,1800
235,31,Solid Waste Management Department FUNCTIONARY CODE :31,503100071,4110310031,H/West Ward Ward 1500,1500,1900
235,31,Solid Waste Management Department FUNCTIONARY CODE :31,503100071,4120310031,K/East Ward Ward 5500,5500,7500
235,31,Solid Waste Management Department FUNCTIONARY CODE :31,503100071,4130310031,K/West Ward Ward 5000,5000,7500
235,31,Solid Waste Management Department FUNCTIONARY CODE :31,503100071,4140310031,P/South Ward Ward 5000,5000,6000
235,31,Solid Waste Management Department FUNCTIONARY CODE :31,503100071,4150310031,P/North Ward Ward 700,700,3000
235,31,Solid Waste Management Department FUNCTIONARY CODE :31,503100071,4160310031,R/South Ward 14000,14000,8000
235,31,Solid Waste Management Department FUNCTIONARY CODE :31,503100071,4170310031,R/North Ward Ward 2800,2800,3800
235,31,Solid Waste Management Department FUNCTIONARY CODE :31,503100071,4180310031,R/Central Ward Ward 12000,12000,5000
235,31,Solid Waste Management Department FUNCTIONARY CODE :31,503100071,4190310031,L Ward Ward 72500,72500,16500
235,31,Solid Waste Management Department FUNCTIONARY CODE :31,503100071,4200310031,M/East Ward Ward 49000,49000,6300
235,31,Solid Waste Management Department FUNCTIONARY CODE :31,503100071,4210310031,M/West Ward Ward 1700,1700,2500
235,31,Solid Waste Management Department FUNCTIONARY CODE :31,503100071,4220310031,N Ward Ward 15000,15000,10900
235,31,Solid Waste Management Department FUNCTIONARY CODE :31,503100071,4230310031,S Ward Ward 85000,85000,10000
235,31,Solid Waste Management Department FUNCTIONARY CODE :31,503100071,4240310031,T Ward 3800,3800,2000
235,31,Solid Waste Management Department FUNCTIONARY CODE :31,503100073,2002310000,2500,2500,5000
235,31,Solid Waste Management Department FUNCTIONARY CODE :31,503100176,1000310000,of cosatal water bodies in and around SWM 100,100,100
235,31,Solid Waste Management Department FUNCTIONARY CODE :31,503100200,2002310000,25000,25000,20000
235,31,Solid Waste Management Department FUNCTIONARY CODE :31,503100215,1000310000,19000,19000,30000
235,31,Solid Waste Management Department FUNCTIONARY CODE :31,503100302,4060310000,100,100,4000
235,31,Solid Waste Management Department FUNCTIONARY CODE :31,503100303,4060310000,Ward 100,100,1000
237,31,Solid Waste Management Department FUNCTIONARY CODE :31,503100314,1000310000,Head Office SWM 6315,6315,14600
237,31,Solid Waste Management Department FUNCTIONARY CODE :31,503100314,4010310031,A Ward Ward 1400,1400,1000
237,31,Solid Waste Management Department FUNCTIONARY CODE :31,503100314,4020310031,B Ward Ward 800,800,1000
237,31,Solid Waste Management Department FUNCTIONARY CODE :31,503100314,4030310031,C Ward Ward 800,800,700
237,31,Solid Waste Management Department FUNCTIONARY CODE :31,503100314,4040310031,D Ward Ward 900,900,700
237,31,Solid Waste Management Department FUNCTIONARY CODE :31,503100314,4050310031,800,800,700
237,31,Solid Waste Management Department FUNCTIONARY CODE :31,503100314,4060310031,F/South Ward Ward 3000,3000,2500
237,31,Solid Waste Management Department FUNCTIONARY CODE :31,503100314,4070310031,F/North Ward Ward 5608,5608,1000
237,31,Solid Waste Management Department FUNCTIONARY CODE :31,503100314,4080310031,8200,8200,10000
237,31,Solid Waste Management Department FUNCTIONARY CODE :31,503100314,4090310031,G/North Ward Ward 15000,15000,15000
237,31,Solid Waste Management Department FUNCTIONARY CODE :31,503100314,4100310031,H/East Ward Ward 1000,1000,1700
237,31,Solid Waste Management Department FUNCTIONARY CODE :31,503100314,4110310031,H/West Ward 1500,1500,1500
237,31,Solid Waste Management Department FUNCTIONARY CODE :31,503100314,4120310031,K/East Ward Ward 4000,4000,3000
237,31,Solid Waste Management Department FUNCTIONARY CODE :31,503100314,4130310031,K/West Ward Ward 10000,10000,7800
237,31,Solid Waste Management Department FUNCTIONARY CODE :31,503100314,4140310031,P/S ward Ward 1500,1500,1500
237,31,Solid Waste Management Department FUNCTIONARY CODE :31,503100314,4150310031,P/North Ward Ward 1500,1500,3500
237,31,Solid Waste Management Department FUNCTIONARY CODE :31,503100314,4160310031,R/South Ward Ward 1500,1500,3000
237,31,Solid Waste Management Department FUNCTIONARY CODE :31,503100314,4170310031,R/North Ward Ward 1500,1500,1500
237,31,Solid Waste Management Department FUNCTIONARY CODE :31,503100314,4180310031,R/C Ward Ward ...,...,2000
237,31,Solid Waste Management Department FUNCTIONARY CODE :31,503100314,4190310031,L Ward Ward 18400,18400,8500
237,31,Solid Waste Management Department FUNCTIONARY CODE :31,503100314,4200310031,M/E Ward Ward 1000,1000,800
237,31,Solid Waste Management Department FUNCTIONARY CODE :31,503100314,4210310031,M/West Ward Ward 800,800,1000
237,31,Solid Waste Management Department FUNCTIONARY CODE :31,503100314,4220310031,N Ward Ward 6000,6000,4000
237,31,Solid Waste Management Department FUNCTIONARY CODE :31,503100314,4230310031,S Ward Ward 1500,1500,1500
237,31,Solid Waste Management Department FUNCTIONARY CODE :31,503100314,4240310031,T Ward Ward 1500,1500,1500
237,31,Solid Waste Management Department FUNCTIONARY CODE :31,503100341,2002310000,190000 500,500,20000
237,31,Solid Waste Management Department FUNCTIONARY CODE :31,503100342,1000314801,2500,2500,2500
239,31,Solid Waste Management Department FUNCTIONARY CODE :31,503100350,1000314801,1000,1000,5000
239,31,Solid Waste Management Department FUNCTIONARY CODE :31,503100343,1000310000,Dy.C.E. 5000,5000,8000
239,31,Solid Waste Management Department FUNCTIONARY CODE :31,503100344,4010310031,4400,4400,4000
239,31,Solid Waste Management Department FUNCTIONARY CODE :31,503100344,4020310031,800,800,800
239,31,Solid Waste Management Department FUNCTIONARY CODE :31,503100344,4030310031,800,800,800
239,31,Solid Waste Management Department FUNCTIONARY CODE :31,503100344,4040310031,800,800,800
239,31,Solid Waste Management Department FUNCTIONARY CODE :31,503100344,4050310031,800,800,800
239,31,Solid Waste Management Department FUNCTIONARY CODE :31,503100344,4060310031,6500,6500,4900
239,31,Solid Waste Management Department FUNCTIONARY CODE :31,503100344,4070310031,800,800,800
239,31,Solid Waste Management Department FUNCTIONARY CODE :31,503100344,4080310031,800,800,800
239,31,Solid Waste Management Department FUNCTIONARY CODE :31,503100344,4090310031,3800,3800,3500
239,31,Solid Waste Management Department FUNCTIONARY CODE :31,503100344,4100310031,800,800,800
239,31,Solid Waste Management Department FUNCTIONARY CODE :31,503100344,4110310031,800,800,2500
239,31,Solid Waste Management Department FUNCTIONARY CODE :31,503100344,4120310031,3800,3800,3800
239,31,Solid Waste Management Department FUNCTIONARY CODE :31,503100344,4130310031,2500,2500,2600
239,31,Solid Waste Management Department FUNCTIONARY CODE :31,503100344,4140310031,800,800,800
239,31,Solid Waste Management Department FUNCTIONARY CODE :31,503100344,4150310031,800,800,2400
239,31,Solid Waste Management Department FUNCTIONARY CODE :31,503100344,4160310031,800,800,1000
239,31,Solid Waste Management Department FUNCTIONARY CODE :31,503100344,4170310031,800,800,800
239,31,Solid Waste Management Department FUNCTIONARY CODE :31,503100344,4180310031,4500,4500,2500
239,31,Solid Waste Management Department FUNCTIONARY CODE :31,503100344,4190310031,1000,1000,1000
239,31,Solid Waste Management Department FUNCTIONARY CODE :31,503100344,4200310031,4500,4500,4500
239,31,Solid Waste Management Department FUNCTIONARY CODE :31,503100344,4210310031,800,800,1000
239,31,Solid Waste Management Department FUNCTIONARY CODE :31,503100344,4220310031,4500,4500,5000
239,31,Solid Waste Management Department FUNCTIONARY CODE :31,503100344,4230310031,800,800,800
239,31,Solid Waste Management Department FUNCTIONARY CODE :31,503100344,4240310031,800,800,800
241,31,Solid Waste Management Department FUNCTIONARY CODE :31,503100345,4010310000,A Ward Ward 5532,5532,...
241,31,Solid Waste Management Department FUNCTIONARY CODE :31,503100345,4040310000,D Ward Ward 96900,96900,...
241,31,Solid Waste Management Department FUNCTIONARY CODE :31,503100345,4090310000,G/North Ward Ward 60000,60000,...
241,31,Solid Waste Management Department FUNCTIONARY CODE :31,503100345,4130310000,220000,220000,...
241,31,Solid Waste Management Department FUNCTIONARY CODE :31,503100346,1000310000,(SWM) 1000,1000,1000
241,31,Solid Waste Management Department FUNCTIONARY CODE :31,503100347,1000310000,SWM 1000,1000,...
241,31,Solid Waste Management Department FUNCTIONARY CODE :31,503100347,1000314802,electric vehicles etc.) 5000,5000,40000
241,31,Solid Waste Management Department FUNCTIONARY CODE :31,503100352,4120310000,2000,2000,...
241,31,Solid Waste Management Department FUNCTIONARY CODE :31,503100353,4040310000,500,500,...
241,31,Solid Waste Management Department FUNCTIONARY CODE :31,503100354,4040310000,2000,2000,...
241,31,Solid Waste Management Department FUNCTIONARY CODE :31,503100355,4040310000,"wadi, topiwal lane and tara temple lane in 2000",2000,...
241,31,Solid Waste Management Department FUNCTIONARY CODE :31,503100356,4040310000,2000,2000,...
241,31,Solid Waste Management Department FUNCTIONARY CODE :31,503100357,4040310000,2500,2500,...
241,31,Solid Waste Management Department FUNCTIONARY CODE :31,503100358,4040310000,2500,2500,...
241,31,Solid Waste Management Department FUNCTIONARY CODE :31,503100359,4040310000,machine at temples in ward no 219 in D 2000,2000,...
243,31,Solid Waste Management Department FUNCTIONARY CODE :31,503100360,4040310000,2000,2000,...
243,31,Solid Waste Management Department FUNCTIONARY CODE :31,503100169,1000310000,Waste Segregation Centre to be Developed 1000,1000,1000
243,31,Solid Waste Management Department FUNCTIONARY CODE :31,503100170,1000310000,Development of Toilets on new plot 2500,2500,...
243,31,Solid Waste Management Department FUNCTIONARY CODE :31,503100170,4210310031,...,...,500
243,31,Solid Waste Management Department FUNCTIONARY CODE :31,503100171,4070310031,1000,1000,1000
243,31,Solid Waste Management Department FUNCTIONARY CODE :31,503100172,1000310000,...,...,2000
245,31,Solid Waste Management Department FUNCTIONARY CODE :31,503100074,1000310000,existing & new solid waste 2300000,2300000,2300000
247,31,keÀe³e& keÀjCeejs Keeles: Ieve keÀ®eje J³eJemLeeHeve Keeles,312110405,1000310000,575130 ... mJe®í cenejeä^ DeefYe³eeveemeeþer µeemeveekeÀ[tve efveOeer,...,
249,32,TRANSPORT DEPARTMENT FUNCTIONARY CODE : 32,410400000,2001321600,Division I - Plant & Machinery E.E.T. 22700,22700,10000
249,32,TRANSPORT DEPARTMENT FUNCTIONARY CODE : 32,410400000,2002321600,Division II - Plant & Machinery E.E.T. 1000,1000,5000
249,32,TRANSPORT DEPARTMENT FUNCTIONARY CODE : 32,410400000,2003321600,Division III - Plant & Machinery E.E.T. 5000,5000,55000
249,32,TRANSPORT DEPARTMENT FUNCTIONARY CODE : 32,410500000,2001321600,Division I - Vehicles E.E.T. 93500,93500,68060
249,32,TRANSPORT DEPARTMENT FUNCTIONARY CODE : 32,410500000,2002321600,Division II - Vehicles E.E.T. 2500,2500,57810
249,32,TRANSPORT DEPARTMENT FUNCTIONARY CODE : 32,410500000,2003321600,Division III - Vehicles E.E.T. 9000,9000,63630
249,32,TRANSPORT DEPARTMENT FUNCTIONARY CODE : 32,410509900,2002321600,Division II - Others Vehicles E.E.T. 236600,236600,...
249,32,TRANSPORT DEPARTMENT FUNCTIONARY CODE : 32,410509900,2003321600,Division III - Others Vehicles E.E.T. ...,...,30000
249,32,TRANSPORT DEPARTMENT FUNCTIONARY CODE : 32,410600200,2001321600,Division I E.E.T. 1000,1000,1500
249,32,TRANSPORT DEPARTMENT FUNCTIONARY CODE : 32,410600200,2002321600,Division II E.E.T. 1000,1000,1000
249,32,TRANSPORT DEPARTMENT FUNCTIONARY CODE : 32,410600200,2003321600,Division III E.E.T. 1000,1000,1000
251,32,TRANSPORT DEPARTMENT FUNCTIONARY CODE : 32,410600000,2003321600,Division III E.E.T. ...,...,500
251,32,TRANSPORT DEPARTMENT FUNCTIONARY CODE : 32,410700000,2003321600,Division III E.E.T. ...,...,1000
251,32,TRANSPORT DEPARTMENT FUNCTIONARY CODE : 32,503200013,2003321603,,,
255,33,STORM WATER DRAINS DEPARTMENT FUNCTIONARY CODE : 33,503300699,2001330000,1600000,1600000,1000000
255,33,STORM WATER DRAINS DEPARTMENT FUNCTIONARY CODE : 33,503300699,2003330000,Division III - SWD (Eastern Suburbs) S.W.D. 1570000,1570000,550000
255,33,STORM WATER DRAINS DEPARTMENT FUNCTIONARY CODE : 33,503300750,2001330000,Division I - SWD ( City) S.W.D. 1000000,1000000,1200000
255,33,STORM WATER DRAINS DEPARTMENT FUNCTIONARY CODE : 33,503300750,2002330000,Division II - SWD (Western Suburbs) S.W.D. 4260000,4260000,2900000
255,33,STORM WATER DRAINS DEPARTMENT FUNCTIONARY CODE : 33,503300750,2003330000,Division III - SWD (Eastern Suburbs) S.W.D. 1058000,1058000,230000
257,33,STORM WATER DRAINS DEPARTMENT FUNCTIONARY CODE : 33,503300751,2001330000,Division I - SWD ( City) S.W.D. 20000,20000,360000
257,33,STORM WATER DRAINS DEPARTMENT FUNCTIONARY CODE : 33,503300751,2002330000,Division II - SWD (Western Suburbs) S.W.D. 640000,640000,2901400
257,33,STORM WATER DRAINS DEPARTMENT FUNCTIONARY CODE : 33,503300751,2003330000,Division III - SWD (Eastern Suburbs) S.W.D. 300000,300000,730000
257,33,STORM WATER DRAINS DEPARTMENT FUNCTIONARY CODE : 33,503300756,2001330000,Division I - SWD ( City) S.W.D. ...,...,50000
257,33,STORM WATER DRAINS DEPARTMENT FUNCTIONARY CODE : 33,503300756,2002330000,Division II - SWD (Western Suburbs) S.W.D. ...,...,100000
257,33,STORM WATER DRAINS DEPARTMENT FUNCTIONARY CODE : 33,503300756,2003330000,Division III - SWD (Eastern Suburbs) S.W.D. ...,...,100000
259,33,STORM WATER DRAINS DEPARTMENT FUNCTIONARY CODE : 33,503300407,4190330000,S.W.D.,,
259,33,STORM WATER DRAINS DEPARTMENT FUNCTIONARY CODE : 33,503300407,4190330000,,,
259,33,STORM WATER DRAINS DEPARTMENT FUNCTIONARY CODE : 33,410400000,2001330000,400000,400000,460000
259,33,STORM WATER DRAINS DEPARTMENT FUNCTIONARY CODE : 33,503300700,3002330000,O & M - SWD (Civil) S.W.D.,700000,415000
259,33,STORM WATER DRAINS DEPARTMENT FUNCTIONARY CODE : 33,410600200,1000330000,"Computer, Printer & Peripherals 2000",2000,2000
259,33,STORM WATER DRAINS DEPARTMENT FUNCTIONARY CODE : 33,503300746,1000330000,1000,1000,20000
259,33,STORM WATER DRAINS DEPARTMENT FUNCTIONARY CODE : 33,503300749,1000330000,Poisar River S.W.D. 14823900 1450000,1450000,1831000
259,33,STORM WATER DRAINS DEPARTMENT FUNCTIONARY CODE : 33,503300749,1000330000,Dahisar River S.W.D. 3760500 1050000,1050000,730000
259,33,STORM WATER DRAINS DEPARTMENT FUNCTIONARY CODE : 33,503300749,1000330000,Oshiwara / Walbhat River S.W.D. 9750000 1000000,1000000,1009000
259,33,STORM WATER DRAINS DEPARTMENT FUNCTIONARY CODE : 33,503300752,1000332600,B.M. 14000,14000,33000
259,33,STORM WATER DRAINS DEPARTMENT FUNCTIONARY CODE : 33,503300753,4240330000,Drains near Jeevan Nagar Society Mulund (E) in 5000,5000,...
259,33,STORM WATER DRAINS DEPARTMENT FUNCTIONARY CODE : 33,503300754,4240330000,drainage behind Khandoba Mandir (Chaphekar 1510,1510,...
259,33,STORM WATER DRAINS DEPARTMENT FUNCTIONARY CODE : 33,503300755,4040330000,2500,2500,...
261,33,STORM WATER DRAINS DEPARTMENT FUNCTIONARY CODE : 33,503300701,2001330000,Division I - SWD S.W.D. ...,...,
261,33,STORM WATER DRAINS DEPARTMENT FUNCTIONARY CODE : 33,503300701,2002330000,Division II - SWD S.W.D.,46800,
261,33,STORM WATER DRAINS DEPARTMENT FUNCTIONARY CODE : 33,503300701,2003330000,Division III - SWD S.W.D.,559200,
261,33,STORM WATER DRAINS DEPARTMENT FUNCTIONARY CODE : 33,503300085,2002330000,Division II - SWD S.W.D.,230000,330000
261,33,STORM WATER DRAINS DEPARTMENT FUNCTIONARY CODE : 33,503300085,2003330000,Division III - SWD S.W.D. 1000,1000,1000
265,34,FUNCTIONARY CODE : 34,503400599,1000340000,,419195,235240
265,34,FUNCTIONARY CODE : 34,503400956,1000340000,Ch.E.(M&E),10000,9170
265,34,FUNCTIONARY CODE : 34,503401043,1000340000,"system,Packaged A.C. plants ,VRF Ch.E.(M&E)",30000,55030
265,34,FUNCTIONARY CODE : 34,503401140,1000340000,45000,45000,27520
265,34,FUNCTIONARY CODE : 34,503401141,1000340000,commissioning of AFD system for PCS Ch.E.(M&E) 70700 15847,15847,9170
265,34,FUNCTIONARY CODE : 34,503401214,1000340000,Ch.E.(M&E) ...,...,90
265,34,FUNCTIONARY CODE : 34,503401215,1000340000,Ch.E.(M&E) 350000 ...,...,9170
267,34,FUNCTIONARY CODE : 34,503401216,1000340000,Ch.E.(M&E) 20600 16500,16500,3760
267,34,FUNCTIONARY CODE : 34,503401217,1000340000,"Oxygen Jumbo Cylinder Bottling Plant"" Ch.E.(M&E) 20000 1000",1000,4590
267,34,FUNCTIONARY CODE : 34,503401229,1000340000,Generative Content & Dynamic Scene Ch.E.(M&E) 100000 1000,1000,13760
269,34,FUNCTIONARY CODE :34,503400140,1000340000,,17500,27500
269,34,FUNCTIONARY CODE :34,503400853,2002340000,Ch.E.(M&E),12000,18340
269,34,FUNCTIONARY CODE :34,503401085,2003340000,Ch.E.(M&E) 38517 10000,10000,9170
269,34,FUNCTIONARY CODE :34,503401086,2003340000,23091 6129,6129,6880
269,34,FUNCTIONARY CODE :34,503401218,1000340000,Ch.E.(M&E) 15000 1000,1000,5500
269,34,FUNCTIONARY CODE :34,503401219,1000340000,Dy.Ch.Eng. (M&E) City & E.E.Mech Ch.E.(M&E) 198500 11029,11029,36690
271,34,FUNCTIONARY CODE :34,503401230,1000340000,Ch.E.(M&E) 187037 10000,10000,45860
271,34,FUNCTIONARY CODE :34,503401231,1000340000,Ch.E.(M&E) 162000 95000,95000,43110
271,34,FUNCTIONARY CODE :34,503401247,1000340000,electrically illuminated magnifcent Ch.E.(M&E) 750000 ...,...,9170
271,34,FUNCTIONARY CODE :34,503401248,1000340000,connections at municipal mahalakshmi 500000 ...,...,45860
271,34,FUNCTIONARY CODE :34,503401249,2003340000,Ch.E.(M&E) 566600 ...,...,5200
273,34,FUNCTIONARY CODE : 34,503401006,1000340000,lights/Highmasts lights at various beaches Ch.E.(M&E) 19600 5000,5000,920
273,34,FUNCTIONARY CODE : 34,503401202,4050340000,500,500,920
273,34,FUNCTIONARY CODE : 34,503401203,4050340000,Ch.E.(M&E) 500,500,920
273,34,FUNCTIONARY CODE : 34,503401204,4050340000,500,500,920
273,34,FUNCTIONARY CODE : 34,503401220,1000340000,bulb High Mast into 150Watt Smart LED 540010 ...,...,27520
273,34,FUNCTIONARY CODE : 34,503401225,1000340000,Ch.E.(M&E) 691476 20000,20000,90
273,34,FUNCTIONARY CODE : 34,503401233,4040340000,Ward 100,100,...
273,34,FUNCTIONARY CODE : 34,503401234,4040340000,"LED, Street light in ward no 217 in D Ward 100",100,...
273,34,FUNCTIONARY CODE : 34,503401235,4040340000,Ward 100,100,...
273,34,FUNCTIONARY CODE : 34,503401236,4040340000,100,100,...
273,34,FUNCTIONARY CODE : 34,503401237,4040340000,100,100,...
275,34,FUNCTIONARY CODE :34,503400966,2002340000,,5000,4590
277,34,FUNCTIONARY CODE :34,503401046,1000340000,"system,Packaged A.C. plants ,VRF Ch.E.(M&E) ...",...,2290
277,34,FUNCTIONARY CODE :34,503401232,1000340000,Mechinical system at Priyadarshani Indira 209200 116400,116400,48430
281,35,CITY ENGINEER'S DEPARTMENT FUNCTIONARY CODE :35,503501865,4070350000,...,...,4000
283,35,CITY ENGINEER'S DEPARTMENT FUNCTIONARY CODE :35,503502096,1000354402,Construction of PAP on Private Land Dy. C.E. Imp. 40186400 5262352,5262352,5500000
285,35,CITY ENGINEER'S DEPARTMENT FUNCTIONARY CODE :35,503500003,4010350000,of the area around Gateway of India in A 79521 ...,...,926
285,35,CITY ENGINEER'S DEPARTMENT FUNCTIONARY CODE :35,503501137,1000350000,Monument (Smarak) of Hinduhridaysamrat ...,...,5000
285,35,CITY ENGINEER'S DEPARTMENT FUNCTIONARY CODE :35,503501186,1000350000,C.E. 100,100,100
285,35,CITY ENGINEER'S DEPARTMENT FUNCTIONARY CODE :35,503501201,1000350000,Provision for Monument of late Bhagoji Kir. ...,...,100
285,35,CITY ENGINEER'S DEPARTMENT FUNCTIONARY CODE :35,503501475,1000350000,...,...,100
285,35,CITY ENGINEER'S DEPARTMENT FUNCTIONARY CODE :35,503501607,4080350000,C.E. 100,100,110
285,35,CITY ENGINEER'S DEPARTMENT FUNCTIONARY CODE :35,503501868,1000350000,C.E. 1000,1000,1000
285,35,CITY ENGINEER'S DEPARTMENT FUNCTIONARY CODE :35,503502028,1000350000,at Ramabai Ambedkar Nagar Ghatkopar ( E ) 20000 100,100,4000
285,35,CITY ENGINEER'S DEPARTMENT FUNCTIONARY CODE :35,503502077,4050350000,5000,5000,5000
285,35,CITY ENGINEER'S DEPARTMENT FUNCTIONARY CODE :35,503502097,4240350000,"Nalanda School, Hariom Nagar FRP, Mulund 2500",2500,...
285,35,CITY ENGINEER'S DEPARTMENT FUNCTIONARY CODE :35,503502098,4240350000,2500,2500,...
285,35,CITY ENGINEER'S DEPARTMENT FUNCTIONARY CODE :35,503502099,4240350000,2600,2600,...
287,35,CITY ENGINEER'S DEPARTMENT FUNCTIONARY CODE :35,503503000,4240350000,2450,2450,...
287,35,CITY ENGINEER'S DEPARTMENT FUNCTIONARY CODE :35,503503022,4040350000,behind Hirapanna Shoping Center in ward no 2500,2500,...
290,35,CITY ENGINEER'S DEPARTMENT keÀe³e& keÀjCeejs Keeles : veiej DeefYe³eblee Keeles,410600000,2003350000,Office & Other Equipment ... 300 keÀe³ee&ue³e DeeefCe Flej meeOevemeecegûeer,300,
290,35,CITY ENGINEER'S DEPARTMENT keÀe³e& keÀjCeejs Keeles : veiej DeefYe³eblee Keeles,410600200,1000350000,,,
290,35,CITY ENGINEER'S DEPARTMENT keÀe³e& keÀjCeejs Keeles : veiej DeefYe³eblee Keeles,410600200,1000354407,"C.E. 500 500 mebieCekeÀ, efHe´bìj DeeefCe HesefjHesÀefjDeue",500,
290,35,CITY ENGINEER'S DEPARTMENT keÀe³e& keÀjCeejs Keeles : veiej DeefYe³eblee Keeles,410600300,1000350000,Photocopier 200 200 HeÀesìeskeÀe@Heer³ej,200,
290,35,CITY ENGINEER'S DEPARTMENT keÀe³e& keÀjCeejs Keeles : veiej DeefYe³eblee Keeles,410600320,1000350000,Time Punching machine 100 100 JesU veeWoJeCeer ³eb$e,100,
290,35,CITY ENGINEER'S DEPARTMENT keÀe³e& keÀjCeejs Keeles : veiej DeefYe³eblee Keeles,410600320,1000354407,Time Punching machine C.E. 100 100 JesU veeWoJeCeer ³eb$e,100,
291,35,CITY ENGINEER'S DEPARTMENT FUNCTIONARY CODE :35,503500204,1000354401,sprucing of common areas and improvement 160000,,156977
291,35,CITY ENGINEER'S DEPARTMENT FUNCTIONARY CODE :35,503500008,1000350000,for Heritage structures & other Municipal C.E.,,18000
291,35,CITY ENGINEER'S DEPARTMENT FUNCTIONARY CODE :35,503500011,1000350000,anywhere in BMC area and 100,,25000
291,35,CITY ENGINEER'S DEPARTMENT FUNCTIONARY CODE :35,503500014,2003350000,Division III - C.E. ...,,100
291,35,CITY ENGINEER'S DEPARTMENT FUNCTIONARY CODE :35,503500017,4150350000,516025 4000,,1000
291,35,CITY ENGINEER'S DEPARTMENT FUNCTIONARY CODE :35,503500018,4180350000,office building for R/Central ward at ...,,7500
293,35,CITY ENGINEER'S DEPARTMENT FUNCTIONARY CODE :35,503500024,2002350000,Division II - C.E. 2500,,2500
293,35,CITY ENGINEER'S DEPARTMENT FUNCTIONARY CODE :35,503500024,2003350000,Division III - C.E. 100,,100
293,35,CITY ENGINEER'S DEPARTMENT FUNCTIONARY CODE :35,503500048,4110350000,on plot bearing C.T.S.No.871 of Village 6800,,167
293,35,CITY ENGINEER'S DEPARTMENT FUNCTIONARY CODE :35,503500206,2002350000,Division II - C.E. 500,,500
293,35,CITY ENGINEER'S DEPARTMENT FUNCTIONARY CODE :35,503500206,2003350000,Division III - C.E. ...,,500
293,35,CITY ENGINEER'S DEPARTMENT FUNCTIONARY CODE :35,503500231,1000350000,2500,,2500
293,35,CITY ENGINEER'S DEPARTMENT FUNCTIONARY CODE :35,503500372,1000354402,...,,100
293,35,CITY ENGINEER'S DEPARTMENT FUNCTIONARY CODE :35,503500762,1000350000,...,,500
293,35,CITY ENGINEER'S DEPARTMENT FUNCTIONARY CODE :35,503500884,1000350000,Provision for Soil Investigation C.E. 7600,,9000
293,35,CITY ENGINEER'S DEPARTMENT FUNCTIONARY CODE :35,503500884,4010350000,A Ward 100,,100
293,35,CITY ENGINEER'S DEPARTMENT FUNCTIONARY CODE :35,503500884,4020350000,B Ward 100,,100
293,35,CITY ENGINEER'S DEPARTMENT FUNCTIONARY CODE :35,503500884,4030350000,C Ward 100,,100
293,35,CITY ENGINEER'S DEPARTMENT FUNCTIONARY CODE :35,503500884,4040350000,D Ward 100,,100
293,35,CITY ENGINEER'S DEPARTMENT FUNCTIONARY CODE :35,503500884,4050350000,E Ward 100,,100
293,35,CITY ENGINEER'S DEPARTMENT FUNCTIONARY CODE :35,503500884,4060350000,F/South Ward 100,,100
293,35,CITY ENGINEER'S DEPARTMENT FUNCTIONARY CODE :35,503500884,4070350000,F/North Ward 100,,100
293,35,CITY ENGINEER'S DEPARTMENT FUNCTIONARY CODE :35,503500884,4080350000,G/South Ward 100,,100
293,35,CITY ENGINEER'S DEPARTMENT FUNCTIONARY CODE :35,503500884,4090350000,G/North Ward 100,,100
293,35,CITY ENGINEER'S DEPARTMENT FUNCTIONARY CODE :35,503500884,4100350000,H/East Ward 100,,100
295,35,CITY ENGINEER'S DEPARTMENT FUNCTIONARY CODE :35,503500884,4110350000,H/West Ward 100,,100
295,35,CITY ENGINEER'S DEPARTMENT FUNCTIONARY CODE :35,503500884,4120350000,K/East Ward 100,,100
295,35,CITY ENGINEER'S DEPARTMENT FUNCTIONARY CODE :35,503500884,4130350000,K/West Ward 100,,100
295,35,CITY ENGINEER'S DEPARTMENT FUNCTIONARY CODE :35,503500884,4140350000,P/South Ward 100,,100
295,35,CITY ENGINEER'S DEPARTMENT FUNCTIONARY CODE :35,503500884,4150350000,P/North Ward 100,,100
295,35,CITY ENGINEER'S DEPARTMENT FUNCTIONARY CODE :35,503500884,4160350000,R/South Ward 100,,100
295,35,CITY ENGINEER'S DEPARTMENT FUNCTIONARY CODE :35,503500884,4170350000,R/North Ward 100,,100
295,35,CITY ENGINEER'S DEPARTMENT FUNCTIONARY CODE :35,503500884,4180350000,R/Central Ward 100,,100
295,35,CITY ENGINEER'S DEPARTMENT FUNCTIONARY CODE :35,503500884,4190350000,L Ward 100,,100
295,35,CITY ENGINEER'S DEPARTMENT FUNCTIONARY CODE :35,503500884,4200350000,M/East Ward 100,,100
295,35,CITY ENGINEER'S DEPARTMENT FUNCTIONARY CODE :35,503500884,4210350000,M/West Ward 100,,100
295,35,CITY ENGINEER'S DEPARTMENT FUNCTIONARY CODE :35,503500884,4220350000,N Ward 100,,100
295,35,CITY ENGINEER'S DEPARTMENT FUNCTIONARY CODE :35,503500884,4230350000,S Ward 100,,100
295,35,CITY ENGINEER'S DEPARTMENT FUNCTIONARY CODE :35,503500884,4240350000,T Ward 100,,100
295,35,CITY ENGINEER'S DEPARTMENT FUNCTIONARY CODE :35,503501174,4130350000,100,,100
295,35,CITY ENGINEER'S DEPARTMENT FUNCTIONARY CODE :35,503501143,4170350000,10000 2000,,2000
295,35,CITY ENGINEER'S DEPARTMENT FUNCTIONARY CODE :35,503501366,4120350000,100,,100
297,35,CITY ENGINEER'S DEPARTMENT FUNCTIONARY CODE :35,503501623,1000350000,82520,,130000
297,35,CITY ENGINEER'S DEPARTMENT FUNCTIONARY CODE :35,503501867,4050350000,4000,,...
297,35,CITY ENGINEER'S DEPARTMENT FUNCTIONARY CODE :35,503502030,1000350000,Emergency Staff Quarters within Ward and ...,,100
297,35,CITY ENGINEER'S DEPARTMENT FUNCTIONARY CODE :35,503502031,1000350000,Management Cell building/Project Command 100,,80000
297,35,CITY ENGINEER'S DEPARTMENT FUNCTIONARY CODE :35,503502059,4150350000,78000,,5000
297,35,CITY ENGINEER'S DEPARTMENT FUNCTIONARY CODE :35,503502060,1000350000,C.E. 100,,12000
297,35,CITY ENGINEER'S DEPARTMENT FUNCTIONARY CODE :35,503502061,1000350000,100,,5500
297,35,CITY ENGINEER'S DEPARTMENT FUNCTIONARY CODE :35,503502062,4100350000,45000 1000,,9000
299,35,CITY ENGINEER'S DEPARTMENT FUNCTIONARY CODE :35,503502063,1000350000,10000 7500,,2500
299,35,CITY ENGINEER'S DEPARTMENT FUNCTIONARY CODE :35,503502091,1000350000,41300 100,,5000
299,35,CITY ENGINEER'S DEPARTMENT FUNCTIONARY CODE :35,503502092,1000350000,Hub Building for Eastern Sub in Godrej 3870000 100,,19000
299,35,CITY ENGINEER'S DEPARTMENT FUNCTIONARY CODE :35,503502094,1000350000,B.M. ...,,5000
299,35,CITY ENGINEER'S DEPARTMENT FUNCTIONARY CODE :35,503502095,4120350000,K/North ward office at Poonam nagar Market Ward 37500,,35000
299,35,CITY ENGINEER'S DEPARTMENT FUNCTIONARY CODE :35,503503002,4010350000,A Ward 7500,,7500
299,35,CITY ENGINEER'S DEPARTMENT FUNCTIONARY CODE :35,503503002,4020350000,B Ward 7500,,7500
299,35,CITY ENGINEER'S DEPARTMENT FUNCTIONARY CODE :35,503503002,4030350000,C Ward 7500,,7500
299,35,CITY ENGINEER'S DEPARTMENT FUNCTIONARY CODE :35,503503002,4040350000,D Ward 7500,,7500
299,35,CITY ENGINEER'S DEPARTMENT FUNCTIONARY CODE :35,503503002,4050350000,E Ward 7500,,7500
299,35,CITY ENGINEER'S DEPARTMENT FUNCTIONARY CODE :35,503503002,4060350000,F/South Ward 7500,,7500
299,35,CITY ENGINEER'S DEPARTMENT FUNCTIONARY CODE :35,503503002,4070350000,F/North Ward 7500,,7500
299,35,CITY ENGINEER'S DEPARTMENT FUNCTIONARY CODE :35,503503002,4080350000,G/South Ward 7500,,7500
299,35,CITY ENGINEER'S DEPARTMENT FUNCTIONARY CODE :35,503503002,4090350000,G/North Ward 7500,,7500
299,35,CITY ENGINEER'S DEPARTMENT FUNCTIONARY CODE :35,503503002,4100350000,H/East Ward 7500,,7500
299,35,CITY ENGINEER'S DEPARTMENT FUNCTIONARY CODE :35,503503002,4110350000,H/West Ward 7500,,7500
299,35,CITY ENGINEER'S DEPARTMENT FUNCTIONARY CODE :35,503503002,4120350000,22696,,7500
299,35,CITY ENGINEER'S DEPARTMENT FUNCTIONARY CODE :35,503503002,4130350000,K/West Ward 7500,,7500
299,35,CITY ENGINEER'S DEPARTMENT FUNCTIONARY CODE :35,503503002,4140350000,P/South Ward 7500,,7500
299,35,CITY ENGINEER'S DEPARTMENT FUNCTIONARY CODE :35,503503002,4150350000,P/North Ward 7500,,7500
299,35,CITY ENGINEER'S DEPARTMENT FUNCTIONARY CODE :35,503503002,4160350000,R/South Ward 7500,,7500
299,35,CITY ENGINEER'S DEPARTMENT FUNCTIONARY CODE :35,503503002,4170350000,R/North Ward 7500,,7500
299,35,CITY ENGINEER'S DEPARTMENT FUNCTIONARY CODE :35,503503002,4180350000,R/Central Ward 7500,,7500
299,35,CITY ENGINEER'S DEPARTMENT FUNCTIONARY CODE :35,503503002,4190350000,L Ward 7500,,7500
301,35,CITY ENGINEER'S DEPARTMENT FUNCTIONARY CODE :35,503503002,4200350000,M/East Ward 7500,,7500
301,35,CITY ENGINEER'S DEPARTMENT FUNCTIONARY CODE :35,503503002,4210350000,M/West Ward 7500,,7500
301,35,CITY ENGINEER'S DEPARTMENT FUNCTIONARY CODE :35,503503002,4220350000,N Ward 7500,,7500
301,35,CITY ENGINEER'S DEPARTMENT FUNCTIONARY CODE :35,503503002,4230350000,S Ward 7500,,7500
301,35,CITY ENGINEER'S DEPARTMENT FUNCTIONARY CODE :35,503503002,4240350000,T Ward 7500,,7500
301,35,CITY ENGINEER'S DEPARTMENT FUNCTIONARY CODE :35,503503034,1000350000,500,,150000
301,35,CITY ENGINEER'S DEPARTMENT FUNCTIONARY CODE :35,503503035,1000350000,2600000 45000,,42500
303,35,CITY ENGINEER'S DEPARTMENT FUNCTIONARY CODE :35,503501866,1000350000,Bunglow at Shivaji Park Dadar in G/North ...,...,2500
305,35,CITY ENGINEER'S DEPARTMENT FUNCTIONARY CODE :35,503501478,1000350000,100,100,100
307,35,CITY ENGINEER'S DEPARTMENT FUNCTIONARY CODE :35,503500376,4220350000,93986 2500,2500,20000
307,35,CITY ENGINEER'S DEPARTMENT FUNCTIONARY CODE :35,503501204,1000350000,...,...,100
307,35,CITY ENGINEER'S DEPARTMENT FUNCTIONARY CODE :35,503501393,1000350000,10000,10000,10000
307,35,CITY ENGINEER'S DEPARTMENT FUNCTIONARY CODE :35,503501472,1000350000,Provision for Saint Rohidas Jayanti Utsav ...,...,100
307,35,CITY ENGINEER'S DEPARTMENT FUNCTIONARY CODE :35,503502064,4150350000,2500,2500,...
307,35,CITY ENGINEER'S DEPARTMENT FUNCTIONARY CODE :35,503502069,4240350000,320192 100,100,38720
307,35,CITY ENGINEER'S DEPARTMENT FUNCTIONARY CODE :35,503502075,4050350000,20071,20071,5000
309,35,CITY ENGINEER'S DEPARTMENT FUNCTIONARY CODE :35,312110407,1000350000,Building & Research (MCMCR) BMC 500,150000,
311,36,ESTATE DEPARTMENT FUNCTIONARY CODE : 36,410202500,1000360000,Tenaments of PAP Estate,100,100
311,36,ESTATE DEPARTMENT FUNCTIONARY CODE : 36,410600000,1000360000,Office & Other Equipments Estate,100,500
311,36,ESTATE DEPARTMENT FUNCTIONARY CODE : 36,410600200,1000360000,Estate,2500,2500
311,36,ESTATE DEPARTMENT FUNCTIONARY CODE : 36,410600210,1000360000,Computer Software Estate,...,4600
311,36,ESTATE DEPARTMENT FUNCTIONARY CODE : 36,410700000,1000360000,"Furniture, Fixture, Fitting & Electrical Estate",...,100
311,36,ESTATE DEPARTMENT FUNCTIONARY CODE : 36,410700000,4160360000,"Furniture, Fixture, Fitting & Electrical Estate",...,100
311,36,ESTATE DEPARTMENT FUNCTIONARY CODE : 36,503600004,1000360000,Repairs to Tenaments of PAP Estate,7500,6900
311,36,ESTATE DEPARTMENT FUNCTIONARY CODE : 36,503600004,4010360000,A Ward Estate ...,...,5
311,36,ESTATE DEPARTMENT FUNCTIONARY CODE : 36,503600004,4020360000,B Ward Estate 5,5,5
311,36,ESTATE DEPARTMENT FUNCTIONARY CODE : 36,503600004,4030360000,C Ward Estate 6,6,6
311,36,ESTATE DEPARTMENT FUNCTIONARY CODE : 36,503600004,4040360000,D Ward Estate 5,5,5
311,36,ESTATE DEPARTMENT FUNCTIONARY CODE : 36,503600004,4050360000,E Ward Estate 100,100,100
311,36,ESTATE DEPARTMENT FUNCTIONARY CODE : 36,503600004,4060360000,F/South Ward Estate 1500,1500,1500
311,36,ESTATE DEPARTMENT FUNCTIONARY CODE : 36,503600004,4070360000,F/North Ward Estate 5,5,5
311,36,ESTATE DEPARTMENT FUNCTIONARY CODE : 36,503600004,4080360000,G/South Ward Estate 5,5,6
311,36,ESTATE DEPARTMENT FUNCTIONARY CODE : 36,503600004,4090360000,G/North Ward Estate 100,100,100
311,36,ESTATE DEPARTMENT FUNCTIONARY CODE : 36,503600004,4100360000,H/East Ward Estate ...,...,5
311,36,ESTATE DEPARTMENT FUNCTIONARY CODE : 36,503600004,4110360000,...,...,5
311,36,ESTATE DEPARTMENT FUNCTIONARY CODE : 36,503600004,4120360000,K/East Ward Estate ...,...,5
311,36,ESTATE DEPARTMENT FUNCTIONARY CODE : 36,503600004,4130360000,K/West Ward Estate ...,...,5
313,36,ESTATE DEPARTMENT FUNCTIONARY CODE : 36,503600004,4140360000,P/South Ward Estate 500,500,500
313,36,ESTATE DEPARTMENT FUNCTIONARY CODE : 36,503600004,4150360000,P/North Ward Estate 5,5,5
313,36,ESTATE DEPARTMENT FUNCTIONARY CODE : 36,503600004,4150362600,P/North Ward-BM Estate ...,...,7000
313,36,ESTATE DEPARTMENT FUNCTIONARY CODE : 36,503600004,4160360000,R/South Ward Estate ...,...,5
313,36,ESTATE DEPARTMENT FUNCTIONARY CODE : 36,503600004,4160362600,R/South Ward - BM BM 18727,18727,...
313,36,ESTATE DEPARTMENT FUNCTIONARY CODE : 36,503600004,4170360000,R/North Ward Estate ...,...,5
313,36,ESTATE DEPARTMENT FUNCTIONARY CODE : 36,503600004,4180360000,R/Central Ward Estate 5,5,5
313,36,ESTATE DEPARTMENT FUNCTIONARY CODE : 36,503600004,4180362600,R/Central Ward - BM BM 30126,30126,...
313,36,ESTATE DEPARTMENT FUNCTIONARY CODE : 36,503600004,4190360000,L Ward Estate ...,...,5
313,36,ESTATE DEPARTMENT FUNCTIONARY CODE : 36,503600004,4200360000,M/E Ward Estate 47500,47500,51000
313,36,ESTATE DEPARTMENT FUNCTIONARY CODE : 36,503600004,4200362600,M/E Ward - BM BM 161453,161453,45000
313,36,ESTATE DEPARTMENT FUNCTIONARY CODE : 36,503600004,4210360000,M/West Ward Estate 124900,124900,65000
313,36,ESTATE DEPARTMENT FUNCTIONARY CODE : 36,503600004,4210360000,M/West Ward - BM BM ...,...,73708
313,36,ESTATE DEPARTMENT FUNCTIONARY CODE : 36,503600004,4220360000,N Ward Estate ...,...,5
313,36,ESTATE DEPARTMENT FUNCTIONARY CODE : 36,503600004,4230360000,S Ward Estate ...,...,5
313,36,ESTATE DEPARTMENT FUNCTIONARY CODE : 36,503600004,4240360000,T Ward Estate 5,5,5
313,36,ESTATE DEPARTMENT FUNCTIONARY CODE : 36,503600006,1000360000,Structural Audit of Estate Properties/ Building Estate 7500,7500,10000
313,36,ESTATE DEPARTMENT FUNCTIONARY CODE : 36,503600007,1000360000,Estate 100,100,100
313,36,ESTATE DEPARTMENT FUNCTIONARY CODE : 36,503600009,1000360000,Construction of PAP Tenaments Estate ...,...,6600
313,36,ESTATE DEPARTMENT FUNCTIONARY CODE : 36,503600010,1000360000,Ramgadh on Plot no. 290 of Estate Scheme 200833 70000,70000,79000
313,36,ESTATE DEPARTMENT FUNCTIONARY CODE : 36,503600011,1000360000,Development of Software (Auto DCR) Estate 3750,3750,5500
318,37,DEVELOPMENT PLAN DEPT. keÀe³e& keÀjCeejs Keeles : efJekeÀeme efve³eespeve Keeles,410600000,1000370000,Office & Other Equipments DP 3800 10000 keÀe³ee&ue³e DeeefCe Flej meeOevemeecegûeer,10000,
318,37,DEVELOPMENT PLAN DEPT. keÀe³e& keÀjCeejs Keeles : efJekeÀeme efve³eespeve Keeles,410600210,1000370000,Computer software DP 25200 25000 mebieCekeÀ mee@HeÌìJesDej,25000,
318,37,DEVELOPMENT PLAN DEPT. keÀe³e& keÀjCeejs Keeles : efJekeÀeme efve³eespeve Keeles,410700000,1000370000,DP ...,5000,
318,37,DEVELOPMENT PLAN DEPT. keÀe³e& keÀjCeejs Keeles : efJekeÀeme efve³eespeve Keeles,410600000,1000376603,Office & Other Equipments DP ... 1000 keÀe³ee&ue³e DeeefCe Flej meeOevemeecegûeer,1000,
318,37,DEVELOPMENT PLAN DEPT. keÀe³e& keÀjCeejs Keeles : efJekeÀeme efve³eespeve Keeles,410600000,2002376602,Office & other Equipments DP ... 2500 keÀe³ee&ue³e DeeefCe Flej meeOevemeecegûeer,2500,
318,37,DEVELOPMENT PLAN DEPT. keÀe³e& keÀjCeejs Keeles : efJekeÀeme efve³eespeve Keeles,410600200,2002376602,"DP 1500 ... mebieCekeÀ, efÒebìj DeeefCe HesefjHesÀjume",...,
318,37,DEVELOPMENT PLAN DEPT. keÀe³e& keÀjCeejs Keeles : efJekeÀeme efve³eespeve Keeles,410600000,2003370000,Office & other Equipments DP ... 110 keÀe³ee&ue³e DeeefCe Flej meeOevemeecegûeer,110,
318,37,DEVELOPMENT PLAN DEPT. keÀe³e& keÀjCeejs Keeles : efJekeÀeme efve³eespeve Keeles,410700000,2003370000,DP ...,110,
319,37,DEVELOPMENT PLAN DEPT. FUNCTIONARY CODE : 37,503700045,1000370000,"Wadala, Bandra, Kandivali & Vikhroli & C.E. 6400",6400,4500
319,37,DEVELOPMENT PLAN DEPT. FUNCTIONARY CODE : 37,503700137,1000370000,531953,531953,1200000
319,37,DEVELOPMENT PLAN DEPT. FUNCTIONARY CODE : 37,503700137,4040370000,D Ward 10024,10024,...
319,37,DEVELOPMENT PLAN DEPT. FUNCTIONARY CODE : 37,503700137,4050370000,E Ward 115073,115073,...
319,37,DEVELOPMENT PLAN DEPT. FUNCTIONARY CODE : 37,503700137,4120370000,25783,25783,...
319,37,DEVELOPMENT PLAN DEPT. FUNCTIONARY CODE : 37,503700137,4150370000,P/North Ward,,
319,37,DEVELOPMENT PLAN DEPT. FUNCTIONARY CODE : 37,503700137,4190370000,L Ward,,
319,37,DEVELOPMENT PLAN DEPT. FUNCTIONARY CODE : 37,503700137,4210370000,M/West Ward,,...
319,37,DEVELOPMENT PLAN DEPT. FUNCTIONARY CODE : 37,503700137,4220370000,N ward 279798,279798,...
319,37,DEVELOPMENT PLAN DEPT. FUNCTIONARY CODE : 37,503700137,4230370000,S Ward 124107,124107,...
319,37,DEVELOPMENT PLAN DEPT. FUNCTIONARY CODE : 37,503700137,4240370000,T Ward 1988,1988,...
319,37,DEVELOPMENT PLAN DEPT. FUNCTIONARY CODE : 37,503700142,1000370000,33941,33941,250000
319,37,DEVELOPMENT PLAN DEPT. FUNCTIONARY CODE : 37,503700142,4150370000,P/North Ward 51994,51994,...
319,37,DEVELOPMENT PLAN DEPT. FUNCTIONARY CODE : 37,503700142,4220370000,N ward 4065,4065,...
321,37,DEVELOPMENT PLAN DEPT. FUNCTIONARY CODE : 37,503700138,1000370000,DP 10,10,20000
321,37,DEVELOPMENT PLAN DEPT. FUNCTIONARY CODE : 37,503700139,2001370000,Division I - City 70000,70000,130000
321,37,DEVELOPMENT PLAN DEPT. FUNCTIONARY CODE : 37,503700139,2002370000,Division II -WS 350000,350000,200000
321,37,DEVELOPMENT PLAN DEPT. FUNCTIONARY CODE : 37,503700139,2003370000,Division III - ES 930000,930000,1920000
321,37,DEVELOPMENT PLAN DEPT. FUNCTIONARY CODE : 37,503700140,2001370000,Division I - City 676330,676330,367500
321,37,DEVELOPMENT PLAN DEPT. FUNCTIONARY CODE : 37,503700140,2002370000,Division II -WS 3200000,3200000,2420000
321,37,DEVELOPMENT PLAN DEPT. FUNCTIONARY CODE : 37,503700140,2003370000,Division III - ES 45000,45000,72600
321,37,DEVELOPMENT PLAN DEPT. FUNCTIONARY CODE : 37,503700141,2001370000,Division I - City 10,10,80000
321,37,DEVELOPMENT PLAN DEPT. FUNCTIONARY CODE : 37,503700141,2002370000,Division II -WS 10,10,60000
321,37,DEVELOPMENT PLAN DEPT. FUNCTIONARY CODE : 37,503700141,2003370000,Division III - ES 10,10,60000
321,37,DEVELOPMENT PLAN DEPT. FUNCTIONARY CODE : 37,503700132,2001370000,Division I - City 10,10,10
321,37,DEVELOPMENT PLAN DEPT. FUNCTIONARY CODE : 37,503700132,2002370000,Division II -WS 10,10,10
321,37,DEVELOPMENT PLAN DEPT. FUNCTIONARY CODE : 37,503700132,2003370000,Division III - ES 10,10,10
323,37,DEVELOPMENT PLAN DEPT. FUNCTIONARY CODE : 37,503700139,2001370000,Division I - City 30,30,30
323,37,DEVELOPMENT PLAN DEPT. FUNCTIONARY CODE : 37,503700139,2002370000,Division II - WS 3180,3180,3140
323,37,DEVELOPMENT PLAN DEPT. FUNCTIONARY CODE : 37,503700139,2003370000,Division III - ES 100000,100000,900000
323,37,DEVELOPMENT PLAN DEPT. FUNCTIONARY CODE : 37,503700140,2003370000,(Acquisition of land under Section 63 of DP 10,10,...
325,37,DEVELOPMENT PLAN DEPT. FUNCTIONARY CODE : 37,503700140,2002370000,(Acquisition of land under Section 63 of DP 10,10,10
327,37,DEVELOPMENT PLAN DEPT. FUNCTIONARY CODE : 37,503700139,2003370000,(Acquisition of land under Section 61 of DP 500,500,500
327,37,DEVELOPMENT PLAN DEPT. FUNCTIONARY CODE : 37,503700140,2001370000,Division I - City 55000,55000,235000
327,37,DEVELOPMENT PLAN DEPT. FUNCTIONARY CODE : 37,503700140,2002370000,Division II - WS 13000,13000,13000
327,37,DEVELOPMENT PLAN DEPT. FUNCTIONARY CODE : 37,503700140,2003370000,100,100,100
329,37,DEVELOPMENT PLAN DEPT. FUNCTIONARY CODE : 37,503700140,2001370000,Division I - City 10,10,10
329,37,DEVELOPMENT PLAN DEPT. FUNCTIONARY CODE : 37,503700140,2002370000,Division II - WS 10,10,10
329,37,DEVELOPMENT PLAN DEPT. FUNCTIONARY CODE : 37,503700140,2003370000,Division III - ES 19000,19000,19000
331,37,DEVELOPMENT PLAN DEPT. FUNCTIONARY CODE : 37,503700037,2001370000,Division I- T.P. E.E.(T.P) 300,300,300
331,37,DEVELOPMENT PLAN DEPT. FUNCTIONARY CODE : 37,503700037,2002370000,Division II- T.P. E.E.(T.P) 500,500,500
331,37,DEVELOPMENT PLAN DEPT. FUNCTIONARY CODE : 37,503700037,2003370000,Division III- T.P. E.E.(T.P) 50,50,50
335,38,FIRE BRIGADE DEPT. FUNCTIONARY CODE : 38,410400000,1000380000,Plant and Machinery C.F.O. LS/ 387050,387050,194500
335,38,FIRE BRIGADE DEPT. FUNCTIONARY CODE : 38,410400000,2001380000,Plant and Machinery C.F.O. 65000,65000,7000
335,38,FIRE BRIGADE DEPT. FUNCTIONARY CODE : 38,410500000,1000380000,C.F.O. 1096182,1096182,1267100
335,38,FIRE BRIGADE DEPT. FUNCTIONARY CODE : 38,410501400,1000380000,Fire Engines 1015,1015,...
335,38,FIRE BRIGADE DEPT. FUNCTIONARY CODE : 38,410501900,1000380000,Fire Fighting and Rescue Vehicles 2243,2243,...
335,38,FIRE BRIGADE DEPT. FUNCTIONARY CODE : 38,410501900,2001380000,for Highrise buildings -01 no. with 5 years C.F.O. 3510,3510,...
335,38,FIRE BRIGADE DEPT. FUNCTIONARY CODE : 38,410600000,1000380000,Office and Other equipments C.F.O. 188300,188300,126400
335,38,FIRE BRIGADE DEPT. FUNCTIONARY CODE : 38,410700000,1000380000,"Furniture,Fixture, Fittings and Electrical C.F.O. 5000",5000,5000
335,38,FIRE BRIGADE DEPT. FUNCTIONARY CODE : 38,503800078,1000380000,C.F.O. LS/ þes.le. 4000,4000,5000
335,38,FIRE BRIGADE DEPT. FUNCTIONARY CODE : 38,503800095,1000380000,roomforestablishingGymnasiumatvarious C.F.O.,,
335,38,FIRE BRIGADE DEPT. FUNCTIONARY CODE : 38,503800103,1000380000,1000,1000,1000
337,38,FIRE BRIGADE DEPT. FUNCTIONARY CODE : 38,503800108,2002380000,Division II -WS C.F.O. ...,...,14000
337,38,FIRE BRIGADE DEPT. FUNCTIONARY CODE : 38,503800108,2003380000,Division III - ES C.F.O. ...,...,7000
337,38,FIRE BRIGADE DEPT. FUNCTIONARY CODE : 38,503800051,3003382102,Construction of Command Centre at Marol 50,50,50
337,38,FIRE BRIGADE DEPT. FUNCTIONARY CODE : 38,503800055,3003382101,Andheri Fire Station & Repairs to Andheri 50,50,50
337,38,FIRE BRIGADE DEPT. FUNCTIONARY CODE : 38,503800074,1000380000,,,
337,38,FIRE BRIGADE DEPT. FUNCTIONARY CODE : 38,503800074,4150380000,P/North Ward 725,725,...
337,38,FIRE BRIGADE DEPT. FUNCTIONARY CODE : 38,503800074,4190380000,L Ward 250,250,...
337,38,FIRE BRIGADE DEPT. FUNCTIONARY CODE : 38,503800075,2001382600,Division I - City 35731,35731,...
337,38,FIRE BRIGADE DEPT. FUNCTIONARY CODE : 38,503800075,2002382600,Division II -WS 3135,3135,...
339,38,FIRE BRIGADE DEPT. FUNCTIONARY CODE : 38,503800104,2001382600,Division I - City B.M. 38852,38852,30000
339,38,FIRE BRIGADE DEPT. FUNCTIONARY CODE : 38,503800104,2002382600,Division II -WS B.M. 10000,10000,19600
339,38,FIRE BRIGADE DEPT. FUNCTIONARY CODE : 38,503800106,2001382600,Division I - City B.M. 7500,7500,80000
339,38,FIRE BRIGADE DEPT. FUNCTIONARY CODE : 38,503800106,2002382600,Division II -WS B.M. 25100,25100,150000
339,38,FIRE BRIGADE DEPT. FUNCTIONARY CODE : 38,503800106,2003382600,Division III - ES B.M. ...,...,35000
339,38,FIRE BRIGADE DEPT. FUNCTIONARY CODE : 38,503800106,2001380000,"Division I - City C.F.O, 13500",13500,...
339,38,FIRE BRIGADE DEPT. FUNCTIONARY CODE : 38,503800106,2002380000,"Division II -WS C.F.O, 15000",15000,...
339,38,FIRE BRIGADE DEPT. FUNCTIONARY CODE : 38,503800106,2003380000,"Division III - ES C.F.O, 7500",7500,...
341,38,FIRE BRIGADE DEPT. FUNCTIONARY CODE : 38,503800109,2001382600,Division I - City B.M. ...,...,10000
341,38,FIRE BRIGADE DEPT. FUNCTIONARY CODE : 38,503800109,2002382600,Division II -WS B.M. ...,...,22300
341,38,FIRE BRIGADE DEPT. FUNCTIONARY CODE : 38,503800109,2003382600,Division III - ES B.M. ...,...,10000
341,38,FIRE BRIGADE DEPT. FUNCTIONARY CODE : 38,503800100,2003380000,Division III - ES,,
341,38,FIRE BRIGADE DEPT. FUNCTIONARY CODE : 38,503800105,2003380000,Division III - ES 6800,6800,1000
341,38,FIRE BRIGADE DEPT. FUNCTIONARY CODE : 38,503800107,2001380000,Division I - City ...,...,...
341,38,FIRE BRIGADE DEPT. FUNCTIONARY CODE : 38,503800107,2002380000,Division II -WS 10000,10000,500
341,38,FIRE BRIGADE DEPT. FUNCTIONARY CODE : 38,503800107,2003380000,Division III - ES 1000,1000,50000
343,38,FIRE BRIGADE DEPT. FUNCTIONARY CODE : 38,503800110,2001380000,Division I - City ...,...,1000
343,38,FIRE BRIGADE DEPT. FUNCTIONARY CODE : 38,503800110,2002380000,Division II -WS,,
343,38,FIRE BRIGADE DEPT. FUNCTIONARY CODE : 38,503800110,2003380000,Division III - ES,,
343,38,FIRE BRIGADE DEPT. FUNCTIONARY CODE : 38,503800101,1000380000,,,
343,38,FIRE BRIGADE DEPT. FUNCTIONARY CODE : 38,503800102,2001380099,Division I - City ...,...,17500
343,38,FIRE BRIGADE DEPT. FUNCTIONARY CODE : 38,503800102,2002380099,Division II -WS ...,...,4000
343,38,FIRE BRIGADE DEPT. FUNCTIONARY CODE : 38,503800102,2003380099,Division III - ES ...,...,7500
343,38,FIRE BRIGADE DEPT. FUNCTIONARY CODE : 38,503800056,1000380000,Construction of New Fire Brigade Station C.E. LS/ þes.le. 220000,220000,147000
347,39,LICENCE DEPARTMENT FUNCTIONARY CODE :39,410600000,1000390000,Office & Other Equipments Licence 500,500,1000
347,39,LICENCE DEPARTMENT FUNCTIONARY CODE :39,410700000,1000390000,"Furniture, Fixture, Fittings and Electrical Licence 500",500,10000
347,39,LICENCE DEPARTMENT FUNCTIONARY CODE :39,503900003,1000390000,Licence 50000,50000,...
347,39,LICENCE DEPARTMENT FUNCTIONARY CODE :39,503900004,4230390000,"Godown at CTS No. 217/1 village Bhandup, Licence 4500 4500",4500,...
351,40,Shop & Establishment keÀe³e& keÀjCeejs Keeles : ogkeÀeves DeeefCe DeemLeeHevee,410600000,1000400000,40,40,
351,40,Shop & Establishment keÀe³e& keÀjCeejs Keeles : ogkeÀeves DeeefCe DeemLeeHevee,410600320,1000400000,70 70 JesU veebsoCeer ³eb$e,70,
351,40,Shop & Establishment keÀe³e& keÀjCeejs Keeles : ogkeÀeves DeeefCe DeemLeeHevee,410700000,1000400000,350,350,
353,41,Garden & Recreation - Garden FUNCTIONARY CODE : 41,504100008,4100410000,H/East Ward - Garden S.G. 1200,1200,...
353,41,Garden & Recreation - Garden FUNCTIONARY CODE : 41,504100008,4110410000,H/West Ward-Garden S.G. 3500,3500,...
353,41,Garden & Recreation - Garden FUNCTIONARY CODE : 41,504100008,4120410000,K/East Ward - Garden S.G. 17000,17000,...
353,41,Garden & Recreation - Garden FUNCTIONARY CODE : 41,504100008,4130410000,K/West Ward - Garden S.G. 3300,3300,...
353,41,Garden & Recreation - Garden FUNCTIONARY CODE : 41,504100008,4140410000,P/South Ward - Garden 1500,1500,...
353,41,Garden & Recreation - Garden FUNCTIONARY CODE : 41,504100008,4150410000,9000,9000,...
353,41,Garden & Recreation - Garden FUNCTIONARY CODE : 41,504100008,4160410000,R/South Ward - Garden S.G. 800,800,...
353,41,Garden & Recreation - Garden FUNCTIONARY CODE : 41,504100008,4170410000,R/North Ward - Garden S.G. 2500,2500,...
353,41,Garden & Recreation - Garden FUNCTIONARY CODE : 41,504100008,4190410000,L Ward - Garden S.G. 31085,31085,...
353,41,Garden & Recreation - Garden FUNCTIONARY CODE : 41,504100008,4240410000,T Ward-Garden S.G. 6250,6250,...
353,41,Garden & Recreation - Garden FUNCTIONARY CODE : 41,504100009,1000410000,H.O.- Garden 10000,10000,10000
353,41,Garden & Recreation - Garden FUNCTIONARY CODE : 41,504100009,4190410000,L Ward - Garden S.G. ...,...,18500
353,41,Garden & Recreation - Garden FUNCTIONARY CODE : 41,504100025,4210410000,Providing new play apparatus S.G. 520,520,...
353,41,Garden & Recreation - Garden FUNCTIONARY CODE : 41,504100451,4010410000,A-Ward S.G. 1511,1511,1662
353,41,Garden & Recreation - Garden FUNCTIONARY CODE : 41,504100451,4020410000,B-Ward S.G. 1259,1259,1385
353,41,Garden & Recreation - Garden FUNCTIONARY CODE : 41,504100451,4050410000,E Ward - Garden S.G. 1368,1368,1505
353,41,Garden & Recreation - Garden FUNCTIONARY CODE : 41,504100451,4060410000,F/South Ward S.G. 425,425,468
353,41,Garden & Recreation - Garden FUNCTIONARY CODE : 41,504100451,4070410000,F/North Ward S.G. 280,280,308
353,41,Garden & Recreation - Garden FUNCTIONARY CODE : 41,504100451,4080410000,G/South Ward S.G. 882,882,970
353,41,Garden & Recreation - Garden FUNCTIONARY CODE : 41,504100451,4090410000,G/North Ward S.G. 630,630,693
355,41,Garden & Recreation - Garden FUNCTIONARY CODE : 41,504100451,4100410000,H/East Ward - Garden S.G. 377,377,377
355,41,Garden & Recreation - Garden FUNCTIONARY CODE : 41,504100451,4110410000,H/West Ward - Garden S.G. 126,126,126
355,41,Garden & Recreation - Garden FUNCTIONARY CODE : 41,504100451,4120410000,K/East Ward-Garden S.G. 630,630,630
355,41,Garden & Recreation - Garden FUNCTIONARY CODE : 41,504100451,4130410000,K/West Ward - Garden S.G. 2115,2115,2115
355,41,Garden & Recreation - Garden FUNCTIONARY CODE : 41,504100451,4140410000,1014,1014,1014
355,41,Garden & Recreation - Garden FUNCTIONARY CODE : 41,504100451,4150410000,P/North Ward - Garden S.G. 315,315,315
355,41,Garden & Recreation - Garden FUNCTIONARY CODE : 41,504100451,4160410000,R/South Ward - Garden S.G. ...,...,883
355,41,Garden & Recreation - Garden FUNCTIONARY CODE : 41,504100451,4170410000,R/North Ward - Garden S.G. 781,781,781
355,41,Garden & Recreation - Garden FUNCTIONARY CODE : 41,504100451,4180410000,R/Central Ward - Garden S.G. 1259,1259,1259
355,41,Garden & Recreation - Garden FUNCTIONARY CODE : 41,504100451,4190410000,L Ward - Garden S.G. 1062,1062,1074
355,41,Garden & Recreation - Garden FUNCTIONARY CODE : 41,504100451,4200410000,M/East Ward-Garden 5300,5300,5300
355,41,Garden & Recreation - Garden FUNCTIONARY CODE : 41,504100451,4220410000,N Ward-Garden S.G. 626,626,626
355,41,Garden & Recreation - Garden FUNCTIONARY CODE : 41,504100451,4230410000,S Ward - Garden S.G. ...,...,500
355,41,Garden & Recreation - Garden FUNCTIONARY CODE : 41,504100633,1000410000,Beautification of Forts & precint 5000,5000,10000
355,41,Garden & Recreation - Garden FUNCTIONARY CODE : 41,504100698,1000410000,S.G. 4327,4327,...
355,41,Garden & Recreation - Garden FUNCTIONARY CODE : 41,504100698,1000412600,2000,2000,100000
355,41,Garden & Recreation - Garden FUNCTIONARY CODE : 41,504100894,4040410000,Tulsidas Kilachand Garden in D Ward S.G. 15000,15000,...
355,41,Garden & Recreation - Garden FUNCTIONARY CODE : 41,410600200,1000412700,"Computer , Printer & Peripherals GIC ...",...,2000
355,41,Garden & Recreation - Garden FUNCTIONARY CODE : 41,410600210,1000412700,Computer Software GIC 50,50,50
355,41,Garden & Recreation - Garden FUNCTIONARY CODE : 41,504100490,1000412700,GIC 500000,500000,1000000
355,41,Garden & Recreation - Garden FUNCTIONARY CODE : 41,504100636,1000412700,"Beautification of space below flyover,etc. GIC 42800 50",50,10000
357,41,Garden & Recreation - Garden FUNCTIONARY CODE : 41,504100632,1000412700,GIC 491725 100,100,20000
357,41,Garden & Recreation - Garden FUNCTIONARY CODE : 41,504100695,1000412700,Renovation of office of Garden Cell GIC 20000,20000,10000
357,41,Garden & Recreation - Garden FUNCTIONARY CODE : 41,504100697,1000412700,GIC 10000,10000,20000
357,41,Garden & Recreation - Garden FUNCTIONARY CODE : 41,504100863,1000412600,BM 44055 12500,12500,26077
357,41,Garden & Recreation - Garden FUNCTIONARY CODE : 41,504100864,1000412600,BM 117753 1000,1000,10000
357,41,Garden & Recreation - Garden FUNCTIONARY CODE : 41,504100885,1000412600,BM ...,...,10000
357,41,Garden & Recreation - Garden FUNCTIONARY CODE : 41,504100909,1000412600,BM 15000 ...,...,5000
357,41,Garden & Recreation - Garden FUNCTIONARY CODE : 41,504100889,1000410000,HO HO 57700,57700,...
357,41,Garden & Recreation - Garden FUNCTIONARY CODE : 41,504100889,4010410000,A Ward - Garden S.G. 62509,62509,...
357,41,Garden & Recreation - Garden FUNCTIONARY CODE : 41,504100889,4020410000,B Ward - Garden,26350,
357,41,Garden & Recreation - Garden FUNCTIONARY CODE : 41,504100889,4030410000,C Ward - Garden S.G. 19550,19550,...
357,41,Garden & Recreation - Garden FUNCTIONARY CODE : 41,504100889,4040410000,D Ward - Garden S.G. 53886,53886,...
357,41,Garden & Recreation - Garden FUNCTIONARY CODE : 41,504100889,4050410000,E Ward - Garden S.G. 61500,61500,...
357,41,Garden & Recreation - Garden FUNCTIONARY CODE : 41,504100889,4060410000,F/South Ward - Garden S.G. 22500,22500,...
357,41,Garden & Recreation - Garden FUNCTIONARY CODE : 41,504100889,4070410000,F/North Ward - Garden S.G. 52500,52500,...
357,41,Garden & Recreation - Garden FUNCTIONARY CODE : 41,504100889,4080410000,G/South Ward - Garden S.G. 29000,29000,...
357,41,Garden & Recreation - Garden FUNCTIONARY CODE : 41,504100889,4090410000,G/North Ward - Garden S.G. 16347,16347,...
357,41,Garden & Recreation - Garden FUNCTIONARY CODE : 41,504100889,4100410000,H/East Ward - Garden S.G. 13000,13000,...
357,41,Garden & Recreation - Garden FUNCTIONARY CODE : 41,504100889,4110410000,H/West Ward - Garden S.G. 10320,10320,...
359,41,Garden & Recreation - Garden FUNCTIONARY CODE : 41,504100889,4120410000,K/East Ward-Garden S.G. 19374,19374,...
359,41,Garden & Recreation - Garden FUNCTIONARY CODE : 41,504100889,4130410000,K/West Ward-Garden S.G. 7000,7000,...
359,41,Garden & Recreation - Garden FUNCTIONARY CODE : 41,504100889,4140410000,P/South Ward-Garden S.G. 24430,24430,...
359,41,Garden & Recreation - Garden FUNCTIONARY CODE : 41,504100889,4150410000,P/North Ward-Garden S.G. 19708,19708,...
359,41,Garden & Recreation - Garden FUNCTIONARY CODE : 41,504100889,4170410000,25000,25000,...
359,41,Garden & Recreation - Garden FUNCTIONARY CODE : 41,504100889,4180410000,R/Central Ward - Garden S.G. 14200,14200,...
359,41,Garden & Recreation - Garden FUNCTIONARY CODE : 41,504100889,4190410000,L ward - Garden S.G. 56520,56520,...
359,41,Garden & Recreation - Garden FUNCTIONARY CODE : 41,504100889,4200410000,M/East Ward - Garden S.G. 54389,54389,...
359,41,Garden & Recreation - Garden FUNCTIONARY CODE : 41,504100889,4210410000,M/West Ward - Garden S.G. 20000,20000,...
359,41,Garden & Recreation - Garden FUNCTIONARY CODE : 41,504100889,4220410000,N Ward - Garden S.G. 43478,43478,...
359,41,Garden & Recreation - Garden FUNCTIONARY CODE : 41,504100889,4230410000,S Ward - Garden S.G. 32270,32270,...
359,41,Garden & Recreation - Garden FUNCTIONARY CODE : 41,504100889,4240410000,T Ward-Garden S.G. 43880,43880,...
359,41,Garden & Recreation - Garden FUNCTIONARY CODE : 41,504100890,1000410000,HO HO 35432,35432,...
359,41,Garden & Recreation - Garden FUNCTIONARY CODE : 41,504100890,4010410000,A Ward - Garden S.G. 1249,1249,...
359,41,Garden & Recreation - Garden FUNCTIONARY CODE : 41,504100890,4020410000,B Ward - Garden S.G. 72500,72500,...
359,41,Garden & Recreation - Garden FUNCTIONARY CODE : 41,504100890,4030410000,C Ward - Garden S.G. 24705,24705,...
359,41,Garden & Recreation - Garden FUNCTIONARY CODE : 41,504100890,4040410000,D Ward - Garden S.G. 13500,13500,...
359,41,Garden & Recreation - Garden FUNCTIONARY CODE : 41,504100890,4050410000,E Ward - Garden S.G. 34793,34793,...
359,41,Garden & Recreation - Garden FUNCTIONARY CODE : 41,504100890,4070410000,31200,31200,...
359,41,Garden & Recreation - Garden FUNCTIONARY CODE : 41,504100890,4080410000,G/South Ward - Garden S.G. 1677,1677,...
359,41,Garden & Recreation - Garden FUNCTIONARY CODE : 41,504100890,4090410000,G/North Ward - Garden 21221,21221,...
359,41,Garden & Recreation - Garden FUNCTIONARY CODE : 41,504100890,4100410000,H/East Ward - Garden S.G. 37000,37000,...
359,41,Garden & Recreation - Garden FUNCTIONARY CODE : 41,504100890,4110410000,H/West Ward - Garden S.G. 71184,71184,...
359,41,Garden & Recreation - Garden FUNCTIONARY CODE : 41,504100890,4120410000,K/East Ward-Garden S.G. 34590,34590,...
359,41,Garden & Recreation - Garden FUNCTIONARY CODE : 41,504100890,4140410000,P/South Ward-Garden S.G. 8390,8390,...
359,41,Garden & Recreation - Garden FUNCTIONARY CODE : 41,504100890,4150410000,P/North Ward-Garden S.G. 4785,4785,...
359,41,Garden & Recreation - Garden FUNCTIONARY CODE : 41,504100890,4160410000,R/South Ward -Garden S.G. 12500,12500,...
359,41,Garden & Recreation - Garden FUNCTIONARY CODE : 41,504100890,4170410000,R/North Ward - Garden S.G. 15000,15000,...
359,41,Garden & Recreation - Garden FUNCTIONARY CODE : 41,504100890,4180410000,R/Central Ward - Garden S.G. 160800,160800,...
361,41,Garden & Recreation - Garden FUNCTIONARY CODE : 41,504100890,4190410000,L ward - Garden S.G. 36314,36314,...
361,41,Garden & Recreation - Garden FUNCTIONARY CODE : 41,504100890,4200410000,M/East Ward - Garden S.G. 36000,36000,...
361,41,Garden & Recreation - Garden FUNCTIONARY CODE : 41,504100890,4210410000,M/West Ward - Garden S.G. 38500,38500,...
361,41,Garden & Recreation - Garden FUNCTIONARY CODE : 41,504100890,4220410000,N Ward - Garden S.G. 12806,12806,...
361,41,Garden & Recreation - Garden FUNCTIONARY CODE : 41,504100890,4240410000,T Ward-Garden S.G. 18539,18539,...
361,41,Garden & Recreation - Garden FUNCTIONARY CODE : 41,504100891,1000412700,"Illumination (lighted footpath, Basic structure of GIC 1270",1270,...
361,41,Garden & Recreation - Garden FUNCTIONARY CODE : 41,504100891,4010410000,A Ward - Garden S.G. 35000,35000,...
361,41,Garden & Recreation - Garden FUNCTIONARY CODE : 41,504100891,4020410000,B Ward - Garden 2500,2500,...
361,41,Garden & Recreation - Garden FUNCTIONARY CODE : 41,504100891,4030410000,C Ward - Garden S.G. 5000,5000,...
361,41,Garden & Recreation - Garden FUNCTIONARY CODE : 41,504100891,4040410000,D Ward - Garden S.G. 5000,5000,...
361,41,Garden & Recreation - Garden FUNCTIONARY CODE : 41,504100891,4050410000,E Ward - Garden S.G. 3566,3566,...
361,41,Garden & Recreation - Garden FUNCTIONARY CODE : 41,504100891,4070410000,F/North Ward - Garden S.G. 8228,8228,...
361,41,Garden & Recreation - Garden FUNCTIONARY CODE : 41,504100891,4080410000,G/South Ward - Garden 5000,5000,...
361,41,Garden & Recreation - Garden FUNCTIONARY CODE : 41,504100891,4090410000,G/North Ward - Garden S.G. 9623,9623,...
361,41,Garden & Recreation - Garden FUNCTIONARY CODE : 41,504100891,4110410000,H/West Ward - Garden S.G. 300,300,...
361,41,Garden & Recreation - Garden FUNCTIONARY CODE : 41,504100891,4120410000,K/East Ward-Garden S.G. 5549,5549,...
361,41,Garden & Recreation - Garden FUNCTIONARY CODE : 41,504100891,4140410000,P/South Ward-Garden S.G. 5000,5000,...
361,41,Garden & Recreation - Garden FUNCTIONARY CODE : 41,504100891,4150410000,P/North Ward-Garden S.G. 190531,190531,...
361,41,Garden & Recreation - Garden FUNCTIONARY CODE : 41,504100891,4160410000,R/South Ward -Garden S.G. 2000,2000,...
361,41,Garden & Recreation - Garden FUNCTIONARY CODE : 41,504100891,4170410000,R/North Ward - Garden S.G. 500,500,...
361,41,Garden & Recreation - Garden FUNCTIONARY CODE : 41,504100891,4180410000,R/Central Ward - Garden S.G. 2500,2500,...
361,41,Garden & Recreation - Garden FUNCTIONARY CODE : 41,504100891,4190410000,L ward - Garden S.G. 3800,3800,...
361,41,Garden & Recreation - Garden FUNCTIONARY CODE : 41,504100891,4210410000,M/West Ward - Garden S.G. 2999,2999,...
361,41,Garden & Recreation - Garden FUNCTIONARY CODE : 41,504100891,4220410000,N Ward - Garden S.G. 5000,5000,...
361,41,Garden & Recreation - Garden FUNCTIONARY CODE : 41,504100891,4230410000,3000,3000,...
361,41,Garden & Recreation - Garden FUNCTIONARY CODE : 41,504100891,4240410000,T Ward-Garden S.G. 4454,4454,...
363,41,Garden & Recreation - Garden FUNCTIONARY CODE : 41,504100895,4010410000,A Ward - Garden S.G. 11280,11280,5822
363,41,Garden & Recreation - Garden FUNCTIONARY CODE : 41,504100895,4020410000,165,165,197
363,41,Garden & Recreation - Garden FUNCTIONARY CODE : 41,504100895,4030410000,C Ward - Garden S.G. 5476,5476,1679
363,41,Garden & Recreation - Garden FUNCTIONARY CODE : 41,504100895,4040410000,D Ward - Garden S.G. 6638,6638,8190
363,41,Garden & Recreation - Garden FUNCTIONARY CODE : 41,504100895,4050410000,E Ward - Garden S.G. 20985,20985,2381
363,41,Garden & Recreation - Garden FUNCTIONARY CODE : 41,504100895,4060410000,F/South Ward - Garden S.G. 4917,4917,6067
363,41,Garden & Recreation - Garden FUNCTIONARY CODE : 41,504100895,4070410000,F/North Ward - Garden S.G. 44322,44322,10326
363,41,Garden & Recreation - Garden FUNCTIONARY CODE : 41,504100895,4080410000,G/South Ward - Garden S.G. 3720,3720,4589
363,41,Garden & Recreation - Garden FUNCTIONARY CODE : 41,504100895,4090410000,G/North Ward - Garden 9233,9233,6857
363,41,Garden & Recreation - Garden FUNCTIONARY CODE : 41,504100895,4100410000,H/East Ward - Garden S.G. 3200,3200,3523
363,41,Garden & Recreation - Garden FUNCTIONARY CODE : 41,504100895,4110410000,12250,12250,9523
363,41,Garden & Recreation - Garden FUNCTIONARY CODE : 41,504100895,4120410000,K/East Ward-Garden S.G. 18746,18746,15247
363,41,Garden & Recreation - Garden FUNCTIONARY CODE : 41,504100895,4130410000,K/West Ward-Garden S.G. 30632,30632,17409
363,41,Garden & Recreation - Garden FUNCTIONARY CODE : 41,504100895,4140410000,P/South Ward-Garden S.G. 23424,23424,12037
363,41,Garden & Recreation - Garden FUNCTIONARY CODE : 41,504100895,4150410000,P/North Ward-Garden S.G. 52048,52048,11406
363,41,Garden & Recreation - Garden FUNCTIONARY CODE : 41,504100895,4160410000,R/South Ward -Garden S.G. 75687,75687,18186
363,41,Garden & Recreation - Garden FUNCTIONARY CODE : 41,504100895,4170410000,R/North Ward - Garden S.G. 10125,10125,12184
363,41,Garden & Recreation - Garden FUNCTIONARY CODE : 41,504100895,4180410000,R/Central Ward - Garden 29825,29825,24794
363,41,Garden & Recreation - Garden FUNCTIONARY CODE : 41,504100895,4190410000,L ward - Garden S.G. 11014,11014,10254
363,41,Garden & Recreation - Garden FUNCTIONARY CODE : 41,504100895,4200410000,4354,4354,5239
363,41,Garden & Recreation - Garden FUNCTIONARY CODE : 41,504100895,4210410000,M/West Ward - Garden S.G. 25135,25135,11547
363,41,Garden & Recreation - Garden FUNCTIONARY CODE : 41,504100895,4220410000,N Ward - Garden S.G. 7204,7204,7591
363,41,Garden & Recreation - Garden FUNCTIONARY CODE : 41,504100895,4230410000,S Ward - Garden S.G. 36216,36216,16454
363,41,Garden & Recreation - Garden FUNCTIONARY CODE : 41,504100895,4240410000,T Ward-Garden S.G. 36677,36677,14591
365,41,Garden & Recreation - Garden FUNCTIONARY CODE : 41,504100896,4120410000,S.G. 8000,8000,...
365,41,Garden & Recreation - Garden FUNCTIONARY CODE : 41,504100897,4120410000,S.G. 5000,5000,...
365,41,Garden & Recreation - Garden FUNCTIONARY CODE : 41,504100898,4120410000,S.G. 2000,2000,...
365,41,Garden & Recreation - Garden FUNCTIONARY CODE : 41,504100899,4240410000,S.G. 1670,1670,...
365,41,Garden & Recreation - Garden FUNCTIONARY CODE : 41,504100900,4240410000,garden & nearby footpath chaphekar bandhu 2500,2500,...
365,41,Garden & Recreation - Garden FUNCTIONARY CODE : 41,504100903,4040410000,providing gym equipments in ward no 217 in D S.G. 2000,2000,...
365,41,Garden & Recreation - Garden FUNCTIONARY CODE : 41,504100904,4040410000,S.G. 2500,2500,...
365,41,Garden & Recreation - Garden FUNCTIONARY CODE : 41,504100905,4040410000,S.G. 2000,2000,...
365,41,Garden & Recreation - Garden FUNCTIONARY CODE : 41,504100906,4040410000,2000,2000,...
365,41,Garden & Recreation - Garden FUNCTIONARY CODE : 41,504100908,4190410000,Development of garden at MCMCR premises L Ward ...,...,10000
365,41,Garden & Recreation - Garden FUNCTIONARY CODE : 41,504100910,4030410000,C Ward 104440,104440,...
365,41,Garden & Recreation - Garden FUNCTIONARY CODE : 41,504100514,4240410000,at Sevaram Lalwani Road in Ward no.102 in T T Ward 240,240,...
367,41,Garden & Recreation - Garden FUNCTIONARY CODE : 41,504100001,4060410000,12111,,10
367,41,Garden & Recreation - Garden FUNCTIONARY CODE : 41,504100003,4220410000,9696 ...,...,389
367,41,Garden & Recreation - Garden FUNCTIONARY CODE : 41,504100007,4010410000,A Ward - Garden S.G. 260,260,313
367,41,Garden & Recreation - Garden FUNCTIONARY CODE : 41,504100007,4020410000,B Ward - Garden S.G. 245,245,295
367,41,Garden & Recreation - Garden FUNCTIONARY CODE : 41,504100007,4030410000,C Ward -Garden S.G. 50,50,56
367,41,Garden & Recreation - Garden FUNCTIONARY CODE : 41,504100007,4040410000,D Ward - Garden S.G. 93,93,113
367,41,Garden & Recreation - Garden FUNCTIONARY CODE : 41,504100007,4050410000,E Ward - Garden 923,923,1111
367,41,Garden & Recreation - Garden FUNCTIONARY CODE : 41,504100007,4060410000,F/South Ward - Garden S.G. 1073,1073,1291
367,41,Garden & Recreation - Garden FUNCTIONARY CODE : 41,504100007,4070410000,F/North Ward - Garden S.G. 962,962,1158
367,41,Garden & Recreation - Garden FUNCTIONARY CODE : 41,504100007,4080410000,G/South Ward - Garden S.G. 640,640,770
367,41,Garden & Recreation - Garden FUNCTIONARY CODE : 41,504100007,4090410000,548,548,660
367,41,Garden & Recreation - Garden FUNCTIONARY CODE : 41,504100007,4100410000,H/East Ward - Garden S.G. 89,89,115
367,41,Garden & Recreation - Garden FUNCTIONARY CODE : 41,504100007,4110410000,H/West Ward-Garden S.G. 22233,22233,1366
367,41,Garden & Recreation - Garden FUNCTIONARY CODE : 41,504100007,4120410000,K/East Ward - Garden S.G. 1743,1743,2265
367,41,Garden & Recreation - Garden FUNCTIONARY CODE : 41,504100007,4130410000,K/West Ward - Garden S.G. 3481,3481,4526
367,41,Garden & Recreation - Garden FUNCTIONARY CODE : 41,504100007,4140410000,P/South Ward - Garden S.G. 1494,1494,1941
367,41,Garden & Recreation - Garden FUNCTIONARY CODE : 41,504100007,4150410000,P/North Ward - Garden S.G. 3304,3304,4295
367,41,Garden & Recreation - Garden FUNCTIONARY CODE : 41,504100007,4160410000,R/South Ward - Garden 3580,3580,4654
367,41,Garden & Recreation - Garden FUNCTIONARY CODE : 41,504100007,4170410000,R/North Ward - Garden S.G. 1281,1281,1666
367,41,Garden & Recreation - Garden FUNCTIONARY CODE : 41,504100007,4180410000,R/Central Ward - Garden S.G. 2382,2382,1320
369,41,Garden & Recreation - Garden FUNCTIONARY CODE : 41,504100007,4190410000,L Ward - Garden S.G. 3017,3017,3630
369,41,Garden & Recreation - Garden FUNCTIONARY CODE : 41,504100007,4200410000,M/East Ward-Garden S.G. 2199,2199,2646
369,41,Garden & Recreation - Garden FUNCTIONARY CODE : 41,504100007,4210410000,M/West Ward-Garden S.G. 2161,2161,2600
369,41,Garden & Recreation - Garden FUNCTIONARY CODE : 41,504100007,4220410000,N Ward-Garden S.G. 1468,1468,1767
369,41,Garden & Recreation - Garden FUNCTIONARY CODE : 41,504100007,4230410000,2606,2606,3136
369,41,Garden & Recreation - Garden FUNCTIONARY CODE : 41,504100007,4240410000,T Ward-Garden S.G. 2149,2149,2586
369,41,Garden & Recreation - Garden FUNCTIONARY CODE : 41,504100564,4040410000,160063 S.G. 65400,65400,...
369,41,Garden & Recreation - Garden FUNCTIONARY CODE : 41,504100886,4220410000,1350000 1000,1000,100000
369,41,Garden & Recreation - Garden FUNCTIONARY CODE : 41,504100887,4220410000,90000 100,100,100
373,41,Garden & Recreation - (Zoo) Functionary Code : 41,504100029,1000412401,upgradation of Virmata Jijabai Bhosale ...,...,10
377,41,Functionary Code : 41,504100822,1000410000,100,100,10000
377,41,Functionary Code : 41,504100888,4080410000,5500,5500,...
377,41,Functionary Code : 41,504100441,4180410000,GIC 1000,1000,1000
377,41,Functionary Code : 41,504100495,1000412700,300000,300000,50000
379,41,Functionary Code:41,410400000,2001410301,Plant and Machinery 11500,11500,58500
379,41,Functionary Code:41,504100862,1000410000,100,100,1000
384,42,MARKET DEPARTMENT keÀe³e& keÀjCeejs Keeles : yeepeej Keeles,410600000,1000420000,A.C.(Mkt) 900 800 keÀe³ee&ue³e DeeefCe Flej meeOevemeecegûeer,,
384,42,MARKET DEPARTMENT keÀe³e& keÀjCeejs Keeles : yeepeej Keeles,410700000,1000420000,A.C.(Mkt) 200,,
384,42,MARKET DEPARTMENT keÀe³e& keÀjCeejs Keeles : yeepeej Keeles,410800300,1000420000,Fire Extinguisher A.C.(Mkt) 3500 3250 Deeie efJePeJeC³ee®eer meeOeves,,
385,42,MARKET DEPARTMENT FUNCTIONARY CODE : 42,504200005,4140420000,,,
385,42,MARKET DEPARTMENT FUNCTIONARY CODE : 42,504200005,4140420000,Phase II 2000000 ...,...,130000
385,42,MARKET DEPARTMENT FUNCTIONARY CODE : 42,504200009,4020420000,B.M. 655726 500,500,...
385,42,MARKET DEPARTMENT FUNCTIONARY CODE : 42,504200013,2003420000,10651 1000,1000,1000
385,42,MARKET DEPARTMENT FUNCTIONARY CODE : 42,504200029,1000420000,Transit Camp C.E.,21500,28000
385,42,MARKET DEPARTMENT FUNCTIONARY CODE : 42,504200029,4060420000,F/South Ward Ward 7017,7017,...
385,42,MARKET DEPARTMENT FUNCTIONARY CODE : 42,504200029,4150420000,P/North Ward Ward 14006,14006,...
387,42,MARKET DEPARTMENT FUNCTIONARY CODE : 42,504200076,1000420000,Transit Camp C.E.,10500,600
387,42,MARKET DEPARTMENT FUNCTIONARY CODE : 42,504200079,1000420000,Transit Camp C.E.,...,29000
387,42,MARKET DEPARTMENT FUNCTIONARY CODE : 42,504200041,4050420000,building at Babu Genu Market in 516656 113500,113500,70000
387,42,MARKET DEPARTMENT FUNCTIONARY CODE : 42,504200043,2002422600,Division II -WS 5146,5146,...
387,42,MARKET DEPARTMENT FUNCTIONARY CODE : 42,504200043,2003422600,Division III - ES 5712,5712,...
387,42,MARKET DEPARTMENT FUNCTIONARY CODE : 42,504200075,2001422600,Division I - City 52405,52405,32700
387,42,MARKET DEPARTMENT FUNCTIONARY CODE : 42,504200075,2002422600,Division II -WS ...,...,1500
389,42,MARKET DEPARTMENT FUNCTIONARY CODE : 42,504200077,2001422600,Division I - City 30000,30000,51100
389,42,MARKET DEPARTMENT FUNCTIONARY CODE : 42,504200077,2002422600,Division II -WS ...,...,20000
389,42,MARKET DEPARTMENT FUNCTIONARY CODE : 42,504200077,2003422600,11000,11000,20000
389,42,MARKET DEPARTMENT FUNCTIONARY CODE : 42,504200080,2001422600,Division I - City ...,...,12900
389,42,MARKET DEPARTMENT FUNCTIONARY CODE : 42,504200080,2002422600,Division II -WS ...,...,7500
389,42,MARKET DEPARTMENT FUNCTIONARY CODE : 42,504200080,2003422600,Division III - ES ...,...,5500
389,42,MARKET DEPARTMENT FUNCTIONARY CODE : 42,504200048,1000420000,Construction of New Market C.E. ...,...,4500
389,42,MARKET DEPARTMENT FUNCTIONARY CODE : 42,504200058,1000420000,3140015 595000,595000,550000
389,42,MARKET DEPARTMENT FUNCTIONARY CODE : 42,504200059,1000420000,B.M.,9217,10000
389,42,MARKET DEPARTMENT FUNCTIONARY CODE : 42,504200060,1000420000,A.C.(Mkt) 2500,2500,5500
389,42,MARKET DEPARTMENT FUNCTIONARY CODE : 42,504200061,1000420000,A.C.(Mkt) 18300,18300,100
389,42,MARKET DEPARTMENT FUNCTIONARY CODE : 42,504200066,1000420000,A.C.(Mkt) 7000,7000,5500
391,42,MARKET DEPARTMENT FUNCTIONARY CODE : 42,504200062,1000420000,C.E. 2200,2200,60000
395,43,DEONAR ABATTOIR DEPT FUNCTIONARY CODE : 43,410400000,1000430000,Plant and Machinery GMDA 15000,15000,45000
395,43,DEONAR ABATTOIR DEPT FUNCTIONARY CODE : 43,410600000,1000430000,Office & Other Equipments GMDA 300,300,1400
395,43,DEONAR ABATTOIR DEPT FUNCTIONARY CODE : 43,410700000,1000430000,"Furniture,Fix,Fitting & Electrical appliances GMDA 300",300,10000
395,43,DEONAR ABATTOIR DEPT FUNCTIONARY CODE : 43,410600702,1000430000,CCTV GMDA 15000,15000,18000
395,43,DEONAR ABATTOIR DEPT FUNCTIONARY CODE : 43,504300007,1000432600,C.E. 85400,85400,50000
395,43,DEONAR ABATTOIR DEPT FUNCTIONARY CODE : 43,504300019,1000430000,Incinerator/Crematorium GMDA 53051,53051,36655
395,43,DEONAR ABATTOIR DEPT FUNCTIONARY CODE : 43,504300021,1000432600,Building and sheep/Goat slaughter unit BM 121248 49000,49000,60000
395,43,DEONAR ABATTOIR DEPT FUNCTIONARY CODE : 43,504300022,3001430099,Zone I ...,...,100
395,43,DEONAR ABATTOIR DEPT FUNCTIONARY CODE : 43,504300022,3003430099,Zone III ...,...,100
395,43,DEONAR ABATTOIR DEPT FUNCTIONARY CODE : 43,504300022,3006430099,Zone VI ...,...,100
395,43,DEONAR ABATTOIR DEPT FUNCTIONARY CODE : 43,504300022,3007430099,Zone VII ...,...,100
395,43,DEONAR ABATTOIR DEPT FUNCTIONARY CODE : 43,504300023,1000430000,GMDA ...,...,2000
395,43,DEONAR ABATTOIR DEPT FUNCTIONARY CODE : 43,504300024,1000430000,Repairing of C-1 & C-2 Wada GMDA 10000,10000,...
397,43,DEONAR ABATTOIR DEPT FUNCTIONARY CODE : 43,504300025,1000430000,Repairing of grazing yard area GMDA 10000,10000,5000
397,43,DEONAR ABATTOIR DEPT FUNCTIONARY CODE : 43,504300026,1000432600,and S-1 wada in Deonar Abbattoir in M/E BM 24598 10000,10000,14545
397,43,DEONAR ABATTOIR DEPT FUNCTIONARY CODE : 43,504300027,1000430000,GMDA 25000 ...,...,11000
397,43,DEONAR ABATTOIR DEPT FUNCTIONARY CODE : 43,504300028,1000430000,Upgradation of Biomethenation Plant GMDA 30000 ...,...,11000
397,43,DEONAR ABATTOIR DEPT FUNCTIONARY CODE : 43,504300029,1000430000,Replacement of water pump 50 HP capacity GMDA 15000 ...,...,5000
401,44,Roads And Traffic Department FUNCTIONARY CODE: 44,504400874,1000442501,20000,20000,100000
404,44,Roads And Traffic Department keÀe³e& keÀjCeejs Keeles : jmles DeeefCe Òe®eeueve Keeles,410600000,1000440000,Office & Other Equipment 1000 2000 keÀe³ee&ue³e DeeefCe Flej meeOevemeecegûeer,2000,
405,44,Roads And Traffic Department FUNCTIONARY CODE: 44,504400001,1000440000,Head Office Ch.E.(Rds) 100,100,10000
405,44,Roads And Traffic Department FUNCTIONARY CODE: 44,504400001,4190440000,L Ward - Roads 828,828,...
405,44,Roads And Traffic Department FUNCTIONARY CODE: 44,504400007,2001440000,Division I - Roads Ch.E.(Rds) 629600,629600,100000
405,44,Roads And Traffic Department FUNCTIONARY CODE: 44,504400007,2002440000,Division II - Roads 500000,500000,100000
405,44,Roads And Traffic Department FUNCTIONARY CODE: 44,504400007,2003440000,Division III - Roads Ch.E.(Rds) 530000,530000,200000
405,44,Roads And Traffic Department FUNCTIONARY CODE: 44,504400918,2001440000,Division I - Roads Ch.E.(Rds) 43500,43500,100000
405,44,Roads And Traffic Department FUNCTIONARY CODE: 44,504400918,2002440000,Division II - Roads Ch.E.(Rds) 686500,686500,400000
405,44,Roads And Traffic Department FUNCTIONARY CODE: 44,504400918,2003440000,Division III - Roads Ch.E.(Rds) 15900,15900,...
405,44,Roads And Traffic Department FUNCTIONARY CODE: 44,504400955,2001440000,Division I - Roads Ch.E.(Rds) 5000,5000,10000
405,44,Roads And Traffic Department FUNCTIONARY CODE: 44,504400955,2002440000,Division II - Roads Ch.E.(Rds) ...,...,70000
407,44,Roads And Traffic Department FUNCTIONARY CODE: 44,504400969,2001440000,Division I - Roads ...,...,10000
407,44,Roads And Traffic Department FUNCTIONARY CODE: 44,504400969,2002440000,...,...,10000
407,44,Roads And Traffic Department FUNCTIONARY CODE: 44,504400969,2003440000,Division III - Roads Ch.E.(Rds) ...,...,10000
407,44,Roads And Traffic Department FUNCTIONARY CODE: 44,504400012,2001440000,Division I - Roads Ch.E.(Rds) 67800,67800,...
407,44,Roads And Traffic Department FUNCTIONARY CODE: 44,504400012,4010440000,A Ward Ward 10000,10000,...
407,44,Roads And Traffic Department FUNCTIONARY CODE: 44,504400012,4020440000,B Ward Ward 10000,10000,...
407,44,Roads And Traffic Department FUNCTIONARY CODE: 44,504400012,4030440000,C Ward Ward 15000,15000,15000
407,44,Roads And Traffic Department FUNCTIONARY CODE: 44,504400012,4040440000,D Ward 28300,28300,...
407,44,Roads And Traffic Department FUNCTIONARY CODE: 44,504400012,4050440000,E Ward Ward 65000,65000,20000
407,44,Roads And Traffic Department FUNCTIONARY CODE: 44,504400012,4060440000,F/South Ward Ward 20000,20000,20000
407,44,Roads And Traffic Department FUNCTIONARY CODE: 44,504400012,4070440000,F/North Ward Ward 40000,40000,20000
407,44,Roads And Traffic Department FUNCTIONARY CODE: 44,504400012,4080440000,G/South Ward Ward 30000,30000,20000
407,44,Roads And Traffic Department FUNCTIONARY CODE: 44,504400012,4090440000,G/North Ward 20000,20000,20000
407,44,Roads And Traffic Department FUNCTIONARY CODE: 44,504400012,2002440000,230000,230000,...
407,44,Roads And Traffic Department FUNCTIONARY CODE: 44,504400012,4110440000,H/West Ward Ward 90000,90000,...
407,44,Roads And Traffic Department FUNCTIONARY CODE: 44,504400012,4120440000,K/East Ward 10000,10000,...
407,44,Roads And Traffic Department FUNCTIONARY CODE: 44,504400012,4130440000,K/West Ward Ward 115000,115000,...
407,44,Roads And Traffic Department FUNCTIONARY CODE: 44,504400012,4140440000,45000,45000,...
407,44,Roads And Traffic Department FUNCTIONARY CODE: 44,504400012,4160440000,R/South Ward 23000,23000,...
407,44,Roads And Traffic Department FUNCTIONARY CODE: 44,504400012,4170440000,R/North Ward Ward 66550,66550,...
409,44,Roads And Traffic Department FUNCTIONARY CODE: 44,504400012,4190440000,L Ward Ward 15000,15000,...
409,44,Roads And Traffic Department FUNCTIONARY CODE: 44,504400012,4200440000,M/E Ward 150000,150000,...
409,44,Roads And Traffic Department FUNCTIONARY CODE: 44,504400012,4210440000,M/W Ward Ward 63300,63300,...
409,44,Roads And Traffic Department FUNCTIONARY CODE: 44,504400012,4220440000,N Ward Ward 70000,70000,...
409,44,Roads And Traffic Department FUNCTIONARY CODE: 44,504400012,4230440000,S Ward Ward 55000,55000,...
409,44,Roads And Traffic Department FUNCTIONARY CODE: 44,504400956,2002440000,Division II - Roads Ch.E.(Rds) ...,...,50000
409,44,Roads And Traffic Department FUNCTIONARY CODE: 44,504400970,2001440000,Division I - Roads ...,...,10000
409,44,Roads And Traffic Department FUNCTIONARY CODE: 44,504400970,2002440000,Division II - Roads Ch.E.(Rds) ...,...,5000
409,44,Roads And Traffic Department FUNCTIONARY CODE: 44,504400970,2003440000,Division III - Roads Ch.E.(Rds) ...,...,5000
409,44,Roads And Traffic Department FUNCTIONARY CODE: 44,504400013,1000440000,H.O. - Roads Ch.E.(Rds) 100,100,10000
409,44,Roads And Traffic Department FUNCTIONARY CODE: 44,504400015,1000440000,H.O. - Roads Ch.E.(Rds) 100,100,100
409,44,Roads And Traffic Department FUNCTIONARY CODE: 44,504400016,2001440000,Ch.E.(Rds) 100,100,100
411,44,Roads And Traffic Department FUNCTIONARY CODE: 44,504400019,1000440000,maintenance and management system Ch.E.(Rds) 100,100,100
411,44,Roads And Traffic Department FUNCTIONARY CODE: 44,504400092,2003440000,Station to Santacruz-Chembur Link Road Ch.E.(Rds) 20000,20000,...
411,44,Roads And Traffic Department FUNCTIONARY CODE: 44,504400483,1000440000,Removal of bottle neck in City & Suburbs Ch.E.(Rds) 100,100,100
411,44,Roads And Traffic Department FUNCTIONARY CODE: 44,504400488,1000440000,Ch.E.(Rds) 100,100,100
411,44,Roads And Traffic Department FUNCTIONARY CODE: 44,504400493,1000440000,Ch.E.(Rds) 100,100,100
411,44,Roads And Traffic Department FUNCTIONARY CODE: 44,504400672,1000440000,1000,1000,60000
411,44,Roads And Traffic Department FUNCTIONARY CODE: 44,504400873,2001440000,Division I - Roads 50000,50000,50000
411,44,Roads And Traffic Department FUNCTIONARY CODE: 44,504400873,4150440000,P/North Ward Ward 681,681,...
411,44,Roads And Traffic Department FUNCTIONARY CODE: 44,504400708,1000440000,Making Space around Tress 100,100,100
411,44,Roads And Traffic Department FUNCTIONARY CODE: 44,504400883,2002440000,Renovation of Western Suburb Office 15000,15000,...
411,44,Roads And Traffic Department FUNCTIONARY CODE: 44,504400884,2003440000,Renovation of Eastern Suburb Office 5000,5000,100
411,44,Roads And Traffic Department FUNCTIONARY CODE: 44,504400886,4050440000,"Foothpath,renovation and beautification in 243500",243500,...
411,44,Roads And Traffic Department FUNCTIONARY CODE: 44,504400922,4080440000,"periphery,Cycle track & ralling 56000",56000,...
413,44,Roads And Traffic Department FUNCTIONARY CODE: 44,504400925,2001440000,Division I - Roads 300000,300000,50000
413,44,Roads And Traffic Department FUNCTIONARY CODE: 44,504400925,2002440000,Division II - Roads 300000,300000,120000
413,44,Roads And Traffic Department FUNCTIONARY CODE: 44,504400925,2003440000,Division III - Roads 250000,250000,90000
413,44,Roads And Traffic Department FUNCTIONARY CODE: 44,504400926,1000440000,Head Office Ward 156170,156170,...
413,44,Roads And Traffic Department FUNCTIONARY CODE: 44,504400926,4010440000,45151,45151,...
413,44,Roads And Traffic Department FUNCTIONARY CODE: 44,504400926,4020440000,B Ward 55000,55000,...
413,44,Roads And Traffic Department FUNCTIONARY CODE: 44,504400926,4030440000,C Ward Ward 37500,37500,...
413,44,Roads And Traffic Department FUNCTIONARY CODE: 44,504400926,4040440000,D Ward Ward 39000,39000,...
413,44,Roads And Traffic Department FUNCTIONARY CODE: 44,504400926,4050440000,37476,37476,...
413,44,Roads And Traffic Department FUNCTIONARY CODE: 44,504400926,4070440000,F/North Ward 45000,45000,...
413,44,Roads And Traffic Department FUNCTIONARY CODE: 44,504400926,4080440000,G/South Ward Ward 27500,27500,...
413,44,Roads And Traffic Department FUNCTIONARY CODE: 44,504400926,4090440000,G/North Ward Ward 43297,43297,...
413,44,Roads And Traffic Department FUNCTIONARY CODE: 44,504400926,4100440000,H/East Ward Ward 25500,25500,...
413,44,Roads And Traffic Department FUNCTIONARY CODE: 44,504400926,4110440000,H/West Ward 33529,33529,...
413,44,Roads And Traffic Department FUNCTIONARY CODE: 44,504400926,4120440000,K/East Ward Ward 53395,53395,...
413,44,Roads And Traffic Department FUNCTIONARY CODE: 44,504400926,4130440000,K/West Ward Ward 2500,2500,...
413,44,Roads And Traffic Department FUNCTIONARY CODE: 44,504400926,4140440000,P/South Ward Ward 13420,13420,...
413,44,Roads And Traffic Department FUNCTIONARY CODE: 44,504400926,4150440000,P/North Ward 20088,20088,...
413,44,Roads And Traffic Department FUNCTIONARY CODE: 44,504400926,4170440000,R/North Ward Ward 5000,5000,...
413,44,Roads And Traffic Department FUNCTIONARY CODE: 44,504400926,4180440000,R/Central Ward Ward 6500,6500,...
413,44,Roads And Traffic Department FUNCTIONARY CODE: 44,504400926,4190440000,L Ward Ward 32191,32191,...
413,44,Roads And Traffic Department FUNCTIONARY CODE: 44,504400926,4200440000,M/E Ward 48000,48000,...
413,44,Roads And Traffic Department FUNCTIONARY CODE: 44,504400926,4210440000,M/W Ward Ward 21056,21056,...
413,44,Roads And Traffic Department FUNCTIONARY CODE: 44,504400926,4220440000,N Ward Ward 39933,39933,...
413,44,Roads And Traffic Department FUNCTIONARY CODE: 44,504400926,4230440000,S Ward Ward 50468,50468,...
413,44,Roads And Traffic Department FUNCTIONARY CODE: 44,504400926,4240440000,T Ward Ward 109871,109871,...
415,44,Roads And Traffic Department FUNCTIONARY CODE: 44,504400927,1000440000,Head Office Ward 160548,160548,...
415,44,Roads And Traffic Department FUNCTIONARY CODE: 44,504400927,4010440000,A Ward Ward 27168,27168,...
415,44,Roads And Traffic Department FUNCTIONARY CODE: 44,504400927,4020440000,B Ward Ward 29500,29500,...
415,44,Roads And Traffic Department FUNCTIONARY CODE: 44,504400927,4030440000,42745,42745,...
415,44,Roads And Traffic Department FUNCTIONARY CODE: 44,504400927,4040440000,D Ward 25000,25000,...
415,44,Roads And Traffic Department FUNCTIONARY CODE: 44,504400927,4050440000,E Ward Ward 46224,46224,...
415,44,Roads And Traffic Department FUNCTIONARY CODE: 44,504400927,4060440000,F/South Ward Ward 61377,61377,...
415,44,Roads And Traffic Department FUNCTIONARY CODE: 44,504400927,4070440000,13000,13000,...
415,44,Roads And Traffic Department FUNCTIONARY CODE: 44,504400927,4090440000,G/North Ward 25941,25941,...
415,44,Roads And Traffic Department FUNCTIONARY CODE: 44,504400927,4120440000,K/East Ward Ward 6309,6309,...
415,44,Roads And Traffic Department FUNCTIONARY CODE: 44,504400927,4130440000,K/West Ward Ward 10000,10000,...
415,44,Roads And Traffic Department FUNCTIONARY CODE: 44,504400927,4140440000,P/South Ward Ward 17855,17855,...
415,44,Roads And Traffic Department FUNCTIONARY CODE: 44,504400927,4150440000,P/North Ward 12804,12804,...
415,44,Roads And Traffic Department FUNCTIONARY CODE: 44,504400927,4160440000,R/South Ward Ward 5000,5000,...
415,44,Roads And Traffic Department FUNCTIONARY CODE: 44,504400927,4170440000,R/North Ward Ward 43900,43900,...
415,44,Roads And Traffic Department FUNCTIONARY CODE: 44,504400927,4180440000,R/Central Ward Ward 28800,28800,...
415,44,Roads And Traffic Department FUNCTIONARY CODE: 44,504400927,4190440000,L Ward 28598,28598,...
415,44,Roads And Traffic Department FUNCTIONARY CODE: 44,504400927,4200440000,M/E Ward Ward 37700,37700,...
415,44,Roads And Traffic Department FUNCTIONARY CODE: 44,504400927,4210440000,M/W Ward Ward 7217,7217,...
415,44,Roads And Traffic Department FUNCTIONARY CODE: 44,504400927,4230440000,S Ward Ward 10668,10668,...
415,44,Roads And Traffic Department FUNCTIONARY CODE: 44,504400927,4240440000,28787,28787,...
415,44,Roads And Traffic Department FUNCTIONARY CODE: 44,504400931,1000440000,3000,3000,20000
415,44,Roads And Traffic Department FUNCTIONARY CODE: 44,504400932,4240440000,1910,1910,...
415,44,Roads And Traffic Department FUNCTIONARY CODE: 44,504400933,4240440000,and drainage system near Mhada colony 1980,1980,...
417,44,Roads And Traffic Department FUNCTIONARY CODE: 44,504400934,4240440000,2460,2460,...
417,44,Roads And Traffic Department FUNCTIONARY CODE: 44,504400935,4240440000,2430,2430,...
417,44,Roads And Traffic Department FUNCTIONARY CODE: 44,504400936,4240440000,2270,2270,...
417,44,Roads And Traffic Department FUNCTIONARY CODE: 44,504400937,4240440000,2490,2490,...
417,44,Roads And Traffic Department FUNCTIONARY CODE: 44,504400938,4240440000,2360,2360,...
417,44,Roads And Traffic Department FUNCTIONARY CODE: 44,504400939,4240440000,2260,2260,...
417,44,Roads And Traffic Department FUNCTIONARY CODE: 44,504400940,4240440000,2230,2230,...
417,44,Roads And Traffic Department FUNCTIONARY CODE: 44,504400941,4240440000,"from Soham Building to Nalanda school, 2280",2280,...
417,44,Roads And Traffic Department FUNCTIONARY CODE: 44,504400942,4240440000,2500,2500,...
417,44,Roads And Traffic Department FUNCTIONARY CODE: 44,504400943,4240440000,"near mithagar talao garden,mithagar road, 2350",2350,...
417,44,Roads And Traffic Department FUNCTIONARY CODE: 44,504400944,4240440000,vinayak cycle mart(near railway bridge) 3560,3560,...
419,44,Roads And Traffic Department FUNCTIONARY CODE: 44,504400945,4240440000,3350,3350,...
419,44,Roads And Traffic Department FUNCTIONARY CODE: 44,504400946,4240440000,3870,3870,...
419,44,Roads And Traffic Department FUNCTIONARY CODE: 44,504400947,4240440000,2710,2710,...
419,44,Roads And Traffic Department FUNCTIONARY CODE: 44,504400948,4240440000,and construction of nalla at navghar galli 3130,3130,...
419,44,Roads And Traffic Department FUNCTIONARY CODE: 44,504400949,4120440000,installation of street light at Thakur Chawl 4000,4000,...
419,44,Roads And Traffic Department FUNCTIONARY CODE: 44,504400964,4040440000,2000,2000,...
419,44,Roads And Traffic Department FUNCTIONARY CODE: 44,504400965,4040440000,island at Khetwadi Bhadakamkar road in 2000,2000,...
419,44,Roads And Traffic Department FUNCTIONARY CODE: 44,504400966,4040440000,2500,2500,...
419,44,Roads And Traffic Department FUNCTIONARY CODE: 44,504400958,4040440000,2500,2500,...
419,44,Roads And Traffic Department FUNCTIONARY CODE: 44,504400959,4040440000,2500,2500,...
419,44,Roads And Traffic Department FUNCTIONARY CODE: 44,504400960,4040440000,"B.J. Kher marg, Dongarsi road and 2000",2000,...
419,44,Roads And Traffic Department FUNCTIONARY CODE: 44,504400961,1000440000,100,100,...
419,44,Roads And Traffic Department FUNCTIONARY CODE: 44,504400951,1000440101,2258800,2258800,1000000
419,44,Roads And Traffic Department FUNCTIONARY CODE: 44,504400971,1000440101,express Highway within BMC ...,...,950000
421,44,Roads And Traffic Department FUNCTIONARY CODE: 44,504400972,1000440101,Western Express Highway within BMC ...,...,50000
421,44,Roads And Traffic Department FUNCTIONARY CODE: 44,504400973,1000440101,180000,180000,100000
421,44,Roads And Traffic Department FUNCTIONARY CODE: 44,504400974,1000440000,...,...,10000
421,44,Roads And Traffic Department FUNCTIONARY CODE: 44,504400975,4010440000,"Mukharji Chowk (Regal Cinema), Ballard 50000",50000,200000
421,44,Roads And Traffic Department FUNCTIONARY CODE: 44,504400976,4090440000,20000,20000,25000
421,44,Roads And Traffic Department FUNCTIONARY CODE: 44,504400977,4080440000,5000,5000,10000
421,44,Roads And Traffic Department FUNCTIONARY CODE: 44,504400021,2001440000,Division I - Roads Ch.E.(Rds) 1600000,1600000,1420000
421,44,Roads And Traffic Department FUNCTIONARY CODE: 44,504400021,2002440000,Division II - Roads Ch.E.(Rds) 3250000,3250000,1900000
421,44,Roads And Traffic Department FUNCTIONARY CODE: 44,504400021,2003440000,Division III - Roads Ch.E.(Rds) 1500000,1500000,920000
421,44,Roads And Traffic Department FUNCTIONARY CODE: 44,504400920,2001440000,Division I - Roads Ch.E.(Rds) 320000,320000,1500000
421,44,Roads And Traffic Department FUNCTIONARY CODE: 44,504400920,2002440000,Division II - Roads Ch.E.(Rds) 4627075,4627075,10350000
421,44,Roads And Traffic Department FUNCTIONARY CODE: 44,504400920,2003440000,Division III - Roads Ch.E.(Rds) 1740000,1740000,5000000
423,44,Roads And Traffic Department FUNCTIONARY CODE: 44,504400957,2001440000,Division I - Roads Ch.E.(Rds) 100,100,400000
423,44,Roads And Traffic Department FUNCTIONARY CODE: 44,504400957,2002440000,216000,216000,2600000
423,44,Roads And Traffic Department FUNCTIONARY CODE: 44,504400957,2003440000,Division III - Roads Ch.E.(Rds) 20000,20000,1000000
423,44,Roads And Traffic Department FUNCTIONARY CODE: 44,504400978,2001440000,Division I - Roads Ch.E.(Rds) ...,...,60000
423,44,Roads And Traffic Department FUNCTIONARY CODE: 44,504400978,2002440000,Division II - Roads Ch.E.(Rds) ...,...,60000
423,44,Roads And Traffic Department FUNCTIONARY CODE: 44,504400978,2003440000,Division III - Roads Ch.E.(Rds) ...,...,60000
423,44,Roads And Traffic Department FUNCTIONARY CODE: 44,504400022,2002440000,Division II - Roads 100,100,30000
423,44,Roads And Traffic Department FUNCTIONARY CODE: 44,504400670,2001440000,Division -I 100,100,100
423,44,Roads And Traffic Department FUNCTIONARY CODE: 44,504400670,2002440000,Division -II 100,100,100
423,44,Roads And Traffic Department FUNCTIONARY CODE: 44,504400670,2003440000,Division -III 100,100,100
425,44,Roads And Traffic Department FUNCTIONARY CODE: 44,504400671,2001440000,Division -I 100,100,100
425,44,Roads And Traffic Department FUNCTIONARY CODE: 44,504400671,2002440000,100,100,100
425,44,Roads And Traffic Department FUNCTIONARY CODE: 44,504400671,2003440000,Division -III 100,100,100
428,44,Roads And Traffic Department keÀe³e& keÀjCeejs Keeles : jmles DeeefCe Òe®eeueve Keeles,410600200,1000445001,"... 1000 mebieCekeÀ, efHe´bìj DeeefCe HesefjHesÀefjDeue",1000,
428,44,Roads And Traffic Department keÀe³e& keÀjCeejs Keeles : jmles DeeefCe Òe®eeueve Keeles,410700199,1000440000,... 1000 Flej HeÀefve&®ej DeeefCe efHeÀkeÌ®ej,1000,
429,44,Roads And Traffic Department FUNCTIONARY CODE: 44,504400023,2001440000,100,100,100
429,44,Roads And Traffic Department FUNCTIONARY CODE: 44,504400023,2002440000,Division II - Roads Ch.E.(Rds) 100,100,100
429,44,Roads And Traffic Department FUNCTIONARY CODE: 44,504400023,2003440000,Division III - Roads Ch.E.(Rds) 100,100,100
429,44,Roads And Traffic Department FUNCTIONARY CODE: 44,504400023,4010440000,...,...,5000
429,44,Roads And Traffic Department FUNCTIONARY CODE: 44,504400023,4020440000,B Ward Ward ...,...,5000
429,44,Roads And Traffic Department FUNCTIONARY CODE: 44,504400023,4030440000,C Ward Ward ...,...,5000
429,44,Roads And Traffic Department FUNCTIONARY CODE: 44,504400023,4040440000,D Ward Ward ...,...,5000
429,44,Roads And Traffic Department FUNCTIONARY CODE: 44,504400023,4050440000,E Ward Ward ...,...,5000
429,44,Roads And Traffic Department FUNCTIONARY CODE: 44,504400023,4060440000,F/South Ward ...,...,5000
429,44,Roads And Traffic Department FUNCTIONARY CODE: 44,504400023,4070440000,F/North Ward Ward ...,...,5000
429,44,Roads And Traffic Department FUNCTIONARY CODE: 44,504400023,4080440000,G/South Ward Ward ...,...,5000
429,44,Roads And Traffic Department FUNCTIONARY CODE: 44,504400023,4090440000,G/North Ward Ward ...,...,5000
429,44,Roads And Traffic Department FUNCTIONARY CODE: 44,504400023,4100440000,H/East Ward ...,...,5000
429,44,Roads And Traffic Department FUNCTIONARY CODE: 44,504400023,4110440000,H/West Ward Ward ...,...,5000
429,44,Roads And Traffic Department FUNCTIONARY CODE: 44,504400023,4120440000,K/East Ward Ward ...,...,5000
429,44,Roads And Traffic Department FUNCTIONARY CODE: 44,504400023,4130440000,K/West Ward Ward ...,...,5000
429,44,Roads And Traffic Department FUNCTIONARY CODE: 44,504400023,4140440000,...,...,5000
429,44,Roads And Traffic Department FUNCTIONARY CODE: 44,504400023,4150440000,P/North Ward Ward ...,...,5000
429,44,Roads And Traffic Department FUNCTIONARY CODE: 44,504400023,4160440000,R/South Ward Ward ...,...,5000
429,44,Roads And Traffic Department FUNCTIONARY CODE: 44,504400023,4170440000,R/North Ward Ward ...,...,5000
429,44,Roads And Traffic Department FUNCTIONARY CODE: 44,504400023,4180440000,...,...,5000
429,44,Roads And Traffic Department FUNCTIONARY CODE: 44,504400023,4190440000,L Ward Ward ...,...,5000
429,44,Roads And Traffic Department FUNCTIONARY CODE: 44,504400023,4200440000,M/E Ward Ward ...,...,5000
429,44,Roads And Traffic Department FUNCTIONARY CODE: 44,504400023,4210440000,M/W Ward Ward ...,...,5000
429,44,Roads And Traffic Department FUNCTIONARY CODE: 44,504400023,4220440000,...,...,5000
429,44,Roads And Traffic Department FUNCTIONARY CODE: 44,504400023,4230440000,S Ward Ward ...,...,5000
429,44,Roads And Traffic Department FUNCTIONARY CODE: 44,504400023,4240440000,T Ward Ward ...,...,5000
431,44,Roads And Traffic Department FUNCTIONARY CODE: 44,504400032,1000440000,Head Office 1050000,1050000,700000
431,44,Roads And Traffic Department FUNCTIONARY CODE: 44,504400032,2001440000,Division I - Roads 160000,160000,50000
431,44,Roads And Traffic Department FUNCTIONARY CODE: 44,504400032,2002440000,Division II - Roads 20000,20000,100000
431,44,Roads And Traffic Department FUNCTIONARY CODE: 44,504400032,2003440000,Division III - Roads 30000,30000,100000
431,44,Roads And Traffic Department FUNCTIONARY CODE: 44,504400188,1000440000,100,100,10000
431,44,Roads And Traffic Department FUNCTIONARY CODE: 44,504400465,1000440000,Ch.E.(Rds) 100,100,1000
431,44,Roads And Traffic Department FUNCTIONARY CODE: 44,504400491,1000440000,and Commissioning of Conventional Road Ch.E.(Rds) 50000,50000,80000
431,44,Roads And Traffic Department FUNCTIONARY CODE: 44,504400501,1000440000,Ch.E.(Rds) 5000,5000,20000
431,44,Roads And Traffic Department FUNCTIONARY CODE: 44,504400521,4030440000,Ch.E.(Rds) 1000,1000,...
431,44,Roads And Traffic Department FUNCTIONARY CODE: 44,504400565,1000440000,50000,50000,45000
431,44,Roads And Traffic Department FUNCTIONARY CODE: 44,504400903,1000440000,Mechanical Robotic parking Ch.E.(Rds) 120000,120000,1328300
431,44,Roads And Traffic Department FUNCTIONARY CODE: 44,504400928,1000440000,Head Office Ch.E.(Rds) 133811,133811,...
431,44,Roads And Traffic Department FUNCTIONARY CODE: 44,504400928,4010440000,A Ward Ward 12302,12302,...
431,44,Roads And Traffic Department FUNCTIONARY CODE: 44,504400928,4040440000,D Ward 24500,24500,...
431,44,Roads And Traffic Department FUNCTIONARY CODE: 44,504400928,4050440000,E Ward Ward 7206,7206,...
431,44,Roads And Traffic Department FUNCTIONARY CODE: 44,504400928,4070440000,F/North Ward Ward 32500,32500,...
431,44,Roads And Traffic Department FUNCTIONARY CODE: 44,504400928,4080440000,G/South Ward Ward 32500,32500,...
431,44,Roads And Traffic Department FUNCTIONARY CODE: 44,504400928,4090440000,G/North Ward Ward 31830,31830,...
431,44,Roads And Traffic Department FUNCTIONARY CODE: 44,504400928,4110440000,H/West Ward Ward 32500,32500,...
433,44,Roads And Traffic Department FUNCTIONARY CODE: 44,504400928,4130440000,K/West Ward Ward 6700,6700,...
433,44,Roads And Traffic Department FUNCTIONARY CODE: 44,504400928,4140440000,P/South Ward Ward 32500,32500,...
433,44,Roads And Traffic Department FUNCTIONARY CODE: 44,504400928,4150440000,P/North Ward Ward 32500,32500,...
433,44,Roads And Traffic Department FUNCTIONARY CODE: 44,504400928,4170440000,R/North Ward Ward 32500,32500,...
433,44,Roads And Traffic Department FUNCTIONARY CODE: 44,504400928,4190440000,L Ward 32500,32500,...
433,44,Roads And Traffic Department FUNCTIONARY CODE: 44,504400928,4200440000,M/E Ward Ward 32500,32500,...
433,44,Roads And Traffic Department FUNCTIONARY CODE: 44,504400928,4220440000,N Ward Ward 12500,12500,...
433,44,Roads And Traffic Department FUNCTIONARY CODE: 44,504400928,4230440000,S Ward Ward 2723,2723,...
433,44,Roads And Traffic Department FUNCTIONARY CODE: 44,504400928,4240440000,T Ward Ward 11555,11555,...
433,44,Roads And Traffic Department FUNCTIONARY CODE: 44,504400929,4010440000,A Ward 130048,130048,...
433,44,Roads And Traffic Department FUNCTIONARY CODE: 44,504400929,4020440000,B Ward Ward 55500,55500,...
433,44,Roads And Traffic Department FUNCTIONARY CODE: 44,504400929,4030440000,C Ward Ward 30145,30145,...
433,44,Roads And Traffic Department FUNCTIONARY CODE: 44,504400929,4040440000,D Ward Ward 48949,48949,...
433,44,Roads And Traffic Department FUNCTIONARY CODE: 44,504400929,4050440000,E Ward Ward 800,800,...
433,44,Roads And Traffic Department FUNCTIONARY CODE: 44,504400929,4060440000,F/South Ward Ward 710,710,...
433,44,Roads And Traffic Department FUNCTIONARY CODE: 44,504400929,4070440000,F/North Ward Ward 21378,21378,...
433,44,Roads And Traffic Department FUNCTIONARY CODE: 44,504400929,4080440000,G/South Ward 15500,15500,...
433,44,Roads And Traffic Department FUNCTIONARY CODE: 44,504400929,4090440000,G/North Ward Ward 24750,24750,...
433,44,Roads And Traffic Department FUNCTIONARY CODE: 44,504400929,4110440000,H/West Ward 31067,31067,...
433,44,Roads And Traffic Department FUNCTIONARY CODE: 44,504400929,4130440000,K/West Ward Ward 29100,29100,...
433,44,Roads And Traffic Department FUNCTIONARY CODE: 44,504400929,4140440000,P/South Ward Ward 10530,10530,...
433,44,Roads And Traffic Department FUNCTIONARY CODE: 44,504400929,4150440000,P/North Ward Ward 12116,12116,...
433,44,Roads And Traffic Department FUNCTIONARY CODE: 44,504400929,4160440000,R/South Ward Ward 2500,2500,...
433,44,Roads And Traffic Department FUNCTIONARY CODE: 44,504400929,4170440000,R/North Ward Ward 6500,6500,...
433,44,Roads And Traffic Department FUNCTIONARY CODE: 44,504400929,4180440000,R/Central Ward Ward 31118,31118,...
433,44,Roads And Traffic Department FUNCTIONARY CODE: 44,504400929,4190440000,L Ward 23803,23803,...
433,44,Roads And Traffic Department FUNCTIONARY CODE: 44,504400929,4200440000,M/E Ward Ward 19300,19300,...
433,44,Roads And Traffic Department FUNCTIONARY CODE: 44,504400929,4210440000,M/W Ward Ward 15910,15910,...
433,44,Roads And Traffic Department FUNCTIONARY CODE: 44,504400929,4220440000,N Ward Ward 59808,59808,...
433,44,Roads And Traffic Department FUNCTIONARY CODE: 44,504400929,4230440000,S Ward Ward 29754,29754,...
433,44,Roads And Traffic Department FUNCTIONARY CODE: 44,504400929,4240440000,T Ward Ward 32500,32500,...
433,44,Roads And Traffic Department FUNCTIONARY CODE: 44,504400930,1000440000,Head Office Ch.E.(Rds) 142633,142633,...
433,44,Roads And Traffic Department FUNCTIONARY CODE: 44,504400930,4010440000,A Ward Ward 3316,3316,...
433,44,Roads And Traffic Department FUNCTIONARY CODE: 44,504400930,4020440000,B Ward Ward 19100,19100,...
435,44,Roads And Traffic Department FUNCTIONARY CODE: 44,504400930,4030440000,C Ward Ward 49045,49045,...
435,44,Roads And Traffic Department FUNCTIONARY CODE: 44,504400930,4040440000,D Ward Ward 78279,78279,...
435,44,Roads And Traffic Department FUNCTIONARY CODE: 44,504400930,4050440000,E Ward Ward 31500,31500,...
435,44,Roads And Traffic Department FUNCTIONARY CODE: 44,504400930,4070440000,F/North Ward Ward 21800,21800,...
435,44,Roads And Traffic Department FUNCTIONARY CODE: 44,504400930,4080440000,G/South Ward 12500,12500,...
435,44,Roads And Traffic Department FUNCTIONARY CODE: 44,504400930,4090440000,G/North Ward Ward 36734,36734,...
435,44,Roads And Traffic Department FUNCTIONARY CODE: 44,504400930,4100440000,H/East Ward Ward 46500,46500,...
435,44,Roads And Traffic Department FUNCTIONARY CODE: 44,504400930,4110440000,H/West Ward Ward 6100,6100,...
435,44,Roads And Traffic Department FUNCTIONARY CODE: 44,504400930,4120440000,K/East Ward Ward 2852,2852,...
435,44,Roads And Traffic Department FUNCTIONARY CODE: 44,504400930,4130440000,K/West Ward Ward 23300,23300,...
435,44,Roads And Traffic Department FUNCTIONARY CODE: 44,504400930,4140440000,P/South Ward Ward 8530,8530,...
435,44,Roads And Traffic Department FUNCTIONARY CODE: 44,504400930,4150440000,11552,11552,...
435,44,Roads And Traffic Department FUNCTIONARY CODE: 44,504400930,4170440000,R/North Ward Ward 11500,11500,...
435,44,Roads And Traffic Department FUNCTIONARY CODE: 44,504400930,4190440000,L Ward 30376,30376,...
435,44,Roads And Traffic Department FUNCTIONARY CODE: 44,504400930,4200440000,M/E Ward Ward 29576,29576,...
435,44,Roads And Traffic Department FUNCTIONARY CODE: 44,504400930,4210440000,M/W Ward Ward 19240,19240,...
435,44,Roads And Traffic Department FUNCTIONARY CODE: 44,504400930,4230440000,S Ward Ward 450,450,...
435,44,Roads And Traffic Department FUNCTIONARY CODE: 44,504400930,4240440000,T Ward Ward 20040,20040,...
435,44,Roads And Traffic Department FUNCTIONARY CODE: 44,504400952,4240440000,island of 90 feet road subhash patkar 2500,2500,...
435,44,Roads And Traffic Department FUNCTIONARY CODE: 44,504400954,1000440000,Conventional ANPR system at various Ch.E.(Rds) 6500,6500,10000
435,44,Roads And Traffic Department FUNCTIONARY CODE: 44,504400962,4040440000,2000,2000,...
435,44,Roads And Traffic Department FUNCTIONARY CODE: 44,504400967,1000440000,& Commissioining of Push Button in Ch.E.(Rds) ...,...,50000
435,44,Roads And Traffic Department FUNCTIONARY CODE: 44,504400968,1000440000,Ch.E.(Rds) ...,...,30000
440,45,Bridges Department keÀe³e& keÀjCeejs Keeles : Hetue Keeles,410600000,2001450000,Division I - BRIDGES 100,100,
440,45,Bridges Department keÀe³e& keÀjCeejs Keeles : Hetue Keeles,410600000,2002450000,Division II - BRIDGES 100,100,
440,45,Bridges Department keÀe³e& keÀjCeejs Keeles : Hetue Keeles,410600000,2003450000,Division III - BRIDGES 100 100 efJeYeeie leerve - Hetue,100,
440,45,Bridges Department keÀe³e& keÀjCeejs Keeles : Hetue Keeles,410600200,2001450000,Division I - BRIDGES ...,3000,
440,45,Bridges Department keÀe³e& keÀjCeejs Keeles : Hetue Keeles,410600200,2002450000,Division II - BRIDGES ... 3500 efJeYeeie oesve - Hetue,3500,
440,45,Bridges Department keÀe³e& keÀjCeejs Keeles : Hetue Keeles,410600200,2003450000,Division III - BRIDGES ...,3500,
440,45,Bridges Department keÀe³e& keÀjCeejs Keeles : Hetue Keeles,410700000,2001450000,Division I - BRIDGES 100,100,
440,45,Bridges Department keÀe³e& keÀjCeejs Keeles : Hetue Keeles,410700000,2002450000,Division II - BRIDGES 100,100,
440,45,Bridges Department keÀe³e& keÀjCeejs Keeles : Hetue Keeles,410700000,2003450000,Division III - BRIDGES 100,100,
441,45,Bridges Department FUNCTIONARY CODE : 45,504500001,2001450000,Division I - BRIDGES,1747100,1725800
441,45,Bridges Department FUNCTIONARY CODE : 45,504500001,2002450000,Division II - BRIDGES,2651800,2620000
441,45,Bridges Department FUNCTIONARY CODE : 45,504500001,2003450000,Division III - BRIDGES,2060300,1500000
441,45,Bridges Department FUNCTIONARY CODE : 45,504500265,2001450000,Division I - BRIDGES 290000,290000,925000
441,45,Bridges Department FUNCTIONARY CODE : 45,504500265,2002450000,Division II - BRIDGES,1059100,1928000
443,45,Bridges Department FUNCTIONARY CODE : 45,504500265,2003450000,Division III - BRIDGES,124000,529000
443,45,Bridges Department FUNCTIONARY CODE : 45,504500265,4200450000,M/East Ward 1753,1753,...
443,45,Bridges Department FUNCTIONARY CODE : 45,504500267,2001450000,Division I - BRIDGES 12300,12300,310000
443,45,Bridges Department FUNCTIONARY CODE : 45,504500267,2002450000,Division II - BRIDGES,100000,500000
443,45,Bridges Department FUNCTIONARY CODE : 45,504500270,2001450000,Division I - BRIDGES,...,250000
443,45,Bridges Department FUNCTIONARY CODE : 45,504500270,2002450000,Division II - BRIDGES,...,800000
443,45,Bridges Department FUNCTIONARY CODE : 45,504500270,2003450000,Division III - BRIDGES,...,320000
445,45,Bridges Department FUNCTIONARY CODE : 45,504500002,2001450000,Division I - BRIDGES 100000,100000,138000
445,45,Bridges Department FUNCTIONARY CODE : 45,504500002,2002450000,Division II - BRIDGES 800000,800000,322000
445,45,Bridges Department FUNCTIONARY CODE : 45,504500002,2003450000,Division III - BRIDGES 80000,80000,138000
445,45,Bridges Department FUNCTIONARY CODE : 45,504500003,2001450000,Division I - BRIDGES 300000,300000,460000
445,45,Bridges Department FUNCTIONARY CODE : 45,504500003,2002450000,Division II - BRIDGES 400000,400000,276000
445,45,Bridges Department FUNCTIONARY CODE : 45,504500003,2003450000,Division III - BRIDGES 300000,300000,184000
445,45,Bridges Department FUNCTIONARY CODE : 45,504500260,1000450000,,2500000,2600000
445,45,Bridges Department FUNCTIONARY CODE : 45,504500017,2002450000,200,200,200
445,45,Bridges Department FUNCTIONARY CODE : 45,504500033,2003450000,200,200,200
445,45,Bridges Department FUNCTIONARY CODE : 45,504500036,2003450000,700,700,1200
447,45,Bridges Department FUNCTIONARY CODE : 45,504500044,2002450000,10000,10000,10000
447,45,Bridges Department FUNCTIONARY CODE : 45,504500045,2002450000,20800,20800,...
447,45,Bridges Department FUNCTIONARY CODE : 45,504500068,2003450000,300,300,300
447,45,Bridges Department FUNCTIONARY CODE : 45,504500096,2003450000,8500,8500,2500
447,45,Bridges Department FUNCTIONARY CODE : 45,504500130,2002450000,"Goregaon-Mulund Link road,Goregaon (E) 300",300,300
447,45,Bridges Department FUNCTIONARY CODE : 45,504500150,2003450000,FOB across Mithi River at Jai Bhim Nagar 6500,6500,6500
447,45,Bridges Department FUNCTIONARY CODE : 45,504500159,2002450000,10000,10000,10000
447,45,Bridges Department FUNCTIONARY CODE : 45,504500229,1000450000,50,50,100
447,45,Bridges Department FUNCTIONARY CODE : 45,504500230,1000450000,Senapati Bapat Marg and Western Exprss 50,50,100
447,45,Bridges Department FUNCTIONARY CODE : 45,504500238,1000450000,Fixing escalator at Santacruze Skywalk 50,50,100
447,45,Bridges Department FUNCTIONARY CODE : 45,504500246,1000450000,100,100,100
449,45,Bridges Department FUNCTIONARY CODE : 45,504500273,1000450000,500000,500000,500000
449,45,Bridges Department FUNCTIONARY CODE : 45,504500266,1000450000,Head Office 43257,43257,...
449,45,Bridges Department FUNCTIONARY CODE : 45,504500266,4010450000,A Ward 963,963,...
449,45,Bridges Department FUNCTIONARY CODE : 45,504500266,4020450000,B Ward 8000,8000,...
449,45,Bridges Department FUNCTIONARY CODE : 45,504500266,4030450000,C Ward 2120,2120,...
449,45,Bridges Department FUNCTIONARY CODE : 45,504500266,4040450000,D Ward 8000,8000,...
449,45,Bridges Department FUNCTIONARY CODE : 45,504500266,4050450000,E Ward 21100,21100,...
449,45,Bridges Department FUNCTIONARY CODE : 45,504500266,4060450000,F/South Ward 1926,1926,...
449,45,Bridges Department FUNCTIONARY CODE : 45,504500266,4070450000,F/North Ward 52894,52894,...
449,45,Bridges Department FUNCTIONARY CODE : 45,504500266,4090450000,G/North Ward 937,937,...
449,45,Bridges Department FUNCTIONARY CODE : 45,504500266,4100450000,H/East Ward 7900,7900,...
449,45,Bridges Department FUNCTIONARY CODE : 45,504500266,4120450000,K/East Ward 6392,6392,...
449,45,Bridges Department FUNCTIONARY CODE : 45,504500266,4140450000,P/South Ward 2590,2590,...
449,45,Bridges Department FUNCTIONARY CODE : 45,504500266,4160450000,R/South Ward 4000,4000,...
449,45,Bridges Department FUNCTIONARY CODE : 45,504500266,4190450000,L Ward 4967,4967,...
449,45,Bridges Department FUNCTIONARY CODE : 45,504500266,4200450000,M/East Ward 8000,8000,...
449,45,Bridges Department FUNCTIONARY CODE : 45,504500266,4210450000,M/West Ward 8000,8000,...
449,45,Bridges Department FUNCTIONARY CODE : 45,504500266,4220450000,N Ward 8674,8674,...
449,45,Bridges Department FUNCTIONARY CODE : 45,504500266,4240450000,T Ward 20600,20600,...
449,45,Bridges Department FUNCTIONARY CODE : 45,504500268,1000450000,20000,20000,20000
451,45,Bridges Department FUNCTIONARY CODE : 45,504500225,1000450000,Proposed Goregaon-Mulund Link Road 11407052,11407052,16300000
451,45,Bridges Department FUNCTIONARY CODE : 45,504500225,4240450000,T Ward Ward 2448,2448,...
451,45,Bridges Department FUNCTIONARY CODE : 45,504500225,1000450000,resettelment) and RSA 1.1 (Municipal 200000,200000,2400000
451,45,Bridges Department FUNCTIONARY CODE : 45,504500271,2002450000,Bhayandar Link Road 1170000,1170000,2200000
451,45,Bridges Department FUNCTIONARY CODE : 45,504500272,2002450000,"Versova to Dahisar 6 packages (A,B,C,D,E 13250000",13250000,11300000
453,4,BRIDGES DEPARTMENT FUNCTIONARY CODE 4:5,504500051,1000450000,5000,5000,10000
457,46,MUNICIPAL PRINTING PRESS FUNCTIONARY CODE : 46,410400000,1000460000,Plant & Machinery M.M.P ...,...,39200
457,46,MUNICIPAL PRINTING PRESS FUNCTIONARY CODE : 46,410400034,1000460000,Scanner M.M.P 300,300,300
457,46,MUNICIPAL PRINTING PRESS FUNCTIONARY CODE : 46,410600000,1000460000,Office & Other Equipments M.M.P 2500,2500,1000
457,46,MUNICIPAL PRINTING PRESS FUNCTIONARY CODE : 46,410600702,1000460000,CCTV M.M.P ...,...,5000
457,46,MUNICIPAL PRINTING PRESS FUNCTIONARY CODE : 46,410600802,1000460000,Fire Fighting & Rescue Equipments M.M.P ...,...,20000
457,46,MUNICIPAL PRINTING PRESS FUNCTIONARY CODE : 46,410700000,1000460000,"Furniture, Fixture, Fitting & Electrical M.M.P 1500",1500,1500
