book,page,zone,dp_code,account_head,year_cols,col1_actuals,col2_BE,col3_RE,col4_BE
bb2013-14.pdf,47,NA,412-10-09-00,SPECIFIC GRANTS - GoTN - CMCDM,2011-2012|2012-2013|2012-2013|2013-2014,,,,
bb2013-14.pdf,47,NA,412-40-02-00,OTHERS-PARKS AND GARDENS,2011-2012|2012-2013|2012-2013|2013-2014,,21000,12500,12500
bb2013-14.pdf,47,NA,412-40-07-02,OTHERS-CONCRETE ROADS-INTERIOR ROADS,2011-2012|2012-2013|2012-2013|2013-2014,,10000,10000,100000
bb2013-14.pdf,47,NA,412-40-08-02,OTHERS-BLACKTOPPED-INTERIOR ROADS,2011-2012|2012-2013|2012-2013|2013-2014,,50000,70000,50000
bb2013-14.pdf,47,NA,412-40-11-00,OTHERS-STORM WATER DRAINS AND CULVERTS,2011-2012|2012-2013|2012-2013|2013-2014,,10000,30000,40000
bb2013-14.pdf,47,NA,412-40-30-00,OTHERS- OTHER MISCELLANEOUS WORKS,2011-2012|2012-2013|2012-2013|2013-2014,780,20400,20000,30000
bb2013-14.pdf,48,NB,412-10-09-00,SPECIFIC GRANTS - GoTN - CMCDM,2011-2012|2012-2013|2012-2013|2013-2014,,,,
bb2013-14.pdf,48,NB,412-40-02-00,OTHERS-PARKS AND GARDENS,2011-2012|2012-2013|2012-2013|2013-2014,,18000,5000,7500
bb2013-14.pdf,48,NB,412-40-07-02,OTHERS-CONCRETE ROADS-INTERIOR ROADS,2011-2012|2012-2013|2012-2013|2013-2014,,50000,5000,2500
bb2013-14.pdf,48,NB,412-40-08-02,OTHERS-BLACKTOPPED-INTERIOR ROADS,2011-2012|2012-2013|2012-2013|2013-2014,,60000,120000,30000
bb2013-14.pdf,48,NB,412-40-11-00,OTHERS-STORM WATER DRAINS AND CULVERTS,2011-2012|2012-2013|2012-2013|2013-2014,,5000,6500,10000
bb2013-14.pdf,48,NB,412-40-30-00,OTHERS- OTHER MISCELLANEOUS WORKS,2011-2012|2012-2013|2012-2013|2013-2014,,10200,20000,25000
bb2013-14.pdf,49,NC,412-10-07-04,SPECIFIC GRANTS -JNNURM-BSUP-BUILDINGS,2011-2012|2012-2013|2012-2013|2013-2014,,,,
bb2013-14.pdf,49,NC,412-10-09-00,SPECIFIC GRANTS - GoTN - CMCDM,2011-2012|2012-2013|2012-2013|2013-2014,,,,
bb2013-14.pdf,49,NC,412-40-02-00,OTHERS-PARKS AND GARDENS,2011-2012|2012-2013|2012-2013|2013-2014,1723,45000,25000,50000
bb2013-14.pdf,49,NC,412-40-07-02,OTHERS-CONCRETE ROADS-INTERIOR ROADS,2011-2012|2012-2013|2012-2013|2013-2014,,20000,1000,0
bb2013-14.pdf,49,NC,412-40-08-02,OTHERS-BLACKTOPPED-INTERIOR ROADS,2011-2012|2012-2013|2012-2013|2013-2014,4894,50000,100000,90000
bb2013-14.pdf,49,NC,412-40-11-00,OTHERS-STORM WATER DRAINS AND CULVERTS,2011-2012|2012-2013|2012-2013|2013-2014,1245,5000,10000,10000
bb2013-14.pdf,49,NC,412-40-30-00,OTHERS- OTHER MISCELLANEOUS WORKS,2011-2012|2012-2013|2012-2013|2013-2014,4419,10400,25000,25000
bb2013-14.pdf,50,ND,412-10-07-01,SPECIFIC GRANTS -JNNURM-BSUP-ROADS,2011-2012|2012-2013|2012-2013|2013-2014,,,,
bb2013-14.pdf,50,ND,412-10-09-00,SPECIFIC GRANTS - GoTN - CMCDM,2011-2012|2012-2013|2012-2013|2013-2014,,0,0,223700
bb2013-14.pdf,50,ND,412-40-02-00,OTHERS-PARKS AND GARDENS,2011-2012|2012-2013|2012-2013|2013-2014,,15000,22700,15000
bb2013-14.pdf,50,ND,412-40-07-02,OTHERS-CONCRETE ROADS-INTERIOR ROADS,2011-2012|2012-2013|2012-2013|2013-2014,,18000,10000,150000
bb2013-14.pdf,50,ND,412-40-08-02,OTHERS-BLACKTOPPED-INTERIOR ROADS,2011-2012|2012-2013|2012-2013|2013-2014,,50000,90000,50000
bb2013-14.pdf,50,ND,412-40-11-00,OTHERS-STORM WATER DRAINS AND CULVERTS,2011-2012|2012-2013|2012-2013|2013-2014,,20000,15000,15000
bb2013-14.pdf,50,ND,412-40-30-00,OTHERS- OTHER MISCELLANEOUS WORKS,2011-2012|2012-2013|2012-2013|2013-2014,,40000,100000,60000
bb2013-14.pdf,51,NE,412-10-07-01,SPECIFIC GRANTS -JNNURM-BSUP-ROADS,2011-2012|2012-2013|2012-2013|2013-2014,,,,
bb2013-14.pdf,51,NE,412-10-07-04,SPECIFIC GRANTS -JNNURM-BSUP-BUILDINGS,2011-2012|2012-2013|2012-2013|2013-2014,,,,
bb2013-14.pdf,51,NE,412-10-09-00,SPECIFIC GRANTS - GoTN - CMCDM,2011-2012|2012-2013|2012-2013|2013-2014,,0,0,189900
bb2013-14.pdf,51,NE,412-40-02-00,OTHERS-PARKS AND GARDENS,2011-2012|2012-2013|2012-2013|2013-2014,,10000,15000,10000
bb2013-14.pdf,51,NE,412-40-07-02,OTHERS-CONCRETE ROADS-INTERIOR ROADS,2011-2012|2012-2013|2012-2013|2013-2014,,5000,15000,100000
bb2013-14.pdf,51,NE,412-40-08-02,OTHERS-BLACKTOPPED-INTERIOR ROADS,2011-2012|2012-2013|2012-2013|2013-2014,,50000,25000,30000
bb2013-14.pdf,51,NE,412-40-11-00,OTHERS-STORM WATER DRAINS AND CULVERTS,2011-2012|2012-2013|2012-2013|2013-2014,,5000,15000,15000
bb2013-14.pdf,51,NE,412-40-30-00,OTHERS- OTHER MISCELLANEOUS WORKS,2011-2012|2012-2013|2012-2013|2013-2014,,20000,120000,100000
bb2013-14.pdf,52,NF,412-10-09-00,SPECIFIC GRANTS - GoTN - CMCDM,2011-2012|2012-2013|2012-2013|2013-2014,,0,0,120100
bb2013-14.pdf,52,NF,412-40-02-00,OTHERS-PARKS AND GARDENS,2011-2012|2012-2013|2012-2013|2013-2014,,5000,10000,15000
bb2013-14.pdf,52,NF,412-40-07-02,OTHERS-CONCRETE ROADS-INTERIOR ROADS,2011-2012|2012-2013|2012-2013|2013-2014,,20000,6000,100000
bb2013-14.pdf,52,NF,412-40-08-02,OTHERS-BLACKTOPPED-INTERIOR ROADS,2011-2012|2012-2013|2012-2013|2013-2014,,60000,100000,80000
bb2013-14.pdf,52,NF,412-40-11-00,OTHERS-STORM WATER DRAINS AND CULVERTS,2011-2012|2012-2013|2012-2013|2013-2014,,5000,10000,10000
bb2013-14.pdf,52,NF,412-40-30-00,OTHERS- OTHER MISCELLANEOUS WORKS,2011-2012|2012-2013|2012-2013|2013-2014,,10000,100000,50000
bb2013-14.pdf,53,NG,412-10-09-00,SPECIFIC GRANTS - GoTN - CMCDM,2011-2012|2012-2013|2012-2013|2013-2014,,,,
bb2013-14.pdf,53,NG,412-40-02-00,OTHERS-PARKS AND GARDENS,2011-2012|2012-2013|2012-2013|2013-2014,,75000,25000,30000
bb2013-14.pdf,53,NG,412-40-07-02,OTHERS-CONCRETE ROADS-INTERIOR ROADS,2011-2012|2012-2013|2012-2013|2013-2014,,20000,10000,40000
bb2013-14.pdf,53,NG,412-40-08-02,OTHERS-BLACKTOPPED-INTERIOR ROADS,2011-2012|2012-2013|2012-2013|2013-2014,,100000,100000,250000
bb2013-14.pdf,53,NG,412-40-11-00,OTHERS-STORM WATER DRAINS AND CULVERTS,2011-2012|2012-2013|2012-2013|2013-2014,,20000,15000,20000
bb2013-14.pdf,53,NG,412-40-30-00,OTHERS- OTHER MISCELLANEOUS WORKS,2011-2012|2012-2013|2012-2013|2013-2014,3969,50600,20000,20000
bb2013-14.pdf,54,NH,412-10-07-04,SPECIFIC GRANTS -JNNURM-BSUP-BUILDINGS,2011-2012|2012-2013|2012-2013|2013-2014,,,29000,0
bb2013-14.pdf,54,NH,412-10-09-00,SPECIFIC GRANTS - GoTN - CMCDM,2011-2012|2012-2013|2012-2013|2013-2014,,,0,298500
bb2013-14.pdf,54,NH,412-40-02-00,OTHERS-PARKS AND GARDENS,2011-2012|2012-2013|2012-2013|2013-2014,,19500,17500,25000
bb2013-14.pdf,54,NH,412-40-07-02,OTHERS-CONCRETE ROADS-INTERIOR ROADS,2011-2012|2012-2013|2012-2013|2013-2014,,8000,20000,125000
bb2013-14.pdf,54,NH,412-40-08-02,OTHERS-BLACKTOPPED-INTERIOR ROADS,2011-2012|2012-2013|2012-2013|2013-2014,,100000,60000,100000
bb2013-14.pdf,54,NH,412-40-11-00,OTHERS-STORM WATER DRAINS AND CULVERTS,2011-2012|2012-2013|2012-2013|2013-2014,,15000,25000,30000
bb2013-14.pdf,54,NH,412-40-30-00,OTHERS- OTHER MISCELLANEOUS WORKS,2011-2012|2012-2013|2012-2013|2013-2014,,20000,70000,70000
bb2013-14.pdf,55,NJ,412-10-09-00,SPECIFIC GRANTS - GoTN - CMCDM,2011-2012|2012-2013|2012-2013|2013-2014,,,0,91500
bb2013-14.pdf,55,NJ,412-40-02-00,OTHERS-PARKS AND GARDENS,2011-2012|2012-2013|2012-2013|2013-2014,,25000,15000,40000
bb2013-14.pdf,55,NJ,412-40-07-02,OTHERS-CONCRETE ROADS-INTERIOR ROADS,2011-2012|2012-2013|2012-2013|2013-2014,,15000,10000,200000
bb2013-14.pdf,55,NJ,412-40-08-02,OTHERS-BLACKTOPPED-INTERIOR ROADS,2011-2012|2012-2013|2012-2013|2013-2014,,50000,65000,50000
bb2013-14.pdf,55,NJ,412-40-11-00,OTHERS-STORM WATER DRAINS AND CULVERTS,2011-2012|2012-2013|2012-2013|2013-2014,,10000,12500,10000
bb2013-14.pdf,55,NJ,412-40-30-00,OTHERS- OTHER MISCELLANEOUS WORKS,2011-2012|2012-2013|2012-2013|2013-2014,,20000,90000,80000
bb2013-14.pdf,56,NK,412-10-07-01,SPECIFIC GRANTS -JNNURM-BSUP-ROADS,2011-2012|2012-2013|2012-2013|2013-2014,,,,
bb2013-14.pdf,56,NK,412-10-09-00,SPECIFIC GRANTS - GoTN - CMCDM,2011-2012|2012-2013|2012-2013|2013-2014,,,0,68000
bb2013-14.pdf,56,NK,412-40-02-00,OTHERS-PARKS AND GARDENS,2011-2012|2012-2013|2012-2013|2013-2014,,20000,20000,20000
bb2013-14.pdf,56,NK,412-40-07-02,OTHERS-CONCRETE ROADS-INTERIOR ROADS,2011-2012|2012-2013|2012-2013|2013-2014,,15000,20000,150000
bb2013-14.pdf,56,NK,412-40-08-02,OTHERS-BLACKTOPPED-INTERIOR ROADS,2011-2012|2012-2013|2012-2013|2013-2014,,100000,150000,20000
bb2013-14.pdf,56,NK,412-40-11-00,OTHERS-STORM WATER DRAINS AND CULVERTS,2011-2012|2012-2013|2012-2013|2013-2014,,10000,20000,10000
bb2013-14.pdf,56,NK,412-40-30-00,OTHERS- OTHER MISCELLANEOUS WORKS,2011-2012|2012-2013|2012-2013|2013-2014,,20000,80500,100000
bb2013-14.pdf,57,NL,412-10-09-00,SPECIFIC GRANTS - GoTN - CMCDM,2011-2012|2012-2013|2012-2013|2013-2014,,,,
bb2013-14.pdf,57,NL,412-40-02-00,OTHERS-PARKS AND GARDENS,2011-2012|2012-2013|2012-2013|2013-2014,,42000,30000,20000
bb2013-14.pdf,57,NL,412-40-07-02,OTHERS-CONCRETE ROADS-INTERIOR ROADS,2011-2012|2012-2013|2012-2013|2013-2014,368,50000,90000,100000
bb2013-14.pdf,57,NL,412-40-08-02,OTHERS-BLACKTOPPED-INTERIOR ROADS,2011-2012|2012-2013|2012-2013|2013-2014,6160,50000,250000,100000
bb2013-14.pdf,57,NL,412-40-11-00,OTHERS-STORM WATER DRAINS AND CULVERTS,2011-2012|2012-2013|2012-2013|2013-2014,10794,20000,60000,30000
bb2013-14.pdf,57,NL,412-40-30-00,OTHERS- OTHER MISCELLANEOUS WORKS,2011-2012|2012-2013|2012-2013|2013-2014,833,17600,25000,25000
bb2013-14.pdf,58,NM,412-10-09-00,SPECIFIC GRANTS - GoTN - CMCDM,2011-2012|2012-2013|2012-2013|2013-2014,,,,
bb2013-14.pdf,58,NM,412-40-02-00,OTHERS-PARKS AND GARDENS,2011-2012|2012-2013|2012-2013|2013-2014,,36000,26000,20000
bb2013-14.pdf,58,NM,412-40-07-02,OTHERS-CONCRETE ROADS-INTERIOR ROADS,2011-2012|2012-2013|2012-2013|2013-2014,,20000,20000,140000
bb2013-14.pdf,58,NM,412-40-08-02,OTHERS-BLACKTOPPED-INTERIOR ROADS,2011-2012|2012-2013|2012-2013|2013-2014,,100000,150000,75000
bb2013-14.pdf,58,NM,412-40-11-00,OTHERS-STORM WATER DRAINS AND CULVERTS,2011-2012|2012-2013|2012-2013|2013-2014,8677,20000,31500,30000
bb2013-14.pdf,58,NM,412-40-30-00,OTHERS- OTHER MISCELLANEOUS WORKS,2011-2012|2012-2013|2012-2013|2013-2014,715,20900,32500,30000
bb2013-14.pdf,59,NN,412-10-07-01,SPECIFIC GRANTS -JNNURM-BSUP-ROADS,2011-2012|2012-2013|2012-2013|2013-2014,,,,
bb2013-14.pdf,59,NN,412-10-09-00,SPECIFIC GRANTS - GoTN - CMCDM,2011-2012|2012-2013|2012-2013|2013-2014,,0,0,133000
bb2013-14.pdf,59,NN,412-40-02-00,OTHERS-PARKS AND GARDENS,2011-2012|2012-2013|2012-2013|2013-2014,,10000,10000,15000
bb2013-14.pdf,59,NN,412-40-07-02,OTHERS-CONCRETE ROADS-INTERIOR ROADS,2011-2012|2012-2013|2012-2013|2013-2014,,8000,10000,120000
bb2013-14.pdf,59,NN,412-40-08-02,OTHERS-BLACKTOPPED-INTERIOR ROADS,2011-2012|2012-2013|2012-2013|2013-2014,,100000,170000,100000
bb2013-14.pdf,59,NN,412-40-11-00,OTHERS-STORM WATER DRAINS AND CULVERTS,2011-2012|2012-2013|2012-2013|2013-2014,,5000,15000,20000
bb2013-14.pdf,59,NN,412-40-30-00,OTHERS- OTHER MISCELLANEOUS WORKS,2011-2012|2012-2013|2012-2013|2013-2014,,50000,100000,100000
bb2013-14.pdf,60,NP,412-10-09-00,SPECIFIC GRANTS - GoTN - CMCDM,2011-2012|2012-2013|2012-2013|2013-2014,,,,
bb2013-14.pdf,60,NP,412-40-02-00,OTHERS-PARKS AND GARDENS,2011-2012|2012-2013|2012-2013|2013-2014,,36000,30000,30000
bb2013-14.pdf,60,NP,412-40-07-02,OTHERS-CONCRETE ROADS-INTERIOR ROADS,2011-2012|2012-2013|2012-2013|2013-2014,3714,100000,30000,50000
bb2013-14.pdf,60,NP,412-40-08-02,OTHERS-BLACKTOPPED-INTERIOR ROADS,2011-2012|2012-2013|2012-2013|2013-2014,8193,100000,120000,100000
bb2013-14.pdf,60,NP,412-40-11-00,OTHERS-STORM WATER DRAINS AND CULVERTS,2011-2012|2012-2013|2012-2013|2013-2014,,20000,25000,20000
bb2013-14.pdf,60,NP,412-40-30-00,OTHERS- OTHER MISCELLANEOUS WORKS,2011-2012|2012-2013|2012-2013|2013-2014,1815,20400,20000,20000
bb2013-14.pdf,61,NQ,412-10-09-00,SPECIFIC GRANTS - GoTN - CMCDM,2011-2012|2012-2013|2012-2013|2013-2014,,,,
bb2013-14.pdf,61,NQ,412-40-02-00,OTHERS-PARKS AND GARDENS,2011-2012|2012-2013|2012-2013|2013-2014,,27000,5000,50000
bb2013-14.pdf,61,NQ,412-40-07-02,OTHERS-CONCRETE ROADS-INTERIOR ROADS,2011-2012|2012-2013|2012-2013|2013-2014,4695,30000,5000,100000
bb2013-14.pdf,61,NQ,412-40-08-02,OTHERS-BLACKTOPPED-INTERIOR ROADS,2011-2012|2012-2013|2012-2013|2013-2014,7391,130000,100000,100000
bb2013-14.pdf,61,NQ,412-40-11-00,OTHERS-STORM WATER DRAINS AND CULVERTS,2011-2012|2012-2013|2012-2013|2013-2014,,20000,5000,10000
bb2013-14.pdf,61,NQ,412-40-30-00,OTHERS- OTHER MISCELLANEOUS WORKS,2011-2012|2012-2013|2012-2013|2013-2014,2755,20300,10000,20000
bb2013-14.pdf,62,NA,410-40-22-00,PLASTIC SHREDDING MACHINE,2011-2012|2012-2013|2012-2013|2013-2014,,0,300,0
bb2013-14.pdf,62,NA,410-70-01-00,"FURNITURE, FIXTURES, FITTINGS &amp; ELECTRICAL APPLIANCES-CHAIR",2011-2012|2012-2013|2012-2013|2013-2014,,100,100,100
bb2013-14.pdf,62,NA,410-70-02-00,"FURNITURE, FIXTURES, FITTINGS &amp; ELECTRICAL APPLIANCES-TABLE",2011-2012|2012-2013|2012-2013|2013-2014,,100,100,100
bb2013-14.pdf,62,NA,410-70-03-00,"FURNITURE, FIXTURES, FITTINGS &amp; ELECTRICAL APPLIANCES-BUREAUS &amp; RACKS",2011-2012|2012-2013|2012-2013|2013-2014,,100,100,100
bb2013-14.pdf,62,NA,410-80-00-00,OTHER FIXED ASSETS,2011-2012|2012-2013|2012-2013|2013-2014,,0,6500,500
bb2013-14.pdf,62,NB,410-40-12-00,PLANT &amp; MACHINERY-TREE CUTTING EQUIPMENTS,2011-2012|2012-2013|2012-2013|2013-2014,,0,150,100
bb2013-14.pdf,62,NB,410-40-22-00,PLASTIC SHREDDING MACHINE,2011-2012|2012-2013|2012-2013|2013-2014,,0,300,0
bb2013-14.pdf,62,NB,410-70-01-00,"FURNITURE, FIXTURES, FITTINGS &amp; ELECTRICAL APPLIANCES-CHAIR",2011-2012|2012-2013|2012-2013|2013-2014,,100,450,100
bb2013-14.pdf,62,NB,410-70-02-00,"FURNITURE, FIXTURES, FITTINGS &amp; ELECTRICAL APPLIANCES-TABLE",2011-2012|2012-2013|2012-2013|2013-2014,,100,100,100
bb2013-14.pdf,62,NB,410-70-03-00,"FURNITURE, FIXTURES, FITTINGS &amp; ELECTRICAL APPLIANCES-BUREAUS &amp; RACKS",2011-2012|2012-2013|2012-2013|2013-2014,,100,100,100
bb2013-14.pdf,62,NB,410-80-00-00,OTHER FIXED ASSETS,2011-2012|2012-2013|2012-2013|2013-2014,,0,6500,500
bb2013-14.pdf,63,NC,410-40-12-00,PLANT &amp; MACHINERY-TREE CUTTING EQUIPMENTS,2011-2012|2012-2013|2012-2013|2013-2014,,0,300,100
bb2013-14.pdf,63,NC,410-40-22-00,PLASTIC SHREDDING MACHINE,2011-2012|2012-2013|2012-2013|2013-2014,,0,300,0
bb2013-14.pdf,63,NC,410-70-01-00,"FURNITURE, FIXTURES, FITTINGS &amp; ELECTRICAL APPLIANCES-CHAIR",2011-2012|2012-2013|2012-2013|2013-2014,,100,100,100
bb2013-14.pdf,63,NC,410-70-02-00,"FURNITURE, FIXTURES, FITTINGS &amp; ELECTRICAL APPLIANCES-TABLE",2011-2012|2012-2013|2012-2013|2013-2014,,100,100,100
bb2013-14.pdf,63,NC,410-70-03-00,"FURNITURE, FIXTURES, FITTINGS &amp; ELECTRICAL APPLIANCES-BUREAUS &amp; RACKS",2011-2012|2012-2013|2012-2013|2013-2014,,100,100,100
bb2013-14.pdf,63,NC,410-80-00-00,OTHER FIXED ASSETS,2011-2012|2012-2013|2012-2013|2013-2014,,0,6500,500
bb2013-14.pdf,63,ND,410-40-22-00,PLASTIC SHREDDING MACHINE,2011-2012|2012-2013|2012-2013|2013-2014,,0,300,0
bb2013-14.pdf,63,ND,410-70-01-00,"FURNITURE, FIXTURES, FITTINGS &amp; ELECTRICAL APPLIANCES-CHAIR",2011-2012|2012-2013|2012-2013|2013-2014,,100,100,100
bb2013-14.pdf,63,ND,410-70-02-00,"FURNITURE, FIXTURES, FITTINGS &amp; ELECTRICAL APPLIANCES-TABLE",2011-2012|2012-2013|2012-2013|2013-2014,,100,100,100
bb2013-14.pdf,63,ND,410-70-03-00,"FURNITURE, FIXTURES, FITTINGS &amp; ELECTRICAL APPLIANCES-BUREAUS &amp; RACKS",2011-2012|2012-2013|2012-2013|2013-2014,,100,100,100
bb2013-14.pdf,63,ND,410-80-00-00,OTHER FIXED ASSETS,2011-2012|2012-2013|2012-2013|2013-2014,,0,6800,500
bb2013-14.pdf,64,NE,410-40-15-00,PLANT &amp; MACHINERY - GENERATORS,2011-2012|2012-2013|2012-2013|2013-2014,,0,1300,0
bb2013-14.pdf,64,NE,410-40-22-00,PLASTIC SHREDDING MACHINE,2011-2012|2012-2013|2012-2013|2013-2014,,0,300,0
bb2013-14.pdf,64,NE,410-70-01-00,"FURNITURE, FIXTURES, FITTINGS &amp; ELECTRICAL APPLIANCES-CHAIR",2011-2012|2012-2013|2012-2013|2013-2014,,100,100,100
bb2013-14.pdf,64,NE,410-70-02-00,"FURNITURE, FIXTURES, FITTINGS &amp; ELECTRICAL APPLIANCES-TABLE",2011-2012|2012-2013|2012-2013|2013-2014,,100,100,100
bb2013-14.pdf,64,NE,410-70-03-00,"FURNITURE, FIXTURES, FITTINGS &amp; ELECTRICAL APPLIANCES-BUREAUS &amp; RACKS",2011-2012|2012-2013|2012-2013|2013-2014,,100,100,100
bb2013-14.pdf,64,NE,410-80-00-00,OTHER FIXED ASSETS,2011-2012|2012-2013|2012-2013|2013-2014,,0,6500,500
bb2013-14.pdf,64,NF,410-40-22-00,PLASTIC SHREDDING MACHINE,2011-2012|2012-2013|2012-2013|2013-2014,,0,300,0
bb2013-14.pdf,64,NF,410-70-01-00,"FURNITURE, FIXTURES, FITTINGS &amp; ELECTRICAL APPLIANCES-CHAIR",2011-2012|2012-2013|2012-2013|2013-2014,,100,100,100
bb2013-14.pdf,64,NF,410-70-02-00,"FURNITURE, FIXTURES, FITTINGS &amp; ELECTRICAL APPLIANCES-TABLE",2011-2012|2012-2013|2012-2013|2013-2014,,100,100,100
bb2013-14.pdf,64,NF,410-70-03-00,"FURNITURE, FIXTURES, FITTINGS &amp; ELECTRICAL APPLIANCES-BUREAUS &amp; RACKS",2011-2012|2012-2013|2012-2013|2013-2014,,100,100,100
bb2013-14.pdf,64,NF,410-80-00-00,OTHER FIXED ASSETS,2011-2012|2012-2013|2012-2013|2013-2014,,0,6500,500
bb2013-14.pdf,65,NG,410-40-22-00,PLASTIC SHREDDING MACHINE,2011-2012|2012-2013|2012-2013|2013-2014,,0,300,0
bb2013-14.pdf,65,NG,410-60-03-00,OFFICE &amp; OTHER EQUIPMENTS-STABILISERS &amp; UPS,2011-2012|2012-2013|2012-2013|2013-2014,,0,30,0
bb2013-14.pdf,65,NG,410-70-01-00,"FURNITURE, FIXTURES, FITTINGS &amp; ELECTRICAL APPLIANCES-CHAIR",2011-2012|2012-2013|2012-2013|2013-2014,,100,100,100
bb2013-14.pdf,65,NG,410-70-02-00,"FURNITURE, FIXTURES, FITTINGS &amp; ELECTRICAL APPLIANCES-TABLE",2011-2012|2012-2013|2012-2013|2013-2014,,100,100,100
bb2013-14.pdf,65,NG,410-70-03-00,"FURNITURE, FIXTURES, FITTINGS &amp; ELECTRICAL APPLIANCES-BUREAUS &amp; RACKS",2011-2012|2012-2013|2012-2013|2013-2014,,100,100,100
bb2013-14.pdf,65,NG,410-80-00-00,OTHER FIXED ASSETS,2011-2012|2012-2013|2012-2013|2013-2014,,0,6500,500
bb2013-14.pdf,65,NH,410-40-12-00,PLANT &amp; MACHINERY-TREE CUTTING EQUIPMENTS,2011-2012|2012-2013|2012-2013|2013-2014,,0,25,0
bb2013-14.pdf,65,NH,410-40-22-00,PLASTIC SHREDDING MACHINE,2011-2012|2012-2013|2012-2013|2013-2014,,0,300,0
bb2013-14.pdf,65,NH,410-70-01-00,"FURNITURE, FIXTURES, FITTINGS &amp; ELECTRICAL APPLIANCES-CHAIR",2011-2012|2012-2013|2012-2013|2013-2014,,100,100,100
bb2013-14.pdf,65,NH,410-70-02-00,"FURNITURE, FIXTURES, FITTINGS &amp; ELECTRICAL APPLIANCES-TABLE",2011-2012|2012-2013|2012-2013|2013-2014,,100,100,100
bb2013-14.pdf,65,NH,410-70-03-00,"FURNITURE, FIXTURES, FITTINGS &amp; ELECTRICAL APPLIANCES-BUREAUS &amp; RACKS",2011-2012|2012-2013|2012-2013|2013-2014,,100,100,100
bb2013-14.pdf,65,NH,410-70-08-00,"FURNITURE, FIXTURES, FITTINGS &amp; ELECTRICAL APPLIANCES-INVERTORS",2011-2012|2012-2013|2012-2013|2013-2014,,0,300,100
bb2013-14.pdf,65,NH,410-80-00-00,OTHER FIXED ASSETS,2011-2012|2012-2013|2012-2013|2013-2014,,0,6500,500
bb2013-14.pdf,66,NJ,410-40-22-00,PLASTIC SHREDDING MACHINE,2011-2012|2012-2013|2012-2013|2013-2014,,0,300,0
bb2013-14.pdf,66,NJ,410-70-01-00,"FURNITURE, FIXTURES, FITTINGS &amp; ELECTRICAL APPLIANCES-CHAIR",2011-2012|2012-2013|2012-2013|2013-2014,,100,100,100
bb2013-14.pdf,66,NJ,410-70-02-00,"FURNITURE, FIXTURES, FITTINGS &amp; ELECTRICAL APPLIANCES-TABLE",2011-2012|2012-2013|2012-2013|2013-2014,,100,100,100
bb2013-14.pdf,66,NJ,410-70-03-00,"FURNITURE, FIXTURES, FITTINGS &amp; ELECTRICAL APPLIANCES-BUREAUS &amp; RACKS",2011-2012|2012-2013|2012-2013|2013-2014,,100,100,100
bb2013-14.pdf,66,NJ,410-70-08-00,"FURNITURE, FIXTURES, FITTINGS &amp; ELECTRICAL APPLIANCES-INVERTORS",2011-2012|2012-2013|2012-2013|2013-2014,,0,65,50
bb2013-14.pdf,66,NJ,410-80-00-00,OTHER FIXED ASSETS,2011-2012|2012-2013|2012-2013|2013-2014,,0,6500,500
bb2013-14.pdf,66,NK,410-40-22-00,PLASTIC SHREDDING MACHINE,2011-2012|2012-2013|2012-2013|2013-2014,,0,300,0
bb2013-14.pdf,66,NK,410-60-12-00,OFFICE &amp; OTHER EQUIPMENTS-EPBAX &amp; TELEPHONES,2011-2012|2012-2013|2012-2013|2013-2014,,0,150,0
bb2013-14.pdf,66,NK,410-70-01-00,"FURNITURE, FIXTURES, FITTINGS &amp; ELECTRICAL APPLIANCES-CHAIR",2011-2012|2012-2013|2012-2013|2013-2014,,100,100,100
bb2013-14.pdf,66,NK,410-70-02-00,"FURNITURE, FIXTURES, FITTINGS &amp; ELECTRICAL APPLIANCES-TABLE",2011-2012|2012-2013|2012-2013|2013-2014,,100,100,100
bb2013-14.pdf,66,NK,410-70-03-00,"FURNITURE, FIXTURES, FITTINGS &amp; ELECTRICAL APPLIANCES-BUREAUS &amp; RACKS",2011-2012|2012-2013|2012-2013|2013-2014,,100,100,100
bb2013-14.pdf,66,NK,410-70-08-00,"FURNITURE, FIXTURES, FITTINGS &amp; ELECTRICAL APPLIANCES-INVERTORS",2011-2012|2012-2013|2012-2013|2013-2014,,0,600,100
bb2013-14.pdf,66,NK,410-80-00-00,OTHER FIXED ASSETS,2011-2012|2012-2013|2012-2013|2013-2014,,0,6500,500
bb2013-14.pdf,67,NL,410-40-22-00,PLASTIC SHREDDING MACHINE,2011-2012|2012-2013|2012-2013|2013-2014,,0,300,0
bb2013-14.pdf,67,NL,410-70-01-00,"FURNITURE, FIXTURES, FITTINGS &amp; ELECTRICAL APPLIANCES-CHAIR",2011-2012|2012-2013|2012-2013|2013-2014,,100,100,100
bb2013-14.pdf,67,NL,410-70-02-00,"FURNITURE, FIXTURES, FITTINGS &amp; ELECTRICAL APPLIANCES-TABLE",2011-2012|2012-2013|2012-2013|2013-2014,,100,100,100
bb2013-14.pdf,67,NL,410-70-03-00,"FURNITURE, FIXTURES, FITTINGS &amp; ELECTRICAL APPLIANCES-BUREAUS &amp; RACKS",2011-2012|2012-2013|2012-2013|2013-2014,,100,100,100
bb2013-14.pdf,67,NL,410-80-00-00,OTHER FIXED ASSETS,2011-2012|2012-2013|2012-2013|2013-2014,,0,6500,500
bb2013-14.pdf,67,NM,410-40-12-00,PLANT &amp; MACHINERY-TREE CUTTING EQUIPMENTS,2011-2012|2012-2013|2012-2013|2013-2014,,0,200,50
bb2013-14.pdf,67,NM,410-40-22-00,PLASTIC SHREDDING MACHINE,2011-2012|2012-2013|2012-2013|2013-2014,,0,300,0
bb2013-14.pdf,67,NM,410-70-01-00,"FURNITURE, FIXTURES, FITTINGS &amp; ELECTRICAL APPLIANCES-CHAIR",2011-2012|2012-2013|2012-2013|2013-2014,,100,250,100
bb2013-14.pdf,67,NM,410-70-02-00,"FURNITURE, FIXTURES, FITTINGS &amp; ELECTRICAL APPLIANCES-TABLE",2011-2012|2012-2013|2012-2013|2013-2014,,100,350,100
bb2013-14.pdf,67,NM,410-70-03-00,"FURNITURE, FIXTURES, FITTINGS &amp; ELECTRICAL APPLIANCES-BUREAUS &amp; RACKS",2011-2012|2012-2013|2012-2013|2013-2014,,100,250,100
bb2013-14.pdf,67,NM,410-80-00-00,OTHER FIXED ASSETS,2011-2012|2012-2013|2012-2013|2013-2014,,0,6500,500
bb2013-14.pdf,68,NN,410-40-12-00,PLANT &amp; MACHINERY-TREE CUTTING EQUIPMENTS,2011-2012|2012-2013|2012-2013|2013-2014,,0,200,50
bb2013-14.pdf,68,NN,410-40-22-00,PLASTIC SHREDDING MACHINE,2011-2012|2012-2013|2012-2013|2013-2014,,0,300,0
bb2013-14.pdf,68,NN,410-70-01-00,"FURNITURE, FIXTURES, FITTINGS &amp; ELECTRICAL APPLIANCES-CHAIR",2011-2012|2012-2013|2012-2013|2013-2014,,100,100,100
bb2013-14.pdf,68,NN,410-70-02-00,"FURNITURE, FIXTURES, FITTINGS &amp; ELECTRICAL APPLIANCES-TABLE",2011-2012|2012-2013|2012-2013|2013-2014,,100,100,100
bb2013-14.pdf,68,NN,410-70-03-00,"FURNITURE, FIXTURES, FITTINGS &amp; ELECTRICAL APPLIANCES-BUREAUS &amp; RACKS",2011-2012|2012-2013|2012-2013|2013-2014,,100,100,100
bb2013-14.pdf,68,NN,410-80-00-00,OTHER FIXED ASSETS,2011-2012|2012-2013|2012-2013|2013-2014,,0,6500,500
bb2013-14.pdf,68,NP,410-40-22-00,PLASTIC SHREDDING MACHINE,2011-2012|2012-2013|2012-2013|2013-2014,,0,300,0
bb2013-14.pdf,68,NP,410-60-12-00,OFFICE &amp; OTHER EQUIPMENTS-EPBAX &amp; TELEPHONES,2011-2012|2012-2013|2012-2013|2013-2014,,0,200,0
bb2013-14.pdf,68,NP,410-70-01-00,"FURNITURE, FIXTURES, FITTINGS &amp; ELECTRICAL APPLIANCES-CHAIR",2011-2012|2012-2013|2012-2013|2013-2014,,100,100,100
bb2013-14.pdf,68,NP,410-70-02-00,"FURNITURE, FIXTURES, FITTINGS &amp; ELECTRICAL APPLIANCES-TABLE",2011-2012|2012-2013|2012-2013|2013-2014,,100,100,100
bb2013-14.pdf,68,NP,410-70-03-00,"FURNITURE, FIXTURES, FITTINGS &amp; ELECTRICAL APPLIANCES-BUREAUS &amp; RACKS",2011-2012|2012-2013|2012-2013|2013-2014,,100,100,100
bb2013-14.pdf,68,NP,410-80-00-00,OTHER FIXED ASSETS,2011-2012|2012-2013|2012-2013|2013-2014,,0,6500,500
bb2013-14.pdf,69,NQ,410-40-22-00,PLASTIC SHREDDING MACHINE,2011-2012|2012-2013|2012-2013|2013-2014,,0,300,0
bb2013-14.pdf,69,NQ,410-70-01-00,"FURNITURE, FIXTURES, FITTINGS &amp; ELECTRICAL APPLIANCES-CHAIR",2011-2012|2012-2013|2012-2013|2013-2014,,100,100,100
bb2013-14.pdf,69,NQ,410-70-02-00,"FURNITURE, FIXTURES, FITTINGS &amp; ELECTRICAL APPLIANCES-TABLE",2011-2012|2012-2013|2012-2013|2013-2014,,100,100,100
bb2013-14.pdf,69,NQ,410-70-03-00,"FURNITURE, FIXTURES, FITTINGS &amp; ELECTRICAL APPLIANCES-BUREAUS &amp; RACKS",2011-2012|2012-2013|2012-2013|2013-2014,,100,100,100
bb2013-14.pdf,69,NQ,410-80-00-00,OTHER FIXED ASSETS,2011-2012|2012-2013|2012-2013|2013-2014,,0,6500,500
bb2014-15.pdf,47,NA,412-10-09-00,SPECIFIC GRANTS - GoTN - CMCDM (2011-2012),2012-2013|2013-2014|2013-2014|2014-2015,36502,401000,50000,0
bb2014-15.pdf,47,NA,412-10-10-00,SPECIFIC GRANTS - GoTN - CMCDM (2012-2013),2012-2013|2013-2014|2013-2014|2014-2015,0,0,220000,160000
bb2014-15.pdf,47,NA,412-10-12-00,SPECIFIC GRANTS - GoTN - CMCDM (2013-2014),2012-2013|2013-2014|2013-2014|2014-2015,0,0,110000,100000
bb2014-15.pdf,47,NA,412-20-03-00,SPECIFIC FUNDS - MAYOR SPECIAL DEVELOPMENT FUND WORKS,2012-2013|2013-2014|2013-2014|2014-2015,980,1330,100,1330
bb2014-15.pdf,47,NA,412-20-04-00,SPECIFIC FUNDS - COUNCILLOR WARD IMPROVEMENT WORKS,2012-2013|2013-2014|2013-2014|2014-2015,1705,42000,39000,42000
bb2014-15.pdf,47,NA,412-40-02-00,OTHERS-PARKS AND GARDENS,2012-2013|2013-2014|2013-2014|2014-2015,4070,12500,5000,10000
bb2014-15.pdf,47,NA,412-40-07-02,OTHERS-CONCRETE ROADS-INTERIOR ROADS,2012-2013|2013-2014|2013-2014|2014-2015,2710,100000,10000,50000
bb2014-15.pdf,47,NA,412-40-08-02,OTHERS-BLACKTOPPED-INTERIOR ROADS,2012-2013|2013-2014|2013-2014|2014-2015,59603,50000,200000,150000
bb2014-15.pdf,47,NA,412-40-11-00,OTHERS-STORM WATER DRAINS AND CULVERTS,2012-2013|2013-2014|2013-2014|2014-2015,22851,40000,40000,30000
bb2014-15.pdf,47,NA,412-40-30-00,OTHERS- OTHER MISCELLANEOUS WORKS,2012-2013|2013-2014|2013-2014|2014-2015,6983,30000,50000,100000
bb2014-15.pdf,48,NB,412-10-09-00,SPECIFIC GRANTS - GoTN - CMCDM (2011-2012),2012-2013|2013-2014|2013-2014|2014-2015,160556,150700,103000,0
bb2014-15.pdf,48,NB,412-10-10-00,SPECIFIC GRANTS - GoTN - CMCDM (2012-2013),2012-2013|2013-2014|2013-2014|2014-2015,0,0,90000,0
bb2014-15.pdf,48,NB,412-10-12-00,SPECIFIC GRANTS - GoTN - CMCDM (2013-2014),2012-2013|2013-2014|2013-2014|2014-2015,0,0,70000,300000
bb2014-15.pdf,48,NB,412-20-03-00,SPECIFIC FUNDS - MAYOR SPECIAL DEVELOPMENT FUND WORKS,2012-2013|2013-2014|2013-2014|2014-2015,0,1330,100,1330
bb2014-15.pdf,48,NB,412-20-04-00,SPECIFIC FUNDS - COUNCILLOR WARD IMPROVEMENT WORKS,2012-2013|2013-2014|2013-2014|2014-2015,3121,21000,24000,21000
bb2014-15.pdf,48,NB,412-40-02-00,OTHERS-PARKS AND GARDENS,2012-2013|2013-2014|2013-2014|2014-2015,4753,7500,35000,40000
bb2014-15.pdf,48,NB,412-40-07-02,OTHERS-CONCRETE ROADS-INTERIOR ROADS,2012-2013|2013-2014|2013-2014|2014-2015,3171,2500,5000,35000
bb2014-15.pdf,48,NB,412-40-08-02,OTHERS-BLACKTOPPED-INTERIOR ROADS,2012-2013|2013-2014|2013-2014|2014-2015,102724,30000,60000,150000
bb2014-15.pdf,48,NB,412-40-11-00,OTHERS-STORM WATER DRAINS AND CULVERTS,2012-2013|2013-2014|2013-2014|2014-2015,6661,10000,40000,35000
bb2014-15.pdf,48,NB,412-40-30-00,OTHERS- OTHER MISCELLANEOUS WORKS,2012-2013|2013-2014|2013-2014|2014-2015,17727,25000,70000,50000
bb2014-15.pdf,49,NC,412-10-07-04,SPECIFIC GRANTS -JNNURM-BSUP-BUILDINGS,2012-2013|2013-2014|2013-2014|2014-2015,1499,0,0,0
bb2014-15.pdf,49,NC,412-10-09-00,SPECIFIC GRANTS - GoTN - CMCDM (2011-2012),2012-2013|2013-2014|2013-2014|2014-2015,122104,200600,90000,0
bb2014-15.pdf,49,NC,412-10-10-00,SPECIFIC GRANTS - GoTN - CMCDM (2012-2013),2012-2013|2013-2014|2013-2014|2014-2015,0,0,170000,0
bb2014-15.pdf,49,NC,412-10-12-00,SPECIFIC GRANTS - GoTN - CMCDM (2013-2014),2012-2013|2013-2014|2013-2014|2014-2015,0,0,200000,133400
bb2014-15.pdf,49,NC,412-20-03-00,SPECIFIC FUNDS - MAYOR SPECIAL DEVELOPMENT FUND WORKS,2012-2013|2013-2014|2013-2014|2014-2015,1067,1330,200,1330
bb2014-15.pdf,49,NC,412-20-04-00,SPECIFIC FUNDS - COUNCILLOR WARD IMPROVEMENT WORKS,2012-2013|2013-2014|2013-2014|2014-2015,29059,36000,36000,36000
bb2014-15.pdf,49,NC,412-40-02-00,OTHERS-PARKS AND GARDENS,2012-2013|2013-2014|2013-2014|2014-2015,14525,50000,30000,30000
bb2014-15.pdf,49,NC,412-40-07-02,OTHERS-CONCRETE ROADS-INTERIOR ROADS,2012-2013|2013-2014|2013-2014|2014-2015,452,0,0,200000
bb2014-15.pdf,49,NC,412-40-08-02,OTHERS-BLACKTOPPED-INTERIOR ROADS,2012-2013|2013-2014|2013-2014|2014-2015,130685,90000,200000,300000
bb2014-15.pdf,49,NC,412-40-11-00,OTHERS-STORM WATER DRAINS AND CULVERTS,2012-2013|2013-2014|2013-2014|2014-2015,7682,10000,20000,20000
bb2014-15.pdf,49,NC,412-40-30-00,OTHERS- OTHER MISCELLANEOUS WORKS,2012-2013|2013-2014|2013-2014|2014-2015,18356,25000,80000,60000
bb2014-15.pdf,50,ND,412-10-07-01,SPECIFIC GRANTS -JNNURM-BSUP-ROADS,2012-2013|2013-2014|2013-2014|2014-2015,2661,0,7000,0
bb2014-15.pdf,50,ND,412-10-09-00,SPECIFIC GRANTS - GoTN - CMCDM (2011-2012),2012-2013|2013-2014|2013-2014|2014-2015,0,223700,0,0
bb2014-15.pdf,50,ND,412-10-10-00,SPECIFIC GRANTS - GoTN - CMCDM (2012-2013),2012-2013|2013-2014|2013-2014|2014-2015,0,0,200000,0
bb2014-15.pdf,50,ND,412-20-03-00,SPECIFIC FUNDS - MAYOR SPECIAL DEVELOPMENT FUND WORKS,2012-2013|2013-2014|2013-2014|2014-2015,1304,1330,100,1330
bb2014-15.pdf,50,ND,412-20-04-00,SPECIFIC FUNDS - COUNCILLOR WARD IMPROVEMENT WORKS,2012-2013|2013-2014|2013-2014|2014-2015,1045,45000,45000,45000
bb2014-15.pdf,50,ND,412-40-02-00,OTHERS-PARKS AND GARDENS,2012-2013|2013-2014|2013-2014|2014-2015,4467,15000,15000,5000
bb2014-15.pdf,50,ND,412-40-07-02,OTHERS-CONCRETE ROADS-INTERIOR ROADS,2012-2013|2013-2014|2013-2014|2014-2015,5553,150000,120000,150000
bb2014-15.pdf,50,ND,412-40-08-02,OTHERS-BLACKTOPPED-INTERIOR ROADS,2012-2013|2013-2014|2013-2014|2014-2015,60164,50000,150000,250000
bb2014-15.pdf,50,ND,412-40-11-00,OTHERS-STORM WATER DRAINS AND CULVERTS,2012-2013|2013-2014|2013-2014|2014-2015,8450,15000,25000,20000
bb2014-15.pdf,50,ND,412-40-30-00,OTHERS- OTHER MISCELLANEOUS WORKS,2012-2013|2013-2014|2013-2014|2014-2015,59384,60000,80000,80000
bb2014-15.pdf,51,NE,412-10-07-01,SPECIFIC GRANTS -JNNURM-BSUP-ROADS,2012-2013|2013-2014|2013-2014|2014-2015,1959,0,15000,0
bb2014-15.pdf,51,NE,412-10-09-00,SPECIFIC GRANTS - GoTN - CMCDM (2011-2012),2012-2013|2013-2014|2013-2014|2014-2015,0,189900,0,0
bb2014-15.pdf,51,NE,412-10-10-00,SPECIFIC GRANTS - GoTN - CMCDM (2012-2013),2012-2013|2013-2014|2013-2014|2014-2015,0,0,100000,0
bb2014-15.pdf,51,NE,412-20-03-00,SPECIFIC FUNDS - MAYOR SPECIAL DEVELOPMENT FUND WORKS,2012-2013|2013-2014|2013-2014|2014-2015,0,1330,100,1330
bb2014-15.pdf,51,NE,412-20-04-00,SPECIFIC FUNDS - COUNCILLOR WARD IMPROVEMENT WORKS,2012-2013|2013-2014|2013-2014|2014-2015,0,45000,45000,45000
bb2014-15.pdf,51,NE,412-40-02-00,OTHERS-PARKS AND GARDENS,2012-2013|2013-2014|2013-2014|2014-2015,12706,10000,35000,35000
bb2014-15.pdf,51,NE,412-40-07-02,OTHERS-CONCRETE ROADS-INTERIOR ROADS,2012-2013|2013-2014|2013-2014|2014-2015,3285,100000,100000,100000
bb2014-15.pdf,51,NE,412-40-08-02,OTHERS-BLACKTOPPED-INTERIOR ROADS,2012-2013|2013-2014|2013-2014|2014-2015,16054,30000,100000,200000
bb2014-15.pdf,51,NE,412-40-11-00,OTHERS-STORM WATER DRAINS AND CULVERTS,2012-2013|2013-2014|2013-2014|2014-2015,11892,15000,45000,50000
bb2014-15.pdf,51,NE,412-40-30-00,OTHERS- OTHER MISCELLANEOUS WORKS,2012-2013|2013-2014|2013-2014|2014-2015,107354,100000,200000,100000
bb2014-15.pdf,52,NF,412-10-07-01,SPECIFIC GRANTS -JNNURM-BSUP-ROADS,2012-2013|2013-2014|2013-2014|2014-2015,0,0,3000,0
bb2014-15.pdf,52,NF,412-10-07-04,SPECIFIC GRANTS -JNNURM-BSUP-BUILDINGS,2012-2013|2013-2014|2013-2014|2014-2015,0,0,2000,0
bb2014-15.pdf,52,NF,412-10-09-00,SPECIFIC GRANTS - GoTN - CMCDM (2011-2012),2012-2013|2013-2014|2013-2014|2014-2015,0,120100,0,0
bb2014-15.pdf,52,NF,412-10-10-00,SPECIFIC GRANTS - GoTN - CMCDM (2012-2013),2012-2013|2013-2014|2013-2014|2014-2015,0,0,90000,0
bb2014-15.pdf,52,NF,412-20-03-00,SPECIFIC FUNDS - MAYOR SPECIAL DEVELOPMENT FUND WORKS,2012-2013|2013-2014|2013-2014|2014-2015,0,1330,1330,1330
bb2014-15.pdf,52,NF,412-20-04-00,SPECIFIC FUNDS - COUNCILLOR WARD IMPROVEMENT WORKS,2012-2013|2013-2014|2013-2014|2014-2015,10809,45000,45000,45000
bb2014-15.pdf,52,NF,412-40-02-00,OTHERS-PARKS AND GARDENS,2012-2013|2013-2014|2013-2014|2014-2015,6328,15000,10000,10000
bb2014-15.pdf,52,NF,412-40-07-02,OTHERS-CONCRETE ROADS-INTERIOR ROADS,2012-2013|2013-2014|2013-2014|2014-2015,536,100000,80000,200000
bb2014-15.pdf,52,NF,412-40-08-02,OTHERS-BLACKTOPPED-INTERIOR ROADS,2012-2013|2013-2014|2013-2014|2014-2015,90433,80000,80000,200000
bb2014-15.pdf,52,NF,412-40-11-00,OTHERS-STORM WATER DRAINS AND CULVERTS,2012-2013|2013-2014|2013-2014|2014-2015,9795,10000,18000,20000
bb2014-15.pdf,52,NF,412-40-30-00,OTHERS- OTHER MISCELLANEOUS WORKS,2012-2013|2013-2014|2013-2014|2014-2015,75593,50000,120000,100000
bb2014-15.pdf,53,NG,412-10-09-00,SPECIFIC GRANTS - GoTN - CMCDM (2011-2012),2012-2013|2013-2014|2013-2014|2014-2015,445031,599600,350000,0
bb2014-15.pdf,53,NG,412-10-10-00,SPECIFIC GRANTS - GoTN - CMCDM (2012-2013),2012-2013|2013-2014|2013-2014|2014-2015,0,0,300000,0
bb2014-15.pdf,53,NG,412-10-12-00,SPECIFIC GRANTS - GoTN - CMCDM (2013-2014),2012-2013|2013-2014|2013-2014|2014-2015,0,0,250000,500000
bb2014-15.pdf,53,NG,412-20-03-00,SPECIFIC FUNDS - MAYOR SPECIAL DEVELOPMENT FUND WORKS,2012-2013|2013-2014|2013-2014|2014-2015,0,1330,100,1330
bb2014-15.pdf,53,NG,412-20-04-00,SPECIFIC FUNDS - COUNCILLOR WARD IMPROVEMENT WORKS,2012-2013|2013-2014|2013-2014|2014-2015,0,45000,45000,45000
bb2014-15.pdf,53,NG,412-40-02-00,OTHERS-PARKS AND GARDENS,2012-2013|2013-2014|2013-2014|2014-2015,10485,30000,50000,70000
bb2014-15.pdf,53,NG,412-40-07-02,OTHERS-CONCRETE ROADS-INTERIOR ROADS,2012-2013|2013-2014|2013-2014|2014-2015,0,40000,40000,80000
bb2014-15.pdf,53,NG,412-40-08-02,OTHERS-BLACKTOPPED-INTERIOR ROADS,2012-2013|2013-2014|2013-2014|2014-2015,74191,250000,250000,500000
bb2014-15.pdf,53,NG,412-40-11-00,OTHERS-STORM WATER DRAINS AND CULVERTS,2012-2013|2013-2014|2013-2014|2014-2015,13724,20000,10000,100000
bb2014-15.pdf,53,NG,412-40-30-00,OTHERS- OTHER MISCELLANEOUS WORKS,2012-2013|2013-2014|2013-2014|2014-2015,14451,20000,60000,100000
bb2014-15.pdf,54,NH,412-10-07-04,SPECIFIC GRANTS -JNNURM-BSUP-BUILDINGS,2012-2013|2013-2014|2013-2014|2014-2015,3957,0,3055,3000
bb2014-15.pdf,54,NH,412-10-09-00,SPECIFIC GRANTS - GoTN - CMCDM (2011-2012),2012-2013|2013-2014|2013-2014|2014-2015,0,298500,0,0
bb2014-15.pdf,54,NH,412-10-10-00,SPECIFIC GRANTS - GoTN - CMCDM (2012-2013),2012-2013|2013-2014|2013-2014|2014-2015,0,0,225000,0
bb2014-15.pdf,54,NH,412-20-03-00,SPECIFIC FUNDS - MAYOR SPECIAL DEVELOPMENT FUND WORKS,2012-2013|2013-2014|2013-2014|2014-2015,0,1330,1330,1330
bb2014-15.pdf,54,NH,412-20-04-00,SPECIFIC FUNDS - COUNCILLOR WARD IMPROVEMENT WORKS,2012-2013|2013-2014|2013-2014|2014-2015,7104,45000,45000,45000
bb2014-15.pdf,54,NH,412-40-02-00,OTHERS-PARKS AND GARDENS,2012-2013|2013-2014|2013-2014|2014-2015,8821,25000,25000,20000
bb2014-15.pdf,54,NH,412-40-07-02,OTHERS-CONCRETE ROADS-INTERIOR ROADS,2012-2013|2013-2014|2013-2014|2014-2015,11913,125000,80000,100000
bb2014-15.pdf,54,NH,412-40-08-02,OTHERS-BLACKTOPPED-INTERIOR ROADS,2012-2013|2013-2014|2013-2014|2014-2015,46814,100000,220000,200000
bb2014-15.pdf,54,NH,412-40-11-00,OTHERS-STORM WATER DRAINS AND CULVERTS,2012-2013|2013-2014|2013-2014|2014-2015,24898,30000,50000,50000
bb2014-15.pdf,54,NH,412-40-30-00,OTHERS- OTHER MISCELLANEOUS WORKS,2012-2013|2013-2014|2013-2014|2014-2015,51134,70000,150000,100000
bb2014-15.pdf,55,NJ,412-10-07-01,SPECIFIC GRANTS -JNNURM-BSUP-ROADS,2012-2013|2013-2014|2013-2014|2014-2015,0,0,1500,0
bb2014-15.pdf,55,NJ,412-10-09-00,SPECIFIC GRANTS - GoTN - CMCDM (2011-2012),2012-2013|2013-2014|2013-2014|2014-2015,0,91500,0,0
bb2014-15.pdf,55,NJ,412-10-10-00,SPECIFIC GRANTS - GoTN - CMCDM (2012-2013),2012-2013|2013-2014|2013-2014|2014-2015,0,0,42000,0
bb2014-15.pdf,55,NJ,412-20-03-00,SPECIFIC FUNDS - MAYOR SPECIAL DEVELOPMENT FUND WORKS,2012-2013|2013-2014|2013-2014|2014-2015,1057,1330,330,1330
bb2014-15.pdf,55,NJ,412-20-04-00,SPECIFIC FUNDS - COUNCILLOR WARD IMPROVEMENT WORKS,2012-2013|2013-2014|2013-2014|2014-2015,15658,54000,54000,54000
bb2014-15.pdf,55,NJ,412-40-02-00,OTHERS-PARKS AND GARDENS,2012-2013|2013-2014|2013-2014|2014-2015,8951,40000,20000,20000
bb2014-15.pdf,55,NJ,412-40-07-02,OTHERS-CONCRETE ROADS-INTERIOR ROADS,2012-2013|2013-2014|2013-2014|2014-2015,1907,200000,150000,100000
bb2014-15.pdf,55,NJ,412-40-08-02,OTHERS-BLACKTOPPED-INTERIOR ROADS,2012-2013|2013-2014|2013-2014|2014-2015,47551,50000,150000,150000
bb2014-15.pdf,55,NJ,412-40-11-00,OTHERS-STORM WATER DRAINS AND CULVERTS,2012-2013|2013-2014|2013-2014|2014-2015,9978,10000,20000,30000
bb2014-15.pdf,55,NJ,412-40-30-00,OTHERS- OTHER MISCELLANEOUS WORKS,2012-2013|2013-2014|2013-2014|2014-2015,62160,80000,200000,100000
bb2014-15.pdf,56,NK,412-10-07-01,SPECIFIC GRANTS -JNNURM-BSUP-ROADS,2012-2013|2013-2014|2013-2014|2014-2015,3628,0,1500,0
bb2014-15.pdf,56,NK,412-10-09-00,SPECIFIC GRANTS - GoTN - CMCDM (2011-2012),2012-2013|2013-2014|2013-2014|2014-2015,0,68000,0,0
bb2014-15.pdf,56,NK,412-10-10-00,SPECIFIC GRANTS - GoTN - CMCDM (2012-2013),2012-2013|2013-2014|2013-2014|2014-2015,0,0,40000,0
bb2014-15.pdf,56,NK,412-20-03-00,SPECIFIC FUNDS - MAYOR SPECIAL DEVELOPMENT FUND WORKS,2012-2013|2013-2014|2013-2014|2014-2015,0,1330,330,1330
bb2014-15.pdf,56,NK,412-20-04-00,SPECIFIC FUNDS - COUNCILLOR WARD IMPROVEMENT WORKS,2012-2013|2013-2014|2013-2014|2014-2015,10828,48000,48000,48000
bb2014-15.pdf,56,NK,412-40-02-00,OTHERS-PARKS AND GARDENS,2012-2013|2013-2014|2013-2014|2014-2015,16748,20000,30000,30000
bb2014-15.pdf,56,NK,412-40-07-02,OTHERS-CONCRETE ROADS-INTERIOR ROADS,2012-2013|2013-2014|2013-2014|2014-2015,1590,150000,200000,100000
bb2014-15.pdf,56,NK,412-40-08-02,OTHERS-BLACKTOPPED-INTERIOR ROADS,2012-2013|2013-2014|2013-2014|2014-2015,109918,20000,200000,150000
bb2014-15.pdf,56,NK,412-40-11-00,OTHERS-STORM WATER DRAINS AND CULVERTS,2012-2013|2013-2014|2013-2014|2014-2015,14351,10000,50000,30000
bb2014-15.pdf,56,NK,412-40-30-00,OTHERS- OTHER MISCELLANEOUS WORKS,2012-2013|2013-2014|2013-2014|2014-2015,67381,100000,200000,150000
bb2014-15.pdf,57,NL,412-10-09-00,SPECIFIC GRANTS - GoTN - CMCDM (2011-2012),2012-2013|2013-2014|2013-2014|2014-2015,232503,637500,350000,0
bb2014-15.pdf,57,NL,412-10-10-00,SPECIFIC GRANTS - GoTN - CMCDM (2012-2013),2012-2013|2013-2014|2013-2014|2014-2015,0,0,400000,200000
bb2014-15.pdf,57,NL,412-10-12-00,SPECIFIC GRANTS - GoTN - CMCDM (2013-2014),2012-2013|2013-2014|2013-2014|2014-2015,0,0,50000,150000
bb2014-15.pdf,57,NL,412-20-03-00,SPECIFIC FUNDS - MAYOR SPECIAL DEVELOPMENT FUND WORKS,2012-2013|2013-2014|2013-2014|2014-2015,1020,1330,330,1330
bb2014-15.pdf,57,NL,412-20-04-00,SPECIFIC FUNDS - COUNCILLOR WARD IMPROVEMENT WORKS,2012-2013|2013-2014|2013-2014|2014-2015,11463,39000,39000,39000
bb2014-15.pdf,57,NL,412-40-02-00,OTHERS-PARKS AND GARDENS,2012-2013|2013-2014|2013-2014|2014-2015,14206,20000,40000,50000
bb2014-15.pdf,57,NL,412-40-07-02,OTHERS-CONCRETE ROADS-INTERIOR ROADS,2012-2013|2013-2014|2013-2014|2014-2015,18999,100000,30000,100000
bb2014-15.pdf,57,NL,412-40-08-02,OTHERS-BLACKTOPPED-INTERIOR ROADS,2012-2013|2013-2014|2013-2014|2014-2015,211859,100000,230000,250000
bb2014-15.pdf,57,NL,412-40-11-00,OTHERS-STORM WATER DRAINS AND CULVERTS,2012-2013|2013-2014|2013-2014|2014-2015,54107,30000,80000,50000
bb2014-15.pdf,57,NL,412-40-30-00,OTHERS- OTHER MISCELLANEOUS WORKS,2012-2013|2013-2014|2013-2014|2014-2015,21196,25000,60000,50000
bb2014-15.pdf,58,NM,412-10-09-00,SPECIFIC GRANTS - GoTN - CMCDM (2011-2012),2012-2013|2013-2014|2013-2014|2014-2015,205239,461100,290000,0
bb2014-15.pdf,58,NM,412-10-10-00,SPECIFIC GRANTS - GoTN - CMCDM (2012-2013),2012-2013|2013-2014|2013-2014|2014-2015,0,0,200000,0
bb2014-15.pdf,58,NM,412-10-12-00,SPECIFIC GRANTS - GoTN - CMCDM (2013-2014),2012-2013|2013-2014|2013-2014|2014-2015,0,0,100000,302300
bb2014-15.pdf,58,NM,412-20-03-00,SPECIFIC FUNDS - MAYOR SPECIAL DEVELOPMENT FUND WORKS,2012-2013|2013-2014|2013-2014|2014-2015,0,1330,330,1330
bb2014-15.pdf,58,NM,412-20-04-00,SPECIFIC FUNDS - COUNCILLOR WARD IMPROVEMENT WORKS,2012-2013|2013-2014|2013-2014|2014-2015,4137,36000,36000,36000
bb2014-15.pdf,58,NM,412-40-02-00,OTHERS-PARKS AND GARDENS,2012-2013|2013-2014|2013-2014|2014-2015,7957,20000,65000,50000
bb2014-15.pdf,58,NM,412-40-07-02,OTHERS-CONCRETE ROADS-INTERIOR ROADS,2012-2013|2013-2014|2013-2014|2014-2015,1155,140000,100000,100000
bb2014-15.pdf,58,NM,412-40-08-02,OTHERS-BLACKTOPPED-INTERIOR ROADS,2012-2013|2013-2014|2013-2014|2014-2015,119670,75000,150000,150000
bb2014-15.pdf,58,NM,412-40-11-00,OTHERS-STORM WATER DRAINS AND CULVERTS,2012-2013|2013-2014|2013-2014|2014-2015,30339,30000,70000,100000
bb2014-15.pdf,58,NM,412-40-30-00,OTHERS- OTHER MISCELLANEOUS WORKS,2012-2013|2013-2014|2013-2014|2014-2015,31124,30000,50000,50000
bb2014-15.pdf,59,NN,412-10-07-01,SPECIFIC GRANTS -JNNURM-BSUP-ROADS,2012-2013|2013-2014|2013-2014|2014-2015,13626,0,17000,5000
bb2014-15.pdf,59,NN,412-10-09-00,SPECIFIC GRANTS - GoTN - CMCDM (2011-2012),2012-2013|2013-2014|2013-2014|2014-2015,0,133000,0,0
bb2014-15.pdf,59,NN,412-10-10-00,SPECIFIC GRANTS - GoTN - CMCDM (2012-2013),2012-2013|2013-2014|2013-2014|2014-2015,0,0,65000,0
bb2014-15.pdf,59,NN,412-20-03-00,SPECIFIC FUNDS - MAYOR SPECIAL DEVELOPMENT FUND WORKS,2012-2013|2013-2014|2013-2014|2014-2015,0,1330,100,1330
bb2014-15.pdf,59,NN,412-20-04-00,SPECIFIC FUNDS - COUNCILLOR WARD IMPROVEMENT WORKS,2012-2013|2013-2014|2013-2014|2014-2015,3823,39000,39000,39000
bb2014-15.pdf,59,NN,412-40-02-00,OTHERS-PARKS AND GARDENS,2012-2013|2013-2014|2013-2014|2014-2015,9920,15000,22000,20000
bb2014-15.pdf,59,NN,412-40-07-02,OTHERS-CONCRETE ROADS-INTERIOR ROADS,2012-2013|2013-2014|2013-2014|2014-2015,195,120000,50000,100000
bb2014-15.pdf,59,NN,412-40-08-02,OTHERS-BLACKTOPPED-INTERIOR ROADS,2012-2013|2013-2014|2013-2014|2014-2015,128271,100000,150000,300000
bb2014-15.pdf,59,NN,412-40-11-00,OTHERS-STORM WATER DRAINS AND CULVERTS,2012-2013|2013-2014|2013-2014|2014-2015,10534,20000,10000,20000
bb2014-15.pdf,59,NN,412-40-30-00,OTHERS- OTHER MISCELLANEOUS WORKS,2012-2013|2013-2014|2013-2014|2014-2015,51346,100000,100000,100000
bb2014-15.pdf,60,NP,412-10-09-00,SPECIFIC GRANTS - GoTN - CMCDM (2011-2012),2012-2013|2013-2014|2013-2014|2014-2015,157711,622400,280000,0
bb2014-15.pdf,60,NP,412-10-10-00,SPECIFIC GRANTS - GoTN - CMCDM (2012-2013),2012-2013|2013-2014|2013-2014|2014-2015,0,0,260000,0
bb2014-15.pdf,60,NP,412-10-12-00,SPECIFIC GRANTS - GoTN - CMCDM (2013-2014),2012-2013|2013-2014|2013-2014|2014-2015,0,0,150000,877400
bb2014-15.pdf,60,NP,412-20-03-00,SPECIFIC FUNDS - MAYOR SPECIAL DEVELOPMENT FUND WORKS,2012-2013|2013-2014|2013-2014|2014-2015,1219,1355,9100,1355
bb2014-15.pdf,60,NP,412-20-04-00,SPECIFIC FUNDS - COUNCILLOR WARD IMPROVEMENT WORKS,2012-2013|2013-2014|2013-2014|2014-2015,1259,33000,33000,33000
bb2014-15.pdf,60,NP,412-40-02-00,OTHERS-PARKS AND GARDENS,2012-2013|2013-2014|2013-2014|2014-2015,9848,30000,50000,90000
bb2014-15.pdf,60,NP,412-40-07-02,OTHERS-CONCRETE ROADS-INTERIOR ROADS,2012-2013|2013-2014|2013-2014|2014-2015,17804,50000,30000,20000
bb2014-15.pdf,60,NP,412-40-08-02,OTHERS-BLACKTOPPED-INTERIOR ROADS,2012-2013|2013-2014|2013-2014|2014-2015,119543,100000,200000,400000
bb2014-15.pdf,60,NP,412-40-11-00,OTHERS-STORM WATER DRAINS AND CULVERTS,2012-2013|2013-2014|2013-2014|2014-2015,23278,20000,80000,50000
bb2014-15.pdf,60,NP,412-40-30-00,OTHERS- OTHER MISCELLANEOUS WORKS,2012-2013|2013-2014|2013-2014|2014-2015,10180,20000,80000,100000
bb2014-15.pdf,61,NQ,412-10-09-00,SPECIFIC GRANTS - GoTN - CMCDM (2011-2012),2012-2013|2013-2014|2013-2014|2014-2015,199166,379800,160000,0
bb2014-15.pdf,61,NQ,412-10-10-00,SPECIFIC GRANTS - GoTN - CMCDM (2012-2013),2012-2013|2013-2014|2013-2014|2014-2015,0,0,160000,0
bb2014-15.pdf,61,NQ,412-20-03-00,SPECIFIC FUNDS - MAYOR SPECIAL DEVELOPMENT FUND WORKS,2012-2013|2013-2014|2013-2014|2014-2015,0,1355,1120,1355
bb2014-15.pdf,61,NQ,412-20-04-00,SPECIFIC FUNDS - COUNCILLOR WARD IMPROVEMENT WORKS,2012-2013|2013-2014|2013-2014|2014-2015,6941,27000,27000,27000
bb2014-15.pdf,61,NQ,412-40-02-00,OTHERS-PARKS AND GARDENS,2012-2013|2013-2014|2013-2014|2014-2015,551,50000,100000,100000
bb2014-15.pdf,61,NQ,412-40-07-02,OTHERS-CONCRETE ROADS-INTERIOR ROADS,2012-2013|2013-2014|2013-2014|2014-2015,377,100000,75000,150000
bb2014-15.pdf,61,NQ,412-40-08-02,OTHERS-BLACKTOPPED-INTERIOR ROADS,2012-2013|2013-2014|2013-2014|2014-2015,76556,100000,220000,400000
bb2014-15.pdf,61,NQ,412-40-11-00,OTHERS-STORM WATER DRAINS AND CULVERTS,2012-2013|2013-2014|2013-2014|2014-2015,3453,10000,50000,50000
bb2014-15.pdf,61,NQ,412-40-30-00,OTHERS- OTHER MISCELLANEOUS WORKS,2012-2013|2013-2014|2013-2014|2014-2015,7445,20000,50000,50000
bb2014-15.pdf,75,NA,410-40-07-02,PLANT &amp; MACHINERY-FOGGING MACHINES-PORTABLE,2012-2013|2013-2014|2013-2014|2014-2015,,0,150,0
bb2014-15.pdf,75,NA,410-40-10-00,PLANT &amp; MACHINERY-TECHNICAL LABORATORY EQUIPMENTS,2012-2013|2013-2014|2013-2014|2014-2015,,0,1000,0
bb2014-15.pdf,75,NA,410-40-12-00,PLANT &amp; MACHINERY-TREE CUTTING EQUIPMENTS,2012-2013|2013-2014|2013-2014|2014-2015,,0,400,200
bb2014-15.pdf,75,NA,410-40-14-00,PLANT &amp; MACHINERY-DEWATERING PUMPS,2012-2013|2013-2014|2013-2014|2014-2015,,0,800,0
bb2014-15.pdf,75,NA,410-40-22-00,PLASTIC SHREDDING MACHINE,2012-2013|2013-2014|2013-2014|2014-2015,152,0,300,300
bb2014-15.pdf,75,NA,410-70-01-00,"FURNITURE, FIXTURES, FITTINGS &amp; ELECTRICAL APPLIANCES-CHAIR",2012-2013|2013-2014|2013-2014|2014-2015,,100,100,100
bb2014-15.pdf,75,NA,410-70-02-00,"FURNITURE, FIXTURES, FITTINGS &amp; ELECTRICAL APPLIANCES-TABLE",2012-2013|2013-2014|2013-2014|2014-2015,,100,100,100
bb2014-15.pdf,75,NA,410-70-03-00,"FURNITURE, FIXTURES, FITTINGS &amp; ELECTRICAL APPLIANCES-BUREAUS &amp; RACKS",2012-2013|2013-2014|2013-2014|2014-2015,,100,100,100
bb2014-15.pdf,75,NA,410-80-00-00,OTHER FIXED ASSETS,2012-2013|2013-2014|2013-2014|2014-2015,,500,4000,1000
bb2014-15.pdf,76,NB,410-40-07-02,PLANT &amp; MACHINERY-FOGGING MACHINES-PORTABLE,2012-2013|2013-2014|2013-2014|2014-2015,,0,150,0
bb2014-15.pdf,76,NB,410-40-10-00,PLANT &amp; MACHINERY-TECHNICAL LABORATORY EQUIPMENTS,2012-2013|2013-2014|2013-2014|2014-2015,,0,1000,0
bb2014-15.pdf,76,NB,410-40-12-00,PLANT &amp; MACHINERY-TREE CUTTING EQUIPMENTS,2012-2013|2013-2014|2013-2014|2014-2015,115,100,100,100
bb2014-15.pdf,76,NB,410-40-15-00,PLANT &amp; MACHINERY-GENERATORS,2012-2013|2013-2014|2013-2014|2014-2015,,0,400,0
bb2014-15.pdf,76,NB,410-40-22-00,PLASTIC SHREDDING MACHINE,2012-2013|2013-2014|2013-2014|2014-2015,160,0,200,100
bb2014-15.pdf,76,NB,410-70-01-00,"FURNITURE, FIXTURES, FITTINGS &amp; ELECTRICAL APPLIANCES-CHAIR",2012-2013|2013-2014|2013-2014|2014-2015,,100,100,100
bb2014-15.pdf,76,NB,410-70-02-00,"FURNITURE, FIXTURES, FITTINGS &amp; ELECTRICAL APPLIANCES-TABLE",2012-2013|2013-2014|2013-2014|2014-2015,,100,100,100
bb2014-15.pdf,76,NB,410-70-03-00,"FURNITURE, FIXTURES, FITTINGS &amp; ELECTRICAL APPLIANCES-BUREAUS &amp; RACKS",2012-2013|2013-2014|2013-2014|2014-2015,,100,100,100
bb2014-15.pdf,76,NB,410-80-00-00,OTHER FIXED ASSETS,2012-2013|2013-2014|2013-2014|2014-2015,,500,3800,1000
bb2014-15.pdf,77,NC,410-40-07-02,PLANT &amp; MACHINERY-FOGGING MACHINES-PORTABLE,2012-2013|2013-2014|2013-2014|2014-2015,,0,150,0
bb2014-15.pdf,77,NC,410-40-12-00,PLANT &amp; MACHINERY-TREE CUTTING EQUIPMENTS,2012-2013|2013-2014|2013-2014|2014-2015,290,100,100,100
bb2014-15.pdf,77,NC,410-40-15-00,PLANT &amp; MACHINERY-GENERATORS,2012-2013|2013-2014|2013-2014|2014-2015,,0,400,0
bb2014-15.pdf,77,NC,410-40-22-00,PLASTIC SHREDDING MACHINE,2012-2013|2013-2014|2013-2014|2014-2015,152,0,400,100
bb2014-15.pdf,77,NC,410-60-09-00,OFFICE &amp; OTHER EQUIPMENTS-AIR CONDITIONER,2012-2013|2013-2014|2013-2014|2014-2015,0,0,200,100
bb2014-15.pdf,77,NC,410-70-01-00,"FURNITURE, FIXTURES, FITTINGS &amp; ELECTRICAL APPLIANCES-CHAIR",2012-2013|2013-2014|2013-2014|2014-2015,87,100,100,100
bb2014-15.pdf,77,NC,410-70-02-00,"FURNITURE, FIXTURES, FITTINGS &amp; ELECTRICAL APPLIANCES-TABLE",2012-2013|2013-2014|2013-2014|2014-2015,,100,100,100
bb2014-15.pdf,77,NC,410-70-03-00,"FURNITURE, FIXTURES, FITTINGS &amp; ELECTRICAL APPLIANCES-BUREAUS &amp; RACKS",2012-2013|2013-2014|2013-2014|2014-2015,,100,100,100
bb2014-15.pdf,77,NC,410-80-00-00,OTHER FIXED ASSETS,2012-2013|2013-2014|2013-2014|2014-2015,60,500,5800,1000
bb2014-15.pdf,78,ND,410-40-10-00,PLANT &amp; MACHINERY-TECHNICAL LABORATORY EQUIPMENTS,2012-2013|2013-2014|2013-2014|2014-2015,,0,1100,0
bb2014-15.pdf,78,ND,410-40-12-00,PLANT &amp; MACHINERY-TREE CUTTING EQUIPMENTS,2012-2013|2013-2014|2013-2014|2014-2015,0,0,500,100
bb2014-15.pdf,78,ND,410-40-15-00,PLANT &amp; MACHINERY-GENERATORS,2012-2013|2013-2014|2013-2014|2014-2015,,0,400,0
bb2014-15.pdf,78,ND,410-40-22-00,PLASTIC SHREDDING MACHINE,2012-2013|2013-2014|2013-2014|2014-2015,,0,400,100
bb2014-15.pdf,78,ND,410-70-01-00,"FURNITURE, FIXTURES, FITTINGS &amp; ELECTRICAL APPLIANCES-CHAIR",2012-2013|2013-2014|2013-2014|2014-2015,,100,100,100
bb2014-15.pdf,78,ND,410-70-02-00,"FURNITURE, FIXTURES, FITTINGS &amp; ELECTRICAL APPLIANCES-TABLE",2012-2013|2013-2014|2013-2014|2014-2015,,100,150,100
bb2014-15.pdf,78,ND,410-70-03-00,"FURNITURE, FIXTURES, FITTINGS &amp; ELECTRICAL APPLIANCES-BUREAUS &amp; RACKS",2012-2013|2013-2014|2013-2014|2014-2015,,100,100,100
bb2014-15.pdf,78,ND,410-80-00-00,OTHER FIXED ASSETS,2012-2013|2013-2014|2013-2014|2014-2015,,500,5500,1000
bb2014-15.pdf,79,NE,410-40-14-00,PLANT &amp; MACHINERY-DEWATERING PUMPS,2012-2013|2013-2014|2013-2014|2014-2015,,0,450,0
bb2014-15.pdf,79,NE,410-40-15-00,PLANT &amp; MACHINERY - GENERATORS,2012-2013|2013-2014|2013-2014|2014-2015,1278,0,400,0
bb2014-15.pdf,79,NE,410-40-22-00,PLASTIC SHREDDING MACHINE,2012-2013|2013-2014|2013-2014|2014-2015,,0,500,200
bb2014-15.pdf,79,NE,410-70-01-00,"FURNITURE, FIXTURES, FITTINGS &amp; ELECTRICAL APPLIANCES-CHAIR",2012-2013|2013-2014|2013-2014|2014-2015,,100,4200,500
bb2014-15.pdf,79,NE,410-70-02-00,"FURNITURE, FIXTURES, FITTINGS &amp; ELECTRICAL APPLIANCES-TABLE",2012-2013|2013-2014|2013-2014|2014-2015,,100,4500,500
bb2014-15.pdf,79,NE,410-70-03-00,"FURNITURE, FIXTURES, FITTINGS &amp; ELECTRICAL APPLIANCES-BUREAUS &amp; RACKS",2012-2013|2013-2014|2013-2014|2014-2015,,100,4100,500
bb2014-15.pdf,79,NE,410-80-00-00,OTHER FIXED ASSETS,2012-2013|2013-2014|2013-2014|2014-2015,,500,10700,1000
bb2014-15.pdf,80,NF,410-40-10-00,PLANT &amp; MACHINERY-TECHNICAL LABORATORY EQUIPMENTS,2012-2013|2013-2014|2013-2014|2014-2015,,0,1000,0
bb2014-15.pdf,80,NF,410-40-15-00,PLANT &amp; MACHINERY - GENERATORS,2012-2013|2013-2014|2013-2014|2014-2015,,0,375,0
bb2014-15.pdf,80,NF,410-40-22-00,PLASTIC SHREDDING MACHINE,2012-2013|2013-2014|2013-2014|2014-2015,,0,350,100
bb2014-15.pdf,80,NF,410-60-02-00,OFFICE &amp; OTHER EQUIPMENTS-COMPUTERS,2012-2013|2013-2014|2013-2014|2014-2015,0,0,300,0
bb2014-15.pdf,80,NF,410-70-01-00,"FURNITURE, FIXTURES, FITTINGS &amp; ELECTRICAL APPLIANCES-CHAIR",2012-2013|2013-2014|2013-2014|2014-2015,,100,100,100
bb2014-15.pdf,80,NF,410-70-02-00,"FURNITURE, FIXTURES, FITTINGS &amp; ELECTRICAL APPLIANCES-TABLE",2012-2013|2013-2014|2013-2014|2014-2015,,100,100,100
bb2014-15.pdf,80,NF,410-70-03-00,"FURNITURE, FIXTURES, FITTINGS &amp; ELECTRICAL APPLIANCES-BUREAUS &amp; RACKS",2012-2013|2013-2014|2013-2014|2014-2015,,100,100,100
bb2014-15.pdf,80,NF,410-70-06-00,"FURNITURE, FIXTURES, FITTINGS &amp; ELECTRICAL APPLIANCES-ELECTRICAL FITTINGS",2012-2013|2013-2014|2013-2014|2014-2015,,0,250,0
bb2014-15.pdf,80,NF,410-80-00-00,OTHER FIXED ASSETS,2012-2013|2013-2014|2013-2014|2014-2015,,500,3325,1000
bb2014-15.pdf,81,NG,410-40-10-00,PLANT &amp; MACHINERY-TECHNICAL LABORATORY EQUIPMENTS,2012-2013|2013-2014|2013-2014|2014-2015,,0,1200,0
bb2014-15.pdf,81,NG,410-40-15-00,PLANT &amp; MACHINERY - GENERATORS,2012-2013|2013-2014|2013-2014|2014-2015,,0,400,0
bb2014-15.pdf,81,NG,410-40-22-00,PLASTIC SHREDDING MACHINE,2012-2013|2013-2014|2013-2014|2014-2015,,0,300,100
bb2014-15.pdf,81,NG,410-70-01-00,"FURNITURE, FIXTURES, FITTINGS &amp; ELECTRICAL APPLIANCES-CHAIR",2012-2013|2013-2014|2013-2014|2014-2015,,100,100,100
bb2014-15.pdf,81,NG,410-70-02-00,"FURNITURE, FIXTURES, FITTINGS &amp; ELECTRICAL APPLIANCES-TABLE",2012-2013|2013-2014|2013-2014|2014-2015,,100,100,100
bb2014-15.pdf,81,NG,410-70-03-00,"FURNITURE, FIXTURES, FITTINGS &amp; ELECTRICAL APPLIANCES-BUREAUS &amp; RACKS",2012-2013|2013-2014|2013-2014|2014-2015,,100,100,100
bb2014-15.pdf,81,NG,410-80-00-00,OTHER FIXED ASSETS,2012-2013|2013-2014|2013-2014|2014-2015,,500,700,1000
bb2014-15.pdf,82,NH,410-40-07-02,PLANT &amp; MACHINERY-FOGGING MACHINES-PORTABLE,2012-2013|2013-2014|2013-2014|2014-2015,,0,120,0
bb2014-15.pdf,82,NH,410-40-10-00,PLANT &amp; MACHINERY-TECHNICAL LABORATORY EQUIPMENTS,2012-2013|2013-2014|2013-2014|2014-2015,,0,1000,0
bb2014-15.pdf,82,NH,410-40-15-00,PLANT &amp; MACHINERY - GENERATORS,2012-2013|2013-2014|2013-2014|2014-2015,,0,400,0
bb2014-15.pdf,82,NH,410-40-22-00,PLASTIC SHREDDING MACHINE,2012-2013|2013-2014|2013-2014|2014-2015,152,0,300,100
bb2014-15.pdf,82,NH,410-70-01-00,"FURNITURE, FIXTURES, FITTINGS &amp; ELECTRICAL APPLIANCES-CHAIR",2012-2013|2013-2014|2013-2014|2014-2015,,100,160,100
bb2014-15.pdf,82,NH,410-70-02-00,"FURNITURE, FIXTURES, FITTINGS &amp; ELECTRICAL APPLIANCES-TABLE",2012-2013|2013-2014|2013-2014|2014-2015,,100,100,100
bb2014-15.pdf,82,NH,410-70-03-00,"FURNITURE, FIXTURES, FITTINGS &amp; ELECTRICAL APPLIANCES-BUREAUS &amp; RACKS",2012-2013|2013-2014|2013-2014|2014-2015,,100,100,100
bb2014-15.pdf,82,NH,410-70-04-00,"FURNITURE, FIXTURES, FITTINGS &amp; ELECTRICAL APPLIANCES-FIXURES",2012-2013|2013-2014|2013-2014|2014-2015,,0,100,0
bb2014-15.pdf,82,NH,410-70-08-00,"FURNITURE, FIXTURES, FITTINGS &amp; ELECTRICAL APPLIANCES-INVERTORS",2012-2013|2013-2014|2013-2014|2014-2015,282,100,100,100
bb2014-15.pdf,82,NH,410-80-00-00,OTHER FIXED ASSETS,2012-2013|2013-2014|2013-2014|2014-2015,1067,500,5700,1000
bb2014-15.pdf,83,NJ,410-40-10-00,PLANT &amp; MACHINERY-TECHNICAL LABORATORY EQUIPMENTS,2012-2013|2013-2014|2013-2014|2014-2015,,0,1000,0
bb2014-15.pdf,83,NJ,410-40-12-00,PLANT &amp; MACHINERY-TREE CUTTING EQUIPMENTS,2012-2013|2013-2014|2013-2014|2014-2015,0,0,500,300
bb2014-15.pdf,83,NJ,410-40-14-00,PLANT &amp; MACHINERY-DEWATERING PUMPS,2012-2013|2013-2014|2013-2014|2014-2015,,0,800,0
bb2014-15.pdf,83,NJ,410-40-22-00,PLASTIC SHREDDING MACHINE,2012-2013|2013-2014|2013-2014|2014-2015,,0,700,100
bb2014-15.pdf,83,NJ,410-70-01-00,"FURNITURE, FIXTURES, FITTINGS &amp; ELECTRICAL APPLIANCES-CHAIR",2012-2013|2013-2014|2013-2014|2014-2015,,100,100,100
bb2014-15.pdf,83,NJ,410-70-02-00,"FURNITURE, FIXTURES, FITTINGS &amp; ELECTRICAL APPLIANCES-TABLE",2012-2013|2013-2014|2013-2014|2014-2015,,100,100,100
bb2014-15.pdf,83,NJ,410-70-03-00,"FURNITURE, FIXTURES, FITTINGS &amp; ELECTRICAL APPLIANCES-BUREAUS &amp; RACKS",2012-2013|2013-2014|2013-2014|2014-2015,,100,100,100
bb2014-15.pdf,83,NJ,410-70-08-00,"FURNITURE, FIXTURES, FITTINGS &amp; ELECTRICAL APPLIANCES-INVERTORS",2012-2013|2013-2014|2013-2014|2014-2015,,50,50,50
bb2014-15.pdf,83,NJ,410-80-00-00,OTHER FIXED ASSETS,2012-2013|2013-2014|2013-2014|2014-2015,,500,6000,1000
bb2014-15.pdf,84,NK,410-40-07-02,PLANT &amp; MACHINERY-FOGGING MACHINES-PORTABLE,2012-2013|2013-2014|2013-2014|2014-2015,,0,120,0
bb2014-15.pdf,84,NK,410-40-10-00,PLANT &amp; MACHINERY-TECHNICAL LABORATORY EQUIPMENTS,2012-2013|2013-2014|2013-2014|2014-2015,,0,1000,0
bb2014-15.pdf,84,NK,410-40-14-00,PLANT &amp; MACHINERY-DEWATERING PUMPS,2012-2013|2013-2014|2013-2014|2014-2015,,0,1000,100
bb2014-15.pdf,84,NK,410-40-15-00,PLANT &amp; MACHINERY - GENERATORS,2012-2013|2013-2014|2013-2014|2014-2015,,0,380,0
bb2014-15.pdf,84,NK,410-40-22-00,PLASTIC SHREDDING MACHINE,2012-2013|2013-2014|2013-2014|2014-2015,,0,300,300
bb2014-15.pdf,84,NK,410-60-08-00,OFFICE &amp; OTHER EQUIPMENTS-PHOTO COPIER,2012-2013|2013-2014|2013-2014|2014-2015,,0,150,0
bb2014-15.pdf,84,NK,410-60-12-00,OFFICE &amp; OTHER EQUIPMENTS-EPBAX &amp; TELEPHONES,2012-2013|2013-2014|2013-2014|2014-2015,136,0,0,0
bb2014-15.pdf,84,NK,410-70-01-00,"FURNITURE, FIXTURES, FITTINGS &amp; ELECTRICAL APPLIANCES-CHAIR",2012-2013|2013-2014|2013-2014|2014-2015,100,100,100,100
bb2014-15.pdf,84,NK,410-70-02-00,"FURNITURE, FIXTURES, FITTINGS &amp; ELECTRICAL APPLIANCES-TABLE",2012-2013|2013-2014|2013-2014|2014-2015,97,100,250,100
bb2014-15.pdf,84,NK,410-70-03-00,"FURNITURE, FIXTURES, FITTINGS &amp; ELECTRICAL APPLIANCES-BUREAUS &amp; RACKS",2012-2013|2013-2014|2013-2014|2014-2015,,100,100,100
bb2014-15.pdf,84,NK,410-70-08-00,"FURNITURE, FIXTURES, FITTINGS &amp; ELECTRICAL APPLIANCES-INVERTORS",2012-2013|2013-2014|2013-2014|2014-2015,,100,700,100
bb2014-15.pdf,84,NK,410-80-00-00,OTHER FIXED ASSETS,2012-2013|2013-2014|2013-2014|2014-2015,100,500,6800,1000
bb2014-15.pdf,85,NL,410-40-07-02,PLANT &amp; MACHINERY-FOGGING MACHINES-PORTABLE,2012-2013|2013-2014|2013-2014|2014-2015,,0,150,0
bb2014-15.pdf,85,NL,410-40-10-00,PLANT &amp; MACHINERY-TECHNICAL LABORATORY EQUIPMENTS,2012-2013|2013-2014|2013-2014|2014-2015,,0,1000,0
bb2014-15.pdf,85,NL,410-40-15-00,PLANT &amp; MACHINERY - GENERATORS,2012-2013|2013-2014|2013-2014|2014-2015,,0,400,0
bb2014-15.pdf,85,NL,410-40-22-00,PLASTIC SHREDDING MACHINE,2012-2013|2013-2014|2013-2014|2014-2015,145,0,500,500
bb2014-15.pdf,85,NL,410-60-02-00,OFFICE &amp; OTHER EQUIPMENTS-COMPUTERS,2012-2013|2013-2014|2013-2014|2014-2015,,0,300,0
bb2014-15.pdf,85,NL,410-60-06-00,OFFICE &amp; OTHER EQUIPMENTS-NETWORK EQUIPMENTS,2012-2013|2013-2014|2013-2014|2014-2015,,0,200,0
bb2014-15.pdf,85,NL,410-70-01-00,"FURNITURE, FIXTURES, FITTINGS &amp; ELECTRICAL APPLIANCES-CHAIR",2012-2013|2013-2014|2013-2014|2014-2015,,100,100,100
bb2014-15.pdf,85,NL,410-70-02-00,"FURNITURE, FIXTURES, FITTINGS &amp; ELECTRICAL APPLIANCES-TABLE",2012-2013|2013-2014|2013-2014|2014-2015,,100,100,100
bb2014-15.pdf,85,NL,410-70-03-00,"FURNITURE, FIXTURES, FITTINGS &amp; ELECTRICAL APPLIANCES-BUREAUS &amp; RACKS",2012-2013|2013-2014|2013-2014|2014-2015,,100,100,100
bb2014-15.pdf,85,NL,410-80-00-00,OTHER FIXED ASSETS,2012-2013|2013-2014|2013-2014|2014-2015,,500,1000,1000
bb2014-15.pdf,86,NM,410-40-12-00,PLANT &amp; MACHINERY-TREE CUTTING EQUIPMENTS,2012-2013|2013-2014|2013-2014|2014-2015,164,50,300,100
bb2014-15.pdf,86,NM,410-40-15-00,PLANT &amp; MACHINERY - GENERATORS,2012-2013|2013-2014|2013-2014|2014-2015,,0,1000,0
bb2014-15.pdf,86,NM,410-40-22-00,PLASTIC SHREDDING MACHINE,2012-2013|2013-2014|2013-2014|2014-2015,,0,350,100
bb2014-15.pdf,86,NM,410-60-08-00,OFFICE &amp; OTHER EQUIPMENTS-PHOTO COPIER,2012-2013|2013-2014|2013-2014|2014-2015,,0,130,0
bb2014-15.pdf,86,NM,410-70-01-00,"FURNITURE, FIXTURES, FITTINGS &amp; ELECTRICAL APPLIANCES-CHAIR",2012-2013|2013-2014|2013-2014|2014-2015,224,100,160,100
bb2014-15.pdf,86,NM,410-70-02-00,"FURNITURE, FIXTURES, FITTINGS &amp; ELECTRICAL APPLIANCES-TABLE",2012-2013|2013-2014|2013-2014|2014-2015,304,100,200,100
bb2014-15.pdf,86,NM,410-70-03-00,"FURNITURE, FIXTURES, FITTINGS &amp; ELECTRICAL APPLIANCES-BUREAUS &amp; RACKS",2012-2013|2013-2014|2013-2014|2014-2015,209,100,160,100
bb2014-15.pdf,86,NM,410-80-00-00,OTHER FIXED ASSETS,2012-2013|2013-2014|2013-2014|2014-2015,,500,5700,1000
bb2014-15.pdf,87,NN,410-40-10-00,PLANT &amp; MACHINERY-TECHNICAL LABORATORY EQUIPMENTS,2012-2013|2013-2014|2013-2014|2014-2015,,0,1000,0
bb2014-15.pdf,87,NN,410-40-12-00,PLANT &amp; MACHINERY-TREE CUTTING EQUIPMENTS,2012-2013|2013-2014|2013-2014|2014-2015,,50,350,350
bb2014-15.pdf,87,NN,410-40-15-00,PLANT &amp; MACHINERY - GENERATORS,2012-2013|2013-2014|2013-2014|2014-2015,,0,400,0
bb2014-15.pdf,87,NN,410-40-22-00,PLASTIC SHREDDING MACHINE,2012-2013|2013-2014|2013-2014|2014-2015,,0,500,100
bb2014-15.pdf,87,NN,410-70-01-00,"FURNITURE, FIXTURES, FITTINGS &amp; ELECTRICAL APPLIANCES-CHAIR",2012-2013|2013-2014|2013-2014|2014-2015,,100,500,200
bb2014-15.pdf,87,NN,410-70-02-00,"FURNITURE, FIXTURES, FITTINGS &amp; ELECTRICAL APPLIANCES-TABLE",2012-2013|2013-2014|2013-2014|2014-2015,,100,500,200
bb2014-15.pdf,87,NN,410-70-03-00,"FURNITURE, FIXTURES, FITTINGS &amp; ELECTRICAL APPLIANCES-BUREAUS &amp; RACKS",2012-2013|2013-2014|2013-2014|2014-2015,,100,100,100
bb2014-15.pdf,87,NN,410-80-00-00,OTHER FIXED ASSETS,2012-2013|2013-2014|2013-2014|2014-2015,,500,1300,1000
bb2014-15.pdf,88,NP,410-40-10-00,PLANT &amp; MACHINERY-TECHNICAL LABORATORY EQUIPMENTS,2012-2013|2013-2014|2013-2014|2014-2015,0,0,1000,500
bb2014-15.pdf,88,NP,410-40-14-00,PLANT &amp; MACHINERY-DEWATERING PUMPS,2012-2013|2013-2014|2013-2014|2014-2015,,0,1000,100
bb2014-15.pdf,88,NP,410-40-15-00,PLANT &amp; MACHINERY - GENERATORS,2012-2013|2013-2014|2013-2014|2014-2015,,0,400,0
bb2014-15.pdf,88,NP,410-40-22-00,PLASTIC SHREDDING MACHINE,2012-2013|2013-2014|2013-2014|2014-2015,228,0,400,200
bb2014-15.pdf,88,NP,410-60-02-00,OFFICE &amp; OTHER EQUIPMENTS-COMPUTERS,2012-2013|2013-2014|2013-2014|2014-2015,,0,250,0
bb2014-15.pdf,88,NP,410-60-12-00,OFFICE &amp; OTHER EQUIPMENTS-EPBAX &amp; TELEPHONES,2012-2013|2013-2014|2013-2014|2014-2015,148,0,0,0
bb2014-15.pdf,88,NP,410-70-01-00,"FURNITURE, FIXTURES, FITTINGS &amp; ELECTRICAL APPLIANCES-CHAIR",2012-2013|2013-2014|2013-2014|2014-2015,19,100,200,100
bb2014-15.pdf,88,NP,410-70-02-00,"FURNITURE, FIXTURES, FITTINGS &amp; ELECTRICAL APPLIANCES-TABLE",2012-2013|2013-2014|2013-2014|2014-2015,167,100,200,100
bb2014-15.pdf,88,NP,410-70-03-00,"FURNITURE, FIXTURES, FITTINGS &amp; ELECTRICAL APPLIANCES-BUREAUS &amp; RACKS",2012-2013|2013-2014|2013-2014|2014-2015,96,100,200,100
bb2014-15.pdf,88,NP,410-80-00-00,OTHER FIXED ASSETS,2012-2013|2013-2014|2013-2014|2014-2015,,500,4700,1000
bb2014-15.pdf,89,NQ,410-40-10-00,PLANT &amp; MACHINERY-TECHNICAL LABORATORY EQUIPMENTS,2012-2013|2013-2014|2013-2014|2014-2015,0,0,1000,0
bb2014-15.pdf,89,NQ,410-40-14-00,PLANT &amp; MACHINERY-DEWATERING PUMPS,2012-2013|2013-2014|2013-2014|2014-2015,,0,350,0
bb2014-15.pdf,89,NQ,410-40-15-00,PLANT &amp; MACHINERY - GENERATORS,2012-2013|2013-2014|2013-2014|2014-2015,,0,380,0
bb2014-15.pdf,89,NQ,410-40-22-00,PLASTIC SHREDDING MACHINE,2012-2013|2013-2014|2013-2014|2014-2015,152,0,0,300
bb2014-15.pdf,89,NQ,410-70-01-00,"FURNITURE, FIXTURES, FITTINGS &amp; ELECTRICAL APPLIANCES-CHAIR",2012-2013|2013-2014|2013-2014|2014-2015,,100,160,100
bb2014-15.pdf,89,NQ,410-70-02-00,"FURNITURE, FIXTURES, FITTINGS &amp; ELECTRICAL APPLIANCES-TABLE",2012-2013|2013-2014|2013-2014|2014-2015,,100,310,100
bb2014-15.pdf,89,NQ,410-70-03-00,"FURNITURE, FIXTURES, FITTINGS &amp; ELECTRICAL APPLIANCES-BUREAUS &amp; RACKS",2012-2013|2013-2014|2013-2014|2014-2015,,100,100,100
bb2014-15.pdf,89,NQ,410-80-00-00,OTHER FIXED ASSETS,2012-2013|2013-2014|2013-2014|2014-2015,20,500,4700,1000
bb2015-16.pdf,47,NA,412-10-09-00,SPECIFIC GRANTS - GoTN - CMCDM (2011-2012),2013-2014|2014-2015|2014-2015|2015-2016,45585,0,0,0
bb2015-16.pdf,47,NA,412-10-10-00,SPECIFIC GRANTS - GoTN - CMCDM (2012-2013),2013-2014|2014-2015|2014-2015|2015-2016,168155,160000,200000,0
bb2015-16.pdf,47,NA,412-10-12-00,SPECIFIC GRANTS - GoTN - CMCDM (2013-2014),2013-2014|2014-2015|2014-2015|2015-2016,0,100000,130000,0
bb2015-16.pdf,47,NA,412-20-03-00,SPECIFIC FUNDS - MAYOR SPECIAL DEVELOPMENT FUND WORKS,2013-2014|2014-2015|2014-2015|2015-2016,0,1330,1330,1330
bb2015-16.pdf,47,NA,412-20-04-00,SPECIFIC FUNDS - COUNCILLOR WARD IMPROVEMENT WORKS,2013-2014|2014-2015|2014-2015|2015-2016,30050,42000,42000,42000
bb2015-16.pdf,47,NA,412-40-02-00,PARKS AND GARDENS,2013-2014|2014-2015|2014-2015|2015-2016,5269,10000,1500,0
bb2015-16.pdf,47,NA,412-40-04-05,NOON MEAL SHEDS,2013-2014|2014-2015|2014-2015|2015-2016,,0,0,10000
bb2015-16.pdf,47,NA,412-40-04-06,ANGANVADI CENTRES,2013-2014|2014-2015|2014-2015|2015-2016,,0,0,10000
bb2015-16.pdf,47,NA,412-40-05-09,AMMA UNAVAGAM - BUILDINGS,2013-2014|2014-2015|2014-2015|2015-2016,,0,0,30000
bb2015-16.pdf,47,NA,412-40-06-04,PUBLIC CONVENIENCE,2013-2014|2014-2015|2014-2015|2015-2016,,0,0,10000
bb2015-16.pdf,47,NA,412-40-06-05,DHOBIKHANA,2013-2014|2014-2015|2014-2015|2015-2016,,0,0,10000
bb2015-16.pdf,47,NA,412-40-06-08,GYM BUILDING,2013-2014|2014-2015|2014-2015|2015-2016,,0,0,10000
bb2015-16.pdf,47,NA,412-40-06-09,BURIAL GROUND BUILDING,2013-2014|2014-2015|2014-2015|2015-2016,,0,0,10000
bb2015-16.pdf,47,NA,412-40-07-02,CONCRETE ROADS-INTERIOR ROADS,2013-2014|2014-2015|2014-2015|2015-2016,8780,50000,6000,150000
bb2015-16.pdf,47,NA,412-40-08-02,BLACKTOPPED-INTERIOR ROADS,2013-2014|2014-2015|2014-2015|2015-2016,127477,150000,170000,150000
bb2015-16.pdf,47,NA,412-40-11-00,STORM WATER DRAINS AND CULVERTS,2013-2014|2014-2015|2014-2015|2015-2016,41172,30000,8000,20000
bb2015-16.pdf,47,NA,412-40-30-00,OTHER MISCELLANEOUS WORKS,2013-2014|2014-2015|2014-2015|2015-2016,61414,100000,50000,10000
bb2015-16.pdf,48,NB,412-10-09-00,SPECIFIC GRANTS - GoTN - CMCDM (2011-2012),2013-2014|2014-2015|2014-2015|2015-2016,104345,0,3000,0
bb2015-16.pdf,48,NB,412-10-10-00,SPECIFIC GRANTS - GoTN - CMCDM (2012-2013),2013-2014|2014-2015|2014-2015|2015-2016,77387,0,0,0
bb2015-16.pdf,48,NB,412-10-12-00,SPECIFIC GRANTS - GoTN - CMCDM (2013-2014),2013-2014|2014-2015|2014-2015|2015-2016,58743,300000,330000,0
bb2015-16.pdf,48,NB,412-20-03-00,SPECIFIC FUNDS - MAYOR SPECIAL DEVELOPMENT FUND WORKS,2013-2014|2014-2015|2014-2015|2015-2016,0,1330,1330,1330
bb2015-16.pdf,48,NB,412-20-04-00,SPECIFIC FUNDS - COUNCILLOR WARD IMPROVEMENT WORKS,2013-2014|2014-2015|2014-2015|2015-2016,18060,21000,21000,21000
bb2015-16.pdf,48,NB,412-40-02-00,PARKS AND GARDENS,2013-2014|2014-2015|2014-2015|2015-2016,22325,40000,20000,0
bb2015-16.pdf,48,NB,412-40-04-05,NOON MEAL SHEDS,2013-2014|2014-2015|2014-2015|2015-2016,,0,0,10000
bb2015-16.pdf,48,NB,412-40-04-06,ANGANVADI CENTRES,2013-2014|2014-2015|2014-2015|2015-2016,,0,0,10000
bb2015-16.pdf,48,NB,412-40-05-09,AMMA UNAVAGAM - BUILDINGS,2013-2014|2014-2015|2014-2015|2015-2016,,0,0,30000
bb2015-16.pdf,48,NB,412-40-06-04,PUBLIC CONVENIENCE,2013-2014|2014-2015|2014-2015|2015-2016,,0,0,10000
bb2015-16.pdf,48,NB,412-40-06-05,DHOBIKHANA,2013-2014|2014-2015|2014-2015|2015-2016,,0,0,10000
bb2015-16.pdf,48,NB,412-40-06-08,GYM BUILDING,2013-2014|2014-2015|2014-2015|2015-2016,,0,0,10000
bb2015-16.pdf,48,NB,412-40-06-09,BURIAL GROUND BUILDING,2013-2014|2014-2015|2014-2015|2015-2016,,0,0,10000
bb2015-16.pdf,48,NB,412-40-07-02,CONCRETE ROADS-INTERIOR ROADS,2013-2014|2014-2015|2014-2015|2015-2016,4983,35000,50000,20000
bb2015-16.pdf,48,NB,412-40-08-02,BLACKTOPPED-INTERIOR ROADS,2013-2014|2014-2015|2014-2015|2015-2016,48335,150000,150000,50000
bb2015-16.pdf,48,NB,412-40-11-00,STORM WATER DRAINS AND CULVERTS,2013-2014|2014-2015|2014-2015|2015-2016,41345,35000,50000,20000
bb2015-16.pdf,48,NB,412-40-30-00,OTHER MISCELLANEOUS WORKS,2013-2014|2014-2015|2014-2015|2015-2016,50349,50000,50000,10000
bb2015-16.pdf,49,NC,412-10-09-00,SPECIFIC GRANTS - GoTN - CMCDM (2011-2012),2013-2014|2014-2015|2014-2015|2015-2016,89249,0,4300,0
bb2015-16.pdf,49,NC,412-10-10-00,SPECIFIC GRANTS - GoTN - CMCDM (2012-2013),2013-2014|2014-2015|2014-2015|2015-2016,145527,0,18000,0
bb2015-16.pdf,49,NC,412-10-12-00,SPECIFIC GRANTS - GoTN - CMCDM (2013-2014),2013-2014|2014-2015|2014-2015|2015-2016,137788,133400,208400,0
bb2015-16.pdf,49,NC,412-20-03-00,SPECIFIC FUNDS - MAYOR SPECIAL DEVELOPMENT FUND WORKS,2013-2014|2014-2015|2014-2015|2015-2016,0,1330,1330,1330
bb2015-16.pdf,49,NC,412-20-04-00,SPECIFIC FUNDS - COUNCILLOR WARD IMPROVEMENT WORKS,2013-2014|2014-2015|2014-2015|2015-2016,17953,36000,36000,36000
bb2015-16.pdf,49,NC,412-40-02-00,PARKS AND GARDENS,2013-2014|2014-2015|2014-2015|2015-2016,15008,30000,30000,0
bb2015-16.pdf,49,NC,412-40-04-05,NOON MEAL SHEDS,2013-2014|2014-2015|2014-2015|2015-2016,,0,0,10000
bb2015-16.pdf,49,NC,412-40-04-06,ANGANVADI CENTRES,2013-2014|2014-2015|2014-2015|2015-2016,,0,0,10000
bb2015-16.pdf,49,NC,412-40-05-09,AMMA UNAVAGAM - BUILDINGS,2013-2014|2014-2015|2014-2015|2015-2016,,0,0,30000
bb2015-16.pdf,49,NC,412-40-06-04,PUBLIC CONVENIENCE,2013-2014|2014-2015|2014-2015|2015-2016,,0,0,10000
bb2015-16.pdf,49,NC,412-40-06-05,DHOBIKHANA,2013-2014|2014-2015|2014-2015|2015-2016,,0,0,10000
bb2015-16.pdf,49,NC,412-40-06-08,GYM BUILDING,2013-2014|2014-2015|2014-2015|2015-2016,,0,0,10000
bb2015-16.pdf,49,NC,412-40-06-09,BURIAL GROUND BUILDING,2013-2014|2014-2015|2014-2015|2015-2016,,0,0,10000
bb2015-16.pdf,49,NC,412-40-07-02,CONCRETE ROADS-INTERIOR ROADS,2013-2014|2014-2015|2014-2015|2015-2016,0,200000,1500,0
bb2015-16.pdf,49,NC,412-40-08-02,BLACKTOPPED-INTERIOR ROADS,2013-2014|2014-2015|2014-2015|2015-2016,202107,300000,2050000,150000
bb2015-16.pdf,49,NC,412-40-11-00,STORM WATER DRAINS AND CULVERTS,2013-2014|2014-2015|2014-2015|2015-2016,14734,20000,17000,20000
bb2015-16.pdf,49,NC,412-40-30-00,OTHER MISCELLANEOUS WORKS,2013-2014|2014-2015|2014-2015|2015-2016,64242,60000,50000,10000
bb2015-16.pdf,50,ND,412-10-07-01,SPECIFIC GRANTS -JNNURM-BSUP-ROADS,2013-2014|2014-2015|2014-2015|2015-2016,5009,0,0,0
bb2015-16.pdf,50,ND,412-10-10-00,SPECIFIC GRANTS - GoTN - CMCDM (2012-2013),2013-2014|2014-2015|2014-2015|2015-2016,111107,0,50000,0
bb2015-16.pdf,50,ND,412-20-03-00,SPECIFIC FUNDS - MAYOR SPECIAL DEVELOPMENT FUND WORKS,2013-2014|2014-2015|2014-2015|2015-2016,0,1330,1330,1330
bb2015-16.pdf,50,ND,412-20-04-00,SPECIFIC FUNDS - COUNCILLOR WARD IMPROVEMENT WORKS,2013-2014|2014-2015|2014-2015|2015-2016,26961,45000,45000,45000
bb2015-16.pdf,50,ND,412-40-02-00,PARKS AND GARDENS,2013-2014|2014-2015|2014-2015|2015-2016,12260,5000,20000,0
bb2015-16.pdf,50,ND,412-40-04-05,NOON MEAL SHEDS,2013-2014|2014-2015|2014-2015|2015-2016,,0,0,10000
bb2015-16.pdf,50,ND,412-40-04-06,ANGANVADI CENTRES,2013-2014|2014-2015|2014-2015|2015-2016,,0,0,10000
bb2015-16.pdf,50,ND,412-40-05-09,AMMA UNAVAGAM - BUILDINGS,2013-2014|2014-2015|2014-2015|2015-2016,,0,0,30000
bb2015-16.pdf,50,ND,412-40-06-04,PUBLIC CONVENIENCE,2013-2014|2014-2015|2014-2015|2015-2016,,0,0,10000
bb2015-16.pdf,50,ND,412-40-06-05,DHOBIKHANA,2013-2014|2014-2015|2014-2015|2015-2016,,0,0,10000
bb2015-16.pdf,50,ND,412-40-06-08,GYM BUILDING,2013-2014|2014-2015|2014-2015|2015-2016,,0,0,10000
bb2015-16.pdf,50,ND,412-40-06-09,BURIAL GROUND BUILDING,2013-2014|2014-2015|2014-2015|2015-2016,,0,0,10000
bb2015-16.pdf,50,ND,412-40-07-02,CONCRETE ROADS-INTERIOR ROADS,2013-2014|2014-2015|2014-2015|2015-2016,89234,150000,170000,200000
bb2015-16.pdf,50,ND,412-40-08-02,BLACKTOPPED-INTERIOR ROADS,2013-2014|2014-2015|2014-2015|2015-2016,42055,250000,350000,300000
bb2015-16.pdf,50,ND,412-40-11-00,STORM WATER DRAINS AND CULVERTS,2013-2014|2014-2015|2014-2015|2015-2016,20158,20000,50000,20000
bb2015-16.pdf,50,ND,412-40-30-00,OTHER MISCELLANEOUS WORKS,2013-2014|2014-2015|2014-2015|2015-2016,81130,80000,250000,10000
bb2015-16.pdf,51,NE,412-10-07-04,SPECIFIC GRANTS -JNNURM-BSUP-BUILDINGS,2013-2014|2014-2015|2014-2015|2015-2016,0,0,9700,0
bb2015-16.pdf,51,NE,412-10-10-00,SPECIFIC GRANTS - GoTN - CMCDM (2012-2013),2013-2014|2014-2015|2014-2015|2015-2016,88963,0,10000,0
bb2015-16.pdf,51,NE,412-20-03-00,SPECIFIC FUNDS - MAYOR SPECIAL DEVELOPMENT FUND WORKS,2013-2014|2014-2015|2014-2015|2015-2016,0,1330,1330,1330
bb2015-16.pdf,51,NE,412-20-04-00,SPECIFIC FUNDS - COUNCILLOR WARD IMPROVEMENT WORKS,2013-2014|2014-2015|2014-2015|2015-2016,37203,45000,45000,45000
bb2015-16.pdf,51,NE,412-40-02-00,PARKS AND GARDENS,2013-2014|2014-2015|2014-2015|2015-2016,23291,35000,35000,0
bb2015-16.pdf,51,NE,412-40-04-05,NOON MEAL SHEDS,2013-2014|2014-2015|2014-2015|2015-2016,,0,0,10000
bb2015-16.pdf,51,NE,412-40-04-06,ANGANVADI CENTRES,2013-2014|2014-2015|2014-2015|2015-2016,,0,0,10000
bb2015-16.pdf,51,NE,412-40-05-09,AMMA UNAVAGAM - BUILDINGS,2013-2014|2014-2015|2014-2015|2015-2016,,0,0,30000
bb2015-16.pdf,51,NE,412-40-06-04,PUBLIC CONVENIENCE,2013-2014|2014-2015|2014-2015|2015-2016,,0,0,10000
bb2015-16.pdf,51,NE,412-40-06-05,DHOBIKHANA,2013-2014|2014-2015|2014-2015|2015-2016,,0,0,10000
bb2015-16.pdf,51,NE,412-40-06-08,GYM BUILDING,2013-2014|2014-2015|2014-2015|2015-2016,,0,0,10000
bb2015-16.pdf,51,NE,412-40-06-09,BURIAL GROUND BUILDING,2013-2014|2014-2015|2014-2015|2015-2016,,0,0,10000
bb2015-16.pdf,51,NE,412-40-07-02,CONCRETE ROADS-INTERIOR ROADS,2013-2014|2014-2015|2014-2015|2015-2016,58229,100000,100000,200000
bb2015-16.pdf,51,NE,412-40-08-02,BLACKTOPPED-INTERIOR ROADS,2013-2014|2014-2015|2014-2015|2015-2016,48339,200000,240000,150000
bb2015-16.pdf,51,NE,412-40-11-00,STORM WATER DRAINS AND CULVERTS,2013-2014|2014-2015|2014-2015|2015-2016,31236,50000,50000,20000
bb2015-16.pdf,51,NE,412-40-30-00,OTHER MISCELLANEOUS WORKS,2013-2014|2014-2015|2014-2015|2015-2016,193025,100000,200000,10000
bb2015-16.pdf,52,NF,412-10-07-01,SPECIFIC GRANTS -JNNURM-BSUP-ROADS,2013-2014|2014-2015|2014-2015|2015-2016,866,0,0,0
bb2015-16.pdf,52,NF,412-10-07-04,SPECIFIC GRANTS -JNNURM-BSUP-BUILDINGS,2013-2014|2014-2015|2014-2015|2015-2016,332,0,0,0
bb2015-16.pdf,52,NF,412-10-10-00,SPECIFIC GRANTS - GoTN - CMCDM (2012-2013),2013-2014|2014-2015|2014-2015|2015-2016,73681,0,1300,0
bb2015-16.pdf,52,NF,412-20-03-00,SPECIFIC FUNDS - MAYOR SPECIAL DEVELOPMENT FUND WORKS,2013-2014|2014-2015|2014-2015|2015-2016,1260,1330,1600,1330
bb2015-16.pdf,52,NF,412-20-04-00,SPECIFIC FUNDS - COUNCILLOR WARD IMPROVEMENT WORKS,2013-2014|2014-2015|2014-2015|2015-2016,34663,45000,45000,45000
bb2015-16.pdf,52,NF,412-40-02-00,PARKS AND GARDENS,2013-2014|2014-2015|2014-2015|2015-2016,8300,10000,5000,0
bb2015-16.pdf,52,NF,412-40-04-05,NOON MEAL SHEDS,2013-2014|2014-2015|2014-2015|2015-2016,,0,0,10000
bb2015-16.pdf,52,NF,412-40-04-06,ANGANVADI CENTRES,2013-2014|2014-2015|2014-2015|2015-2016,,0,0,10000
bb2015-16.pdf,52,NF,412-40-05-09,AMMA UNAVAGAM - BUILDINGS,2013-2014|2014-2015|2014-2015|2015-2016,,0,0,30000
bb2015-16.pdf,52,NF,412-40-06-04,PUBLIC CONVENIENCE,2013-2014|2014-2015|2014-2015|2015-2016,,0,0,10000
bb2015-16.pdf,52,NF,412-40-06-05,DHOBIKHANA,2013-2014|2014-2015|2014-2015|2015-2016,,0,0,10000
bb2015-16.pdf,52,NF,412-40-06-08,GYM BUILDING,2013-2014|2014-2015|2014-2015|2015-2016,,0,0,10000
bb2015-16.pdf,52,NF,412-40-06-09,BURIAL GROUND BUILDING,2013-2014|2014-2015|2014-2015|2015-2016,,0,0,10000
bb2015-16.pdf,52,NF,412-40-07-02,CONCRETE ROADS-INTERIOR ROADS,2013-2014|2014-2015|2014-2015|2015-2016,6788,200000,200000,200000
bb2015-16.pdf,52,NF,412-40-08-02,BLACKTOPPED-INTERIOR ROADS,2013-2014|2014-2015|2014-2015|2015-2016,65669,200000,250000,350000
bb2015-16.pdf,52,NF,412-40-11-00,STORM WATER DRAINS AND CULVERTS,2013-2014|2014-2015|2014-2015|2015-2016,17810,20000,25000,20000
bb2015-16.pdf,52,NF,412-40-30-00,OTHER MISCELLANEOUS WORKS,2013-2014|2014-2015|2014-2015|2015-2016,110943,100000,100000,10000
bb2015-16.pdf,53,NG,412-10-09-00,SPECIFIC GRANTS - GoTN - CMCDM (2011-2012),2013-2014|2014-2015|2014-2015|2015-2016,328176,0,160000,0
bb2015-16.pdf,53,NG,412-10-10-00,SPECIFIC GRANTS - GoTN - CMCDM (2012-2013),2013-2014|2014-2015|2014-2015|2015-2016,227793,0,290000,0
bb2015-16.pdf,53,NG,412-10-12-00,SPECIFIC GRANTS - GoTN - CMCDM (2013-2014),2013-2014|2014-2015|2014-2015|2015-2016,2998,500000,1290000,0
bb2015-16.pdf,53,NG,412-20-03-00,SPECIFIC FUNDS - MAYOR SPECIAL DEVELOPMENT FUND WORKS,2013-2014|2014-2015|2014-2015|2015-2016,0,1330,1330,1330
bb2015-16.pdf,53,NG,412-20-04-00,SPECIFIC FUNDS - COUNCILLOR WARD IMPROVEMENT WORKS,2013-2014|2014-2015|2014-2015|2015-2016,9354,45000,45000,45000
bb2015-16.pdf,53,NG,412-40-02-00,PARKS AND GARDENS,2013-2014|2014-2015|2014-2015|2015-2016,17323,70000,25000,0
bb2015-16.pdf,53,NG,412-40-04-05,NOON MEAL SHEDS,2013-2014|2014-2015|2014-2015|2015-2016,,0,0,10000
bb2015-16.pdf,53,NG,412-40-04-06,ANGANVADI CENTRES,2013-2014|2014-2015|2014-2015|2015-2016,,0,0,10000
bb2015-16.pdf,53,NG,412-40-05-09,AMMA UNAVAGAM - BUILDINGS,2013-2014|2014-2015|2014-2015|2015-2016,,0,0,30000
bb2015-16.pdf,53,NG,412-40-06-04,PUBLIC CONVENIENCE,2013-2014|2014-2015|2014-2015|2015-2016,,0,0,10000
bb2015-16.pdf,53,NG,412-40-06-05,DHOBIKHANA,2013-2014|2014-2015|2014-2015|2015-2016,,0,0,10000
bb2015-16.pdf,53,NG,412-40-06-08,GYM BUILDING,2013-2014|2014-2015|2014-2015|2015-2016,,0,0,10000
bb2015-16.pdf,53,NG,412-40-06-09,BURIAL GROUND BUILDING,2013-2014|2014-2015|2014-2015|2015-2016,,0,0,10000
bb2015-16.pdf,53,NG,412-40-07-02,CONCRETE ROADS-INTERIOR ROADS,2013-2014|2014-2015|2014-2015|2015-2016,21585,80000,75000,70000
bb2015-16.pdf,53,NG,412-40-08-02,BLACKTOPPED-INTERIOR ROADS,2013-2014|2014-2015|2014-2015|2015-2016,213092,500000,260000,500000
bb2015-16.pdf,53,NG,412-40-11-00,STORM WATER DRAINS AND CULVERTS,2013-2014|2014-2015|2014-2015|2015-2016,6041,100000,10000,20000
bb2015-16.pdf,53,NG,412-40-30-00,OTHER MISCELLANEOUS WORKS,2013-2014|2014-2015|2014-2015|2015-2016,58245,100000,50000,10000
bb2015-16.pdf,54,NH,412-10-07-01,SPECIFIC GRANTS -JNNURM-BSUP-ROADS,2013-2014|2014-2015|2014-2015|2015-2016,395,0,15000,0
bb2015-16.pdf,54,NH,412-10-07-04,SPECIFIC GRANTS -JNNURM-BSUP-BUILDINGS,2013-2014|2014-2015|2014-2015|2015-2016,0,3000,3000,0
bb2015-16.pdf,54,NH,412-10-10-00,SPECIFIC GRANTS - GoTN - CMCDM (2012-2013),2013-2014|2014-2015|2014-2015|2015-2016,205776,0,3000,0
bb2015-16.pdf,54,NH,412-20-03-00,SPECIFIC FUNDS - MAYOR SPECIAL DEVELOPMENT FUND WORKS,2013-2014|2014-2015|2014-2015|2015-2016,1037,1330,1330,1330
bb2015-16.pdf,54,NH,412-20-04-00,SPECIFIC FUNDS - COUNCILLOR WARD IMPROVEMENT WORKS,2013-2014|2014-2015|2014-2015|2015-2016,35412,45000,45000,45000
bb2015-16.pdf,54,NH,412-40-02-00,PARKS AND GARDENS,2013-2014|2014-2015|2014-2015|2015-2016,27752,20000,50000,0
bb2015-16.pdf,54,NH,412-40-04-05,NOON MEAL SHEDS,2013-2014|2014-2015|2014-2015|2015-2016,,0,0,10000
bb2015-16.pdf,54,NH,412-40-04-06,ANGANVADI CENTRES,2013-2014|2014-2015|2014-2015|2015-2016,,0,0,10000
bb2015-16.pdf,54,NH,412-40-05-09,AMMA UNAVAGAM - BUILDINGS,2013-2014|2014-2015|2014-2015|2015-2016,,0,0,30000
bb2015-16.pdf,54,NH,412-40-06-04,PUBLIC CONVENIENCE,2013-2014|2014-2015|2014-2015|2015-2016,,0,0,10000
bb2015-16.pdf,54,NH,412-40-06-05,DHOBIKHANA,2013-2014|2014-2015|2014-2015|2015-2016,,0,0,10000
bb2015-16.pdf,54,NH,412-40-06-08,GYM BUILDING,2013-2014|2014-2015|2014-2015|2015-2016,,0,0,10000
bb2015-16.pdf,54,NH,412-40-06-09,BURIAL GROUND BUILDING,2013-2014|2014-2015|2014-2015|2015-2016,,0,0,10000
bb2015-16.pdf,54,NH,412-40-07-02,CONCRETE ROADS-INTERIOR ROADS,2013-2014|2014-2015|2014-2015|2015-2016,64159,100000,150000,100000
bb2015-16.pdf,54,NH,412-40-08-02,BLACKTOPPED-INTERIOR ROADS,2013-2014|2014-2015|2014-2015|2015-2016,187738,200000,350000,200000
bb2015-16.pdf,54,NH,412-40-11-00,STORM WATER DRAINS AND CULVERTS,2013-2014|2014-2015|2014-2015|2015-2016,45615,50000,60000,20000
bb2015-16.pdf,54,NH,412-40-30-00,OTHER MISCELLANEOUS WORKS,2013-2014|2014-2015|2014-2015|2015-2016,187157,100000,180000,10000
bb2015-16.pdf,55,NJ,412-10-07-01,SPECIFIC GRANTS -JNNURM-BSUP-ROADS,2013-2014|2014-2015|2014-2015|2015-2016,1282,0,1500,0
bb2015-16.pdf,55,NJ,412-10-10-00,SPECIFIC GRANTS - GoTN - CMCDM (2012-2013),2013-2014|2014-2015|2014-2015|2015-2016,35148,0,4000,0
bb2015-16.pdf,55,NJ,412-20-03-00,SPECIFIC FUNDS - MAYOR SPECIAL DEVELOPMENT FUND WORKS,2013-2014|2014-2015|2014-2015|2015-2016,0,1330,1330,1330
bb2015-16.pdf,55,NJ,412-20-04-00,SPECIFIC FUNDS - COUNCILLOR WARD IMPROVEMENT WORKS,2013-2014|2014-2015|2014-2015|2015-2016,22719,54000,54000,54000
bb2015-16.pdf,55,NJ,412-40-02-00,PARKS AND GARDENS,2013-2014|2014-2015|2014-2015|2015-2016,16376,20000,25000,0
bb2015-16.pdf,55,NJ,412-40-04-05,NOON MEAL SHEDS,2013-2014|2014-2015|2014-2015|2015-2016,,0,0,10000
bb2015-16.pdf,55,NJ,412-40-04-06,ANGANVADI CENTRES,2013-2014|2014-2015|2014-2015|2015-2016,,0,0,10000
bb2015-16.pdf,55,NJ,412-40-05-09,AMMA UNAVAGAM - BUILDINGS,2013-2014|2014-2015|2014-2015|2015-2016,,0,0,30000
bb2015-16.pdf,55,NJ,412-40-06-04,PUBLIC CONVENIENCE,2013-2014|2014-2015|2014-2015|2015-2016,,0,0,10000
bb2015-16.pdf,55,NJ,412-40-06-05,DHOBIKHANA,2013-2014|2014-2015|2014-2015|2015-2016,,0,0,10000
bb2015-16.pdf,55,NJ,412-40-06-08,GYM BUILDING,2013-2014|2014-2015|2014-2015|2015-2016,,0,0,10000
bb2015-16.pdf,55,NJ,412-40-06-09,BURIAL GROUND BUILDING,2013-2014|2014-2015|2014-2015|2015-2016,,0,0,10000
bb2015-16.pdf,55,NJ,412-40-07-02,CONCRETE ROADS-INTERIOR ROADS,2013-2014|2014-2015|2014-2015|2015-2016,77010,100000,140000,200000
bb2015-16.pdf,55,NJ,412-40-08-02,BLACKTOPPED-INTERIOR ROADS,2013-2014|2014-2015|2014-2015|2015-2016,91121,150000,280000,350000
bb2015-16.pdf,55,NJ,412-40-11-00,STORM WATER DRAINS AND CULVERTS,2013-2014|2014-2015|2014-2015|2015-2016,17214,30000,60000,20000
bb2015-16.pdf,55,NJ,412-40-30-00,OTHER MISCELLANEOUS WORKS,2013-2014|2014-2015|2014-2015|2015-2016,184879,100000,330000,10000
bb2015-16.pdf,56,NK,412-10-07-01,SPECIFIC GRANTS -JNNURM-BSUP-ROADS,2013-2014|2014-2015|2014-2015|2015-2016,2782,0,0,0
bb2015-16.pdf,56,NK,412-10-09-00,SPECIFIC GRANTS - GoTN - CMCDM (2011-2012),2013-2014|2014-2015|2014-2015|2015-2016,11560,0,0,0
bb2015-16.pdf,56,NK,412-10-10-00,SPECIFIC GRANTS - GoTN - CMCDM (2012-2013),2013-2014|2014-2015|2014-2015|2015-2016,38602,0,0,0
bb2015-16.pdf,56,NK,412-20-03-00,SPECIFIC FUNDS - MAYOR SPECIAL DEVELOPMENT FUND WORKS,2013-2014|2014-2015|2014-2015|2015-2016,0,1330,1530,1330
bb2015-16.pdf,56,NK,412-20-04-00,SPECIFIC FUNDS - COUNCILLOR WARD IMPROVEMENT WORKS,2013-2014|2014-2015|2014-2015|2015-2016,15384,48000,48000,48000
bb2015-16.pdf,56,NK,412-40-02-00,PARKS AND GARDENS,2013-2014|2014-2015|2014-2015|2015-2016,32677,30000,80000,0
bb2015-16.pdf,56,NK,412-40-04-05,NOON MEAL SHEDS,2013-2014|2014-2015|2014-2015|2015-2016,,0,0,10000
bb2015-16.pdf,56,NK,412-40-04-06,ANGANVADI CENTRES,2013-2014|2014-2015|2014-2015|2015-2016,,0,0,10000
bb2015-16.pdf,56,NK,412-40-05-09,AMMA UNAVAGAM - BUILDINGS,2013-2014|2014-2015|2014-2015|2015-2016,,0,0,30000
bb2015-16.pdf,56,NK,412-40-06-04,PUBLIC CONVENIENCE,2013-2014|2014-2015|2014-2015|2015-2016,,0,0,10000
bb2015-16.pdf,56,NK,412-40-06-05,DHOBIKHANA,2013-2014|2014-2015|2014-2015|2015-2016,,0,0,10000
bb2015-16.pdf,56,NK,412-40-06-08,GYM BUILDING,2013-2014|2014-2015|2014-2015|2015-2016,,0,0,10000
bb2015-16.pdf,56,NK,412-40-06-09,BURIAL GROUND BUILDING,2013-2014|2014-2015|2014-2015|2015-2016,,0,0,10000
bb2015-16.pdf,56,NK,412-40-07-02,CONCRETE ROADS-INTERIOR ROADS,2013-2014|2014-2015|2014-2015|2015-2016,58025,100000,250000,200000
bb2015-16.pdf,56,NK,412-40-08-02,BLACKTOPPED-INTERIOR ROADS,2013-2014|2014-2015|2014-2015|2015-2016,139619,150000,350000,300000
bb2015-16.pdf,56,NK,412-40-11-00,STORM WATER DRAINS AND CULVERTS,2013-2014|2014-2015|2014-2015|2015-2016,73620,30000,90000,20000
bb2015-16.pdf,56,NK,412-40-30-00,OTHER MISCELLANEOUS WORKS,2013-2014|2014-2015|2014-2015|2015-2016,244732,150000,300000,10000
bb2015-16.pdf,57,NL,412-10-09-00,SPECIFIC GRANTS - GoTN - CMCDM (2011-2012),2013-2014|2014-2015|2014-2015|2015-2016,315193,0,2500,0
bb2015-16.pdf,57,NL,412-10-10-00,SPECIFIC GRANTS - GoTN - CMCDM (2012-2013),2013-2014|2014-2015|2014-2015|2015-2016,398311,200000,390000,0
bb2015-16.pdf,57,NL,412-10-12-00,SPECIFIC GRANTS - GoTN - CMCDM (2013-2014),2013-2014|2014-2015|2014-2015|2015-2016,14050,150000,200000,0
bb2015-16.pdf,57,NL,412-20-03-00,SPECIFIC FUNDS - MAYOR SPECIAL DEVELOPMENT FUND WORKS,2013-2014|2014-2015|2014-2015|2015-2016,0,1330,1330,1330
bb2015-16.pdf,57,NL,412-20-04-00,SPECIFIC FUNDS - COUNCILLOR WARD IMPROVEMENT WORKS,2013-2014|2014-2015|2014-2015|2015-2016,38342,39000,39000,39000
bb2015-16.pdf,57,NL,412-40-02-00,PARKS AND GARDENS,2013-2014|2014-2015|2014-2015|2015-2016,39820,50000,30000,0
bb2015-16.pdf,57,NL,412-40-04-05,NOON MEAL SHEDS,2013-2014|2014-2015|2014-2015|2015-2016,,0,0,10000
bb2015-16.pdf,57,NL,412-40-04-06,ANGANVADI CENTRES,2013-2014|2014-2015|2014-2015|2015-2016,,0,0,10000
bb2015-16.pdf,57,NL,412-40-05-09,AMMA UNAVAGAM - BUILDINGS,2013-2014|2014-2015|2014-2015|2015-2016,,0,0,30000
bb2015-16.pdf,57,NL,412-40-06-04,PUBLIC CONVENIENCE,2013-2014|2014-2015|2014-2015|2015-2016,,0,0,10000
bb2015-16.pdf,57,NL,412-40-06-05,DHOBIKHANA,2013-2014|2014-2015|2014-2015|2015-2016,,0,0,10000
bb2015-16.pdf,57,NL,412-40-06-08,GYM BUILDING,2013-2014|2014-2015|2014-2015|2015-2016,,0,0,10000
bb2015-16.pdf,57,NL,412-40-06-09,BURIAL GROUND BUILDING,2013-2014|2014-2015|2014-2015|2015-2016,,0,0,10000
bb2015-16.pdf,57,NL,412-40-07-02,CONCRETE ROADS-INTERIOR ROADS,2013-2014|2014-2015|2014-2015|2015-2016,24852,100000,50000,100000
bb2015-16.pdf,57,NL,412-40-08-02,BLACKTOPPED-INTERIOR ROADS,2013-2014|2014-2015|2014-2015|2015-2016,222184,250000,450000,250000
bb2015-16.pdf,57,NL,412-40-11-00,STORM WATER DRAINS AND CULVERTS,2013-2014|2014-2015|2014-2015|2015-2016,79828,50000,40000,20000
bb2015-16.pdf,57,NL,412-40-30-00,OTHER MISCELLANEOUS WORKS,2013-2014|2014-2015|2014-2015|2015-2016,62895,50000,75000,10000
bb2015-16.pdf,58,NM,412-10-09-00,SPECIFIC GRANTS - GoTN - CMCDM (2011-2012),2013-2014|2014-2015|2014-2015|2015-2016,274256,0,1500,0
bb2015-16.pdf,58,NM,412-10-10-00,SPECIFIC GRANTS - GoTN - CMCDM (2012-2013),2013-2014|2014-2015|2014-2015|2015-2016,156305,0,2000,0
bb2015-16.pdf,58,NM,412-10-12-00,SPECIFIC GRANTS - GoTN - CMCDM (2013-2014),2013-2014|2014-2015|2014-2015|2015-2016,4416,302300,180000,0
bb2015-16.pdf,58,NM,412-20-03-00,SPECIFIC FUNDS - MAYOR SPECIAL DEVELOPMENT FUND WORKS,2013-2014|2014-2015|2014-2015|2015-2016,0,1330,1330,1330
bb2015-16.pdf,58,NM,412-20-04-00,SPECIFIC FUNDS - COUNCILLOR WARD IMPROVEMENT WORKS,2013-2014|2014-2015|2014-2015|2015-2016,11587,36000,36000,36000
bb2015-16.pdf,58,NM,412-40-02-00,PARKS AND GARDENS,2013-2014|2014-2015|2014-2015|2015-2016,30165,50000,70000,0
bb2015-16.pdf,58,NM,412-40-04-05,NOON MEAL SHEDS,2013-2014|2014-2015|2014-2015|2015-2016,,0,0,10000
bb2015-16.pdf,58,NM,412-40-04-06,ANGANVADI CENTRES,2013-2014|2014-2015|2014-2015|2015-2016,,0,0,10000
bb2015-16.pdf,58,NM,412-40-05-09,AMMA UNAVAGAM - BUILDINGS,2013-2014|2014-2015|2014-2015|2015-2016,,0,0,30000
bb2015-16.pdf,58,NM,412-40-06-04,PUBLIC CONVENIENCE,2013-2014|2014-2015|2014-2015|2015-2016,,0,0,10000
bb2015-16.pdf,58,NM,412-40-06-05,DHOBIKHANA,2013-2014|2014-2015|2014-2015|2015-2016,,0,0,10000
bb2015-16.pdf,58,NM,412-40-06-08,GYM BUILDING,2013-2014|2014-2015|2014-2015|2015-2016,,0,0,10000
bb2015-16.pdf,58,NM,412-40-06-09,BURIAL GROUND BUILDING,2013-2014|2014-2015|2014-2015|2015-2016,,0,0,10000
bb2015-16.pdf,58,NM,412-40-07-02,CONCRETE ROADS-INTERIOR ROADS,2013-2014|2014-2015|2014-2015|2015-2016,33731,100000,150000,100000
bb2015-16.pdf,58,NM,412-40-08-02,BLACKTOPPED-INTERIOR ROADS,2013-2014|2014-2015|2014-2015|2015-2016,107053,150000,170000,250000
bb2015-16.pdf,58,NM,412-40-11-00,STORM WATER DRAINS AND CULVERTS,2013-2014|2014-2015|2014-2015|2015-2016,56756,100000,140000,20000
bb2015-16.pdf,58,NM,412-40-30-00,OTHER MISCELLANEOUS WORKS,2013-2014|2014-2015|2014-2015|2015-2016,37965,50000,50000,10000
bb2015-16.pdf,59,NN,412-10-07-01,SPECIFIC GRANTS -JNNURM-BSUP-ROADS,2013-2014|2014-2015|2014-2015|2015-2016,13159,5000,1500,0
bb2015-16.pdf,59,NN,412-10-09-00,SPECIFIC GRANTS - GoTN - CMCDM (2011-2012),2013-2014|2014-2015|2014-2015|2015-2016,1475,0,0,0
bb2015-16.pdf,59,NN,412-10-10-00,SPECIFIC GRANTS - GoTN - CMCDM (2012-2013),2013-2014|2014-2015|2014-2015|2015-2016,56936,0,2000,0
bb2015-16.pdf,59,NN,412-20-03-00,SPECIFIC FUNDS - MAYOR SPECIAL DEVELOPMENT FUND WORKS,2013-2014|2014-2015|2014-2015|2015-2016,0,1330,1330,1330
bb2015-16.pdf,59,NN,412-20-04-00,SPECIFIC FUNDS - COUNCILLOR WARD IMPROVEMENT WORKS,2013-2014|2014-2015|2014-2015|2015-2016,12800,39000,39000,39000
bb2015-16.pdf,59,NN,412-40-02-00,PARKS AND GARDENS,2013-2014|2014-2015|2014-2015|2015-2016,18709,20000,10000,0
bb2015-16.pdf,59,NN,412-40-04-05,NOON MEAL SHEDS,2013-2014|2014-2015|2014-2015|2015-2016,,0,0,10000
bb2015-16.pdf,59,NN,412-40-04-06,ANGANVADI CENTRES,2013-2014|2014-2015|2014-2015|2015-2016,,0,0,10000
bb2015-16.pdf,59,NN,412-40-05-09,AMMA UNAVAGAM - BUILDINGS,2013-2014|2014-2015|2014-2015|2015-2016,,0,0,30000
bb2015-16.pdf,59,NN,412-40-06-04,PUBLIC CONVENIENCE,2013-2014|2014-2015|2014-2015|2015-2016,,0,0,10000
bb2015-16.pdf,59,NN,412-40-06-05,DHOBIKHANA,2013-2014|2014-2015|2014-2015|2015-2016,,0,0,10000
bb2015-16.pdf,59,NN,412-40-06-08,GYM BUILDING,2013-2014|2014-2015|2014-2015|2015-2016,,0,0,10000
bb2015-16.pdf,59,NN,412-40-06-09,BURIAL GROUND BUILDING,2013-2014|2014-2015|2014-2015|2015-2016,,0,0,10000
bb2015-16.pdf,59,NN,412-40-07-02,CONCRETE ROADS-INTERIOR ROADS,2013-2014|2014-2015|2014-2015|2015-2016,18041,100000,140000,130000
bb2015-16.pdf,59,NN,412-40-08-02,BLACKTOPPED-INTERIOR ROADS,2013-2014|2014-2015|2014-2015|2015-2016,77962,300000,350000,350000
bb2015-16.pdf,59,NN,412-40-11-00,STORM WATER DRAINS AND CULVERTS,2013-2014|2014-2015|2014-2015|2015-2016,11144,20000,25000,20000
bb2015-16.pdf,59,NN,412-40-30-00,OTHER MISCELLANEOUS WORKS,2013-2014|2014-2015|2014-2015|2015-2016,90944,100000,120000,10000
bb2015-16.pdf,60,NP,412-10-09-00,SPECIFIC GRANTS - GoTN - CMCDM (2011-2012),2013-2014|2014-2015|2014-2015|2015-2016,275920,0,0,0
bb2015-16.pdf,60,NP,412-10-10-00,SPECIFIC GRANTS - GoTN - CMCDM (2012-2013),2013-2014|2014-2015|2014-2015|2015-2016,269459,0,20000,0
bb2015-16.pdf,60,NP,412-10-12-00,SPECIFIC GRANTS - GoTN - CMCDM (2013-2014),2013-2014|2014-2015|2014-2015|2015-2016,102295,877400,720000,0
bb2015-16.pdf,60,NP,412-20-03-00,SPECIFIC FUNDS - MAYOR SPECIAL DEVELOPMENT FUND WORKS,2013-2014|2014-2015|2014-2015|2015-2016,0,1355,885,1355
bb2015-16.pdf,60,NP,412-20-04-00,SPECIFIC FUNDS - COUNCILLOR WARD IMPROVEMENT WORKS,2013-2014|2014-2015|2014-2015|2015-2016,19086,33000,33000,33000
bb2015-16.pdf,60,NP,412-40-02-00,PARKS AND GARDENS,2013-2014|2014-2015|2014-2015|2015-2016,35210,90000,50000,0
bb2015-16.pdf,60,NP,412-40-04-05,NOON MEAL SHEDS,2013-2014|2014-2015|2014-2015|2015-2016,,0,0,10000
bb2015-16.pdf,60,NP,412-40-04-06,ANGANVADI CENTRES,2013-2014|2014-2015|2014-2015|2015-2016,,0,0,10000
bb2015-16.pdf,60,NP,412-40-05-09,AMMA UNAVAGAM - BUILDINGS,2013-2014|2014-2015|2014-2015|2015-2016,,0,0,30000
bb2015-16.pdf,60,NP,412-40-06-04,PUBLIC CONVENIENCE,2013-2014|2014-2015|2014-2015|2015-2016,,0,0,10000
bb2015-16.pdf,60,NP,412-40-06-05,DHOBIKHANA,2013-2014|2014-2015|2014-2015|2015-2016,,0,0,10000
bb2015-16.pdf,60,NP,412-40-06-08,GYM BUILDING,2013-2014|2014-2015|2014-2015|2015-2016,,0,0,10000
bb2015-16.pdf,60,NP,412-40-06-09,BURIAL GROUND BUILDING,2013-2014|2014-2015|2014-2015|2015-2016,,0,0,10000
bb2015-16.pdf,60,NP,412-40-07-02,CONCRETE ROADS-INTERIOR ROADS,2013-2014|2014-2015|2014-2015|2015-2016,13801,20000,50000,20000
bb2015-16.pdf,60,NP,412-40-08-02,BLACKTOPPED-INTERIOR ROADS,2013-2014|2014-2015|2014-2015|2015-2016,224440,400000,1100000,500000
bb2015-16.pdf,60,NP,412-40-11-00,STORM WATER DRAINS AND CULVERTS,2013-2014|2014-2015|2014-2015|2015-2016,79775,50000,130000,20000
bb2015-16.pdf,60,NP,412-40-30-00,OTHER MISCELLANEOUS WORKS,2013-2014|2014-2015|2014-2015|2015-2016,69957,100000,120000,10000
bb2015-16.pdf,61,NQ,412-10-09-00,SPECIFIC GRANTS - GoTN - CMCDM (2011-2012),2013-2014|2014-2015|2014-2015|2015-2016,159664,0,13200,0
bb2015-16.pdf,61,NQ,412-10-10-00,SPECIFIC GRANTS - GoTN - CMCDM (2012-2013),2013-2014|2014-2015|2014-2015|2015-2016,154226,0,12500,0
bb2015-16.pdf,61,NQ,412-20-03-00,SPECIFIC FUNDS - MAYOR SPECIAL DEVELOPMENT FUND WORKS,2013-2014|2014-2015|2014-2015|2015-2016,0,1355,1355,1355
bb2015-16.pdf,61,NQ,412-20-04-00,SPECIFIC FUNDS - COUNCILLOR WARD IMPROVEMENT WORKS,2013-2014|2014-2015|2014-2015|2015-2016,15408,27000,27000,27000
bb2015-16.pdf,61,NQ,412-40-02-00,PARKS AND GARDENS,2013-2014|2014-2015|2014-2015|2015-2016,60097,100000,100000,0
bb2015-16.pdf,61,NQ,412-40-04-05,NOON MEAL SHEDS,2013-2014|2014-2015|2014-2015|2015-2016,,0,0,10000
bb2015-16.pdf,61,NQ,412-40-04-06,ANGANVADI CENTRES,2013-2014|2014-2015|2014-2015|2015-2016,,0,0,10000
bb2015-16.pdf,61,NQ,412-40-05-09,AMMA UNAVAGAM - BUILDINGS,2013-2014|2014-2015|2014-2015|2015-2016,,0,0,30000
bb2015-16.pdf,61,NQ,412-40-06-04,PUBLIC CONVENIENCE,2013-2014|2014-2015|2014-2015|2015-2016,,0,0,10000
bb2015-16.pdf,61,NQ,412-40-06-05,DHOBIKHANA,2013-2014|2014-2015|2014-2015|2015-2016,,0,0,10000
bb2015-16.pdf,61,NQ,412-40-06-08,GYM BUILDING,2013-2014|2014-2015|2014-2015|2015-2016,,0,0,10000
bb2015-16.pdf,61,NQ,412-40-06-09,BURIAL GROUND BUILDING,2013-2014|2014-2015|2014-2015|2015-2016,,0,0,10000
bb2015-16.pdf,61,NQ,412-40-07-02,CONCRETE ROADS-INTERIOR ROADS,2013-2014|2014-2015|2014-2015|2015-2016,39067,150000,150000,100000
bb2015-16.pdf,61,NQ,412-40-08-02,BLACKTOPPED-INTERIOR ROADS,2013-2014|2014-2015|2014-2015|2015-2016,155687,400000,700000,650000
bb2015-16.pdf,61,NQ,412-40-11-00,STORM WATER DRAINS AND CULVERTS,2013-2014|2014-2015|2014-2015|2015-2016,30276,50000,30000,20000
bb2015-16.pdf,61,NQ,412-40-30-00,OTHER MISCELLANEOUS WORKS,2013-2014|2014-2015|2014-2015|2015-2016,50274,50000,90000,10000
bb2015-16.pdf,79,NA,410-40-07-02,PLANT &amp; MACHINERY-FOGGING MACHINES-PORTABLE,2013-2014|2014-2015|2014-2015|2015-2016,117,0,0,0
bb2015-16.pdf,79,NA,410-40-10-00,PLANT &amp; MACHINERY-TECHNICAL LABORATORY EQUIPMENTS,2013-2014|2014-2015|2014-2015|2015-2016,995,0,700,500
bb2015-16.pdf,79,NA,410-40-12-00,PLANT &amp; MACHINERY-TREE CUTTING EQUIPMENTS,2013-2014|2014-2015|2014-2015|2015-2016,290,200,200,200
bb2015-16.pdf,79,NA,410-40-14-00,PLANT &amp; MACHINERY-DEWATERING PUMPS,2013-2014|2014-2015|2014-2015|2015-2016,712,0,0,0
bb2015-16.pdf,79,NA,410-40-22-00,PLANT &amp; MACHINERY - PLASTIC SHREDDING MACHINE,2013-2014|2014-2015|2014-2015|2015-2016,302,300,300,200
bb2015-16.pdf,79,NA,410-40-23-02,PLANT &amp; MACHINERY - AMMA UNAVAGAM,2013-2014|2014-2015|2014-2015|2015-2016,,0,0,500
bb2015-16.pdf,79,NA,410-70-01-00,"FURNITURE, FIXTURES, FITTINGS &amp; ELECTRICAL APPLIANCES-CHAIR",2013-2014|2014-2015|2014-2015|2015-2016,0,100,100,100
bb2015-16.pdf,79,NA,410-70-02-00,"FURNITURE, FIXTURES, FITTINGS &amp; ELECTRICAL APPLIANCES-TABLE",2013-2014|2014-2015|2014-2015|2015-2016,0,100,100,100
bb2015-16.pdf,79,NA,410-70-03-00,"FURNITURE, FIXTURES, FITTINGS &amp; ELECTRICAL APPLIANCES-BUREAUS &amp; RACKS",2013-2014|2014-2015|2014-2015|2015-2016,0,100,100,100
bb2015-16.pdf,79,NA,410-80-00-00,OTHER FIXED ASSETS,2013-2014|2014-2015|2014-2015|2015-2016,3275,1000,1300,2000
bb2015-16.pdf,80,NB,410-40-07-02,PLANT &amp; MACHINERY-FOGGING MACHINES-PORTABLE,2013-2014|2014-2015|2014-2015|2015-2016,119,0,0,0
bb2015-16.pdf,80,NB,410-40-10-00,PLANT &amp; MACHINERY-TECHNICAL LABORATORY EQUIPMENTS,2013-2014|2014-2015|2014-2015|2015-2016,995,0,0,0
bb2015-16.pdf,80,NB,410-40-12-00,PLANT &amp; MACHINERY-TREE CUTTING EQUIPMENTS,2013-2014|2014-2015|2014-2015|2015-2016,0,100,100,100
bb2015-16.pdf,80,NB,410-40-15-00,PLANT &amp; MACHINERY-GENERATORS,2013-2014|2014-2015|2014-2015|2015-2016,0,0,100,100
bb2015-16.pdf,80,NB,410-40-22-00,PLANT &amp; MACHINERY - PLASTIC SHREDDING MACHINE,2013-2014|2014-2015|2014-2015|2015-2016,196,100,800,100
bb2015-16.pdf,80,NB,410-40-23-02,PLANT &amp; MACHINERY - AMMA UNAVAGAM,2013-2014|2014-2015|2014-2015|2015-2016,,,0,500
bb2015-16.pdf,80,NB,410-60-12-00,OFFICE &amp; OTHER EQUIPMENTS-EPBAX &amp; TELEPHONES,2013-2014|2014-2015|2014-2015|2015-2016,0,0,200,0
bb2015-16.pdf,80,NB,410-70-01-00,"FURNITURE, FIXTURES, FITTINGS &amp; ELECTRICAL APPLIANCES-CHAIR",2013-2014|2014-2015|2014-2015|2015-2016,0,100,200,100
bb2015-16.pdf,80,NB,410-70-02-00,"FURNITURE, FIXTURES, FITTINGS &amp; ELECTRICAL APPLIANCES-TABLE",2013-2014|2014-2015|2014-2015|2015-2016,0,100,100,100
bb2015-16.pdf,80,NB,410-70-03-00,"FURNITURE, FIXTURES, FITTINGS &amp; ELECTRICAL APPLIANCES-BUREAUS &amp; RACKS",2013-2014|2014-2015|2014-2015|2015-2016,0,100,100,100
bb2015-16.pdf,80,NB,410-80-00-00,OTHER FIXED ASSETS,2013-2014|2014-2015|2014-2015|2015-2016,972,1000,1000,2000
bb2015-16.pdf,81,NC,410-40-07-02,PLANT &amp; MACHINERY-FOGGING MACHINES-PORTABLE,2013-2014|2014-2015|2014-2015|2015-2016,105,0,0,0
bb2015-16.pdf,81,NC,410-40-12-00,PLANT &amp; MACHINERY-TREE CUTTING EQUIPMENTS,2013-2014|2014-2015|2014-2015|2015-2016,0,100,100,100
bb2015-16.pdf,81,NC,410-40-15-00,PLANT &amp; MACHINERY-GENERATORS,2013-2014|2014-2015|2014-2015|2015-2016,320,0,100,100
bb2015-16.pdf,81,NC,410-40-22-00,PLANT &amp; MACHINERY - PLASTIC SHREDDING MACHINE,2013-2014|2014-2015|2014-2015|2015-2016,305,100,100,100
bb2015-16.pdf,81,NC,410-40-23-02,PLANT &amp; MACHINERY - AMMA UNAVAGAM,2013-2014|2014-2015|2014-2015|2015-2016,,0,0,500
bb2015-16.pdf,81,NC,410-60-09-00,OFFICE &amp; OTHER EQUIPMENTS-AIR CONDITIONER,2013-2014|2014-2015|2014-2015|2015-2016,122,100,100,100
bb2015-16.pdf,81,NC,410-70-01-00,"FURNITURE, FIXTURES, FITTINGS &amp; ELECTRICAL APPLIANCES-CHAIR",2013-2014|2014-2015|2014-2015|2015-2016,0,100,100,100
bb2015-16.pdf,81,NC,410-70-02-00,"FURNITURE, FIXTURES, FITTINGS &amp; ELECTRICAL APPLIANCES-TABLE",2013-2014|2014-2015|2014-2015|2015-2016,0,100,100,100
bb2015-16.pdf,81,NC,410-70-03-00,"FURNITURE, FIXTURES, FITTINGS &amp; ELECTRICAL APPLIANCES-BUREAUS &amp; RACKS",2013-2014|2014-2015|2014-2015|2015-2016,0,100,100,100
bb2015-16.pdf,81,NC,410-80-00-00,OTHER FIXED ASSETS,2013-2014|2014-2015|2014-2015|2015-2016,4055,1000,1000,2000
bb2015-16.pdf,82,ND,410-40-07-02,PLANT &amp; MACHINERY-FOGGING MACHINES-PORTABLE,2013-2014|2014-2015|2014-2015|2015-2016,117,0,0,0
bb2015-16.pdf,82,ND,410-40-10-00,PLANT &amp; MACHINERY-TECHNICAL LABORATORY EQUIPMENTS,2013-2014|2014-2015|2014-2015|2015-2016,1081,0,0,0
bb2015-16.pdf,82,ND,410-40-12-00,PLANT &amp; MACHINERY-TREE CUTTING EQUIPMENTS,2013-2014|2014-2015|2014-2015|2015-2016,297,100,300,100
bb2015-16.pdf,82,ND,410-40-22-00,PLANT &amp; MACHINERY - PLASTIC SHREDDING MACHINE,2013-2014|2014-2015|2014-2015|2015-2016,302,100,100,100
bb2015-16.pdf,82,ND,410-40-23-02,PLANT &amp; MACHINERY - AMMA UNAVAGAM,2013-2014|2014-2015|2014-2015|2015-2016,,0,0,500
bb2015-16.pdf,82,ND,410-70-01-00,"FURNITURE, FIXTURES, FITTINGS &amp; ELECTRICAL APPLIANCES-CHAIR",2013-2014|2014-2015|2014-2015|2015-2016,0,100,100,100
bb2015-16.pdf,82,ND,410-70-02-00,"FURNITURE, FIXTURES, FITTINGS &amp; ELECTRICAL APPLIANCES-TABLE",2013-2014|2014-2015|2014-2015|2015-2016,0,100,100,100
bb2015-16.pdf,82,ND,410-70-03-00,"FURNITURE, FIXTURES, FITTINGS &amp; ELECTRICAL APPLIANCES-BUREAUS &amp; RACKS",2013-2014|2014-2015|2014-2015|2015-2016,0,100,100,100
bb2015-16.pdf,82,ND,410-80-00-00,OTHER FIXED ASSETS,2013-2014|2014-2015|2014-2015|2015-2016,0,1000,1000,2000
bb2015-16.pdf,83,NE,410-40-07-02,PLANT &amp; MACHINERY-FOGGING MACHINES-PORTABLE,2013-2014|2014-2015|2014-2015|2015-2016,0,0,200,0
bb2015-16.pdf,83,NE,410-40-22-00,PLANT &amp; MACHINERY - PLASTIC SHREDDING MACHINE,2013-2014|2014-2015|2014-2015|2015-2016,0,200,200,100
bb2015-16.pdf,83,NE,410-40-23-02,PLANT &amp; MACHINERY - AMMA UNAVAGAM,2013-2014|2014-2015|2014-2015|2015-2016,,0,0,500
bb2015-16.pdf,83,NE,410-70-01-00,"FURNITURE, FIXTURES, FITTINGS &amp; ELECTRICAL APPLIANCES-CHAIR",2013-2014|2014-2015|2014-2015|2015-2016,0,500,100,100
bb2015-16.pdf,83,NE,410-70-02-00,"FURNITURE, FIXTURES, FITTINGS &amp; ELECTRICAL APPLIANCES-TABLE",2013-2014|2014-2015|2014-2015|2015-2016,0,500,100,100
bb2015-16.pdf,83,NE,410-70-03-00,"FURNITURE, FIXTURES, FITTINGS &amp; ELECTRICAL APPLIANCES-BUREAUS &amp; RACKS",2013-2014|2014-2015|2014-2015|2015-2016,0,500,100,100
bb2015-16.pdf,83,NE,410-80-00-00,OTHER FIXED ASSETS,2013-2014|2014-2015|2014-2015|2015-2016,6408,1000,5000,5000
bb2015-16.pdf,84,NF,410-40-10-00,PLANT &amp; MACHINERY-TECHNICAL LABORATORY EQUIPMENTS,2013-2014|2014-2015|2014-2015|2015-2016,995,0,0,0
bb2015-16.pdf,84,NF,410-40-12-00,PLANT &amp; MACHINERY-TREE CUTTING EQUIPMENTS,2013-2014|2014-2015|2014-2015|2015-2016,0,0,200,100
bb2015-16.pdf,84,NF,410-40-22-00,PLANT &amp; MACHINERY - PLASTIC SHREDDING MACHINE,2013-2014|2014-2015|2014-2015|2015-2016,302,100,100,100
bb2015-16.pdf,84,NF,410-40-23-02,PLANT &amp; MACHINERY - AMMA UNAVAGAM,2013-2014|2014-2015|2014-2015|2015-2016,,0,0,500
bb2015-16.pdf,84,NF,410-60-09-00,OFFICE &amp; OTHER EQUIPMENTS-AIR CONDITIONER,2013-2014|2014-2015|2014-2015|2015-2016,0,0,0,0
bb2015-16.pdf,84,NF,410-70-01-00,"FURNITURE, FIXTURES, FITTINGS &amp; ELECTRICAL APPLIANCES-CHAIR",2013-2014|2014-2015|2014-2015|2015-2016,0,100,100,100
bb2015-16.pdf,84,NF,410-70-02-00,"FURNITURE, FIXTURES, FITTINGS &amp; ELECTRICAL APPLIANCES-TABLE",2013-2014|2014-2015|2014-2015|2015-2016,0,100,100,100
bb2015-16.pdf,84,NF,410-70-03-00,"FURNITURE, FIXTURES, FITTINGS &amp; ELECTRICAL APPLIANCES-BUREAUS &amp; RACKS",2013-2014|2014-2015|2014-2015|2015-2016,0,100,100,100
bb2015-16.pdf,84,NF,410-70-06-00,"FURNITURE, FIXTURES, FITTINGS &amp; ELECTRICAL APPLIANCES-ELECTRICAL FITTINGS",2013-2014|2014-2015|2014-2015|2015-2016,224,0,200,100
bb2015-16.pdf,84,NF,410-80-00-00,OTHER FIXED ASSETS,2013-2014|2014-2015|2014-2015|2015-2016,4395,1000,1000,2000
bb2015-16.pdf,85,NG,410-40-10-00,PLANT &amp; MACHINERY-TECHNICAL LABORATORY EQUIPMENTS,2013-2014|2014-2015|2014-2015|2015-2016,1168,0,0,0
bb2015-16.pdf,85,NG,410-40-15-00,PLANT &amp; MACHINERY - GENERATORS,2013-2014|2014-2015|2014-2015|2015-2016,320,0,0,0
bb2015-16.pdf,85,NG,410-40-22-00,PLANT &amp; MACHINERY - PLASTIC SHREDDING MACHINE,2013-2014|2014-2015|2014-2015|2015-2016,0,100,100,100
bb2015-16.pdf,85,NG,410-40-23-02,PLANT &amp; MACHINERY - AMMA UNAVAGAM,2013-2014|2014-2015|2014-2015|2015-2016,,0,0,500
bb2015-16.pdf,85,NG,410-70-01-00,"FURNITURE, FIXTURES, FITTINGS &amp; ELECTRICAL APPLIANCES-CHAIR",2013-2014|2014-2015|2014-2015|2015-2016,0,100,100,100
bb2015-16.pdf,85,NG,410-70-02-00,"FURNITURE, FIXTURES, FITTINGS &amp; ELECTRICAL APPLIANCES-TABLE",2013-2014|2014-2015|2014-2015|2015-2016,0,100,100,100
bb2015-16.pdf,85,NG,410-70-03-00,"FURNITURE, FIXTURES, FITTINGS &amp; ELECTRICAL APPLIANCES-BUREAUS &amp; RACKS",2013-2014|2014-2015|2014-2015|2015-2016,0,100,100,100
bb2015-16.pdf,85,NG,410-80-00-00,OTHER FIXED ASSETS,2013-2014|2014-2015|2014-2015|2015-2016,497,1000,3000,3000
bb2015-16.pdf,86,NH,410-40-07-02,PLANT &amp; MACHINERY-FOGGING MACHINES-PORTABLE,2013-2014|2014-2015|2014-2015|2015-2016,118,0,0,0
bb2015-16.pdf,86,NH,410-40-10-00,PLANT &amp; MACHINERY-TECHNICAL LABORATORY EQUIPMENTS,2013-2014|2014-2015|2014-2015|2015-2016,995,0,200,200
bb2015-16.pdf,86,NH,410-40-22-00,PLANT &amp; MACHINERY - PLASTIC SHREDDING MACHINE,2013-2014|2014-2015|2014-2015|2015-2016,0,100,100,100
bb2015-16.pdf,86,NH,410-40-23-02,PLANT &amp; MACHINERY - AMMA UNAVAGAM,2013-2014|2014-2015|2014-2015|2015-2016,,0,0,500
bb2015-16.pdf,86,NH,410-60-09-00,OFFICE &amp; OTHER EQUIPMENTS-AIR CONDITIONER,2013-2014|2014-2015|2014-2015|2015-2016,0,0,400,100
bb2015-16.pdf,86,NH,410-70-01-00,"FURNITURE, FIXTURES, FITTINGS &amp; ELECTRICAL APPLIANCES-CHAIR",2013-2014|2014-2015|2014-2015|2015-2016,60,100,500,100
bb2015-16.pdf,86,NH,410-70-02-00,"FURNITURE, FIXTURES, FITTINGS &amp; ELECTRICAL APPLIANCES-TABLE",2013-2014|2014-2015|2014-2015|2015-2016,0,100,6000,100
bb2015-16.pdf,86,NH,410-70-03-00,"FURNITURE, FIXTURES, FITTINGS &amp; ELECTRICAL APPLIANCES-BUREAUS &amp; RACKS",2013-2014|2014-2015|2014-2015|2015-2016,0,100,9000,100
bb2015-16.pdf,86,NH,410-70-04-00,"FURNITURE, FIXTURES, FITTINGS &amp; ELECTRICAL APPLIANCES-FIXURES",2013-2014|2014-2015|2014-2015|2015-2016,86,0,0,0
bb2015-16.pdf,86,NH,410-70-08-00,"FURNITURE, FIXTURES, FITTINGS &amp; ELECTRICAL APPLIANCES-INVERTORS",2013-2014|2014-2015|2014-2015|2015-2016,0,100,100,100
bb2015-16.pdf,86,NH,410-80-00-00,OTHER FIXED ASSETS,2013-2014|2014-2015|2014-2015|2015-2016,4277,1000,3400,3000
bb2015-16.pdf,87,NJ,410-40-10-00,PLANT &amp; MACHINERY-TECHNICAL LABORATORY EQUIPMENTS,2013-2014|2014-2015|2014-2015|2015-2016,995,0,0,0
bb2015-16.pdf,87,NJ,410-40-12-00,PLANT &amp; MACHINERY-TREE CUTTING EQUIPMENTS,2013-2014|2014-2015|2014-2015|2015-2016,488,300,300,300
bb2015-16.pdf,87,NJ,410-40-14-00,PLANT &amp; MACHINERY-DEWATERING PUMPS,2013-2014|2014-2015|2014-2015|2015-2016,706,0,0,0
bb2015-16.pdf,87,NJ,410-40-22-00,PLANT &amp; MACHINERY - PLASTIC SHREDDING MACHINE,2013-2014|2014-2015|2014-2015|2015-2016,606,100,100,100
bb2015-16.pdf,87,NJ,410-40-23-02,PLANT &amp; MACHINERY - AMMA UNAVAGAM,2013-2014|2014-2015|2014-2015|2015-2016,,0,0,500
bb2015-16.pdf,87,NJ,410-60-02-00,OFFICE &amp; OTHER EQUIPMENTS-COMPUTERS,2013-2014|2014-2015|2014-2015|2015-2016,,,800,100
bb2015-16.pdf,87,NJ,410-70-01-00,"FURNITURE, FIXTURES, FITTINGS &amp; ELECTRICAL APPLIANCES-CHAIR",2013-2014|2014-2015|2014-2015|2015-2016,0,100,100,100
bb2015-16.pdf,87,NJ,410-70-02-00,"FURNITURE, FIXTURES, FITTINGS &amp; ELECTRICAL APPLIANCES-TABLE",2013-2014|2014-2015|2014-2015|2015-2016,0,100,100,100
bb2015-16.pdf,87,NJ,410-70-03-00,"FURNITURE, FIXTURES, FITTINGS &amp; ELECTRICAL APPLIANCES-BUREAUS &amp; RACKS",2013-2014|2014-2015|2014-2015|2015-2016,0,100,100,100
bb2015-16.pdf,87,NJ,410-70-08-00,"FURNITURE, FIXTURES, FITTINGS &amp; ELECTRICAL APPLIANCES-INVERTORS",2013-2014|2014-2015|2014-2015|2015-2016,0,50,0,0
bb2015-16.pdf,87,NJ,410-80-00-00,OTHER FIXED ASSETS,2013-2014|2014-2015|2014-2015|2015-2016,5851,1000,6400,5000
bb2015-16.pdf,88,NK,410-40-07-02,PLANT &amp; MACHINERY-FOGGING MACHINES-PORTABLE,2013-2014|2014-2015|2014-2015|2015-2016,117,0,0,0
bb2015-16.pdf,88,NK,410-40-10-00,PLANT &amp; MACHINERY-TECHNICAL LABORATORY EQUIPMENTS,2013-2014|2014-2015|2014-2015|2015-2016,995,0,0,0
bb2015-16.pdf,88,NK,410-40-14-00,PLANT &amp; MACHINERY-DEWATERING PUMPS,2013-2014|2014-2015|2014-2015|2015-2016,767,100,100,100
bb2015-16.pdf,88,NK,410-40-22-00,PLANT &amp; MACHINERY - PLASTIC SHREDDING MACHINE,2013-2014|2014-2015|2014-2015|2015-2016,303,300,300,300
bb2015-16.pdf,88,NK,410-40-23-02,PLANT &amp; MACHINERY - AMMA UNAVAGAM,2013-2014|2014-2015|2014-2015|2015-2016,,,0,500
bb2015-16.pdf,88,NK,410-60-02-00,OFFICE &amp; OTHER EQUIPMENTS-COMPUTERS,2013-2014|2014-2015|2014-2015|2015-2016,0,0,700,100
bb2015-16.pdf,88,NK,410-60-04-00,OFFICE &amp; OTHER EQUIPMENTS-PRINTER,2013-2014|2014-2015|2014-2015|2015-2016,0,0,50,50
bb2015-16.pdf,88,NK,410-60-06-00,OFFICE &amp; OTHER EQUIPMENTS-NETWORK EQUIPMENTS,2013-2014|2014-2015|2014-2015|2015-2016,,0,400,50
bb2015-16.pdf,88,NK,410-60-08-00,OFFICE &amp; OTHER EQUIPMENTS-PHOTO COPIER,2013-2014|2014-2015|2014-2015|2015-2016,130,0,150,0
bb2015-16.pdf,88,NK,410-70-01-00,"FURNITURE, FIXTURES, FITTINGS &amp; ELECTRICAL APPLIANCES-CHAIR",2013-2014|2014-2015|2014-2015|2015-2016,100,100,150,100
bb2015-16.pdf,88,NK,410-70-02-00,"FURNITURE, FIXTURES, FITTINGS &amp; ELECTRICAL APPLIANCES-TABLE",2013-2014|2014-2015|2014-2015|2015-2016,248,100,500,100
bb2015-16.pdf,88,NK,410-70-03-00,"FURNITURE, FIXTURES, FITTINGS &amp; ELECTRICAL APPLIANCES-BUREAUS &amp; RACKS",2013-2014|2014-2015|2014-2015|2015-2016,68,100,350,100
bb2015-16.pdf,88,NK,410-70-08-00,"FURNITURE, FIXTURES, FITTINGS &amp; ELECTRICAL APPLIANCES-INVERTORS",2013-2014|2014-2015|2014-2015|2015-2016,564,100,50,100
bb2015-16.pdf,88,NK,410-80-00-00,OTHER FIXED ASSETS,2013-2014|2014-2015|2014-2015|2015-2016,6384,1000,3000,3000
bb2015-16.pdf,89,NL,410-40-07-02,PLANT &amp; MACHINERY-FOGGING MACHINES-PORTABLE,2013-2014|2014-2015|2014-2015|2015-2016,117,0,0,0
bb2015-16.pdf,89,NL,410-40-15-00,PLANT &amp; MACHINERY - GENERATORS,2013-2014|2014-2015|2014-2015|2015-2016,384,0,0,0
bb2015-16.pdf,89,NL,410-40-22-00,PLANT &amp; MACHINERY - PLASTIC SHREDDING MACHINE,2013-2014|2014-2015|2014-2015|2015-2016,96,500,100,100
bb2015-16.pdf,89,NL,410-40-23-02,PLANT &amp; MACHINERY - AMMA UNAVAGAM,2013-2014|2014-2015|2014-2015|2015-2016,,0,0,500
bb2015-16.pdf,89,NL,410-60-06-00,OFFICE &amp; OTHER EQUIPMENTS-NETWORK EQUIPMENTS,2013-2014|2014-2015|2014-2015|2015-2016,0,0,350,100
bb2015-16.pdf,89,NL,410-70-01-00,"FURNITURE, FIXTURES, FITTINGS &amp; ELECTRICAL APPLIANCES-CHAIR",2013-2014|2014-2015|2014-2015|2015-2016,55,100,100,100
bb2015-16.pdf,89,NL,410-70-02-00,"FURNITURE, FIXTURES, FITTINGS &amp; ELECTRICAL APPLIANCES-TABLE",2013-2014|2014-2015|2014-2015|2015-2016,55,100,100,100
bb2015-16.pdf,89,NL,410-70-03-00,"FURNITURE, FIXTURES, FITTINGS &amp; ELECTRICAL APPLIANCES-BUREAUS &amp; RACKS",2013-2014|2014-2015|2014-2015|2015-2016,0,100,100,100
bb2015-16.pdf,89,NL,410-80-00-00,OTHER FIXED ASSETS,2013-2014|2014-2015|2014-2015|2015-2016,535,1000,1000,2000
bb2015-16.pdf,90,NM,410-40-07-02,PLANT &amp; MACHINERY-FOGGING MACHINES-PORTABLE,2013-2014|2014-2015|2014-2015|2015-2016,0,0,150,0
bb2015-16.pdf,90,NM,410-40-12-00,PLANT &amp; MACHINERY-TREE CUTTING EQUIPMENTS,2013-2014|2014-2015|2014-2015|2015-2016,216,100,300,100
bb2015-16.pdf,90,NM,410-40-15-00,PLANT &amp; MACHINERY - GENERATORS,2013-2014|2014-2015|2014-2015|2015-2016,403,0,0,0
bb2015-16.pdf,90,NM,410-40-22-00,PLANT &amp; MACHINERY - PLASTIC SHREDDING MACHINE,2013-2014|2014-2015|2014-2015|2015-2016,302,100,100,100
bb2015-16.pdf,90,NM,410-40-23-02,PLANT &amp; MACHINERY - AMMA UNAVAGAM,2013-2014|2014-2015|2014-2015|2015-2016,,0,0,500
bb2015-16.pdf,90,NM,410-70-01-00,"FURNITURE, FIXTURES, FITTINGS &amp; ELECTRICAL APPLIANCES-CHAIR",2013-2014|2014-2015|2014-2015|2015-2016,0,100,200,100
bb2015-16.pdf,90,NM,410-70-02-00,"FURNITURE, FIXTURES, FITTINGS &amp; ELECTRICAL APPLIANCES-TABLE",2013-2014|2014-2015|2014-2015|2015-2016,0,100,200,100
bb2015-16.pdf,90,NM,410-70-03-00,"FURNITURE, FIXTURES, FITTINGS &amp; ELECTRICAL APPLIANCES-BUREAUS &amp; RACKS",2013-2014|2014-2015|2014-2015|2015-2016,45,100,200,100
bb2015-16.pdf,90,NM,410-80-00-00,OTHER FIXED ASSETS,2013-2014|2014-2015|2014-2015|2015-2016,5580,1000,1000,2000
bb2015-16.pdf,91,NN,410-40-10-00,PLANT &amp; MACHINERY-TECHNICAL LABORATORY EQUIPMENTS,2013-2014|2014-2015|2014-2015|2015-2016,995,0,0,0
bb2015-16.pdf,91,NN,410-40-12-00,PLANT &amp; MACHINERY-TREE CUTTING EQUIPMENTS,2013-2014|2014-2015|2014-2015|2015-2016,270,350,100,100
bb2015-16.pdf,91,NN,410-40-15-00,PLANT &amp; MACHINERY - GENERATORS,2013-2014|2014-2015|2014-2015|2015-2016,320,0,100,0
bb2015-16.pdf,91,NN,410-40-22-00,PLANT &amp; MACHINERY - PLASTIC SHREDDING MACHINE,2013-2014|2014-2015|2014-2015|2015-2016,0,100,100,100
bb2015-16.pdf,91,NN,410-40-23-02,PLANT &amp; MACHINERY - AMMA UNAVAGAM,2013-2014|2014-2015|2014-2015|2015-2016,,0,0,500
bb2015-16.pdf,91,NN,410-60-06-00,OFFICE &amp; OTHER EQUIPMENTS-NETWORK EQUIPMENTS,2013-2014|2014-2015|2014-2015|2015-2016,,0,600,100
bb2015-16.pdf,91,NN,410-70-01-00,"FURNITURE, FIXTURES, FITTINGS &amp; ELECTRICAL APPLIANCES-CHAIR",2013-2014|2014-2015|2014-2015|2015-2016,303,200,100,100
bb2015-16.pdf,91,NN,410-70-02-00,"FURNITURE, FIXTURES, FITTINGS &amp; ELECTRICAL APPLIANCES-TABLE",2013-2014|2014-2015|2014-2015|2015-2016,184,200,100,100
bb2015-16.pdf,91,NN,410-70-03-00,"FURNITURE, FIXTURES, FITTINGS &amp; ELECTRICAL APPLIANCES-BUREAUS &amp; RACKS",2013-2014|2014-2015|2014-2015|2015-2016,44,100,100,100
bb2015-16.pdf,91,NN,410-80-00-00,OTHER FIXED ASSETS,2013-2014|2014-2015|2014-2015|2015-2016,1280,1000,10500,5000
bb2015-16.pdf,92,NP,410-40-07-02,PLANT &amp; MACHINERY-FOGGING MACHINES-PORTABLE,2013-2014|2014-2015|2014-2015|2015-2016,0,0,0,0
bb2015-16.pdf,92,NP,410-40-10-00,PLANT &amp; MACHINERY-TECHNICAL LABORATORY EQUIPMENTS,2013-2014|2014-2015|2014-2015|2015-2016,995,500,100,100
bb2015-16.pdf,92,NP,410-40-14-00,PLANT &amp; MACHINERY-DEWATERING PUMPS,2013-2014|2014-2015|2014-2015|2015-2016,508,100,100,100
bb2015-16.pdf,92,NP,410-40-15-00,PLANT &amp; MACHINERY - GENERATORS,2013-2014|2014-2015|2014-2015|2015-2016,0,0,1400,0
bb2015-16.pdf,92,NP,410-40-22-00,PLANT &amp; MACHINERY - PLASTIC SHREDDING MACHINE,2013-2014|2014-2015|2014-2015|2015-2016,302,200,100,100
bb2015-16.pdf,92,NP,410-40-23-02,PLANT &amp; MACHINERY - AMMA UNAVAGAM,2013-2014|2014-2015|2014-2015|2015-2016,,,0,500
bb2015-16.pdf,92,NP,410-60-02-00,OFFICE &amp; OTHER EQUIPMENTS-COMPUTERS,2013-2014|2014-2015|2014-2015|2015-2016,0,0,50,50
bb2015-16.pdf,92,NP,410-70-01-00,"FURNITURE, FIXTURES, FITTINGS &amp; ELECTRICAL APPLIANCES-CHAIR",2013-2014|2014-2015|2014-2015|2015-2016,95,100,100,100
bb2015-16.pdf,92,NP,410-70-02-00,"FURNITURE, FIXTURES, FITTINGS &amp; ELECTRICAL APPLIANCES-TABLE",2013-2014|2014-2015|2014-2015|2015-2016,96,100,100,100
bb2015-16.pdf,92,NP,410-70-03-00,"FURNITURE, FIXTURES, FITTINGS &amp; ELECTRICAL APPLIANCES-BUREAUS &amp; RACKS",2013-2014|2014-2015|2014-2015|2015-2016,94,100,100,100
bb2015-16.pdf,92,NP,410-80-00-00,OTHER FIXED ASSETS,2013-2014|2014-2015|2014-2015|2015-2016,3832,1000,1750,2000
bb2015-16.pdf,93,NQ,410-40-10-00,PLANT &amp; MACHINERY-TECHNICAL LABORATORY EQUIPMENTS,2013-2014|2014-2015|2014-2015|2015-2016,0,0,1300,500
bb2015-16.pdf,93,NQ,410-40-12-00,PLANT &amp; MACHINERY-TREE CUTTING EQUIPMENTS,2013-2014|2014-2015|2014-2015|2015-2016,0,0,200,100
bb2015-16.pdf,93,NQ,410-40-14-00,PLANT &amp; MACHINERY-DEWATERING PUMPS,2013-2014|2014-2015|2014-2015|2015-2016,324,0,0,0
bb2015-16.pdf,93,NQ,410-40-15-00,PLANT &amp; MACHINERY - GENERATORS,2013-2014|2014-2015|2014-2015|2015-2016,371,0,0,0
bb2015-16.pdf,93,NQ,410-40-22-00,PLANT &amp; MACHINERY - PLASTIC SHREDDING MACHINE,2013-2014|2014-2015|2014-2015|2015-2016,0,300,600,100
bb2015-16.pdf,93,NQ,410-40-23-02,PLANT &amp; MACHINERY - AMMA UNAVAGAM,2013-2014|2014-2015|2014-2015|2015-2016,,,0,500
bb2015-16.pdf,93,NQ,410-60-02-00,OFFICE &amp; OTHER EQUIPMENTS-COMPUTERS,2013-2014|2014-2015|2014-2015|2015-2016,0,0,400,100
bb2015-16.pdf,93,NQ,410-60-03-00,OFFICE &amp; OTHER EQUIPMENTS-STEABLIZER &amp; UPS,2013-2014|2014-2015|2014-2015|2015-2016,0,0,200,100
bb2015-16.pdf,93,NQ,410-60-04-00,OFFICE &amp; OTHER EQUIPMENTS-PRINTER,2013-2014|2014-2015|2014-2015|2015-2016,0,0,200,100
bb2015-16.pdf,93,NQ,410-60-07-00,OFFICE &amp; OTHER EQUIPMENTS-FAX MACHINE,2013-2014|2014-2015|2014-2015|2015-2016,0,0,50,0
bb2015-16.pdf,93,NQ,410-70-01-00,"FURNITURE, FIXTURES, FITTINGS &amp; ELECTRICAL APPLIANCES-CHAIR",2013-2014|2014-2015|2014-2015|2015-2016,156,100,100,100
bb2015-16.pdf,93,NQ,410-70-02-00,"FURNITURE, FIXTURES, FITTINGS &amp; ELECTRICAL APPLIANCES-TABLE",2013-2014|2014-2015|2014-2015|2015-2016,310,100,300,100
bb2015-16.pdf,93,NQ,410-70-03-00,"FURNITURE, FIXTURES, FITTINGS &amp; ELECTRICAL APPLIANCES-BUREAUS &amp; RACKS",2013-2014|2014-2015|2014-2015|2015-2016,61,100,2000,100
bb2015-16.pdf,93,NQ,410-80-00-00,OTHER FIXED ASSETS,2013-2014|2014-2015|2014-2015|2015-2016,3017,1000,1600,2000
be2016-17.pdf,71,NA,412-10-10-00,SPECIFIC GRANTS - GoTN - CMCDM (2012-2013),2014-2015|2015-2016|2015-2016|2016-2017,184734,0,,0
be2016-17.pdf,71,NA,412-10-12-00,SPECIFIC GRANTS - GoTN - CMCDM (2013-2014),2014-2015|2015-2016|2015-2016|2016-2017,93938,0,,0
be2016-17.pdf,71,NA,412-10-17-00,SWACHH BHARAT MISSION,2014-2015|2015-2016|2015-2016|2016-2017,0,0,,25000
be2016-17.pdf,71,NA,412-20-03-00,SPECIFIC FUNDS - MAYOR SPECIAL DEVELOPMENT FUND WORKS,2014-2015|2015-2016|2015-2016|2016-2017,0,1330,,1330
be2016-17.pdf,71,NA,412-20-04-00,SPECIFIC FUNDS - COUNCILLOR WARD IMPROVEMENT WORKS,2014-2015|2015-2016|2015-2016|2016-2017,7498,42000,,42000
be2016-17.pdf,71,NA,412-40-02-00,PARKS AND GARDENS,2014-2015|2015-2016|2015-2016|2016-2017,975,0,,100
be2016-17.pdf,71,NA,412-40-04-05,NOON MEAL SHEDS,2014-2015|2015-2016|2015-2016|2016-2017,0,10000,,1
be2016-17.pdf,71,NA,412-40-04-06,ANGANVADI CENTRES,2014-2015|2015-2016|2015-2016|2016-2017,0,10000,,10000
be2016-17.pdf,71,NA,412-40-05-09,AMMA UNAVAGAM - BUILDINGS,2014-2015|2015-2016|2015-2016|2016-2017,0,30000,,2000
be2016-17.pdf,71,NA,412-40-06-04,PUBLIC CONVENIENCE,2014-2015|2015-2016|2015-2016|2016-2017,0,10000,,10000
be2016-17.pdf,71,NA,412-40-06-05,DHOBIKHANA,2014-2015|2015-2016|2015-2016|2016-2017,0,10000,,1000
be2016-17.pdf,71,NA,412-40-06-08,GYM BUILDING,2014-2015|2015-2016|2015-2016|2016-2017,0,10000,,10000
be2016-17.pdf,72,NA,412-40-06-09,BURIAL GROUND BUILDING,2014-2015|2015-2016|2015-2016|2016-2017,0,10000,,10000
be2016-17.pdf,72,NA,412-40-07-02,CONCRETE ROADS-INTERIOR ROADS,2014-2015|2015-2016|2015-2016|2016-2017,5216,150000,,80000
be2016-17.pdf,72,NA,412-40-07-05,OTHERS-ROAD WORKS-MIDF-2015-16-PHASE-I,2014-2015|2015-2016|2015-2016|2016-2017,0,0,,110800
be2016-17.pdf,72,NA,412-40-07-06,OTHERS-ROAD WORKS-MIDF-2015-16-PHASE-II,2014-2015|2015-2016|2015-2016|2016-2017,0,0,,12350
be2016-17.pdf,72,NA,412-40-08-02,BLACKTOPPED-INTERIOR ROADS,2014-2015|2015-2016|2015-2016|2016-2017,140103,150000,,120000
be2016-17.pdf,72,NA,412-40-11-00,STORM WATER DRAINS AND CULVERTS,2014-2015|2015-2016|2015-2016|2016-2017,9652,20000,,20000
be2016-17.pdf,72,NA,412-40-30-00,OTHER MISCELLANEOUS WORKS,2014-2015|2015-2016|2015-2016|2016-2017,40673,10000,,10000
be2016-17.pdf,72,NA,412-40-31-00,AMMA KUDINEER,2014-2015|2015-2016|2015-2016|2016-2017,0,0,,14000
be2016-17.pdf,73,NB,412-10-09-00,SPECIFIC GRANTS - GoTN - CMCDM (2011-2012),2014-2015|2015-2016|2015-2016|2016-2017,2543,0,,0
be2016-17.pdf,73,NB,412-10-12-00,SPECIFIC GRANTS - GoTN - CMCDM (2013-2014),2014-2015|2015-2016|2015-2016|2016-2017,284452,0,,0
be2016-17.pdf,73,NB,412-10-17-00,,2014-2015|2015-2016|2015-2016|2016-2017,0,0,,23900
be2016-17.pdf,73,NB,412-20-03-00,SPECIFIC FUNDS - MAYOR SPECIAL DEVELOPMENT FUND WORKS,2014-2015|2015-2016|2015-2016|2016-2017,0,1330,,1330
be2016-17.pdf,73,NB,412-20-04-00,SPECIFIC FUNDS - COUNCILLOR WARD IMPROVEMENT WORKS,2014-2015|2015-2016|2015-2016|2016-2017,15386,21000,,21000
be2016-17.pdf,73,NB,412-40-02-00,PARKS AND GARDENS,2014-2015|2015-2016|2015-2016|2016-2017,14136,0,,10000
be2016-17.pdf,73,NB,412-40-04-05,NOON MEAL SHEDS,2014-2015|2015-2016|2015-2016|2016-2017,0,10000,,1
be2016-17.pdf,73,NB,412-40-04-06,ANGANVADI CENTRES,2014-2015|2015-2016|2015-2016|2016-2017,0,10000,,10000
be2016-17.pdf,73,NB,412-40-05-03,UNIT OFFICE BUILDINGS,2014-2015|2015-2016|2015-2016|2016-2017,0,0,,2000
be2016-17.pdf,73,NB,412-40-05-09,AMMA UNAVAGAM - BUILDINGS,2014-2015|2015-2016|2015-2016|2016-2017,0,30000,,2000
be2016-17.pdf,73,NB,412-40-06-04,PUBLIC CONVENIENCE,2014-2015|2015-2016|2015-2016|2016-2017,0,10000,,10000
be2016-17.pdf,73,NB,412-40-06-05,DHOBIKHANA,2014-2015|2015-2016|2015-2016|2016-2017,0,10000,,2000
be2016-17.pdf,73,NB,412-40-06-08,GYM BUILDING,2014-2015|2015-2016|2015-2016|2016-2017,0,10000,,10000
be2016-17.pdf,73,NB,412-40-06-09,BURIAL GROUND BUILDING,2014-2015|2015-2016|2015-2016|2016-2017,0,10000,,5000
be2016-17.pdf,74,NB,412-40-07-02,CONCRETE ROADS-INTERIOR ROADS,2014-2015|2015-2016|2015-2016|2016-2017,48630,20000,,20000
be2016-17.pdf,74,NB,412-40-07-05,OTHERS-ROAD WORKS-MIDF-2015-16-PHASE-I,2014-2015|2015-2016|2015-2016|2016-2017,0,0,,22550
be2016-17.pdf,74,NB,412-40-07-06,OTHERS-ROAD WORKS-MIDF-2015-16-PHASE-II,2014-2015|2015-2016|2015-2016|2016-2017,0,0,,6650
be2016-17.pdf,74,NB,412-40-08-02,BLACKTOPPED-INTERIOR ROADS,2014-2015|2015-2016|2015-2016|2016-2017,131934,50000,,60000
be2016-17.pdf,74,NB,412-40-08-05,BUS SHELTERS,2014-2015|2015-2016|2015-2016|2016-2017,0,0,,1
be2016-17.pdf,74,NB,412-40-11-00,STORM WATER DRAINS AND CULVERTS,2014-2015|2015-2016|2015-2016|2016-2017,35751,20000,,30000
be2016-17.pdf,74,NB,412-40-30-00,OTHER MISCELLANEOUS WORKS,2014-2015|2015-2016|2015-2016|2016-2017,57358,10000,,20000
be2016-17.pdf,74,NB,412-40-31-00,AMMA KUDINEER,2014-2015|2015-2016|2015-2016|2016-2017,0,0,,14000
be2016-17.pdf,75,NC,412-10-09-00,SPECIFIC GRANTS - GoTN - CMCDM (2011-2012),2014-2015|2015-2016|2015-2016|2016-2017,2903,0,,0
be2016-17.pdf,75,NC,412-10-10-00,SPECIFIC GRANTS - GoTN - CMCDM (2012-2013),2014-2015|2015-2016|2015-2016|2016-2017,16747,0,,0
be2016-17.pdf,75,NC,412-10-12-00,SPECIFIC GRANTS - GoTN - CMCDM (2013-2014),2014-2015|2015-2016|2015-2016|2016-2017,201567,0,,0
be2016-17.pdf,75,NC,412-10-17-00,SWACHH BHARAT MISSION,2014-2015|2015-2016|2015-2016|2016-2017,0,0,,25000
be2016-17.pdf,75,NC,412-20-03-00,SPECIFIC FUNDS - MAYOR SPECIAL DEVELOPMENT FUND WORKS,2014-2015|2015-2016|2015-2016|2016-2017,0,1330,,1330
be2016-17.pdf,75,NC,412-20-04-00,SPECIFIC FUNDS - COUNCILLOR WARD IMPROVEMENT WORKS,2014-2015|2015-2016|2015-2016|2016-2017,11617,36000,,36000
be2016-17.pdf,75,NC,412-40-02-00,PARKS AND GARDENS,2014-2015|2015-2016|2015-2016|2016-2017,26390,0,,10000
be2016-17.pdf,75,NC,412-40-04-05,NOON MEAL SHEDS,2014-2015|2015-2016|2015-2016|2016-2017,0,10000,,1
be2016-17.pdf,75,NC,412-40-04-06,ANGANVADI CENTRES,2014-2015|2015-2016|2015-2016|2016-2017,0,10000,,15000
be2016-17.pdf,75,NC,412-40-05-09,AMMA UNAVAGAM - BUILDINGS,2014-2015|2015-2016|2015-2016|2016-2017,0,30000,,2000
be2016-17.pdf,75,NC,412-40-06-04,PUBLIC CONVENIENCE,2014-2015|2015-2016|2015-2016|2016-2017,0,10000,,10000
be2016-17.pdf,75,NC,412-40-06-05,DHOBIKHANA,2014-2015|2015-2016|2015-2016|2016-2017,0,10000,,500
be2016-17.pdf,75,NC,412-40-06-08,GYM BUILDING,2014-2015|2015-2016|2015-2016|2016-2017,0,10000,,10000
be2016-17.pdf,75,NC,412-40-06-09,BURIAL GROUND BUILDING,2014-2015|2015-2016|2015-2016|2016-2017,0,10000,,10000
be2016-17.pdf,76,NC,412-40-07-02,CONCRETE ROADS-INTERIOR ROADS,2014-2015|2015-2016|2015-2016|2016-2017,1175,0,,0
be2016-17.pdf,76,NC,412-40-07-05,OTHERS-ROAD WORKS-MIDF-2015-16-PHASE-I,2014-2015|2015-2016|2015-2016|2016-2017,0,0,,30900
be2016-17.pdf,76,NC,412-40-07-06,OTHERS-ROAD WORKS-MIDF-2015-16-PHASE-II,2014-2015|2015-2016|2015-2016|2016-2017,0,0,,61550
be2016-17.pdf,76,NC,412-40-08-02,BLACKTOPPED-INTERIOR ROADS,2014-2015|2015-2016|2015-2016|2016-2017,2053402,150000,,100000
be2016-17.pdf,76,NC,412-40-11-00,STORM WATER DRAINS AND CULVERTS,2014-2015|2015-2016|2015-2016|2016-2017,8049,20000,,20000
be2016-17.pdf,76,NC,412-40-30-00,OTHER MISCELLANEOUS WORKS,2014-2015|2015-2016|2015-2016|2016-2017,43286,10000,,10000
be2016-17.pdf,76,NC,412-40-31-00,AMMA KUDINEER,2014-2015|2015-2016|2015-2016|2016-2017,0,0,,14000
be2016-17.pdf,77,ND,412-10-10-00,SPECIFIC GRANTS - GoTN - CMCDM (2012-2013),2014-2015|2015-2016|2015-2016|2016-2017,39219,0,,0
be2016-17.pdf,77,ND,412-10-17-00,SWACHH BHARAT MISSION,2014-2015|2015-2016|2015-2016|2016-2017,0,0,,25000
be2016-17.pdf,77,ND,412-20-03-00,SPECIFIC FUNDS - MAYOR SPECIAL DEVELOPMENT FUND WORKS,2014-2015|2015-2016|2015-2016|2016-2017,0,1330,,1330
be2016-17.pdf,77,ND,412-20-04-00,SPECIFIC FUNDS - COUNCILLOR WARD IMPROVEMENT WORKS,2014-2015|2015-2016|2015-2016|2016-2017,25490,45000,,50000
be2016-17.pdf,77,ND,412-40-02-00,PARKS AND GARDENS,2014-2015|2015-2016|2015-2016|2016-2017,17808,0,,40000
be2016-17.pdf,77,ND,412-40-04-05,NOON MEAL SHEDS,2014-2015|2015-2016|2015-2016|2016-2017,0,10000,,0
be2016-17.pdf,77,ND,412-40-04-06,ANGANVADI CENTRES,2014-2015|2015-2016|2015-2016|2016-2017,0,10000,,15000
be2016-17.pdf,77,ND,412-40-05-09,AMMA UNAVAGAM - BUILDINGS,2014-2015|2015-2016|2015-2016|2016-2017,0,30000,,2000
be2016-17.pdf,77,ND,412-40-06-04,PUBLIC CONVENIENCE,2014-2015|2015-2016|2015-2016|2016-2017,0,10000,,20000
be2016-17.pdf,77,ND,412-40-06-05,DHOBIKHANA,2014-2015|2015-2016|2015-2016|2016-2017,0,10000,,2000
be2016-17.pdf,77,ND,412-40-06-08,GYM BUILDING,2014-2015|2015-2016|2015-2016|2016-2017,0,10000,,20000
be2016-17.pdf,77,ND,412-40-06-09,BURIAL GROUND BUILDING,2014-2015|2015-2016|2015-2016|2016-2017,0,10000,,15000
be2016-17.pdf,77,ND,412-40-07-02,CONCRETE ROADS-INTERIOR ROADS,2014-2015|2015-2016|2015-2016|2016-2017,183164,200000,,150000
be2016-17.pdf,77,ND,412-40-07-05,OTHERS-ROAD WORKS-MIDF-2015-16-PHASE-I,2014-2015|2015-2016|2015-2016|2016-2017,0,0,,273150
be2016-17.pdf,78,ND,412-40-07-06,OTHERS-ROAD WORKS-MIDF-2015-16-PHASE-II,2014-2015|2015-2016|2015-2016|2016-2017,0,0,,36450
be2016-17.pdf,78,ND,412-40-08-02,BLACKTOPPED-INTERIOR ROADS,2014-2015|2015-2016|2015-2016|2016-2017,347222,300000,,200000
be2016-17.pdf,78,ND,412-40-11-00,STORM WATER DRAINS AND CULVERTS,2014-2015|2015-2016|2015-2016|2016-2017,36031,20000,,60000
be2016-17.pdf,78,ND,412-40-30-00,OTHER MISCELLANEOUS WORKS,2014-2015|2015-2016|2015-2016|2016-2017,242695,10000,,20000
be2016-17.pdf,78,ND,412-40-31-00,AMMA KUDINEER,2014-2015|2015-2016|2015-2016|2016-2017,0,0,,14000
be2016-17.pdf,79,NE,412-10-07-01,SPECIFIC GRANTS -JNNURM-BSUP-ROADS,2014-2015|2015-2016|2015-2016|2016-2017,121,0,,0
be2016-17.pdf,79,NE,412-10-07-04,SPECIFIC GRANTS -JNNURM-BSUP-BUILDINGS,2014-2015|2015-2016|2015-2016|2016-2017,0,0,,0
be2016-17.pdf,79,NE,412-10-10-00,SPECIFIC GRANTS - GoTN - CMCDM (2012-2013),2014-2015|2015-2016|2015-2016|2016-2017,11152,0,,0
be2016-17.pdf,79,NE,412-10-17-00,SWACHH BHARAT MISSION,2014-2015|2015-2016|2015-2016|2016-2017,0,0,,18300
be2016-17.pdf,79,NE,412-20-03-00,SPECIFIC FUNDS - MAYOR SPECIAL DEVELOPMENT FUND WORKS,2014-2015|2015-2016|2015-2016|2016-2017,0,1330,,1330
be2016-17.pdf,79,NE,412-20-04-00,SPECIFIC FUNDS - COUNCILLOR WARD IMPROVEMENT WORKS,2014-2015|2015-2016|2015-2016|2016-2017,29175,45000,,45000
be2016-17.pdf,79,NE,412-40-02-00,PARKS AND GARDENS,2014-2015|2015-2016|2015-2016|2016-2017,19440,0,,10000
be2016-17.pdf,79,NE,412-40-04-05,NOON MEAL SHEDS,2014-2015|2015-2016|2015-2016|2016-2017,0,10000,,0
be2016-17.pdf,79,NE,412-40-04-06,ANGANVADI CENTRES,2014-2015|2015-2016|2015-2016|2016-2017,0,10000,,10000
be2016-17.pdf,79,NE,412-40-05-09,AMMA UNAVAGAM - BUILDINGS,2014-2015|2015-2016|2015-2016|2016-2017,0,30000,,2000
be2016-17.pdf,79,NE,412-40-06-04,PUBLIC CONVENIENCE,2014-2015|2015-2016|2015-2016|2016-2017,0,10000,,10000
be2016-17.pdf,79,NE,412-40-06-05,DHOBIKHANA,2014-2015|2015-2016|2015-2016|2016-2017,0,10000,,500
be2016-17.pdf,79,NE,412-40-06-08,GYM BUILDING,2014-2015|2015-2016|2015-2016|2016-2017,0,10000,,10000
be2016-17.pdf,79,NE,412-40-06-09,BURIAL GROUND BUILDING,2014-2015|2015-2016|2015-2016|2016-2017,0,10000,,10000
be2016-17.pdf,80,NE,412-40-07-02,CONCRETE ROADS-INTERIOR ROADS,2014-2015|2015-2016|2015-2016|2016-2017,42926,200000,,100000
be2016-17.pdf,80,NE,412-40-07-05,OTHERS-ROAD WORKS-MIDF-2015-16-PHASE-I,2014-2015|2015-2016|2015-2016|2016-2017,0,0,,119850
be2016-17.pdf,80,NE,412-40-07-06,OTHERS-ROAD WORKS-MIDF-2015-16-PHASE-II,2014-2015|2015-2016|2015-2016|2016-2017,0,0,,33850
be2016-17.pdf,80,NE,412-40-08-02,BLACKTOPPED-INTERIOR ROADS,2014-2015|2015-2016|2015-2016|2016-2017,192078,150000,,120000
be2016-17.pdf,80,NE,412-40-11-00,STORM WATER DRAINS AND CULVERTS,2014-2015|2015-2016|2015-2016|2016-2017,58836,20000,,30000
be2016-17.pdf,80,NE,412-40-30-00,OTHER MISCELLANEOUS WORKS,2014-2015|2015-2016|2015-2016|2016-2017,189212,10000,,10000
be2016-17.pdf,80,NE,412-40-31-00,AMMA KUDINEER,2014-2015|2015-2016|2015-2016|2016-2017,0,0,,14000
be2016-17.pdf,81,NF,412-10-07-04,SPECIFIC GRANTS -JNNURM-BSUP-BUILDINGS,2014-2015|2015-2016|2015-2016|2016-2017,0,0,,1
be2016-17.pdf,81,NF,412-10-10-00,SPECIFIC GRANTS - GoTN - CMCDM (2012-2013),2014-2015|2015-2016|2015-2016|2016-2017,1439,0,,1
be2016-17.pdf,81,NF,412-10-17-00,,2014-2015|2015-2016|2015-2016|2016-2017,0,0,,20100
be2016-17.pdf,81,NF,412-20-03-00,SPECIFIC FUNDS - MAYOR SPECIAL DEVELOPMENT FUND WORKS,2014-2015|2015-2016|2015-2016|2016-2017,1585,1330,,1330
be2016-17.pdf,81,NF,412-20-04-00,SPECIFIC FUNDS - COUNCILLOR WARD IMPROVEMENT WORKS,2014-2015|2015-2016|2015-2016|2016-2017,23488,45000,,45000
be2016-17.pdf,81,NF,412-40-02-00,PARKS AND GARDENS,2014-2015|2015-2016|2015-2016|2016-2017,5000,0,,10000
be2016-17.pdf,81,NF,412-40-03-01,HEALTH DEPARTMENT BUILDINGS,2014-2015|2015-2016|2015-2016|2016-2017,0,0,,2000
be2016-17.pdf,81,NF,412-40-03-04,HEALTH POSTS,2014-2015|2015-2016|2015-2016|2016-2017,0,0,,2000
be2016-17.pdf,81,NF,412-40-04-01,ELEMENTARY EDUCATION - PRIMARY SCHOOL,2014-2015|2015-2016|2015-2016|2016-2017,0,0,,500
be2016-17.pdf,81,NF,412-40-04-02,ELEMENTARY EDUCATION - MIDDLE SCHOOL,2014-2015|2015-2016|2015-2016|2016-2017,0,0,,5000
be2016-17.pdf,81,NF,412-40-04-04,OTHERS-SCHOOL BUILDING-HR. SEC. SCHOOL,2014-2015|2015-2016|2015-2016|2016-2017,0,0,,5000
be2016-17.pdf,81,NF,412-40-04-05,NOON MEAL SHEDS,2014-2015|2015-2016|2015-2016|2016-2017,0,10000,,1
be2016-17.pdf,81,NF,412-40-04-06,ANGANVADI CENTRES,2014-2015|2015-2016|2015-2016|2016-2017,0,10000,,10000
be2016-17.pdf,81,NF,412-40-05-03,UNIT OFFICE BUILDINGS,2014-2015|2015-2016|2015-2016|2016-2017,0,0,,1000
be2016-17.pdf,82,NF,412-40-05-04,WARD OFFICE BUILDINGS,2014-2015|2015-2016|2015-2016|2016-2017,0,0,,5000
be2016-17.pdf,82,NF,412-40-05-09,AMMA UNAVAGAM - BUILDINGS,2014-2015|2015-2016|2015-2016|2016-2017,0,30000,,2000
be2016-17.pdf,82,NF,412-40-06-03,REMUNERATIVE ENTERPRISES-COMMUNITY CENTRES,2014-2015|2015-2016|2015-2016|2016-2017,0,0,,500
be2016-17.pdf,82,NF,412-40-06-04,PUBLIC CONVENIENCE,2014-2015|2015-2016|2015-2016|2016-2017,0,10000,,10000
be2016-17.pdf,82,NF,412-40-06-05,DHOBIKHANA,2014-2015|2015-2016|2015-2016|2016-2017,0,10000,,1000
be2016-17.pdf,82,NF,412-40-06-08,GYM BUILDING,2014-2015|2015-2016|2015-2016|2016-2017,0,10000,,10000
be2016-17.pdf,82,NF,412-40-06-09,BURIAL GROUND BUILDING,2014-2015|2015-2016|2015-2016|2016-2017,0,10000,,10000
be2016-17.pdf,82,NF,412-40-07-02,CONCRETE ROADS-INTERIOR ROADS,2014-2015|2015-2016|2015-2016|2016-2017,199964,200000,,100000
be2016-17.pdf,82,NF,412-40-07-05,OTHERS-ROAD WORKS-MIDF-2015-16-PHASE-I,2014-2015|2015-2016|2015-2016|2016-2017,0,0,,154800
be2016-17.pdf,82,NF,412-40-07-06,OTHERS-ROAD WORKS-MIDF-2015-16-PHASE-II,2014-2015|2015-2016|2015-2016|2016-2017,0,0,,84950
be2016-17.pdf,82,NF,412-40-08-02,BLACKTOPPED-INTERIOR ROADS,2014-2015|2015-2016|2015-2016|2016-2017,249981,350000,,120000
be2016-17.pdf,82,NF,412-40-08-05,BUS SHELTERS,2014-2015|2015-2016|2015-2016|2016-2017,0,0,,500
be2016-17.pdf,82,NF,412-40-10-00,OTHERS - PAVEMENTS,2014-2015|2015-2016|2015-2016|2016-2017,0,0,,4000
be2016-17.pdf,82,NF,412-40-11-00,STORM WATER DRAINS AND CULVERTS,2014-2015|2015-2016|2015-2016|2016-2017,24782,20000,,30000
be2016-17.pdf,82,NF,412-40-30-00,OTHER MISCELLANEOUS WORKS,2014-2015|2015-2016|2015-2016|2016-2017,99160,10000,,10000
be2016-17.pdf,82,NF,412-40-31-00,AMMA KUDINEER,2014-2015|2015-2016|2015-2016|2016-2017,0,0,,14000
be2016-17.pdf,83,NG,412-10-09-00,SPECIFIC GRANTS - GoTN - CMCDM (2011-2012),2014-2015|2015-2016|2015-2016|2016-2017,130504,0,,0
be2016-17.pdf,83,NG,412-10-10-00,SPECIFIC GRANTS - GoTN - CMCDM (2012-2013),2014-2015|2015-2016|2015-2016|2016-2017,291146,0,,0
be2016-17.pdf,83,NG,412-10-12-00,SPECIFIC GRANTS - GoTN - CMCDM (2013-2014),2014-2015|2015-2016|2015-2016|2016-2017,1272260,0,,0
be2016-17.pdf,83,NG,412-10-17-00,SWACHH BHARAT MISSION,2014-2015|2015-2016|2015-2016|2016-2017,0,0,,25000
be2016-17.pdf,83,NG,412-20-03-00,SPECIFIC FUNDS - MAYOR SPECIAL DEVELOPMENT FUND WORKS,2014-2015|2015-2016|2015-2016|2016-2017,0,1330,,1330
be2016-17.pdf,83,NG,412-20-04-00,SPECIFIC FUNDS - COUNCILLOR WARD IMPROVEMENT WORKS,2014-2015|2015-2016|2015-2016|2016-2017,5339,45000,,45000
be2016-17.pdf,83,NG,412-40-02-00,PARKS AND GARDENS,2014-2015|2015-2016|2015-2016|2016-2017,21573,0,,25000
be2016-17.pdf,83,NG,412-40-04-01,ELEMENTARY EDUCATION - PRIMARY SCHOOL,2014-2015|2015-2016|2015-2016|2016-2017,0,0,,10000
be2016-17.pdf,83,NG,412-40-04-02,OTHERS-SCHOOL BUILDINGS-ELEMENTARY EDUCTAION - MIDDLE SCHOOL,2014-2015|2015-2016|2015-2016|2016-2017,0,0,,1000
be2016-17.pdf,83,NG,412-40-04-05,NOON MEAL SHEDS,2014-2015|2015-2016|2015-2016|2016-2017,0,10000,,1
be2016-17.pdf,83,NG,412-40-04-06,ANGANVADI CENTRES,2014-2015|2015-2016|2015-2016|2016-2017,0,10000,,10000
be2016-17.pdf,83,NG,412-40-05-02,ZONAL OFFICE BUILDINGS,2014-2015|2015-2016|2015-2016|2016-2017,0,0,,5000
be2016-17.pdf,83,NG,412-40-05-09,AMMA UNAVAGAM - BUILDINGS,2014-2015|2015-2016|2015-2016|2016-2017,0,30000,,2000
be2016-17.pdf,83,NG,412-40-06-04,PUBLIC CONVENIENCE,2014-2015|2015-2016|2015-2016|2016-2017,0,10000,,10000
be2016-17.pdf,84,NG,412-40-06-05,DHOBIKHANA,2014-2015|2015-2016|2015-2016|2016-2017,0,10000,,500
be2016-17.pdf,84,NG,412-40-06-06,REMUNERATIVE SERVICES-SLAUGHTER HOUSE,2014-2015|2015-2016|2015-2016|2016-2017,0,0,,4000
be2016-17.pdf,84,NG,412-40-06-08,GYM BUILDING,2014-2015|2015-2016|2015-2016|2016-2017,0,10000,,10000
be2016-17.pdf,84,NG,412-40-06-09,BURIAL GROUND BUILDING,2014-2015|2015-2016|2015-2016|2016-2017,0,10000,,10000
be2016-17.pdf,84,NG,412-40-07-02,CONCRETE ROADS-INTERIOR ROADS,2014-2015|2015-2016|2015-2016|2016-2017,80668,70000,,70000
be2016-17.pdf,84,NG,412-40-07-05,OTHERS-ROAD WORKS-MIDF-2015-16-PHASE-I,2014-2015|2015-2016|2015-2016|2016-2017,0,0,,247800
be2016-17.pdf,84,NG,412-40-07-06,OTHERS-ROAD WORKS-MIDF-2015-16-PHASE-II,2014-2015|2015-2016|2015-2016|2016-2017,0,0,,77250
be2016-17.pdf,84,NG,412-40-08-02,BLACKTOPPED-INTERIOR ROADS,2014-2015|2015-2016|2015-2016|2016-2017,265477,500000,,120000
be2016-17.pdf,84,NG,412-40-08-05,BUS SHELTERS,2014-2015|2015-2016|2015-2016|2016-2017,0,0,,500
be2016-17.pdf,84,NG,412-40-11-00,STORM WATER DRAINS AND CULVERTS,2014-2015|2015-2016|2015-2016|2016-2017,6094,20000,,20000
be2016-17.pdf,84,NG,412-40-30-00,OTHER MISCELLANEOUS WORKS,2014-2015|2015-2016|2015-2016|2016-2017,49356,10000,,10000
be2016-17.pdf,84,NG,412-40-31-00,AMMA KUDINEER,2014-2015|2015-2016|2015-2016|2016-2017,0,0,,14000
be2016-17.pdf,85,NH,412-10-07-01,SPECIFIC GRANTS -JNNURM-BSUP-ROADS,2014-2015|2015-2016|2015-2016|2016-2017,19268,0,,1
be2016-17.pdf,85,NH,412-10-07-04,SPECIFIC GRANTS -JNNURM-BSUP-BUILDINGS,2014-2015|2015-2016|2015-2016|2016-2017,1033,0,,1
be2016-17.pdf,85,NH,412-10-10-00,SPECIFIC GRANTS - GoTN - CMCDM (2012-2013),2014-2015|2015-2016|2015-2016|2016-2017,3179,0,,1
be2016-17.pdf,85,NH,412-10-17-00,SWACHH BHARAT MISSION,2014-2015|2015-2016|2015-2016|2016-2017,0,0,,25000
be2016-17.pdf,85,NH,412-20-03-00,SPECIFIC FUNDS - MAYOR SPECIAL DEVELOPMENT FUND WORKS,2014-2015|2015-2016|2015-2016|2016-2017,0,1330,,1330
be2016-17.pdf,85,NH,412-20-04-00,SPECIFIC FUNDS - COUNCILLOR WARD IMPROVEMENT WORKS,2014-2015|2015-2016|2015-2016|2016-2017,56970,45000,,45000
be2016-17.pdf,85,NH,412-40-02-00,PARKS AND GARDENS,2014-2015|2015-2016|2015-2016|2016-2017,41166,0,,15000
be2016-17.pdf,85,NH,412-40-04-05,NOON MEAL SHEDS,2014-2015|2015-2016|2015-2016|2016-2017,0,10000,,1
be2016-17.pdf,85,NH,412-40-04-06,ANGANVADI CENTRES,2014-2015|2015-2016|2015-2016|2016-2017,0,10000,,10000
be2016-17.pdf,85,NH,412-40-05-09,AMMA UNAVAGAM - BUILDINGS,2014-2015|2015-2016|2015-2016|2016-2017,0,30000,,2000
be2016-17.pdf,85,NH,412-40-06-04,PUBLIC CONVENIENCE,2014-2015|2015-2016|2015-2016|2016-2017,0,10000,,10000
be2016-17.pdf,85,NH,412-40-06-05,DHOBIKHANA,2014-2015|2015-2016|2015-2016|2016-2017,0,10000,,5000
be2016-17.pdf,85,NH,412-40-06-08,GYM BUILDING,2014-2015|2015-2016|2015-2016|2016-2017,0,10000,,10000
be2016-17.pdf,85,NH,412-40-06-09,BURIAL GROUND BUILDING,2014-2015|2015-2016|2015-2016|2016-2017,0,10000,,10000
be2016-17.pdf,86,NH,412-40-07-02,CONCRETE ROADS-INTERIOR ROADS,2014-2015|2015-2016|2015-2016|2016-2017,119124,100000,,50000
be2016-17.pdf,86,NH,412-40-07-05,OTHERS-ROAD WORKS-MIDF-2015-16-PHASE-I,2014-2015|2015-2016|2015-2016|2016-2017,0,0,,21200
be2016-17.pdf,86,NH,412-40-07-06,OTHERS-ROAD WORKS-MIDF-2015-16-PHASE-II,2014-2015|2015-2016|2015-2016|2016-2017,0,0,,26700
be2016-17.pdf,86,NH,412-40-08-02,BLACKTOPPED-INTERIOR ROADS,2014-2015|2015-2016|2015-2016|2016-2017,334720,200000,,120000
be2016-17.pdf,86,NH,412-40-11-00,STORM WATER DRAINS AND CULVERTS,2014-2015|2015-2016|2015-2016|2016-2017,41287,20000,,40000
be2016-17.pdf,86,NH,412-40-30-00,OTHER MISCELLANEOUS WORKS,2014-2015|2015-2016|2015-2016|2016-2017,204436,10000,,10000
be2016-17.pdf,86,NH,412-40-31-00,AMMA KUDINEER,2014-2015|2015-2016|2015-2016|2016-2017,0,0,,14000
be2016-17.pdf,87,NJ,412-10-07-01,SPECIFIC GRANTS -JNNURM-BSUP-ROADS,2014-2015|2015-2016|2015-2016|2016-2017,950,0,,1
be2016-17.pdf,87,NJ,412-10-10-00,SPECIFIC GRANTS - GoTN - CMCDM (2012-2013),2014-2015|2015-2016|2015-2016|2016-2017,3813,0,,1
be2016-17.pdf,87,NJ,412-10-17-00,,2014-2015|2015-2016|2015-2016|2016-2017,0,0,,12400
be2016-17.pdf,87,NJ,412-20-03-00,SPECIFIC FUNDS - MAYOR SPECIAL DEVELOPMENT FUND WORKS,2014-2015|2015-2016|2015-2016|2016-2017,0,1330,,1330
be2016-17.pdf,87,NJ,412-20-04-00,SPECIFIC FUNDS - COUNCILLOR WARD IMPROVEMENT WORKS,2014-2015|2015-2016|2015-2016|2016-2017,42199,54000,,54000
be2016-17.pdf,87,NJ,412-40-02-00,PARKS AND GARDENS,2014-2015|2015-2016|2015-2016|2016-2017,14553,0,,30000
be2016-17.pdf,87,NJ,412-40-04-05,NOON MEAL SHEDS,2014-2015|2015-2016|2015-2016|2016-2017,0,10000,,1
be2016-17.pdf,87,NJ,412-40-04-06,ANGANVADI CENTRES,2014-2015|2015-2016|2015-2016|2016-2017,0,10000,,10000
be2016-17.pdf,87,NJ,412-40-05-09,AMMA UNAVAGAM - BUILDINGS,2014-2015|2015-2016|2015-2016|2016-2017,0,30000,,2000
be2016-17.pdf,87,NJ,412-40-06-04,PUBLIC CONVENIENCE,2014-2015|2015-2016|2015-2016|2016-2017,0,10000,,10000
be2016-17.pdf,87,NJ,412-40-06-05,DHOBIKHANA,2014-2015|2015-2016|2015-2016|2016-2017,0,10000,,10000
be2016-17.pdf,87,NJ,412-40-06-08,GYM BUILDING,2014-2015|2015-2016|2015-2016|2016-2017,0,10000,,10000
be2016-17.pdf,87,NJ,412-40-06-09,BURIAL GROUND BUILDING,2014-2015|2015-2016|2015-2016|2016-2017,0,10000,,10000
be2016-17.pdf,87,NJ,412-40-07-02,CONCRETE ROADS-INTERIOR ROADS,2014-2015|2015-2016|2015-2016|2016-2017,113633,200000,,80000
be2016-17.pdf,88,NJ,412-40-07-05,OTHERS-ROAD WORKS-MIDF-2015-16-PHASE-I,2014-2015|2015-2016|2015-2016|2016-2017,0,0,,168050
be2016-17.pdf,88,NJ,412-40-07-06,OTHERS-ROAD WORKS-MIDF-2015-16-PHASE-II,2014-2015|2015-2016|2015-2016|2016-2017,0,0,,74150
be2016-17.pdf,88,NJ,412-40-08-02,BLACKTOPPED-INTERIOR ROADS,2014-2015|2015-2016|2015-2016|2016-2017,256127,350000,,120000
be2016-17.pdf,88,NJ,412-40-11-00,STORM WATER DRAINS AND CULVERTS,2014-2015|2015-2016|2015-2016|2016-2017,53117,20000,,40000
be2016-17.pdf,88,NJ,412-40-30-00,OTHER MISCELLANEOUS WORKS,2014-2015|2015-2016|2015-2016|2016-2017,323812,10000,,20000
be2016-17.pdf,88,NJ,412-40-31-00,AMMA KUDINEER,2014-2015|2015-2016|2015-2016|2016-2017,0,0,,14000
be2016-17.pdf,89,NK,412-10-10-00,SPECIFIC GRANTS - GoTN - CMCDM (2012-2013),2014-2015|2015-2016|2015-2016|2016-2017,20615,0,,1
be2016-17.pdf,89,NK,412-10-17-00,SWACHH BHARAT MISSION,2014-2015|2015-2016|2015-2016|2016-2017,0,0,,22000
be2016-17.pdf,89,NK,412-20-03-00,SPECIFIC FUNDS - MAYOR SPECIAL DEVELOPMENT FUND WORKS,2014-2015|2015-2016|2015-2016|2016-2017,1530,1330,,1330
be2016-17.pdf,89,NK,412-20-04-00,SPECIFIC FUNDS - COUNCILLOR WARD IMPROVEMENT WORKS,2014-2015|2015-2016|2015-2016|2016-2017,17170,48000,,48000
be2016-17.pdf,89,NK,412-40-02-00,PARKS AND GARDENS,2014-2015|2015-2016|2015-2016|2016-2017,72530,0,,30000
be2016-17.pdf,89,NK,412-40-03-01,HEALTH DEPARTMENT BUILDINGS,2014-2015|2015-2016|2015-2016|2016-2017,0,0,,5000
be2016-17.pdf,89,NK,412-40-04-02,MIDDLE SCHOOL,2014-2015|2015-2016|2015-2016|2016-2017,0,0,,5000
be2016-17.pdf,89,NK,412-40-04-03,HIGH SCHOOL,2014-2015|2015-2016|2015-2016|2016-2017,0,0,,5000
be2016-17.pdf,89,NK,412-40-04-04,HIGHER SECONDARY SCHOOL,2014-2015|2015-2016|2015-2016|2016-2017,0,0,,10000
be2016-17.pdf,89,NK,412-40-04-05,NOON MEAL SHEDS,2014-2015|2015-2016|2015-2016|2016-2017,0,10000,,1
be2016-17.pdf,89,NK,412-40-04-06,ANGANVADI CENTRES,2014-2015|2015-2016|2015-2016|2016-2017,0,10000,,10000
be2016-17.pdf,89,NK,412-40-05-09,AMMA UNAVAGAM - BUILDINGS,2014-2015|2015-2016|2015-2016|2016-2017,0,30000,,2000
be2016-17.pdf,89,NK,412-40-06-04,PUBLIC CONVENIENCE,2014-2015|2015-2016|2015-2016|2016-2017,0,10000,,12000
be2016-17.pdf,89,NK,412-40-06-05,DHOBIKHANA,2014-2015|2015-2016|2015-2016|2016-2017,0,10000,,10000
be2016-17.pdf,90,NK,412-40-06-08,GYM BUILDING,2014-2015|2015-2016|2015-2016|2016-2017,0,10000,,10000
be2016-17.pdf,90,NK,412-40-06-09,BURIAL GROUND BUILDING,2014-2015|2015-2016|2015-2016|2016-2017,0,10000,,10000
be2016-17.pdf,90,NK,412-40-07-02,CONCRETE ROADS-INTERIOR ROADS,2014-2015|2015-2016|2015-2016|2016-2017,241470,200000,,80000
be2016-17.pdf,90,NK,412-40-07-05,OTHERS-ROAD WORKS-MIDF-2015-16-PHASE-I,2014-2015|2015-2016|2015-2016|2016-2017,0,0,,89050
be2016-17.pdf,90,NK,412-40-07-06,OTHERS-ROAD WORKS-MIDF-2015-16-PHASE-II,2014-2015|2015-2016|2015-2016|2016-2017,0,0,,50100
be2016-17.pdf,90,NK,412-40-08-02,BLACKTOPPED-INTERIOR ROADS,2014-2015|2015-2016|2015-2016|2016-2017,355835,300000,,120000
be2016-17.pdf,90,NK,412-40-11-00,STORM WATER DRAINS AND CULVERTS,2014-2015|2015-2016|2015-2016|2016-2017,92728,20000,,30000
be2016-17.pdf,90,NK,412-40-30-00,OTHER MISCELLANEOUS WORKS,2014-2015|2015-2016|2015-2016|2016-2017,304500,10000,,20000
be2016-17.pdf,90,NK,412-40-40-00,OTHER ROAD CUT CHARGES,2014-2015|2015-2016|2015-2016|2016-2017,4528,0,,0
be2016-17.pdf,90,NK,412-40-31-00,AMMA KUDINEER,2014-2015|2015-2016|2015-2016|2016-2017,0,0,,14000
be2016-17.pdf,91,NL,412-10-09-00,SPECIFIC GRANTS - GoTN - CMCDM (2011-2012),2014-2015|2015-2016|2015-2016|2016-2017,2490,0,,0
be2016-17.pdf,91,NL,412-10-10-00,SPECIFIC GRANTS - GoTN - CMCDM (2012-2013),2014-2015|2015-2016|2015-2016|2016-2017,378885,0,,0
be2016-17.pdf,91,NL,412-10-17-00,,2014-2015|2015-2016|2015-2016|2016-2017,0,0,,25000
be2016-17.pdf,91,NL,412-10-12-00,SPECIFIC GRANTS - GoTN - CMCDM (2013-2014),2014-2015|2015-2016|2015-2016|2016-2017,202531,0,,0
be2016-17.pdf,91,NL,412-20-03-00,SPECIFIC FUNDS - MAYOR SPECIAL DEVELOPMENT FUND WORKS,2014-2015|2015-2016|2015-2016|2016-2017,0,1330,,1330
be2016-17.pdf,91,NL,412-20-04-00,SPECIFIC FUNDS - COUNCILLOR WARD IMPROVEMENT WORKS,2014-2015|2015-2016|2015-2016|2016-2017,17907,39000,,40000
be2016-17.pdf,91,NL,412-40-02-00,PARKS AND GARDENS,2014-2015|2015-2016|2015-2016|2016-2017,29521,0,,10000
be2016-17.pdf,91,NL,412-40-04-05,NOON MEAL SHEDS,2014-2015|2015-2016|2015-2016|2016-2017,0,10000,,1
be2016-17.pdf,91,NL,412-40-04-06,ANGANVADI CENTRES,2014-2015|2015-2016|2015-2016|2016-2017,0,10000,,10000
be2016-17.pdf,91,NL,412-40-05-02,ZONAL OFFICE BUILDINGS,2014-2015|2015-2016|2015-2016|2016-2017,0,0,,2000
be2016-17.pdf,91,NL,412-40-05-09,AMMA UNAVAGAM - BUILDINGS,2014-2015|2015-2016|2015-2016|2016-2017,0,30000,,2000
be2016-17.pdf,91,NL,412-40-06-04,PUBLIC CONVENIENCE,2014-2015|2015-2016|2015-2016|2016-2017,0,10000,,10000
be2016-17.pdf,91,NL,412-40-06-05,DHOBIKHANA,2014-2015|2015-2016|2015-2016|2016-2017,0,10000,,500
be2016-17.pdf,91,NL,412-40-06-08,GYM BUILDING,2014-2015|2015-2016|2015-2016|2016-2017,0,10000,,10000
be2016-17.pdf,92,NL,412-40-06-09,BURIAL GROUND BUILDING,2014-2015|2015-2016|2015-2016|2016-2017,0,10000,,10000
be2016-17.pdf,92,NL,412-40-07-02,CONCRETE ROADS-INTERIOR ROADS,2014-2015|2015-2016|2015-2016|2016-2017,47527,100000,,50000
be2016-17.pdf,92,NL,412-40-07-05,OTHERS-ROAD WORKS-MIDF-2015-16-PHASE-I,2014-2015|2015-2016|2015-2016|2016-2017,0,0,,101300
be2016-17.pdf,92,NL,412-40-07-06,OTHERS-ROAD WORKS-MIDF-2015-16-PHASE-II,2014-2015|2015-2016|2015-2016|2016-2017,0,0,,28650
be2016-17.pdf,92,NL,412-40-08-02,BLACKTOPPED-INTERIOR ROADS,2014-2015|2015-2016|2015-2016|2016-2017,429882,250000,,120000
be2016-17.pdf,92,NL,412-40-11-00,STORM WATER DRAINS AND CULVERTS,2014-2015|2015-2016|2015-2016|2016-2017,39195,20000,,30000
be2016-17.pdf,92,NL,412-40-30-00,OTHER MISCELLANEOUS WORKS,2014-2015|2015-2016|2015-2016|2016-2017,68360,10000,,10000
be2016-17.pdf,92,NL,412-40-31-00,AMMA KUDINEER,2014-2015|2015-2016|2015-2016|2016-2017,0,0,,14000
be2016-17.pdf,93,NM,412-10-09-00,SPECIFIC GRANTS - GoTN - CMCDM (2011-2012),2014-2015|2015-2016|2015-2016|2016-2017,1091,0,,0
be2016-17.pdf,93,NM,412-10-10-00,SPECIFIC GRANTS - GoTN - CMCDM (2012-2013),2014-2015|2015-2016|2015-2016|2016-2017,1908,0,,0
be2016-17.pdf,93,NM,412-10-17-00,,2014-2015|2015-2016|2015-2016|2016-2017,0,0,,25000
be2016-17.pdf,93,NM,412-10-12-00,SPECIFIC GRANTS - GoTN - CMCDM (2013-2014),2014-2015|2015-2016|2015-2016|2016-2017,149677,0,,0
be2016-17.pdf,93,NM,412-20-03-00,SPECIFIC FUNDS - MAYOR SPECIAL DEVELOPMENT FUND WORKS,2014-2015|2015-2016|2015-2016|2016-2017,0,1330,,1330
be2016-17.pdf,93,NM,412-20-04-00,SPECIFIC FUNDS - COUNCILLOR WARD IMPROVEMENT WORKS,2014-2015|2015-2016|2015-2016|2016-2017,21076,36000,,36000
be2016-17.pdf,93,NM,412-40-02-00,PARKS AND GARDENS,2014-2015|2015-2016|2015-2016|2016-2017,50095,0,,20000
be2016-17.pdf,93,NM,412-40-04-05,NOON MEAL SHEDS,2014-2015|2015-2016|2015-2016|2016-2017,0,10000,,1
be2016-17.pdf,93,NM,412-40-04-06,ANGANVADI CENTRES,2014-2015|2015-2016|2015-2016|2016-2017,0,10000,,10000
be2016-17.pdf,93,NM,412-40-05-09,AMMA UNAVAGAM - BUILDINGS,2014-2015|2015-2016|2015-2016|2016-2017,0,30000,,2000
be2016-17.pdf,93,NM,412-40-06-04,PUBLIC CONVENIENCE,2014-2015|2015-2016|2015-2016|2016-2017,0,10000,,10000
be2016-17.pdf,93,NM,412-40-06-05,DHOBIKHANA,2014-2015|2015-2016|2015-2016|2016-2017,0,10000,,5000
be2016-17.pdf,93,NM,412-40-06-08,GYM BUILDING,2014-2015|2015-2016|2015-2016|2016-2017,0,10000,,10000
be2016-17.pdf,93,NM,412-40-06-09,BURIAL GROUND BUILDING,2014-2015|2015-2016|2015-2016|2016-2017,0,10000,,10000
be2016-17.pdf,94,NM,412-40-07-02,CONCRETE ROADS-INTERIOR ROADS,2014-2015|2015-2016|2015-2016|2016-2017,139163,100000,,50000
be2016-17.pdf,94,NM,412-40-07-05,OTHERS-ROAD WORKS-MIDF-2015-16-PHASE-I,2014-2015|2015-2016|2015-2016|2016-2017,0,0,,65100
be2016-17.pdf,94,NM,412-40-07-06,OTHERS-ROAD WORKS-MIDF-2015-16-PHASE-II,2014-2015|2015-2016|2015-2016|2016-2017,0,0,,27800
be2016-17.pdf,94,NM,412-40-08-02,BLACKTOPPED-INTERIOR ROADS,2014-2015|2015-2016|2015-2016|2016-2017,158174,250000,,100000
be2016-17.pdf,94,NM,412-40-11-00,STORM WATER DRAINS AND CULVERTS,2014-2015|2015-2016|2015-2016|2016-2017,116765,20000,,40000
be2016-17.pdf,94,NM,412-40-30-00,OTHER MISCELLANEOUS WORKS,2014-2015|2015-2016|2015-2016|2016-2017,44351,10000,,20000
be2016-17.pdf,94,NM,412-40-31-00,AMMA KUDINEER,2014-2015|2015-2016|2015-2016|2016-2017,0,0,,14000
be2016-17.pdf,95,NN,412-10-07-01,SPECIFIC GRANTS -JNNURM-BSUP-ROADS,2014-2015|2015-2016|2015-2016|2016-2017,2040,0,,0
be2016-17.pdf,95,NN,412-10-10-00,SPECIFIC GRANTS - GoTN - CMCDM (2012-2013),2014-2015|2015-2016|2015-2016|2016-2017,2678,0,,0
be2016-17.pdf,95,NN,412-10-17-00,,2014-2015|2015-2016|2015-2016|2016-2017,0,0,,25000
be2016-17.pdf,95,NN,412-20-03-00,SPECIFIC FUNDS - MAYOR SPECIAL DEVELOPMENT FUND WORKS,2014-2015|2015-2016|2015-2016|2016-2017,0,1330,,1330
be2016-17.pdf,95,NN,412-20-04-00,SPECIFIC FUNDS - COUNCILLOR WARD IMPROVEMENT WORKS,2014-2015|2015-2016|2015-2016|2016-2017,26089,39000,,39000
be2016-17.pdf,95,NN,412-40-02-00,PARKS AND GARDENS,2014-2015|2015-2016|2015-2016|2016-2017,9950,0,,5000
be2016-17.pdf,95,NN,412-40-04-01,ELEMENTARY EDUCATION - PRIMARY SCHOOL,2014-2015|2015-2016|2015-2016|2016-2017,0,0,,0
be2016-17.pdf,95,NN,412-40-04-02,ELEMENTARY EDUCATION - MIDDLE SCHOOL,2014-2015|2015-2016|2015-2016|2016-2017,0,0,,0
be2016-17.pdf,95,NN,412-40-04-03,HIGH SCHOOL,2014-2015|2015-2016|2015-2016|2016-2017,0,0,,0
be2016-17.pdf,95,NN,412-40-04-04,OTHERS-SCHOOL BULDG-HR. SEC. SCHOOL,2014-2015|2015-2016|2015-2016|2016-2017,0,0,,0
be2016-17.pdf,95,NN,412-40-04-05,NOON MEAL SHEDS,2014-2015|2015-2016|2015-2016|2016-2017,0,10000,,1
be2016-17.pdf,95,NN,412-40-04-06,ANGANVADI CENTRES,2014-2015|2015-2016|2015-2016|2016-2017,0,10000,,10000
be2016-17.pdf,95,NN,412-40-05-02,ZONAL OFFICE BUILDINGS,2014-2015|2015-2016|2015-2016|2016-2017,0,0,,2000
be2016-17.pdf,95,NN,412-40-05-09,AMMA UNAVAGAM - BUILDINGS,2014-2015|2015-2016|2015-2016|2016-2017,0,30000,,2000
be2016-17.pdf,96,NN,412-40-06-04,PUBLIC CONVENIENCE,2014-2015|2015-2016|2015-2016|2016-2017,0,10000,,10000
be2016-17.pdf,96,NN,412-40-06-05,DHOBIKHANA,2014-2015|2015-2016|2015-2016|2016-2017,0,10000,,500
be2016-17.pdf,96,NN,412-40-06-08,GYM BUILDING,2014-2015|2015-2016|2015-2016|2016-2017,0,10000,,10000
be2016-17.pdf,96,NN,412-40-06-09,BURIAL GROUND BUILDING,2014-2015|2015-2016|2015-2016|2016-2017,0,10000,,10000
be2016-17.pdf,96,NN,412-40-07-02,CONCRETE ROADS-INTERIOR ROADS,2014-2015|2015-2016|2015-2016|2016-2017,136643,130000,,50000
be2016-17.pdf,96,NN,412-40-07-05,OTHERS-ROAD WORKS-MIDF-2015-16-PHASE-I,2014-2015|2015-2016|2015-2016|2016-2017,0,0,,290050
be2016-17.pdf,96,NN,412-40-07-06,OTHERS-ROAD WORKS-MIDF-2015-16-PHASE-II,2014-2015|2015-2016|2015-2016|2016-2017,0,0,,141800
be2016-17.pdf,96,NN,412-40-08-02,BLACKTOPPED-INTERIOR ROADS,2014-2015|2015-2016|2015-2016|2016-2017,345659,350000,,120000
be2016-17.pdf,96,NN,412-40-11-00,STORM WATER DRAINS AND CULVERTS,2014-2015|2015-2016|2015-2016|2016-2017,16899,20000,,30000
be2016-17.pdf,96,NN,412-40-30-00,OTHER MISCELLANEOUS WORKS,2014-2015|2015-2016|2015-2016|2016-2017,118248,10000,,10000
be2016-17.pdf,96,NN,412-40-31-00,AMMA KUDINEER,2014-2015|2015-2016|2015-2016|2016-2017,0,0,,14000
be2016-17.pdf,97,NP,412-10-10-00,SPECIFIC GRANTS - GoTN - CMCDM (2012-2013),2014-2015|2015-2016|2015-2016|2016-2017,14921,0,,0
be2016-17.pdf,97,NP,412-10-12-00,SPECIFIC GRANTS - GoTN - CMCDM (2013-2014),2014-2015|2015-2016|2015-2016|2016-2017,704383,0,,0
be2016-17.pdf,97,NP,412-10-17-00,,2014-2015|2015-2016|2015-2016|2016-2017,0,0,,25000
be2016-17.pdf,97,NP,412-20-03-00,SPECIFIC FUNDS - MAYOR SPECIAL DEVELOPMENT FUND WORKS,2014-2015|2015-2016|2015-2016|2016-2017,2796,1355,,6400
be2016-17.pdf,97,NP,412-20-04-00,SPECIFIC FUNDS - COUNCILLOR WARD IMPROVEMENT WORKS,2014-2015|2015-2016|2015-2016|2016-2017,26411,33000,,33000
be2016-17.pdf,97,NP,412-40-02-00,PARKS AND GARDENS,2014-2015|2015-2016|2015-2016|2016-2017,43606,0,,10000
be2016-17.pdf,97,NP,412-40-04-05,NOON MEAL SHEDS,2014-2015|2015-2016|2015-2016|2016-2017,0,10000,,1
be2016-17.pdf,97,NP,412-40-04-06,ANGANVADI CENTRES,2014-2015|2015-2016|2015-2016|2016-2017,0,10000,,10000
be2016-17.pdf,97,NP,412-40-05-09,AMMA UNAVAGAM - BUILDINGS,2014-2015|2015-2016|2015-2016|2016-2017,0,30000,,2000
be2016-17.pdf,97,NP,412-40-06-04,PUBLIC CONVENIENCE,2014-2015|2015-2016|2015-2016|2016-2017,0,10000,,10000
be2016-17.pdf,97,NP,412-40-06-05,DHOBIKHANA,2014-2015|2015-2016|2015-2016|2016-2017,0,10000,,500
be2016-17.pdf,97,NP,412-40-06-08,GYM BUILDING,2014-2015|2015-2016|2015-2016|2016-2017,0,10000,,10000
be2016-17.pdf,97,NP,412-40-06-09,BURIAL GROUND BUILDING,2014-2015|2015-2016|2015-2016|2016-2017,0,10000,,10000
be2016-17.pdf,97,NP,412-40-07-02,CONCRETE ROADS-INTERIOR ROADS,2014-2015|2015-2016|2015-2016|2016-2017,44114,20000,,50000
be2016-17.pdf,98,NP,412-40-07-05,OTHERS-ROAD WORKS-MIDF-2015-16-PHASE-I,2014-2015|2015-2016|2015-2016|2016-2017,0,0,,41150
be2016-17.pdf,98,NP,412-40-07-06,OTHERS-ROAD WORKS-MIDF-2015-16-PHASE-II,2014-2015|2015-2016|2015-2016|2016-2017,0,0,,160300
be2016-17.pdf,98,NP,412-40-08-02,BLACKTOPPED-INTERIOR ROADS,2014-2015|2015-2016|2015-2016|2016-2017,1069420,500000,,120000
be2016-17.pdf,98,NP,412-40-11-00,STORM WATER DRAINS AND CULVERTS,2014-2015|2015-2016|2015-2016|2016-2017,129914,20000,,30000
be2016-17.pdf,98,NP,412-40-30-00,OTHER MISCELLANEOUS WORKS,2014-2015|2015-2016|2015-2016|2016-2017,61413,10000,,10000
be2016-17.pdf,98,NP,412-40-31-00,AMMA KUDINEER,2014-2015|2015-2016|2015-2016|2016-2017,0,0,,14000
be2016-17.pdf,99,NQ,412-10-09-00,SPECIFIC GRANTS - GoTN - CMCDM (2011-2012),2014-2015|2015-2016|2015-2016|2016-2017,13106,0,,0
be2016-17.pdf,99,NQ,412-10-10-00,SPECIFIC GRANTS - GoTN - CMCDM (2012-2013),2014-2015|2015-2016|2015-2016|2016-2017,11674,0,,0
be2016-17.pdf,99,NQ,412-10-17-00,,2014-2015|2015-2016|2015-2016|2016-2017,0,0,,25000
be2016-17.pdf,99,NQ,412-20-03-00,SPECIFIC FUNDS - MAYOR SPECIAL DEVELOPMENT FUND WORKS,2014-2015|2015-2016|2015-2016|2016-2017,1207,1355,,1355
be2016-17.pdf,99,NQ,412-20-04-00,SPECIFIC FUNDS - COUNCILLOR WARD IMPROVEMENT WORKS,2014-2015|2015-2016|2015-2016|2016-2017,2765,27000,,27000
be2016-17.pdf,99,NQ,412-40-02-00,PARKS AND GARDENS,2014-2015|2015-2016|2015-2016|2016-2017,98626,0,,30000
be2016-17.pdf,99,NQ,412-40-04-05,NOON MEAL SHEDS,2014-2015|2015-2016|2015-2016|2016-2017,0,10000,,1
be2016-17.pdf,99,NQ,412-40-04-06,ANGANVADI CENTRES,2014-2015|2015-2016|2015-2016|2016-2017,0,10000,,10000
be2016-17.pdf,99,NQ,412-40-05-09,AMMA UNAVAGAM - BUILDINGS,2014-2015|2015-2016|2015-2016|2016-2017,0,30000,,2000
be2016-17.pdf,99,NQ,412-40-06-04,PUBLIC CONVENIENCE,2014-2015|2015-2016|2015-2016|2016-2017,0,10000,,10000
be2016-17.pdf,99,NQ,412-40-06-05,DHOBIKHANA,2014-2015|2015-2016|2015-2016|2016-2017,0,10000,,500
be2016-17.pdf,99,NQ,412-40-06-08,GYM BUILDING,2014-2015|2015-2016|2015-2016|2016-2017,0,10000,,10000
be2016-17.pdf,99,NQ,412-40-06-09,BURIAL GROUND BUILDING,2014-2015|2015-2016|2015-2016|2016-2017,0,10000,,10000
be2016-17.pdf,99,NQ,412-40-07-02,CONCRETE ROADS-INTERIOR ROADS,2014-2015|2015-2016|2015-2016|2016-2017,120647,100000,,50000
be2016-17.pdf,100,NQ,412-40-07-05,OTHERS-ROAD WORKS-MIDF-2015-16-PHASE-I,2014-2015|2015-2016|2015-2016|2016-2017,0,0,,234100
be2016-17.pdf,100,NQ,412-40-07-06,OTHERS-ROAD WORKS-MIDF-2015-16-PHASE-II,2014-2015|2015-2016|2015-2016|2016-2017,0,0,,107800
be2016-17.pdf,100,NQ,412-40-08-02,BLACKTOPPED-INTERIOR ROADS,2014-2015|2015-2016|2015-2016|2016-2017,661635,650000,,120000
be2016-17.pdf,100,NQ,412-40-11-00,STORM WATER DRAINS AND CULVERTS,2014-2015|2015-2016|2015-2016|2016-2017,20501,20000,,30000
be2016-17.pdf,100,NQ,412-40-30-00,OTHER MISCELLANEOUS WORKS,2014-2015|2015-2016|2015-2016|2016-2017,59125,10000,,10000
be2016-17.pdf,100,NQ,412-40-31-00,AMMA KUDINEER,2014-2015|2015-2016|2015-2016|2016-2017,0,0,,14000
be2016-17.pdf,114,NA,410-40-07-02,PLANT &amp; MACHINERY-FOGGING MACHINES-PORTABLE,2014-2015|2015-2016|2015-2016|2016-2017,0,,0,0
be2016-17.pdf,114,NA,410-40-10-00,PLANT &amp; MACHINERY-TECHNICAL LABORATORY EQUIPMENTS,2014-2015|2015-2016|2015-2016|2016-2017,225,,100,500
be2016-17.pdf,114,NA,410-40-12-00,PLANT &amp; MACHINERY-TREE CUTTING EQUIPMENTS,2014-2015|2015-2016|2015-2016|2016-2017,0,,200,200
be2016-17.pdf,114,NA,410-40-14-00,PLANT &amp; MACHINERY-DEWATERING PUMPS,2014-2015|2015-2016|2015-2016|2016-2017,0,,0,0
be2016-17.pdf,114,NA,410-40-22-00,PLANT &amp; MACHINERY - PLASTIC SHREDDING MACHINE,2014-2015|2015-2016|2015-2016|2016-2017,0,,200,200
be2016-17.pdf,114,NA,410-40-23-02,PLANT &amp; MACHINERY - AMMA UNAVAGAM,2014-2015|2015-2016|2015-2016|2016-2017,0,,2000,500
be2016-17.pdf,114,NA,410-60-12-00,OFFICE &amp; OTHER EQUIPMENTS-EPBAX &amp; TELEPHONES,2014-2015|2015-2016|2015-2016|2016-2017,0,,250,1
be2016-17.pdf,114,NA,410-70-01-00,"FURNITURE, FIXTURES, FITTINGS &amp; ELECTRICAL APPLIANCES-CHAIR",2014-2015|2015-2016|2015-2016|2016-2017,0,100,100,100
be2016-17.pdf,115,NA,410-70-02-00,"FURNITURE, FIXTURES, FITTINGS &amp; ELECTRICAL APPLIANCES-TABLE",2014-2015|2015-2016|2015-2016|2016-2017,0,100,100,100
be2016-17.pdf,115,NA,410-70-03-00,"FURNITURE, FIXTURES, FITTINGS &amp; ELECTRICAL APPLIANCES-BUREAUS &amp; RACKS",2014-2015|2015-2016|2015-2016|2016-2017,0,100,100,100
be2016-17.pdf,115,NA,410-80-00-00,OTHER FIXED ASSETS,2014-2015|2015-2016|2015-2016|2016-2017,204,2000,2000,2000
be2016-17.pdf,116,NB,410-40-07-02,PLANT &amp; MACHINERY-FOGGING MACHINES-PORTABLE,2014-2015|2015-2016|2015-2016|2016-2017,0,,0,0
be2016-17.pdf,116,NB,410-40-10-00,PLANT &amp; MACHINERY-TECHNICAL LABORATORY EQUIPMENTS,2014-2015|2015-2016|2015-2016|2016-2017,0,,0,0
be2016-17.pdf,116,NB,410-40-12-00,PLANT &amp; MACHINERY-TREE CUTTING EQUIPMENTS,2014-2015|2015-2016|2015-2016|2016-2017,0,,100,100
be2016-17.pdf,116,NB,410-40-15-00,PLANT &amp; MACHINERY-GENERATORS,2014-2015|2015-2016|2015-2016|2016-2017,59,,100,100
be2016-17.pdf,116,NB,410-40-22-00,PLANT &amp; MACHINERY - PLASTIC SHREDDING MACHINE,2014-2015|2015-2016|2015-2016|2016-2017,257,,100,100
be2016-17.pdf,116,NB,410-40-23-02,PLANT &amp; MACHINERY - AMMA UNAVAGAM,2014-2015|2015-2016|2015-2016|2016-2017,0,,500,500
be2016-17.pdf,116,NB,410-60-12-00,OFFICE &amp; OTHER EQUIPMENTS-EPBAX &amp; TELEPHONES,2014-2015|2015-2016|2015-2016|2016-2017,101,,0,0
be2016-17.pdf,116,NB,410-70-01-00,"FURNITURE, FIXTURES, FITTINGS &amp; ELECTRICAL APPLIANCES-CHAIR",2014-2015|2015-2016|2015-2016|2016-2017,200,100,100,100
be2016-17.pdf,116,NB,410-70-02-00,"FURNITURE, FIXTURES, FITTINGS &amp; ELECTRICAL APPLIANCES-TABLE",2014-2015|2015-2016|2015-2016|2016-2017,0,100,100,100
be2016-17.pdf,116,NB,410-70-03-00,"FURNITURE, FIXTURES, FITTINGS &amp; ELECTRICAL APPLIANCES-BUREAUS &amp; RACKS",2014-2015|2015-2016|2015-2016|2016-2017,0,100,100,100
be2016-17.pdf,116,NB,410-80-00-00,OTHER FIXED ASSETS,2014-2015|2015-2016|2015-2016|2016-2017,959,2000,2000,2000
be2016-17.pdf,117,NC,410-40-07-02,PLANT &amp; MACHINERY-FOGGING MACHINES-PORTABLE,2014-2015|2015-2016|2015-2016|2016-2017,0,,0,0
be2016-17.pdf,117,NC,410-40-12-00,PLANT &amp; MACHINERY-TREE CUTTING EQUIPMENTS,2014-2015|2015-2016|2015-2016|2016-2017,0,,100,100
be2016-17.pdf,117,NC,410-40-15-00,PLANT &amp; MACHINERY-GENERATORS,2014-2015|2015-2016|2015-2016|2016-2017,88,,100,100
be2016-17.pdf,117,NC,410-40-22-00,PLANT &amp; MACHINERY - PLASTIC SHREDDING MACHINE,2014-2015|2015-2016|2015-2016|2016-2017,0,,100,100
be2016-17.pdf,117,NC,410-40-23-02,PLANT &amp; MACHINERY - AMMA UNAVAGAM,2014-2015|2015-2016|2015-2016|2016-2017,0,,100,500
be2016-17.pdf,117,NC,410-60-09-00,OFFICE &amp; OTHER EQUIPMENTS-AIR CONDITIONER,2014-2015|2015-2016|2015-2016|2016-2017,0,,100,100
be2016-17.pdf,117,NC,410-70-01-00,"FURNITURE, FIXTURES, FITTINGS &amp; ELECTRICAL APPLIANCES-CHAIR",2014-2015|2015-2016|2015-2016|2016-2017,0,100,100,100
be2016-17.pdf,117,NC,410-70-02-00,"FURNITURE, FIXTURES, FITTINGS &amp; ELECTRICAL APPLIANCES-TABLE",2014-2015|2015-2016|2015-2016|2016-2017,0,100,100,100
be2016-17.pdf,117,NC,410-70-03-00,"FURNITURE, FIXTURES, FITTINGS &amp; ELECTRICAL APPLIANCES-BUREAUS &amp; RACKS",2014-2015|2015-2016|2015-2016|2016-2017,0,100,100,100
be2016-17.pdf,117,NC,410-80-00-00,OTHER FIXED ASSETS,2014-2015|2015-2016|2015-2016|2016-2017,0,2000,5000,2000
be2016-17.pdf,118,ND,410-40-07-02,PLANT &amp; MACHINERY-FOGGING MACHINES-PORTABLE,2014-2015|2015-2016|2015-2016|2016-2017,0,,0,0
be2016-17.pdf,118,ND,410-40-08-00,PLANT AND MACHINERY - COMPOST BINS,2014-2015|2015-2016|2015-2016|2016-2017,0,,3603,0
be2016-17.pdf,118,ND,410-40-10-00,PLANT &amp; MACHINERY-TECHNICAL LABORATORY EQUIPMENTS,2014-2015|2015-2016|2015-2016|2016-2017,0,,0,0
be2016-17.pdf,118,ND,410-40-12-00,PLANT &amp; MACHINERY-TREE CUTTING EQUIPMENTS,2014-2015|2015-2016|2015-2016|2016-2017,0,,350,100
be2016-17.pdf,118,ND,410-40-22-00,PLANT &amp; MACHINERY - PLASTIC SHREDDING MACHINE,2014-2015|2015-2016|2015-2016|2016-2017,0,,100,100
be2016-17.pdf,118,ND,410-40-23-02,PLANT &amp; MACHINERY - AMMA UNAVAGAM,2014-2015|2015-2016|2015-2016|2016-2017,0,,1500,500
be2016-17.pdf,118,ND,410-70-01-00,"FURNITURE, FIXTURES, FITTINGS &amp; ELECTRICAL APPLIANCES-CHAIR",2014-2015|2015-2016|2015-2016|2016-2017,0,100,100,100
be2016-17.pdf,118,ND,410-70-02-00,"FURNITURE, FIXTURES, FITTINGS &amp; ELECTRICAL APPLIANCES-TABLE",2014-2015|2015-2016|2015-2016|2016-2017,0,100,100,100
be2016-17.pdf,118,ND,410-70-03-00,"FURNITURE, FIXTURES, FITTINGS &amp; ELECTRICAL APPLIANCES-BUREAUS &amp; RACKS",2014-2015|2015-2016|2015-2016|2016-2017,0,100,100,100
be2016-17.pdf,118,ND,410-80-00-00,OTHER FIXED ASSETS,2014-2015|2015-2016|2015-2016|2016-2017,0,2000,2000,2000
be2016-17.pdf,119,NE,410-40-07-02,PLANT &amp; MACHINERY-FOGGING MACHINES-PORTABLE,2014-2015|2015-2016|2015-2016|2016-2017,0,0,0,0
be2016-17.pdf,119,NE,410-40-13-00,PLANT &amp; MACHINERY-GYM EQUIPMENTS,2014-2015|2015-2016|2015-2016|2016-2017,0,,1250,
be2016-17.pdf,119,NE,410-40-22-00,PLANT &amp; MACHINERY - PLASTIC SHREDDING MACHINE,2014-2015|2015-2016|2015-2016|2016-2017,0,,100,100
be2016-17.pdf,119,NE,410-40-23-02,PLANT &amp; MACHINERY - AMMA UNAVAGAM,2014-2015|2015-2016|2015-2016|2016-2017,0,,2500,500
be2016-17.pdf,119,NE,410-70-01-00,"FURNITURE, FIXTURES, FITTINGS &amp; ELECTRICAL APPLIANCES-CHAIR",2014-2015|2015-2016|2015-2016|2016-2017,0,100,100,100
be2016-17.pdf,119,NE,410-70-02-00,"FURNITURE, FIXTURES, FITTINGS &amp; ELECTRICAL APPLIANCES-TABLE",2014-2015|2015-2016|2015-2016|2016-2017,0,100,100,100
be2016-17.pdf,119,NE,410-70-03-00,"FURNITURE, FIXTURES, FITTINGS &amp; ELECTRICAL APPLIANCES-BUREAUS &amp; RACKS",2014-2015|2015-2016|2015-2016|2016-2017,0,100,100,100
be2016-17.pdf,119,NE,410-80-00-00,OTHER FIXED ASSETS,2014-2015|2015-2016|2015-2016|2016-2017,0,5000,12500,5000
be2016-17.pdf,120,NF,410-40-08-00,PLANT AND MACHINERY - COMPOST BINS,2014-2015|2015-2016|2015-2016|2016-2017,0,,2200,1
be2016-17.pdf,120,NF,410-40-10-00,PLANT &amp; MACHINERY-TECHNICAL LABORATORY EQUIPMENTS,2014-2015|2015-2016|2015-2016|2016-2017,0,,1,1
be2016-17.pdf,120,NF,410-40-12-00,PLANT &amp; MACHINERY-TREE CUTTING EQUIPMENTS,2014-2015|2015-2016|2015-2016|2016-2017,0,,100,100
be2016-17.pdf,120,NF,410-40-22-00,PLANT &amp; MACHINERY - PLASTIC SHREDDING MACHINE,2014-2015|2015-2016|2015-2016|2016-2017,0,,100,100
be2016-17.pdf,120,NF,410-40-23-02,PLANT &amp; MACHINERY - AMMA UNAVAGAM,2014-2015|2015-2016|2015-2016|2016-2017,0,,3000,500
be2016-17.pdf,120,NF,410-60-09-00,OFFICE &amp; OTHER EQUIPMENTS-AIR CONDITIONER,2014-2015|2015-2016|2015-2016|2016-2017,0,,1,1
be2016-17.pdf,120,NF,410-70-01-00,"FURNITURE, FIXTURES, FITTINGS &amp; ELECTRICAL APPLIANCES-CHAIR",2014-2015|2015-2016|2015-2016|2016-2017,0,100,100,100
be2016-17.pdf,120,NF,410-70-02-00,"FURNITURE, FIXTURES, FITTINGS &amp; ELECTRICAL APPLIANCES-TABLE",2014-2015|2015-2016|2015-2016|2016-2017,0,100,100,100
be2016-17.pdf,120,NF,410-70-03-00,"FURNITURE, FIXTURES, FITTINGS &amp; ELECTRICAL APPLIANCES-BUREAUS &amp; RACKS",2014-2015|2015-2016|2015-2016|2016-2017,0,100,100,100
be2016-17.pdf,120,NF,410-70-06-00,"FURNITURE, FIXTURES, FITTINGS &amp; ELECTRICAL APPLIANCES-ELECTRICAL FITTINGS",2014-2015|2015-2016|2015-2016|2016-2017,0,100,100,100
be2016-17.pdf,120,NF,410-80-00-00,OTHER FIXED ASSETS,2014-2015|2015-2016|2015-2016|2016-2017,0,2000,2000,2000
be2016-17.pdf,121,NG,410-40-10-00,PLANT &amp; MACHINERY-TECHNICAL LABORATORY EQUIPMENTS,2014-2015|2015-2016|2015-2016|2016-2017,0,,1,1
be2016-17.pdf,121,NG,410-40-15-00,PLANT &amp; MACHINERY - GENERATORS,2014-2015|2015-2016|2015-2016|2016-2017,0,,1,1
be2016-17.pdf,121,NG,410-40-22-00,PLANT &amp; MACHINERY - PLASTIC SHREDDING MACHINE,2014-2015|2015-2016|2015-2016|2016-2017,0,,100,100
be2016-17.pdf,121,NG,410-40-23-02,PLANT &amp; MACHINERY - AMMA UNAVAGAM,2014-2015|2015-2016|2015-2016|2016-2017,0,,3500,500
be2016-17.pdf,121,NG,410-60-02-00,OFFICE &amp; OTHER EQUIPMENTS-COMPUTERS,2014-2015|2015-2016|2015-2016|2016-2017,0,,2160,
be2016-17.pdf,121,NG,410-70-01-00,"FURNITURE, FIXTURES, FITTINGS &amp; ELECTRICAL APPLIANCES-CHAIR",2014-2015|2015-2016|2015-2016|2016-2017,0,100,100,100
be2016-17.pdf,121,NG,410-70-02-00,"FURNITURE, FIXTURES, FITTINGS &amp; ELECTRICAL APPLIANCES-TABLE",2014-2015|2015-2016|2015-2016|2016-2017,0,100,100,100
be2016-17.pdf,121,NG,410-70-03-00,"FURNITURE, FIXTURES, FITTINGS &amp; ELECTRICAL APPLIANCES-BUREAUS &amp; RACKS",2014-2015|2015-2016|2015-2016|2016-2017,0,100,100,100
be2016-17.pdf,121,NG,410-80-00-00,OTHER FIXED ASSETS,2014-2015|2015-2016|2015-2016|2016-2017,0,3000,3000,3000
be2016-17.pdf,122,NH,410-40-07-02,PLANT &amp; MACHINERY-FOGGING MACHINES-PORTABLE,2014-2015|2015-2016|2015-2016|2016-2017,0,,1,1
be2016-17.pdf,122,NH,410-40-10-00,PLANT &amp; MACHINERY-TECHNICAL LABORATORY EQUIPMENTS,2014-2015|2015-2016|2015-2016|2016-2017,174,,200,200
be2016-17.pdf,122,NH,410-40-22-00,PLANT &amp; MACHINERY - PLASTIC SHREDDING MACHINE,2014-2015|2015-2016|2015-2016|2016-2017,0,,100,100
be2016-17.pdf,122,NH,410-40-23-02,PLANT &amp; MACHINERY - AMMA UNAVAGAM,2014-2015|2015-2016|2015-2016|2016-2017,0,,500,500
be2016-17.pdf,122,NH,410-60-02-00,OFFICE &amp; OTHER EQUIPMENTS-COMPUTERS,2014-2015|2015-2016|2015-2016|2016-2017,0,,171,
be2016-17.pdf,122,NH,410-60-09-00,OFFICE &amp; OTHER EQUIPMENTS-AIR CONDITIONER,2014-2015|2015-2016|2015-2016|2016-2017,351,,100,100
be2016-17.pdf,122,NH,410-70-01-00,"FURNITURE, FIXTURES, FITTINGS &amp; ELECTRICAL APPLIANCES-CHAIR",2014-2015|2015-2016|2015-2016|2016-2017,144,100,100,100
be2016-17.pdf,122,NH,410-70-02-00,"FURNITURE, FIXTURES, FITTINGS &amp; ELECTRICAL APPLIANCES-TABLE",2014-2015|2015-2016|2015-2016|2016-2017,5733,100,100,100
be2016-17.pdf,122,NH,410-70-03-00,"FURNITURE, FIXTURES, FITTINGS &amp; ELECTRICAL APPLIANCES-BUREAUS &amp; RACKS",2014-2015|2015-2016|2015-2016|2016-2017,8441,100,100,100
be2016-17.pdf,122,NH,410-70-04-00,"FURNITURE, FIXTURES, FITTINGS &amp; ELECTRICAL APPLIANCES-FIXURES",2014-2015|2015-2016|2015-2016|2016-2017,0,0,1,1
be2016-17.pdf,122,NH,410-70-08-00,"FURNITURE, FIXTURES, FITTINGS &amp; ELECTRICAL APPLIANCES-INVERTORS",2014-2015|2015-2016|2015-2016|2016-2017,0,100,100,100
be2016-17.pdf,122,NH,410-80-00-00,OTHER FIXED ASSETS,2014-2015|2015-2016|2015-2016|2016-2017,7209,3000,3150,3000
be2016-17.pdf,123,NJ,410-40-10-00,PLANT &amp; MACHINERY-TECHNICAL LABORATORY EQUIPMENTS,2014-2015|2015-2016|2015-2016|2016-2017,0,,1,1
be2016-17.pdf,123,NJ,410-40-12-00,PLANT &amp; MACHINERY-TREE CUTTING EQUIPMENTS,2014-2015|2015-2016|2015-2016|2016-2017,0,,300,300
be2016-17.pdf,123,NJ,410-40-13-00,PLANT &amp; MACHINERY-GYM EQUIPMENTS,2014-2015|2015-2016|2015-2016|2016-2017,0,,1730,0
be2016-17.pdf,123,NJ,410-40-14-00,PLANT &amp; MACHINERY-DEWATERING PUMPS,2014-2015|2015-2016|2015-2016|2016-2017,0,,1,1
be2016-17.pdf,123,NJ,410-40-22-00,PLANT &amp; MACHINERY - PLASTIC SHREDDING MACHINE,2014-2015|2015-2016|2015-2016|2016-2017,0,,100,100
be2016-17.pdf,123,NJ,410-40-23-02,PLANT &amp; MACHINERY - AMMA UNAVAGAM,2014-2015|2015-2016|2015-2016|2016-2017,0,,5500,500
be2016-17.pdf,123,NJ,410-60-02-00,OFFICE &amp; OTHER EQUIPMENTS-COMPUTERS,2014-2015|2015-2016|2015-2016|2016-2017,776,,100,100
be2016-17.pdf,123,NJ,410-70-01-00,"FURNITURE, FIXTURES, FITTINGS &amp; ELECTRICAL APPLIANCES-CHAIR",2014-2015|2015-2016|2015-2016|2016-2017,0,100,100,100
be2016-17.pdf,123,NJ,410-70-02-00,"FURNITURE, FIXTURES, FITTINGS &amp; ELECTRICAL APPLIANCES-TABLE",2014-2015|2015-2016|2015-2016|2016-2017,0,100,100,100
be2016-17.pdf,123,NJ,410-70-03-00,"FURNITURE, FIXTURES, FITTINGS &amp; ELECTRICAL APPLIANCES-BUREAUS &amp; RACKS",2014-2015|2015-2016|2015-2016|2016-2017,0,100,100,100
be2016-17.pdf,123,NJ,410-70-08-00,"FURNITURE, FIXTURES, FITTINGS &amp; ELECTRICAL APPLIANCES-INVERTORS",2014-2015|2015-2016|2015-2016|2016-2017,0,0,1,1
be2016-17.pdf,123,NJ,410-80-00-00,OTHER FIXED ASSETS,2014-2015|2015-2016|2015-2016|2016-2017,6091,5000,3000,5000
be2016-17.pdf,124,NK,410-40-03-00,PLANT &amp; MACHINERY-OPERATION THEATRE EQUIPMENTS,2014-2015|2015-2016|2015-2016|2016-2017,0,,750,0
be2016-17.pdf,124,NK,410-40-07-02,PLANT &amp; MACHINERY-FOGGING MACHINES-PORTABLE,2014-2015|2015-2016|2015-2016|2016-2017,0,,1,1
be2016-17.pdf,124,NK,410-40-10-00,PLANT &amp; MACHINERY-TECHNICAL LABORATORY EQUIPMENTS,2014-2015|2015-2016|2015-2016|2016-2017,0,,1,1
be2016-17.pdf,124,NK,410-40-12-00,PLANT &amp; MACHINERY-TREE CUTTING EQUIPMENTS,2014-2015|2015-2016|2015-2016|2016-2017,0,,100,0
be2016-17.pdf,124,NK,410-40-13-00,PLANT &amp; MACHINERY-GYM EQUIPMENTS,2014-2015|2015-2016|2015-2016|2016-2017,0,,1859,0
be2016-17.pdf,124,NK,410-40-14-00,PLANT &amp; MACHINERY-DEWATERING PUMPS,2014-2015|2015-2016|2015-2016|2016-2017,0,,100,100
be2016-17.pdf,124,NK,410-40-22-00,PLANT &amp; MACHINERY - PLASTIC SHREDDING MACHINE,2014-2015|2015-2016|2015-2016|2016-2017,150,,300,300
be2016-17.pdf,124,NK,410-40-23-02,PLANT &amp; MACHINERY - AMMA UNAVAGAM,2014-2015|2015-2016|2015-2016|2016-2017,0,,2000,500
be2016-17.pdf,124,NK,410-60-02-00,OFFICE &amp; OTHER EQUIPMENTS-COMPUTERS,2014-2015|2015-2016|2015-2016|2016-2017,274,,100,100
be2016-17.pdf,124,NK,410-60-04-00,OFFICE &amp; OTHER EQUIPMENTS-PRINTER,2014-2015|2015-2016|2015-2016|2016-2017,29,,50,50
be2016-17.pdf,124,NK,410-60-06-00,OFFICE &amp; OTHER EQUIPMENTS-NETWORK EQUIPMENTS,2014-2015|2015-2016|2015-2016|2016-2017,305,,50,50
be2016-17.pdf,124,NK,410-60-08-00,OFFICE &amp; OTHER EQUIPMENTS-PHOTO COPIER,2014-2015|2015-2016|2015-2016|2016-2017,0,,1,1
be2016-17.pdf,125,NK,410-60-09-00,OFFICE &amp; OTHER EQUIPMENTS-AIR CONDITIONER,2014-2015|2015-2016|2015-2016|2016-2017,0,,2300,0
be2016-17.pdf,125,NK,410-70-01-00,"FURNITURE, FIXTURES, FITTINGS &amp; ELECTRICAL APPLIANCES-CHAIR",2014-2015|2015-2016|2015-2016|2016-2017,125,100,100,100
be2016-17.pdf,125,NK,410-70-02-00,"FURNITURE, FIXTURES, FITTINGS &amp; ELECTRICAL APPLIANCES-TABLE",2014-2015|2015-2016|2015-2016|2016-2017,343,100,100,100
be2016-17.pdf,125,NK,410-70-03-00,"FURNITURE, FIXTURES, FITTINGS &amp; ELECTRICAL APPLIANCES-BUREAUS &amp; RACKS",2014-2015|2015-2016|2015-2016|2016-2017,313,100,100,100
be2016-17.pdf,125,NK,410-70-08-00,"FURNITURE, FIXTURES, FITTINGS &amp; ELECTRICAL APPLIANCES-INVERTORS",2014-2015|2015-2016|2015-2016|2016-2017,0,100,100,100
be2016-17.pdf,125,NK,410-80-00-00,OTHER FIXED ASSETS,2014-2015|2015-2016|2015-2016|2016-2017,3501,3000,3000,3000
be2016-17.pdf,126,NL,410-40-07-02,PLANT &amp; MACHINERY-FOGGING MACHINES-PORTABLE,2014-2015|2015-2016|2015-2016|2016-2017,0,,0,0
be2016-17.pdf,126,NL,410-40-15-00,PLANT &amp; MACHINERY - GENERATORS,2014-2015|2015-2016|2015-2016|2016-2017,0,,0,0
be2016-17.pdf,126,NL,410-40-22-00,PLANT &amp; MACHINERY - PLASTIC SHREDDING MACHINE,2014-2015|2015-2016|2015-2016|2016-2017,0,,100,100
be2016-17.pdf,126,NL,410-40-23-02,PLANT &amp; MACHINERY - AMMA UNAVAGAM,2014-2015|2015-2016|2015-2016|2016-2017,0,,1500,500
be2016-17.pdf,126,NL,410-60-02-00,OFFICE &amp; OTHER EQUIPMENTS-COMPUTERS,2014-2015|2015-2016|2015-2016|2016-2017,524,,0,0
be2016-17.pdf,126,NL,410-60-06-00,OFFICE &amp; OTHER EQUIPMENTS-NETWORK EQUIPMENTS,2014-2015|2015-2016|2015-2016|2016-2017,344,,100,100
be2016-17.pdf,126,NL,410-70-01-00,"FURNITURE, FIXTURES, FITTINGS &amp; ELECTRICAL APPLIANCES-CHAIR",2014-2015|2015-2016|2015-2016|2016-2017,0,100,100,100
be2016-17.pdf,126,NL,410-70-02-00,"FURNITURE, FIXTURES, FITTINGS &amp; ELECTRICAL APPLIANCES-TABLE",2014-2015|2015-2016|2015-2016|2016-2017,0,100,100,100
be2016-17.pdf,126,NL,410-70-03-00,"FURNITURE, FIXTURES, FITTINGS &amp; ELECTRICAL APPLIANCES-BUREAUS &amp; RACKS",2014-2015|2015-2016|2015-2016|2016-2017,0,100,100,100
be2016-17.pdf,126,NL,410-80-00-00,OTHER FIXED ASSETS,2014-2015|2015-2016|2015-2016|2016-2017,617,2000,2000,2000
be2016-17.pdf,127,NM,410-40-07-02,PLANT &amp; MACHINERY-FOGGING MACHINES-PORTABLE,2014-2015|2015-2016|2015-2016|2016-2017,0,0,544,0
be2016-17.pdf,127,NM,410-40-12-00,PLANT &amp; MACHINERY-TREE CUTTING EQUIPMENTS,2014-2015|2015-2016|2015-2016|2016-2017,273,,500,100
be2016-17.pdf,127,NM,410-40-15-00,PLANT &amp; MACHINERY - GENERATORS,2014-2015|2015-2016|2015-2016|2016-2017,0,,977,0
be2016-17.pdf,127,NM,410-40-22-00,PLANT &amp; MACHINERY - PLASTIC SHREDDING MACHINE,2014-2015|2015-2016|2015-2016|2016-2017,0,,100,100
be2016-17.pdf,127,NM,410-40-23-02,PLANT &amp; MACHINERY - AMMA UNAVAGAM,2014-2015|2015-2016|2015-2016|2016-2017,0,,2400,500
be2016-17.pdf,127,NM,410-60-02-00,OFFICE &amp; OTHER EQUIPMENTS-COMPUTERS,2014-2015|2015-2016|2015-2016|2016-2017,0,,210,0
be2016-17.pdf,127,NM,410-60-03-00,OFFICE &amp; OTHER EQUIPMENTS-STEABLIZER &amp; UPS,2014-2015|2015-2016|2015-2016|2016-2017,0,,330,0
be2016-17.pdf,127,NM,410-60-04-00,OFFICE &amp; OTHER EQUIPMENTS-PRINTER,2014-2015|2015-2016|2015-2016|2016-2017,0,,60,0
be2016-17.pdf,127,NM,410-60-08-00,OFFICE &amp; OTHER EQUIPMENTS-PHOTO COPIER,2014-2015|2015-2016|2015-2016|2016-2017,0,,130,0
be2016-17.pdf,127,NM,410-60-11-00,OFFICE &amp; OTHER EQUIPMENTS-CELL PHONES,2014-2015|2015-2016|2015-2016|2016-2017,0,,8,0
be2016-17.pdf,127,NM,410-70-01-00,"FURNITURE, FIXTURES, FITTINGS &amp; ELECTRICAL APPLIANCES-CHAIR",2014-2015|2015-2016|2015-2016|2016-2017,0,100,160,100
be2016-17.pdf,127,NM,410-70-02-00,"FURNITURE, FIXTURES, FITTINGS &amp; ELECTRICAL APPLIANCES-TABLE",2014-2015|2015-2016|2015-2016|2016-2017,0,100,180,100
be2016-17.pdf,128,NM,410-70-03-00,"FURNITURE, FIXTURES, FITTINGS &amp; ELECTRICAL APPLIANCES-BUREAUS &amp; RACKS",2014-2015|2015-2016|2015-2016|2016-2017,0,100,150,100
be2016-17.pdf,128,NM,410-80-00-00,OTHER FIXED ASSETS,2014-2015|2015-2016|2015-2016|2016-2017,805,2000,2000,2000
be2016-17.pdf,129,NN,410-40-10-00,PLANT &amp; MACHINERY-TECHNICAL LABORATORY EQUIPMENTS,2014-2015|2015-2016|2015-2016|2016-2017,0,,0,0
be2016-17.pdf,129,NN,410-40-12-00,PLANT &amp; MACHINERY-TREE CUTTING EQUIPMENTS,2014-2015|2015-2016|2015-2016|2016-2017,0,,100,100
be2016-17.pdf,129,NN,410-40-14-00,PLANT &amp; MACHINERY-DEWATERING PUMPS,2014-2015|2015-2016|2015-2016|2016-2017,0,,0,0
be2016-17.pdf,129,NN,410-40-15-00,PLANT &amp; MACHINERY - GENERATORS,2014-2015|2015-2016|2015-2016|2016-2017,82,,0,0
be2016-17.pdf,129,NN,410-40-22-00,PLANT &amp; MACHINERY - PLASTIC SHREDDING MACHINE,2014-2015|2015-2016|2015-2016|2016-2017,0,,100,100
be2016-17.pdf,129,NN,410-40-23-02,PLANT &amp; MACHINERY - AMMA UNAVAGAM,2014-2015|2015-2016|2015-2016|2016-2017,0,,500,500
be2016-17.pdf,129,NN,410-60-06-00,OFFICE &amp; OTHER EQUIPMENTS-NETWORK EQUIPMENTS,2014-2015|2015-2016|2015-2016|2016-2017,0,,550,100
be2016-17.pdf,129,NN,410-70-01-00,"FURNITURE, FIXTURES, FITTINGS &amp; ELECTRICAL APPLIANCES-CHAIR",2014-2015|2015-2016|2015-2016|2016-2017,0,100,100,100
be2016-17.pdf,129,NN,410-70-02-00,"FURNITURE, FIXTURES, FITTINGS &amp; ELECTRICAL APPLIANCES-TABLE",2014-2015|2015-2016|2015-2016|2016-2017,0,100,100,100
be2016-17.pdf,129,NN,410-70-03-00,"FURNITURE, FIXTURES, FITTINGS &amp; ELECTRICAL APPLIANCES-BUREAUS &amp; RACKS",2014-2015|2015-2016|2015-2016|2016-2017,0,100,100,100
be2016-17.pdf,129,NN,410-80-00-00,OTHER FIXED ASSETS,2014-2015|2015-2016|2015-2016|2016-2017,7991,5000,5000,5000
be2016-17.pdf,130,NP,410-40-07-02,PLANT &amp; MACHINERY-FOGGING MACHINES-PORTABLE,2014-2015|2015-2016|2015-2016|2016-2017,0,0,0,0
be2016-17.pdf,130,NP,410-40-10-00,PLANT &amp; MACHINERY-TECHNICAL LABORATORY EQUIPMENTS,2014-2015|2015-2016|2015-2016|2016-2017,0,,100,100
be2016-17.pdf,130,NP,410-40-14-00,PLANT &amp; MACHINERY-DEWATERING PUMPS,2014-2015|2015-2016|2015-2016|2016-2017,0,,100,100
be2016-17.pdf,130,NP,410-40-15-00,PLANT &amp; MACHINERY - GENERATORS,2014-2015|2015-2016|2015-2016|2016-2017,13,,1325,0
be2016-17.pdf,130,NP,410-40-22-00,PLANT &amp; MACHINERY - PLASTIC SHREDDING MACHINE,2014-2015|2015-2016|2015-2016|2016-2017,0,,100,100
be2016-17.pdf,130,NP,410-40-23-02,PLANT &amp; MACHINERY - AMMA UNAVAGAM,2014-2015|2015-2016|2015-2016|2016-2017,0,,1000,500
be2016-17.pdf,130,NP,410-60-02-00,OFFICE &amp; OTHER EQUIPMENTS-COMPUTERS,2014-2015|2015-2016|2015-2016|2016-2017,9,,50,50
be2016-17.pdf,130,NP,410-60-09-00,OFFICE &amp; OTHER EQUIPMENTS-AIR CONDITIONER,2014-2015|2015-2016|2015-2016|2016-2017,0,,300,0
be2016-17.pdf,130,NP,410-70-01-00,"FURNITURE, FIXTURES, FITTINGS &amp; ELECTRICAL APPLIANCES-CHAIR",2014-2015|2015-2016|2015-2016|2016-2017,35,100,250,100
be2016-17.pdf,130,NP,410-70-02-00,"FURNITURE, FIXTURES, FITTINGS &amp; ELECTRICAL APPLIANCES-TABLE",2014-2015|2015-2016|2015-2016|2016-2017,0,100,230,100
be2016-17.pdf,130,NP,410-70-03-00,"FURNITURE, FIXTURES, FITTINGS &amp; ELECTRICAL APPLIANCES-BUREAUS &amp; RACKS",2014-2015|2015-2016|2015-2016|2016-2017,88,100,290,100
be2016-17.pdf,130,NP,410-80-00-00,OTHER FIXED ASSETS,2014-2015|2015-2016|2015-2016|2016-2017,926,2000,2000,2000
be2016-17.pdf,131,NQ,410-40-04-00,PLANT &amp; MACHINERY-DEWATERING PUMPS,2014-2015|2015-2016|2015-2016|2016-2017,0,,470,0
be2016-17.pdf,131,NQ,410-40-10-00,PLANT &amp; MACHINERY-TECHNICAL LABORATORY EQUIPMENTS,2014-2015|2015-2016|2015-2016|2016-2017,1250,,500,500
be2016-17.pdf,131,NQ,410-40-12-00,PLANT &amp; MACHINERY-TREE CUTTING EQUIPMENTS,2014-2015|2015-2016|2015-2016|2016-2017,146,,100,100
be2016-17.pdf,131,NQ,410-40-14-00,PLANT &amp; MACHINERY-DEWATERING PUMPS,2014-2015|2015-2016|2015-2016|2016-2017,0,,0,0
be2016-17.pdf,131,NQ,410-40-15-00,PLANT &amp; MACHINERY - GENERATORS,2014-2015|2015-2016|2015-2016|2016-2017,0,,0,0
be2016-17.pdf,131,NQ,410-40-22-00,PLANT &amp; MACHINERY - PLASTIC SHREDDING MACHINE,2014-2015|2015-2016|2015-2016|2016-2017,567,,100,100
be2016-17.pdf,131,NQ,410-40-23-02,PLANT &amp; MACHINERY - AMMA UNAVAGAM,2014-2015|2015-2016|2015-2016|2016-2017,0,,500,500
be2016-17.pdf,131,NQ,410-60-02-00,OFFICE &amp; OTHER EQUIPMENTS-COMPUTERS,2014-2015|2015-2016|2015-2016|2016-2017,400,,100,100
be2016-17.pdf,131,NQ,410-60-03-00,OFFICE &amp; OTHER EQUIPMENTS-STEABLIZER &amp; UPS,2014-2015|2015-2016|2015-2016|2016-2017,200,,100,100
be2016-17.pdf,131,NQ,410-60-04-00,OFFICE &amp; OTHER EQUIPMENTS-PRINTER,2014-2015|2015-2016|2015-2016|2016-2017,73,,100,100
be2016-17.pdf,131,NQ,410-60-06-00,OFFICE &amp; OTHER EQUIPMENTS-NETWORK EQUIPMENTS,2014-2015|2015-2016|2015-2016|2016-2017,0,,427,1
be2016-17.pdf,131,NQ,410-60-07-00,OFFICE &amp; OTHER EQUIPMENTS-FAX MACHINE,2014-2015|2015-2016|2015-2016|2016-2017,22,,0,0
be2016-17.pdf,132,NQ,410-70-01-00,"FURNITURE, FIXTURES, FITTINGS &amp; ELECTRICAL APPLIANCES-CHAIR",2014-2015|2015-2016|2015-2016|2016-2017,0,100,115,100
be2016-17.pdf,132,NQ,410-70-02-00,"FURNITURE, FIXTURES, FITTINGS &amp; ELECTRICAL APPLIANCES-TABLE",2014-2015|2015-2016|2015-2016|2016-2017,256,100,100,100
be2016-17.pdf,132,NQ,410-70-03-00,"FURNITURE, FIXTURES, FITTINGS &amp; ELECTRICAL APPLIANCES-BUREAUS &amp; RACKS",2014-2015|2015-2016|2015-2016|2016-2017,1599,100,291,100
be2016-17.pdf,132,NQ,410-80-00-00,OTHER FIXED ASSETS,2014-2015|2015-2016|2015-2016|2016-2017,1372,2000,2000,2000
cap2017-18.pdf,51,NA,412-10-08-04,TURIF (BRR / IR) (2016-17),2015-2016|2016-2017|2016-2017|2017-2018,,,70200,30000
cap2017-18.pdf,51,NA,412-10-08-05,TURIF (2017-18),2015-2016|2016-2017|2016-2017|2017-2018,,0,0,66000
cap2017-18.pdf,51,NA,412-10-12-00,CMCDM (2013-2014),2015-2016|2016-2017|2016-2017|2017-2018,95579,0,50100,0
cap2017-18.pdf,51,NA,412-10-17-00,,2015-2016|2016-2017|2016-2017|2017-2018,,25000,25000,15000
cap2017-18.pdf,51,NA,412-20-03-00,MAYOR SPECIAL DEVELOPMENT FUND WORKS,2015-2016|2016-2017|2016-2017|2017-2018,,1330,1330,1330
cap2017-18.pdf,51,NA,412-20-04-00,COUNCILLOR WARD IMPROVEMENT WORKS,2015-2016|2016-2017|2016-2017|2017-2018,19349,42000,42000,42000
cap2017-18.pdf,51,NA,412-40-02-00,PARKS AND GARDENS,2015-2016|2016-2017|2016-2017|2017-2018,363,100,10000,0
cap2017-18.pdf,51,NA,412-40-04-05,NOON MEAL SHEDS,2015-2016|2016-2017|2016-2017|2017-2018,6523,1,0,0
cap2017-18.pdf,51,NA,412-40-04-06,ANGANVADI CENTRES,2015-2016|2016-2017|2016-2017|2017-2018,982,10000,10000,10000
cap2017-18.pdf,51,NA,412-40-05-09,AMMA UNAVAGAM - BUILDINGS,2015-2016|2016-2017|2016-2017|2017-2018,3078,2000,15000,0
cap2017-18.pdf,51,NA,412-40-06-04,PUBLIC CONVENIENCE,2015-2016|2016-2017|2016-2017|2017-2018,9807,10000,10000,10000
cap2017-18.pdf,51,NA,412-40-06-05,DHOBIKHANA,2015-2016|2016-2017|2016-2017|2017-2018,48,1000,1000,1000
cap2017-18.pdf,52,NA,412-40-06-08,GYM BUILDING,2015-2016|2016-2017|2016-2017|2017-2018,1050,10000,10000,5000
cap2017-18.pdf,52,NA,412-40-06-09,BURIAL GROUND BUILDING,2015-2016|2016-2017|2016-2017|2017-2018,3133,10000,10000,5000
cap2017-18.pdf,52,NA,412-40-07-02,CONCRETE ROADS,2015-2016|2016-2017|2016-2017|2017-2018,1713,80000,5000,5000
cap2017-18.pdf,52,NA,412-40-07-05,MIDF-2015-16-PHASE-I,2015-2016|2016-2017|2016-2017|2017-2018,20655,110800,210000,0
cap2017-18.pdf,52,NA,412-40-07-06,MIDF-2015-16-PHASE-II,2015-2016|2016-2017|2016-2017|2017-2018,0,12350,25000,0
cap2017-18.pdf,52,NA,412-40-08-02,BLACKTOPPED ROADS,2015-2016|2016-2017|2016-2017|2017-2018,39920,120000,50000,10000
cap2017-18.pdf,52,NA,412-40-11-00,STORM WATER DRAINS AND CULVERTS,2015-2016|2016-2017|2016-2017|2017-2018,14250,20000,20000,20000
cap2017-18.pdf,52,NA,412-40-30-00,MISCELLANEOUS WORKS,2015-2016|2016-2017|2016-2017|2017-2018,12655,10000,10000,20000
cap2017-18.pdf,52,NA,412-40-31-00,AMMA KUDINEER,2015-2016|2016-2017|2016-2017|2017-2018,0,14000,5000,0
cap2017-18.pdf,53,NB,412-10-08-04,TURIF (BRR / IR) (2016-17),2015-2016|2016-2017|2016-2017|2017-2018,,,25100,13000
cap2017-18.pdf,53,NB,412-10-08-05,TURIF (2017-18),2015-2016|2016-2017|2016-2017|2017-2018,,0,0,66000
cap2017-18.pdf,53,NB,412-10-12-00,CMCDM (2013-2014),2015-2016|2016-2017|2016-2017|2017-2018,1115,0,58520,0
cap2017-18.pdf,53,NB,412-10-17-00,SWACHH BHARAT MISSION,2015-2016|2016-2017|2016-2017|2017-2018,0,23900,25000,15000
cap2017-18.pdf,53,NB,412-20-03-00,MAYOR SPECIAL DEVELOPMENT FUND WORKS,2015-2016|2016-2017|2016-2017|2017-2018,0,1330,1330,1330
cap2017-18.pdf,53,NB,412-20-04-00,COUNCILLOR WARD IMPROVEMENT WORKS,2015-2016|2016-2017|2016-2017|2017-2018,21005,21000,21000,21000
cap2017-18.pdf,53,NB,412-40-02-00,PARKS AND GARDENS,2015-2016|2016-2017|2016-2017|2017-2018,7886,10000,20000,0
cap2017-18.pdf,53,NB,412-40-04-05,NOON MEAL SHEDS,2015-2016|2016-2017|2016-2017|2017-2018,4736,1,0,0
cap2017-18.pdf,53,NB,412-40-04-06,ANGANVADI CENTRES,2015-2016|2016-2017|2016-2017|2017-2018,9626,10000,10000,10000
cap2017-18.pdf,53,NB,412-40-05-03,UNIT OFFICE BUILDINGS,2015-2016|2016-2017|2016-2017|2017-2018,1322,2000,2000,0
cap2017-18.pdf,53,NB,412-40-05-09,AMMA UNAVAGAM - BUILDINGS,2015-2016|2016-2017|2016-2017|2017-2018,13313,2000,6000,0
cap2017-18.pdf,53,NB,412-40-06-04,PUBLIC CONVENIENCE,2015-2016|2016-2017|2016-2017|2017-2018,9949,10000,3000,10000
cap2017-18.pdf,53,NB,412-40-06-05,DHOBIKHANA,2015-2016|2016-2017|2016-2017|2017-2018,915,2000,3000,1000
cap2017-18.pdf,54,NB,412-40-06-08,GYM BUILDING,2015-2016|2016-2017|2016-2017|2017-2018,4927,10000,10000,5000
cap2017-18.pdf,54,NB,412-40-06-09,BURIAL GROUND BUILDING,2015-2016|2016-2017|2016-2017|2017-2018,10598,5000,7500,5000
cap2017-18.pdf,54,NB,412-40-07-02,CONCRETE ROADS,2015-2016|2016-2017|2016-2017|2017-2018,9117,20000,20000,5000
cap2017-18.pdf,54,NB,412-40-07-05,MIDF-2015-16-PHASE-I,2015-2016|2016-2017|2016-2017|2017-2018,0,22550,45100,0
cap2017-18.pdf,54,NB,412-40-07-06,MIDF-2015-16-PHASE-II,2015-2016|2016-2017|2016-2017|2017-2018,0,6650,22300,0
cap2017-18.pdf,54,NB,412-40-08-02,BLACKTOPPED ROADS,2015-2016|2016-2017|2016-2017|2017-2018,29848,60000,50000,10000
cap2017-18.pdf,54,NB,412-40-08-05,BUS SHELTERS,2015-2016|2016-2017|2016-2017|2017-2018,476,1,0,0
cap2017-18.pdf,54,NB,412-40-11-00,STORM WATER DRAINS AND CULVERTS,2015-2016|2016-2017|2016-2017|2017-2018,24785,30000,40000,22500
cap2017-18.pdf,54,NB,412-40-30-00,MISCELLANEOUS WORKS,2015-2016|2016-2017|2016-2017|2017-2018,34695,20000,30000,20000
cap2017-18.pdf,54,NB,412-40-31-00,AMMA KUDINEER,2015-2016|2016-2017|2016-2017|2017-2018,0,14000,5000,0
cap2017-18.pdf,55,NC,412-10-08-04,TURIF (BRR / IR) (2016-17),2015-2016|2016-2017|2016-2017|2017-2018,,,53500,27000
cap2017-18.pdf,55,NC,412-10-08-05,TURIF (2017-18),2015-2016|2016-2017|2016-2017|2017-2018,,0,0,66000
cap2017-18.pdf,55,NC,412-10-12-00,CMCDM (2013-2014),2015-2016|2016-2017|2016-2017|2017-2018,25568,0,70700,0
cap2017-18.pdf,55,NC,412-10-17-00,SWACHH BHARAT MISSION,2015-2016|2016-2017|2016-2017|2017-2018,0,25000,25000,15000
cap2017-18.pdf,55,NC,412-20-03-00,MAYOR SPECIAL DEVELOPMENT FUND WORKS,2015-2016|2016-2017|2016-2017|2017-2018,0,1330,1330,1330
cap2017-18.pdf,55,NC,412-20-04-00,COUNCILLOR WARD IMPROVEMENT WORKS,2015-2016|2016-2017|2016-2017|2017-2018,42049,36000,36000,36000
cap2017-18.pdf,55,NC,412-40-02-00,PARKS AND GARDENS,2015-2016|2016-2017|2016-2017|2017-2018,7752,10000,10000,0
cap2017-18.pdf,55,NC,412-40-04-05,NOON MEAL SHEDS,2015-2016|2016-2017|2016-2017|2017-2018,969,1,0,0
cap2017-18.pdf,55,NC,412-40-04-06,ANGANVADI CENTRES,2015-2016|2016-2017|2016-2017|2017-2018,11753,15000,15000,10000
cap2017-18.pdf,55,NC,412-40-05-09,AMMA UNAVAGAM - BUILDINGS,2015-2016|2016-2017|2016-2017|2017-2018,5515,2000,1000,8000
cap2017-18.pdf,55,NC,412-40-06-04,PUBLIC CONVENIENCE,2015-2016|2016-2017|2016-2017|2017-2018,7353,10000,15000,10000
cap2017-18.pdf,55,NC,412-40-06-05,DHOBIKHANA,2015-2016|2016-2017|2016-2017|2017-2018,0,500,500,1000
cap2017-18.pdf,55,NC,412-40-06-08,GYM BUILDING,2015-2016|2016-2017|2016-2017|2017-2018,0,10000,10000,4300
cap2017-18.pdf,56,NC,412-40-06-09,BURIAL GROUND BUILDING,2015-2016|2016-2017|2016-2017|2017-2018,1136,10000,10000,3000
cap2017-18.pdf,56,NC,412-40-07-02,CONCRETE ROADS,2015-2016|2016-2017|2016-2017|2017-2018,0,0,0,5000
cap2017-18.pdf,56,NC,412-40-07-05,MIDF-2015-16-PHASE-I,2015-2016|2016-2017|2016-2017|2017-2018,37436,30900,30900,0
cap2017-18.pdf,56,NC,412-40-07-06,MIDF-2015-16-PHASE-II,2015-2016|2016-2017|2016-2017|2017-2018,0,61550,130000,0
cap2017-18.pdf,56,NC,412-40-08-02,BLACKTOPPED ROADS,2015-2016|2016-2017|2016-2017|2017-2018,162255,100000,100000,10000
cap2017-18.pdf,56,NC,412-40-11-00,STORM WATER DRAINS AND CULVERTS,2015-2016|2016-2017|2016-2017|2017-2018,31280,20000,30000,7500
cap2017-18.pdf,56,NC,412-40-30-00,MISCELLANEOUS WORKS,2015-2016|2016-2017|2016-2017|2017-2018,19953,10000,20000,20000
cap2017-18.pdf,56,NC,412-40-31-00,AMMA KUDINEER,2015-2016|2016-2017|2016-2017|2017-2018,0,14000,5000,0
cap2017-18.pdf,57,ND,412-10-08-04,TURIF (BRR / IR) (2016-17),2015-2016|2016-2017|2016-2017|2017-2018,,,108300,55000
cap2017-18.pdf,57,ND,412-10-08-05,TURIF (2017-18),2015-2016|2016-2017|2016-2017|2017-2018,,0,0,66000
cap2017-18.pdf,57,ND,412-10-10-00,CMCDM (2012-2013),2015-2016|2016-2017|2016-2017|2017-2018,41957,0,0,0
cap2017-18.pdf,57,ND,412-10-17-00,SWACHH BHARAT MISSION,2015-2016|2016-2017|2016-2017|2017-2018,0,25000,25000,15000
cap2017-18.pdf,57,ND,412-20-03-00,MAYOR SPECIAL DEVELOPMENT FUND WORKS,2015-2016|2016-2017|2016-2017|2017-2018,0,1330,1330,1330
cap2017-18.pdf,57,ND,412-20-04-00,COUNCILLOR WARD IMPROVEMENT WORKS,2015-2016|2016-2017|2016-2017|2017-2018,64215,50000,45000,45000
cap2017-18.pdf,57,ND,412-40-02-00,PARKS AND GARDENS,2015-2016|2016-2017|2016-2017|2017-2018,46759,40000,130000,0
cap2017-18.pdf,57,ND,412-40-04-03,HIGH SCHOOL,2015-2016|2016-2017|2016-2017|2017-2018,,0,7500,0
cap2017-18.pdf,57,ND,412-40-04-05,NOON MEAL SHEDS,2015-2016|2016-2017|2016-2017|2017-2018,22745,0,0,0
cap2017-18.pdf,57,ND,412-40-04-06,ANGANVADI CENTRES,2015-2016|2016-2017|2016-2017|2017-2018,16776,15000,15000,10000
cap2017-18.pdf,57,ND,412-40-05-09,AMMA UNAVAGAM - BUILDINGS,2015-2016|2016-2017|2016-2017|2017-2018,10242,2000,15500,0
cap2017-18.pdf,57,ND,412-40-06-04,PUBLIC CONVENIENCE,2015-2016|2016-2017|2016-2017|2017-2018,23708,20000,25000,10000
cap2017-18.pdf,57,ND,412-40-06-05,DHOBIKHANA,2015-2016|2016-2017|2016-2017|2017-2018,9365,2000,2000,1000
cap2017-18.pdf,58,ND,412-40-06-08,GYM BUILDING,2015-2016|2016-2017|2016-2017|2017-2018,4842,20000,10000,5700
cap2017-18.pdf,58,ND,412-40-06-09,BURIAL GROUND BUILDING,2015-2016|2016-2017|2016-2017|2017-2018,18124,15000,16000,7000
cap2017-18.pdf,58,ND,412-40-07-02,CONCRETE ROADS,2015-2016|2016-2017|2016-2017|2017-2018,115030,150000,100000,5000
cap2017-18.pdf,58,ND,412-40-07-05,MIDF-2015-16-PHASE-I,2015-2016|2016-2017|2016-2017|2017-2018,233608,273150,333700,0
cap2017-18.pdf,58,ND,412-40-07-06,MIDF-2015-16-PHASE-II,2015-2016|2016-2017|2016-2017|2017-2018,36434,36450,38000,0
cap2017-18.pdf,58,ND,412-40-08-02,BLACKTOPPED ROADS,2015-2016|2016-2017|2016-2017|2017-2018,160653,200000,200000,10000
cap2017-18.pdf,58,ND,412-40-11-00,STORM WATER DRAINS AND CULVERTS,2015-2016|2016-2017|2016-2017|2017-2018,51448,60000,60000,15000
cap2017-18.pdf,58,ND,412-40-30-00,MISCELLANEOUS WORKS,2015-2016|2016-2017|2016-2017|2017-2018,132820,20000,30000,20000
cap2017-18.pdf,58,ND,412-40-31-00,AMMA KUDINEER,2015-2016|2016-2017|2016-2017|2017-2018,0,14000,10000,0
cap2017-18.pdf,59,NE,412-10-08-04,TURIF (BRR / IR) (2016-17),2015-2016|2016-2017|2016-2017|2017-2018,,,56400,28000
cap2017-18.pdf,59,NE,412-10-08-05,TURIF (2017-18),2015-2016|2016-2017|2016-2017|2017-2018,,0,0,66000
cap2017-18.pdf,59,NE,412-10-07-04,JNNURM-BSUP-BUILDINGS,2015-2016|2016-2017|2016-2017|2017-2018,9554,0,0,0
cap2017-18.pdf,59,NE,412-10-17-00,SWACHH BHARAT MISSION,2015-2016|2016-2017|2016-2017|2017-2018,6827,18300,18300,15000
cap2017-18.pdf,59,NE,412-20-03-00,MAYOR SPECIAL DEVELOPMENT FUND WORKS,2015-2016|2016-2017|2016-2017|2017-2018,0,1330,2830,1330
cap2017-18.pdf,59,NE,412-20-04-00,COUNCILLOR WARD IMPROVEMENT WORKS,2015-2016|2016-2017|2016-2017|2017-2018,46088,45000,45000,45000
cap2017-18.pdf,59,NE,412-40-02-00,PARKS AND GARDENS,2015-2016|2016-2017|2016-2017|2017-2018,24629,10000,61000,0
cap2017-18.pdf,59,NE,412-40-04-06,ANGANVADI CENTRES,2015-2016|2016-2017|2016-2017|2017-2018,22606,10000,10000,10000
cap2017-18.pdf,59,NE,412-40-05-09,AMMA UNAVAGAM - BUILDINGS,2015-2016|2016-2017|2016-2017|2017-2018,20040,2000,40000,0
cap2017-18.pdf,59,NE,412-40-06-04,PUBLIC CONVENIENCE,2015-2016|2016-2017|2016-2017|2017-2018,35860,10000,10000,10000
cap2017-18.pdf,59,NE,412-40-06-05,DHOBIKHANA,2015-2016|2016-2017|2016-2017|2017-2018,10874,500,500,1000
cap2017-18.pdf,59,NE,412-40-06-08,GYM BUILDING,2015-2016|2016-2017|2016-2017|2017-2018,10177,10000,10000,5000
cap2017-18.pdf,59,NE,412-40-06-09,BURIAL GROUND BUILDING,2015-2016|2016-2017|2016-2017|2017-2018,9554,10000,10000,5000
cap2017-18.pdf,60,NE,412-40-07-02,CONCRETE ROADS,2015-2016|2016-2017|2016-2017|2017-2018,210048,100000,140000,5000
cap2017-18.pdf,60,NE,412-40-07-05,MIDF-2015-16-PHASE-I,2015-2016|2016-2017|2016-2017|2017-2018,28038,119850,212000,0
cap2017-18.pdf,60,NE,412-40-07-06,MIDF-2015-16-PHASE-II,2015-2016|2016-2017|2016-2017|2017-2018,0,33850,67700,0
cap2017-18.pdf,60,NE,412-40-08-02,BLACKTOPPED ROADS,2015-2016|2016-2017|2016-2017|2017-2018,152097,120000,125000,10000
cap2017-18.pdf,60,NE,412-40-11-00,STORM WATER DRAINS AND CULVERTS,2015-2016|2016-2017|2016-2017|2017-2018,46785,30000,50000,10000
cap2017-18.pdf,60,NE,412-40-30-00,MISCELLANEOUS WORKS,2015-2016|2016-2017|2016-2017|2017-2018,10349,10000,20000,20000
cap2017-18.pdf,60,NE,412-40-31-00,AMMA KUDINEER,2015-2016|2016-2017|2016-2017|2017-2018,0,14000,10000,0
cap2017-18.pdf,61,NF,412-10-08-04,TURIF (BRR / IR) (2016-17),2015-2016|2016-2017|2016-2017|2017-2018,,,21500,11000
cap2017-18.pdf,61,NF,412-10-08-05,TURIF (2017-18),2015-2016|2016-2017|2016-2017|2017-2018,,0,0,66000
cap2017-18.pdf,61,NF,412-10-07-04,JNNURM-BSUP-BUILDINGS,2015-2016|2016-2017|2016-2017|2017-2018,1212,1,0,0
cap2017-18.pdf,61,NF,412-10-10-00,CMCDM (2012-2013),2015-2016|2016-2017|2016-2017|2017-2018,0,1,0,0
cap2017-18.pdf,61,NF,412-10-17-00,SWACHH BHARAT MISSION,2015-2016|2016-2017|2016-2017|2017-2018,3804,20100,20000,15000
cap2017-18.pdf,61,NF,412-20-03-00,MAYOR SPECIAL DEVELOPMENT FUND WORKS,2015-2016|2016-2017|2016-2017|2017-2018,816,1330,34830,1330
cap2017-18.pdf,61,NF,412-20-04-00,COUNCILLOR WARD IMPROVEMENT WORKS,2015-2016|2016-2017|2016-2017|2017-2018,34309,45000,45000,45000
cap2017-18.pdf,61,NF,412-40-02-00,PARKS AND GARDENS,2015-2016|2016-2017|2016-2017|2017-2018,11095,10000,10000,0
cap2017-18.pdf,61,NF,412-40-03-01,HEALTH DEPARTMENT BUILDINGS,2015-2016|2016-2017|2016-2017|2017-2018,2036,2000,2000,0
cap2017-18.pdf,61,NF,412-40-03-04,HEALTH POSTS,2015-2016|2016-2017|2016-2017|2017-2018,1751,2000,2000,0
cap2017-18.pdf,62,NF,412-40-04-01,PRIMARY SCHOOL,2015-2016|2016-2017|2016-2017|2017-2018,538,500,500,0
cap2017-18.pdf,62,NF,412-40-04-02,MIDDLE SCHOOL,2015-2016|2016-2017|2016-2017|2017-2018,6194,5000,5000,0
cap2017-18.pdf,62,NF,412-40-04-04,HIGHER SECONDARY SCHOOL,2015-2016|2016-2017|2016-2017|2017-2018,5944,5000,5000,0
cap2017-18.pdf,62,NF,412-40-04-05,NOON MEAL SHEDS,2015-2016|2016-2017|2016-2017|2017-2018,9968,1,0,0
cap2017-18.pdf,62,NF,412-40-04-06,ANGANVADI CENTRES,2015-2016|2016-2017|2016-2017|2017-2018,1391,10000,10000,10000
cap2017-18.pdf,62,NF,412-40-05-03,UNIT OFFICE BUILDINGS,2015-2016|2016-2017|2016-2017|2017-2018,895,1000,1000,0
cap2017-18.pdf,62,NF,412-40-05-04,WARD OFFICE BUILDINGS,2015-2016|2016-2017|2016-2017|2017-2018,3855,5000,5000,0
cap2017-18.pdf,62,NF,412-40-05-09,AMMA UNAVAGAM - BUILDINGS,2015-2016|2016-2017|2016-2017|2017-2018,9482,2000,17800,0
cap2017-18.pdf,62,NF,412-40-06-03,COMMUNITY CENTRES,2015-2016|2016-2017|2016-2017|2017-2018,497,500,500,0
cap2017-18.pdf,62,NF,412-40-06-04,PUBLIC CONVENIENCE,2015-2016|2016-2017|2016-2017|2017-2018,10100,10000,10000,10000
cap2017-18.pdf,62,NF,412-40-06-05,DHOBIKHANA,2015-2016|2016-2017|2016-2017|2017-2018,793,1000,500,1000
cap2017-18.pdf,62,NF,412-40-06-06,SLAUGHTER HOUSE,2015-2016|2016-2017|2016-2017|2017-2018,,0,10000,5000
cap2017-18.pdf,62,NF,412-40-06-08,GYM BUILDING,2015-2016|2016-2017|2016-2017|2017-2018,5887,10000,5000,9800
cap2017-18.pdf,62,NF,412-40-06-09,BURIAL GROUND BUILDING,2015-2016|2016-2017|2016-2017|2017-2018,0,10000,5000,8000
cap2017-18.pdf,62,NF,412-40-07-02,CONCRETE ROADS,2015-2016|2016-2017|2016-2017|2017-2018,328663,100000,100000,5000
cap2017-18.pdf,63,NF,412-40-07-05,MIDF-2015-16-PHASE-I,2015-2016|2016-2017|2016-2017|2017-2018,7603,154800,302000,0
cap2017-18.pdf,63,NF,412-40-07-06,MIDF-2015-16-PHASE-II,2015-2016|2016-2017|2016-2017|2017-2018,0,84950,170000,0
cap2017-18.pdf,63,NF,412-40-08-02,BLACKTOPPED ROADS,2015-2016|2016-2017|2016-2017|2017-2018,228073,120000,120000,10000
cap2017-18.pdf,63,NF,412-40-08-05,BUS SHELTERS,2015-2016|2016-2017|2016-2017|2017-2018,1959,500,500,0
cap2017-18.pdf,63,NF,412-40-10-00,PAVEMENTS,2015-2016|2016-2017|2016-2017|2017-2018,13104,4000,4000,0
cap2017-18.pdf,63,NF,412-40-11-00,STORM WATER DRAINS AND CULVERTS,2015-2016|2016-2017|2016-2017|2017-2018,29600,30000,30000,89100
cap2017-18.pdf,63,NF,412-40-30-00,MISCELLANEOUS WORKS,2015-2016|2016-2017|2016-2017|2017-2018,19524,10000,15000,20000
cap2017-18.pdf,63,NF,412-40-31-00,AMMA KUDINEER,2015-2016|2016-2017|2016-2017|2017-2018,0,14000,5000,0
cap2017-18.pdf,64,NG,412-10-08-04,TURIF (BRR / IR) (2016-17),2015-2016|2016-2017|2016-2017|2017-2018,,,61200,30000
cap2017-18.pdf,64,NG,412-10-08-05,TURIF (2017-18),2015-2016|2016-2017|2016-2017|2017-2018,,0,0,66000
cap2017-18.pdf,64,NG,412-10-09-00,CMCDM (2011-2012),2015-2016|2016-2017|2016-2017|2017-2018,46923,0,36400,0
cap2017-18.pdf,64,NG,412-10-10-00,CMCDM (2012-2013),2015-2016|2016-2017|2016-2017|2017-2018,286144,0,25800,0
cap2017-18.pdf,64,NG,412-10-12-00,CMCDM (2013-2014),2015-2016|2016-2017|2016-2017|2017-2018,347798,0,176300,0
cap2017-18.pdf,64,NG,412-10-17-00,SWACHH BHARAT MISSION,2015-2016|2016-2017|2016-2017|2017-2018,0,25000,10000,15000
cap2017-18.pdf,64,NG,412-20-03-00,MAYOR SPECIAL DEVELOPMENT FUND WORKS,2015-2016|2016-2017|2016-2017|2017-2018,0,1330,1330,1330
cap2017-18.pdf,64,NG,412-20-04-00,COUNCILLOR WARD IMPROVEMENT WORKS,2015-2016|2016-2017|2016-2017|2017-2018,7238,45000,45000,45000
cap2017-18.pdf,64,NG,412-40-02-00,PARKS AND GARDENS,2015-2016|2016-2017|2016-2017|2017-2018,30287,25000,30000,0
cap2017-18.pdf,64,NG,412-40-04-01,PRIMARY SCHOOL,2015-2016|2016-2017|2016-2017|2017-2018,8919,10000,10000,0
cap2017-18.pdf,64,NG,412-40-04-02,ELEMENTARY EDUCTAION - MIDDLE SCHOOL,2015-2016|2016-2017|2016-2017|2017-2018,1191,1000,1000,0
cap2017-18.pdf,65,NG,412-40-04-05,NOON MEAL SHEDS,2015-2016|2016-2017|2016-2017|2017-2018,15826,1,7000,0
cap2017-18.pdf,65,NG,412-40-04-06,ANGANVADI CENTRES,2015-2016|2016-2017|2016-2017|2017-2018,10987,10000,10000,10000
cap2017-18.pdf,65,NG,412-40-05-02,ZONAL OFFICE BUILDINGS,2015-2016|2016-2017|2016-2017|2017-2018,5370,5000,7000,0
cap2017-18.pdf,65,NG,412-40-05-09,AMMA UNAVAGAM - BUILDINGS,2015-2016|2016-2017|2016-2017|2017-2018,32828,2000,8200,0
cap2017-18.pdf,65,NG,412-40-06-04,PUBLIC CONVENIENCE,2015-2016|2016-2017|2016-2017|2017-2018,10803,10000,10000,10000
cap2017-18.pdf,65,NG,412-40-06-05,DHOBIKHANA,2015-2016|2016-2017|2016-2017|2017-2018,0,500,500,1000
cap2017-18.pdf,65,NG,412-40-06-06,SLAUGHTER HOUSE,2015-2016|2016-2017|2016-2017|2017-2018,4344,4000,0,0
cap2017-18.pdf,65,NG,412-40-06-08,GYM BUILDING,2015-2016|2016-2017|2016-2017|2017-2018,1156,10000,5000,7000
cap2017-18.pdf,65,NG,412-40-06-09,BURIAL GROUND BUILDING,2015-2016|2016-2017|2016-2017|2017-2018,3921,10000,5000,20000
cap2017-18.pdf,65,NG,412-40-07-02,CONCRETE ROADS,2015-2016|2016-2017|2016-2017|2017-2018,60649,70000,50000,5000
cap2017-18.pdf,65,NG,412-40-07-05,MIDF-2015-16-PHASE-I,2015-2016|2016-2017|2016-2017|2017-2018,169964,247800,340000,0
cap2017-18.pdf,65,NG,412-40-07-06,MIDF-2015-16-PHASE-II,2015-2016|2016-2017|2016-2017|2017-2018,0,77250,154500,0
cap2017-18.pdf,65,NG,412-40-08-02,BLACKTOPPED ROADS,2015-2016|2016-2017|2016-2017|2017-2018,242687,120000,120000,10000
cap2017-18.pdf,66,NG,412-40-08-05,BUS SHELTERS,2015-2016|2016-2017|2016-2017|2017-2018,0,500,0,0
cap2017-18.pdf,66,NG,412-40-11-00,STORM WATER DRAINS AND CULVERTS,2015-2016|2016-2017|2016-2017|2017-2018,9034,20000,20000,24500
cap2017-18.pdf,66,NG,412-40-30-00,MISCELLANEOUS WORKS,2015-2016|2016-2017|2016-2017|2017-2018,51172,10000,45000,20000
cap2017-18.pdf,66,NG,412-40-31-00,AMMA KUDINEER,2015-2016|2016-2017|2016-2017|2017-2018,0,14000,10000,0
cap2017-18.pdf,67,NH,412-10-08-04,TURIF (BRR / IR) (2016-17),2015-2016|2016-2017|2016-2017|2017-2018,,,72800,36000
cap2017-18.pdf,67,NH,412-10-08-05,TURIF (2017-18),2015-2016|2016-2017|2016-2017|2017-2018,,0,0,66000
cap2017-18.pdf,67,NH,412-10-07-01,JNNURM-BSUP-ROADS,2015-2016|2016-2017|2016-2017|2017-2018,3735,2,0,0
cap2017-18.pdf,67,NH,412-10-10-00,CMCDM (2012-2013),2015-2016|2016-2017|2016-2017|2017-2018,9221,1,0,0
cap2017-18.pdf,67,NH,412-10-17-00,SWACHH BHARAT MISSION,2015-2016|2016-2017|2016-2017|2017-2018,0,25000,25000,15000
cap2017-18.pdf,67,NH,412-20-03-00,MAYOR SPECIAL DEVELOPMENT FUND WORKS,2015-2016|2016-2017|2016-2017|2017-2018,0,1330,1330,1330
cap2017-18.pdf,67,NH,412-20-04-00,COUNCILLOR WARD IMPROVEMENT WORKS,2015-2016|2016-2017|2016-2017|2017-2018,34018,45000,45000,45000
cap2017-18.pdf,67,NH,412-40-02-00,PARKS AND GARDENS,2015-2016|2016-2017|2016-2017|2017-2018,29659,15000,25000,0
cap2017-18.pdf,67,NH,412-40-04-05,NOON MEAL SHEDS,2015-2016|2016-2017|2016-2017|2017-2018,9538,1,0,0
cap2017-18.pdf,67,NH,412-40-04-06,ANGANVADI CENTRES,2015-2016|2016-2017|2016-2017|2017-2018,14656,10000,10000,10000
cap2017-18.pdf,67,NH,412-40-05-09,AMMA UNAVAGAM - BUILDINGS,2015-2016|2016-2017|2016-2017|2017-2018,45983,2000,3000,0
cap2017-18.pdf,67,NH,412-40-06-04,PUBLIC CONVENIENCE,2015-2016|2016-2017|2016-2017|2017-2018,21381,10000,10000,10000
cap2017-18.pdf,67,NH,412-40-06-05,DHOBIKHANA,2015-2016|2016-2017|2016-2017|2017-2018,3323,5000,3500,1000
cap2017-18.pdf,68,NH,412-40-06-08,GYM BUILDING,2015-2016|2016-2017|2016-2017|2017-2018,2838,10000,10000,10000
cap2017-18.pdf,68,NH,412-40-06-09,BURIAL GROUND BUILDING,2015-2016|2016-2017|2016-2017|2017-2018,8334,10000,10000,14800
cap2017-18.pdf,68,NH,412-40-07-02,CONCRETE ROADS,2015-2016|2016-2017|2016-2017|2017-2018,153919,50000,100000,5000
cap2017-18.pdf,68,NH,412-40-07-05,MIDF-2015-16-PHASE-I,2015-2016|2016-2017|2016-2017|2017-2018,21174,21200,115700,0
cap2017-18.pdf,68,NH,412-40-07-06,MIDF-2015-16-PHASE-II,2015-2016|2016-2017|2016-2017|2017-2018,14907,26700,60000,0
cap2017-18.pdf,68,NH,412-40-08-02,BLACKTOPPED ROADS,2015-2016|2016-2017|2016-2017|2017-2018,248971,120000,150000,10000
cap2017-18.pdf,68,NH,412-40-11-00,STORM WATER DRAINS AND CULVERTS,2015-2016|2016-2017|2016-2017|2017-2018,40016,40000,80000,250000
cap2017-18.pdf,68,NH,412-40-30-00,MISCELLANEOUS WORKS,2015-2016|2016-2017|2016-2017|2017-2018,21635,10000,30000,20000
cap2017-18.pdf,68,NH,412-40-31-00,AMMA KUDINEER,2015-2016|2016-2017|2016-2017|2017-2018,0,14000,5000,0
cap2017-18.pdf,69,NJ,412-10-08-04,TURIF (BRR / IR) (2016-17),2015-2016|2016-2017|2016-2017|2017-2018,,,15400,7500
cap2017-18.pdf,69,NJ,412-10-08-05,TURIF (2017-18),2015-2016|2016-2017|2016-2017|2017-2018,,0,0,66000
cap2017-18.pdf,69,NJ,412-10-17-00,SWACHH BHARAT MISSION,2015-2016|2016-2017|2016-2017|2017-2018,4068,12400,35000,15000
cap2017-18.pdf,69,NJ,412-20-03-00,MAYOR SPECIAL DEVELOPMENT FUND WORKS,2015-2016|2016-2017|2016-2017|2017-2018,0,1330,1330,1330
cap2017-18.pdf,69,NJ,412-20-04-00,COUNCILLOR WARD IMPROVEMENT WORKS,2015-2016|2016-2017|2016-2017|2017-2018,15519,54000,54000,54000
cap2017-18.pdf,69,NJ,412-40-02-00,PARKS AND GARDENS,2015-2016|2016-2017|2016-2017|2017-2018,51710,30000,50000,0
cap2017-18.pdf,69,NJ,412-40-04-05,NOON MEAL SHEDS,2015-2016|2016-2017|2016-2017|2017-2018,9923,3,0,0
cap2017-18.pdf,69,NJ,412-40-04-06,ANGANVADI CENTRES,2015-2016|2016-2017|2016-2017|2017-2018,12433,10000,10000,10000
cap2017-18.pdf,69,NJ,412-40-05-09,AMMA UNAVAGAM - BUILDINGS,2015-2016|2016-2017|2016-2017|2017-2018,31778,2000,7000,0
cap2017-18.pdf,69,NJ,412-40-06-04,PUBLIC CONVENIENCE,2015-2016|2016-2017|2016-2017|2017-2018,12477,10000,10000,10000
cap2017-18.pdf,69,NJ,412-40-06-05,DHOBIKHANA,2015-2016|2016-2017|2016-2017|2017-2018,9840,10000,10000,1000
cap2017-18.pdf,69,NJ,412-40-06-08,GYM BUILDING,2015-2016|2016-2017|2016-2017|2017-2018,9720,10000,10000,15900
cap2017-18.pdf,70,NJ,412-40-06-09,BURIAL GROUND BUILDING,2015-2016|2016-2017|2016-2017|2017-2018,9965,10000,10000,20100
cap2017-18.pdf,70,NJ,412-40-07-02,CONCRETE ROADS,2015-2016|2016-2017|2016-2017|2017-2018,153109,80000,87000,5000
cap2017-18.pdf,70,NJ,412-40-07-05,MIDF-2015-16-PHASE-I,2015-2016|2016-2017|2016-2017|2017-2018,0,168050,335500,0
cap2017-18.pdf,70,NJ,412-40-07-06,MIDF-2015-16-PHASE-II,2015-2016|2016-2017|2016-2017|2017-2018,0,74150,148500,0
cap2017-18.pdf,70,NJ,412-40-08-02,BLACKTOPPED ROADS,2015-2016|2016-2017|2016-2017|2017-2018,258531,120000,120000,10000
cap2017-18.pdf,70,NJ,412-40-11-00,STORM WATER DRAINS AND CULVERTS,2015-2016|2016-2017|2016-2017|2017-2018,38030,40000,60000,150000
cap2017-18.pdf,70,NJ,412-40-30-00,MISCELLANEOUS WORKS,2015-2016|2016-2017|2016-2017|2017-2018,54631,20000,40000,20000
cap2017-18.pdf,70,NJ,412-40-31-00,AMMA KUDINEER,2015-2016|2016-2017|2016-2017|2017-2018,0,14000,5000,0
cap2017-18.pdf,71,NK,412-10-08-04,TURIF (BRR / IR) (2016-17),2015-2016|2016-2017|2016-2017|2017-2018,,,66300,33000
cap2017-18.pdf,71,NK,412-10-08-05,TURIF (2017-18),2015-2016|2016-2017|2016-2017|2017-2018,,0,0,66000
cap2017-18.pdf,71,NK,412-10-17-00,SWACHH BHARAT MISSION,2015-2016|2016-2017|2016-2017|2017-2018,2823,22000,20000,15000
cap2017-18.pdf,71,NK,412-20-03-00,MAYOR SPECIAL DEVELOPMENT FUND WORKS,2015-2016|2016-2017|2016-2017|2017-2018,3711,1330,3900,1330
cap2017-18.pdf,71,NK,412-20-04-00,COUNCILLOR WARD IMPROVEMENT WORKS,2015-2016|2016-2017|2016-2017|2017-2018,44535,48000,48000,48000
cap2017-18.pdf,71,NK,412-40-02-00,PARKS AND GARDENS,2015-2016|2016-2017|2016-2017|2017-2018,46358,30000,100000,0
cap2017-18.pdf,71,NK,412-40-03-01,HEALTH DEPARTMENT BUILDINGS,2015-2016|2016-2017|2016-2017|2017-2018,2896,5000,5000,0
cap2017-18.pdf,71,NK,412-40-04-02,MIDDLE SCHOOL,2015-2016|2016-2017|2016-2017|2017-2018,3457,5000,5000,0
cap2017-18.pdf,71,NK,412-40-04-03,HIGH SCHOOL,2015-2016|2016-2017|2016-2017|2017-2018,2663,5000,5000,0
cap2017-18.pdf,71,NK,412-40-04-04,HIGHER SECONDARY SCHOOL,2015-2016|2016-2017|2016-2017|2017-2018,11170,10000,10000,0
cap2017-18.pdf,71,NK,412-40-04-05,NOON MEAL SHEDS,2015-2016|2016-2017|2016-2017|2017-2018,9930,2,0,0
cap2017-18.pdf,71,NK,412-40-04-06,ANGANVADI CENTRES,2015-2016|2016-2017|2016-2017|2017-2018,9967,10000,10000,10000
cap2017-18.pdf,71,NK,412-40-05-09,AMMA UNAVAGAM - BUILDINGS,2015-2016|2016-2017|2016-2017|2017-2018,24298,2000,12000,0
cap2017-18.pdf,72,NK,412-40-06-04,PUBLIC CONVENIENCE,2015-2016|2016-2017|2016-2017|2017-2018,13501,12000,10000,10000
cap2017-18.pdf,72,NK,412-40-06-05,DHOBIKHANA,2015-2016|2016-2017|2016-2017|2017-2018,9918,10000,5000,1000
cap2017-18.pdf,72,NK,412-40-06-08,GYM BUILDING,2015-2016|2016-2017|2016-2017|2017-2018,10129,10000,5000,12500
cap2017-18.pdf,72,NK,412-40-06-09,BURIAL GROUND BUILDING,2015-2016|2016-2017|2016-2017|2017-2018,9747,10000,25000,15000
cap2017-18.pdf,72,NK,412-40-07-02,CONCRETE ROADS,2015-2016|2016-2017|2016-2017|2017-2018,262620,80000,100000,5000
cap2017-18.pdf,72,NK,412-40-07-05,MIDF-2015-16-PHASE-I,2015-2016|2016-2017|2016-2017|2017-2018,27795,89050,238100,0
cap2017-18.pdf,72,NK,412-40-07-06,MIDF-2015-16-PHASE-II,2015-2016|2016-2017|2016-2017|2017-2018,0,50100,100200,0
cap2017-18.pdf,72,NK,412-40-08-02,BLACKTOPPED ROADS,2015-2016|2016-2017|2016-2017|2017-2018,319978,120000,150000,10000
cap2017-18.pdf,72,NK,412-40-11-00,STORM WATER DRAINS AND CULVERTS,2015-2016|2016-2017|2016-2017|2017-2018,19973,30000,50000,55000
cap2017-18.pdf,72,NK,412-40-30-00,MISCELLANEOUS WORKS,2015-2016|2016-2017|2016-2017|2017-2018,30045,20000,25000,20000
cap2017-18.pdf,72,NK,412-40-31-00,AMMA KUDINEER,2015-2016|2016-2017|2016-2017|2017-2018,,14000,10000,0
cap2017-18.pdf,73,NL,412-10-08-04,TURIF (BRR / IR) (2016-17),2015-2016|2016-2017|2016-2017|2017-2018,,,253900,127000
cap2017-18.pdf,73,NL,412-10-08-05,TURIF (2017-18),2015-2016|2016-2017|2016-2017|2017-2018,,0,0,66000
cap2017-18.pdf,73,NL,412-10-17-00,SWACHH BHARAT MISSION,2015-2016|2016-2017|2016-2017|2017-2018,0,25000,5000,15000
cap2017-18.pdf,73,NL,412-10-12-00,CMCDM (2013-2014),2015-2016|2016-2017|2016-2017|2017-2018,50857,1,73300,0
cap2017-18.pdf,73,NL,412-20-03-00,MAYOR SPECIAL DEVELOPMENT FUND WORKS,2015-2016|2016-2017|2016-2017|2017-2018,0,1330,1330,1330
cap2017-18.pdf,73,NL,412-20-04-00,COUNCILLOR WARD IMPROVEMENT WORKS,2015-2016|2016-2017|2016-2017|2017-2018,26236,40000,39000,39000
cap2017-18.pdf,73,NL,412-40-02-00,PARKS AND GARDENS,2015-2016|2016-2017|2016-2017|2017-2018,9799,10000,5000,0
cap2017-18.pdf,73,NL,412-40-04-06,ANGANVADI CENTRES,2015-2016|2016-2017|2016-2017|2017-2018,0,10000,5000,10000
cap2017-18.pdf,73,NL,412-40-05-02,ZONAL OFFICE BUILDINGS,2015-2016|2016-2017|2016-2017|2017-2018,230,2000,2000,0
cap2017-18.pdf,73,NL,412-40-05-09,AMMA UNAVAGAM - BUILDINGS,2015-2016|2016-2017|2016-2017|2017-2018,12670,2000,2000,0
cap2017-18.pdf,73,NL,412-40-06-04,PUBLIC CONVENIENCE,2015-2016|2016-2017|2016-2017|2017-2018,4931,10000,5000,10000
cap2017-18.pdf,73,NL,412-40-06-05,DHOBIKHANA,2015-2016|2016-2017|2016-2017|2017-2018,0,500,500,1000
cap2017-18.pdf,74,NL,412-40-06-08,GYM BUILDING,2015-2016|2016-2017|2016-2017|2017-2018,0,10000,500,3000
cap2017-18.pdf,74,NL,412-40-06-09,BURIAL GROUND BUILDING,2015-2016|2016-2017|2016-2017|2017-2018,753,10000,5000,5000
cap2017-18.pdf,74,NL,412-40-07-02,CONCRETE ROADS,2015-2016|2016-2017|2016-2017|2017-2018,2697,50000,50000,5000
cap2017-18.pdf,74,NL,412-40-07-05,MIDF-2015-16-PHASE-I,2015-2016|2016-2017|2016-2017|2017-2018,14257,101300,202600,0
cap2017-18.pdf,74,NL,412-40-07-06,MIDF-2015-16-PHASE-II,2015-2016|2016-2017|2016-2017|2017-2018,0,28650,62600,0
cap2017-18.pdf,74,NL,412-40-08-02,BLACKTOPPED ROADS,2015-2016|2016-2017|2016-2017|2017-2018,19078,120000,50000,10000
cap2017-18.pdf,74,NL,412-40-11-00,STORM WATER DRAINS AND CULVERTS,2015-2016|2016-2017|2016-2017|2017-2018,28599,30000,30000,13000
cap2017-18.pdf,74,NL,412-40-30-00,MISCELLANEOUS WORKS,2015-2016|2016-2017|2016-2017|2017-2018,19551,10000,15000,20000
cap2017-18.pdf,74,NL,412-40-31-00,AMMA KUDINEER,2015-2016|2016-2017|2016-2017|2017-2018,0,14000,5000,0
cap2017-18.pdf,75,NM,412-10-08-04,TURIF (BRR / IR) (2016-17),2015-2016|2016-2017|2016-2017|2017-2018,,0,38700,20000
cap2017-18.pdf,75,NM,412-10-08-05,TURIF (2017-18),2015-2016|2016-2017|2016-2017|2017-2018,,0,0,67000
cap2017-18.pdf,75,NM,412-10-17-00,SWACHH BHARAT MISSION,2015-2016|2016-2017|2016-2017|2017-2018,0,25000,5000,15000
cap2017-18.pdf,75,NM,412-10-18-00,AMURT SCHEME,2015-2016|2016-2017|2016-2017|2017-2018,,0,35765,0
cap2017-18.pdf,75,NM,412-10-12-00,CMCDM (2013-2014),2015-2016|2016-2017|2016-2017|2017-2018,64391,0,75500,0
cap2017-18.pdf,75,NM,412-20-03-00,MAYOR SPECIAL DEVELOPMENT FUND WORKS,2015-2016|2016-2017|2016-2017|2017-2018,0,1330,1330,1330
cap2017-18.pdf,75,NM,412-20-04-00,COUNCILLOR WARD IMPROVEMENT WORKS,2015-2016|2016-2017|2016-2017|2017-2018,35998,36000,36000,36000
cap2017-18.pdf,75,NM,412-40-02-00,PARKS AND GARDENS,2015-2016|2016-2017|2016-2017|2017-2018,17941,20000,30000,0
cap2017-18.pdf,75,NM,412-40-04-05,NOON MEAL SHEDS,2015-2016|2016-2017|2016-2017|2017-2018,9170,1,0,0
cap2017-18.pdf,75,NM,412-40-04-06,ANGANVADI CENTRES,2015-2016|2016-2017|2016-2017|2017-2018,4795,10000,10000,10000
cap2017-18.pdf,75,NM,412-40-05-09,AMMA UNAVAGAM - BUILDINGS,2015-2016|2016-2017|2016-2017|2017-2018,9830,2000,5500,0
cap2017-18.pdf,75,NM,412-40-06-04,PUBLIC CONVENIENCE,2015-2016|2016-2017|2016-2017|2017-2018,8266,10000,10000,10000
cap2017-18.pdf,75,NM,412-40-06-05,DHOBIKHANA,2015-2016|2016-2017|2016-2017|2017-2018,0,5000,5000,1000
cap2017-18.pdf,76,NM,412-40-06-08,GYM BUILDING,2015-2016|2016-2017|2016-2017|2017-2018,2252,10000,10000,5000
cap2017-18.pdf,76,NM,412-40-06-09,BURIAL GROUND BUILDING,2015-2016|2016-2017|2016-2017|2017-2018,4334,10000,10000,2000
cap2017-18.pdf,76,NM,412-40-07-02,CONCRETE ROADS,2015-2016|2016-2017|2016-2017|2017-2018,91501,50000,50000,5000
cap2017-18.pdf,76,NM,412-40-07-05,MIDF-2015-16-PHASE-I,2015-2016|2016-2017|2016-2017|2017-2018,0,65100,130200,0
cap2017-18.pdf,76,NM,412-40-07-06,MIDF-2015-16-PHASE-II,2015-2016|2016-2017|2016-2017|2017-2018,0,27800,68600,0
cap2017-18.pdf,76,NM,412-40-08-02,BLACKTOPPED ROADS,2015-2016|2016-2017|2016-2017|2017-2018,104806,100000,100000,10000
cap2017-18.pdf,76,NM,412-40-11-00,STORM WATER DRAINS AND CULVERTS,2015-2016|2016-2017|2016-2017|2017-2018,39199,40000,60000,15000
cap2017-18.pdf,76,NM,412-40-30-00,MISCELLANEOUS WORKS,2015-2016|2016-2017|2016-2017|2017-2018,21044,20000,30000,20000
cap2017-18.pdf,76,NM,412-40-31-00,AMMA KUDINEER,2015-2016|2016-2017|2016-2017|2017-2018,0,14000,5000,0
cap2017-18.pdf,77,NN,412-10-08-04,TURIF (BRR / IR) (2016-17),2015-2016|2016-2017|2016-2017|2017-2018,,0,16200,8000
cap2017-18.pdf,77,NN,412-10-08-05,TURIF (2017-18),2015-2016|2016-2017|2016-2017|2017-2018,,0,0,67000
cap2017-18.pdf,77,NN,412-10-17-00,SWACHH BHARAT MISSION,2015-2016|2016-2017|2016-2017|2017-2018,9639,25000,25000,15000
cap2017-18.pdf,77,NN,412-10-18-00,AMURT SCHEME,2015-2016|2016-2017|2016-2017|2017-2018,,0,32500,0
cap2017-18.pdf,77,NN,412-20-03-00,MAYOR SPECIAL DEVELOPMENT FUND WORKS,2015-2016|2016-2017|2016-2017|2017-2018,0,1330,1330,1330
cap2017-18.pdf,77,NN,412-20-04-00,COUNCILLOR WARD IMPROVEMENT WORKS,2015-2016|2016-2017|2016-2017|2017-2018,17745,39000,39000,39000
cap2017-18.pdf,77,NN,412-40-02-00,PARKS AND GARDENS,2015-2016|2016-2017|2016-2017|2017-2018,9715,5000,10000,0
cap2017-18.pdf,77,NN,412-40-04-05,NOON MEAL SHEDS,2015-2016|2016-2017|2016-2017|2017-2018,5466,1,0,0
cap2017-18.pdf,77,NN,412-40-04-06,ANGANVADI CENTRES,2015-2016|2016-2017|2016-2017|2017-2018,1481,10000,10000,10000
cap2017-18.pdf,77,NN,412-40-05-02,ZONAL OFFICE BUILDINGS,2015-2016|2016-2017|2016-2017|2017-2018,1178,2000,5000,0
cap2017-18.pdf,77,NN,412-40-05-09,AMMA UNAVAGAM - BUILDINGS,2015-2016|2016-2017|2016-2017|2017-2018,4462,2000,2000,0
cap2017-18.pdf,77,NN,412-40-06-04,PUBLIC CONVENIENCE,2015-2016|2016-2017|2016-2017|2017-2018,10083,10000,10000,10000
cap2017-18.pdf,77,NN,412-40-06-05,DHOBIKHANA,2015-2016|2016-2017|2016-2017|2017-2018,0,500,500,1000
cap2017-18.pdf,78,NN,412-40-06-08,GYM BUILDING,2015-2016|2016-2017|2016-2017|2017-2018,926,10000,5000,5000
cap2017-18.pdf,78,NN,412-40-06-09,BURIAL GROUND BUILDING,2015-2016|2016-2017|2016-2017|2017-2018,4881,10000,5000,2000
cap2017-18.pdf,78,NN,412-40-07-02,CONCRETE ROADS,2015-2016|2016-2017|2016-2017|2017-2018,80777,50000,20000,5000
cap2017-18.pdf,78,NN,412-40-07-05,MIDF-2015-16-PHASE-I,2015-2016|2016-2017|2016-2017|2017-2018,87685,290050,492500,0
cap2017-18.pdf,78,NN,412-40-07-06,MIDF-2015-16-PHASE-II,2015-2016|2016-2017|2016-2017|2017-2018,0,141800,283600,0
cap2017-18.pdf,78,NN,412-40-08-02,BLACKTOPPED ROADS,2015-2016|2016-2017|2016-2017|2017-2018,79903,120000,150000,10000
cap2017-18.pdf,78,NN,412-40-11-00,STORM WATER DRAINS AND CULVERTS,2015-2016|2016-2017|2016-2017|2017-2018,32866,30000,30000,10000
cap2017-18.pdf,78,NN,412-40-30-00,MISCELLANEOUS WORKS,2015-2016|2016-2017|2016-2017|2017-2018,27932,10000,37500,20000
cap2017-18.pdf,78,NN,412-40-31-00,AMMA KUDINEER,2015-2016|2016-2017|2016-2017|2017-2018,0,14000,5000,0
cap2017-18.pdf,79,NP,412-10-08-04,TURIF (BRR / IR) (2016-17),2015-2016|2016-2017|2016-2017|2017-2018,,,41500,21000
cap2017-18.pdf,79,NP,412-10-08-05,TURIF (2017-18),2015-2016|2016-2017|2016-2017|2017-2018,,0,0,70000
cap2017-18.pdf,79,NP,412-10-12-00,CMCDM (2013-2014),2015-2016|2016-2017|2016-2017|2017-2018,213302,0,3000,0
cap2017-18.pdf,79,NP,412-10-17-00,SWACHH BHARAT MISSION,2015-2016|2016-2017|2016-2017|2017-2018,0,25000,25000,15000
cap2017-18.pdf,79,NP,412-20-03-00,MAYOR SPECIAL DEVELOPMENT FUND WORKS,2015-2016|2016-2017|2016-2017|2017-2018,5818,6400,1330,1355
cap2017-18.pdf,79,NP,412-20-04-00,COUNCILLOR WARD IMPROVEMENT WORKS,2015-2016|2016-2017|2016-2017|2017-2018,39428,33000,33000,33000
cap2017-18.pdf,79,NP,412-40-02-00,PARKS AND GARDENS,2015-2016|2016-2017|2016-2017|2017-2018,11751,10000,20000,0
cap2017-18.pdf,79,NP,412-40-04-05,NOON MEAL SHEDS,2015-2016|2016-2017|2016-2017|2017-2018,318,1,0,0
cap2017-18.pdf,79,NP,412-40-04-06,ANGANVADI CENTRES,2015-2016|2016-2017|2016-2017|2017-2018,8710,10000,15000,10000
cap2017-18.pdf,79,NP,412-40-05-09,AMMA UNAVAGAM - BUILDINGS,2015-2016|2016-2017|2016-2017|2017-2018,19949,2000,35000,0
cap2017-18.pdf,79,NP,412-40-06-04,PUBLIC CONVENIENCE,2015-2016|2016-2017|2016-2017|2017-2018,10789,10000,10000,10000
cap2017-18.pdf,79,NP,412-40-06-05,DHOBIKHANA,2015-2016|2016-2017|2016-2017|2017-2018,0,500,500,1000
cap2017-18.pdf,80,NP,412-40-06-08,GYM BUILDING,2015-2016|2016-2017|2016-2017|2017-2018,1942,10000,5000,4000
cap2017-18.pdf,80,NP,412-40-06-09,BURIAL GROUND BUILDING,2015-2016|2016-2017|2016-2017|2017-2018,9627,10000,15000,5000
cap2017-18.pdf,80,NP,412-40-07-02,CONCRETE ROADS,2015-2016|2016-2017|2016-2017|2017-2018,19270,50000,70000,5000
cap2017-18.pdf,80,NP,412-40-07-05,MIDF-2015-16-PHASE-I,2015-2016|2016-2017|2016-2017|2017-2018,41139,41150,200000,0
cap2017-18.pdf,80,NP,412-40-07-06,MIDF-2015-16-PHASE-II,2015-2016|2016-2017|2016-2017|2017-2018,0,160300,320600,0
cap2017-18.pdf,80,NP,412-40-08-02,BLACKTOPPED ROADS,2015-2016|2016-2017|2016-2017|2017-2018,437538,120000,200000,10000
cap2017-18.pdf,80,NP,412-40-11-00,STORM WATER DRAINS AND CULVERTS,2015-2016|2016-2017|2016-2017|2017-2018,34825,30000,50000,15000
cap2017-18.pdf,80,NP,412-40-30-00,MISCELLANEOUS WORKS,2015-2016|2016-2017|2016-2017|2017-2018,11748,10000,20000,20000
cap2017-18.pdf,80,NP,412-40-31-00,AMMA KUDINEER,2015-2016|2016-2017|2016-2017|2017-2018,0,14000,5000,0
cap2017-18.pdf,81,NQ,412-10-08-04,TURIF (BRR / IR) (2016-17),2015-2016|2016-2017|2016-2017|2017-2018,,0,277200,139000
cap2017-18.pdf,81,NQ,412-10-08-05,TURIF (2017-18),2015-2016|2016-2017|2016-2017|2017-2018,,0,0,70000
cap2017-18.pdf,81,NQ,412-10-17-00,SWACHH BHARAT MISSION,2015-2016|2016-2017|2016-2017|2017-2018,0,25000,10000,15000
cap2017-18.pdf,81,NQ,412-10-18-00,AMURT SCHEME,2015-2016|2016-2017|2016-2017|2017-2018,,0,7190,0
cap2017-18.pdf,81,NQ,412-20-03-00,MAYOR SPECIAL DEVELOPMENT FUND WORKS,2015-2016|2016-2017|2016-2017|2017-2018,0,1355,1355,1355
cap2017-18.pdf,81,NQ,412-20-04-00,COUNCILLOR WARD IMPROVEMENT WORKS,2015-2016|2016-2017|2016-2017|2017-2018,26117,27000,27000,27000
cap2017-18.pdf,81,NQ,412-40-02-00,PARKS AND GARDENS,2015-2016|2016-2017|2016-2017|2017-2018,25786,30000,20000,0
cap2017-18.pdf,81,NQ,412-40-04-06,ANGANVADI CENTRES,2015-2016|2016-2017|2016-2017|2017-2018,0,10000,5000,10000
cap2017-18.pdf,81,NQ,412-40-05-09,AMMA UNAVAGAM - BUILDINGS,2015-2016|2016-2017|2016-2017|2017-2018,9122,2000,12300,0
cap2017-18.pdf,81,NQ,412-40-06-04,PUBLIC CONVENIENCE,2015-2016|2016-2017|2016-2017|2017-2018,5751,10000,10000,10000
cap2017-18.pdf,81,NQ,412-40-06-05,DHOBIKHANA,2015-2016|2016-2017|2016-2017|2017-2018,0,500,500,1000
cap2017-18.pdf,81,NQ,412-40-06-08,GYM BUILDING,2015-2016|2016-2017|2016-2017|2017-2018,0,10000,5000,6000
cap2017-18.pdf,81,NQ,412-40-06-09,BURIAL GROUND BUILDING,2015-2016|2016-2017|2016-2017|2017-2018,880,10000,15000,5000
cap2017-18.pdf,82,NQ,412-40-07-02,CONCRETE ROADS,2015-2016|2016-2017|2016-2017|2017-2018,47330,50000,32000,5000
cap2017-18.pdf,82,NQ,412-40-07-05,MIDF-2015-16-PHASE-I,2015-2016|2016-2017|2016-2017|2017-2018,157337,234100,325000,0
cap2017-18.pdf,82,NQ,412-40-07-06,MIDF-2015-16-PHASE-II,2015-2016|2016-2017|2016-2017|2017-2018,0,107800,215600,0
cap2017-18.pdf,82,NQ,412-40-08-02,BLACKTOPPED ROADS,2015-2016|2016-2017|2016-2017|2017-2018,172923,120000,90000,10000
cap2017-18.pdf,82,NQ,412-40-11-00,STORM WATER DRAINS AND CULVERTS,2015-2016|2016-2017|2016-2017|2017-2018,24912,30000,50000,10000
cap2017-18.pdf,82,NQ,412-40-30-00,MISCELLANEOUS WORKS,2015-2016|2016-2017|2016-2017|2017-2018,19160,10001,20000,20000
cap2017-18.pdf,82,NQ,412-40-31-00,AMMA KUDINEER,2015-2016|2016-2017|2016-2017|2017-2018,0,14000,5000,0
cap2017-18.pdf,97,NA,410-40-10-00,TECHNICAL LABORATORY EQUIPMENTS,2015-2016|2016-2017|2016-2017|2017-2018,,500,100,100
cap2017-18.pdf,97,NA,410-40-12-00,TREE CUTTING EQUIPMENTS,2015-2016|2016-2017|2016-2017|2017-2018,,200,200,200
cap2017-18.pdf,97,NA,410-40-14-00,DEWATERING PUMPS,2015-2016|2016-2017|2016-2017|2017-2018,,1,0,100
cap2017-18.pdf,97,NA,410-40-22-00,PLASTIC SHREDDING MACHINE,2015-2016|2016-2017|2016-2017|2017-2018,,200,100,100
cap2017-18.pdf,97,NA,410-40-23-02,AMMA UNAVAGAM EQUIPMENTS,2015-2016|2016-2017|2016-2017|2017-2018,344,500,2000,1000
cap2017-18.pdf,97,NA,410-70-01-00,CHAIR,2015-2016|2016-2017|2016-2017|2017-2018,,100,100,100
cap2017-18.pdf,98,NA,410-70-02-00,TABLE,2015-2016|2016-2017|2016-2017|2017-2018,,100,100,100
cap2017-18.pdf,98,NA,410-70-03-00,BUREAUS &amp; RACKS,2015-2016|2016-2017|2016-2017|2017-2018,,100,100,100
cap2017-18.pdf,98,NA,410-80-00-00,OTHER FIXED ASSETS,2015-2016|2016-2017|2016-2017|2017-2018,306,2000,2000,1500
cap2017-18.pdf,99,NB,410-40-08-00,COMPOST BINS,2015-2016|2016-2017|2016-2017|2017-2018,,0,570,0
cap2017-18.pdf,99,NB,410-40-12-00,TREE CUTTING EQUIPMENTS,2015-2016|2016-2017|2016-2017|2017-2018,,100,100,100
cap2017-18.pdf,99,NB,410-40-15-00,GENERATORS,2015-2016|2016-2017|2016-2017|2017-2018,,100,100,100
cap2017-18.pdf,99,NB,410-40-22-00,PLASTIC SHREDDING MACHINE,2015-2016|2016-2017|2016-2017|2017-2018,,100,100,100
cap2017-18.pdf,99,NB,410-40-23-02,AMMA UNAVAGAM EQUIPMENTS,2015-2016|2016-2017|2016-2017|2017-2018,,500,3000,1000
cap2017-18.pdf,99,NB,410-60-02-00,COMPUTERS,2015-2016|2016-2017|2016-2017|2017-2018,,0,100,100
cap2017-18.pdf,99,NB,410-70-01-00,CHAIR,2015-2016|2016-2017|2016-2017|2017-2018,,100,100,100
cap2017-18.pdf,99,NB,410-70-02-00,TABLE,2015-2016|2016-2017|2016-2017|2017-2018,,100,100,100
cap2017-18.pdf,99,NB,410-70-03-00,BUREAUS &amp; RACKS,2015-2016|2016-2017|2016-2017|2017-2018,,100,100,100
cap2017-18.pdf,99,NB,410-80-00-00,OTHER FIXED ASSETS,2015-2016|2016-2017|2016-2017|2017-2018,264,2000,3830,1500
cap2017-18.pdf,100,NC,410-40-12-00,TREE CUTTING EQUIPMENTS,2015-2016|2016-2017|2016-2017|2017-2018,,100,100,100
cap2017-18.pdf,100,NC,410-40-15-00,GENERATORS,2015-2016|2016-2017|2016-2017|2017-2018,,100,100,100
cap2017-18.pdf,100,NC,410-40-22-00,PLASTIC SHREDDING MACHINE,2015-2016|2016-2017|2016-2017|2017-2018,,100,100,100
cap2017-18.pdf,100,NC,410-40-23-02,AMMA UNAVAGAM EQUIPMENTS,2015-2016|2016-2017|2016-2017|2017-2018,,500,3500,1000
cap2017-18.pdf,100,NC,410-60-09-00,AIR CONDITIONER,2015-2016|2016-2017|2016-2017|2017-2018,,100,100,100
cap2017-18.pdf,100,NC,410-70-01-00,CHAIR,2015-2016|2016-2017|2016-2017|2017-2018,,100,100,100
cap2017-18.pdf,100,NC,410-70-02-00,TABLE,2015-2016|2016-2017|2016-2017|2017-2018,,100,100,100
cap2017-18.pdf,100,NC,410-70-03-00,BUREAUS &amp; RACKS,2015-2016|2016-2017|2016-2017|2017-2018,,100,100,100
cap2017-18.pdf,100,NC,410-80-00-00,OTHER FIXED ASSETS,2015-2016|2016-2017|2016-2017|2017-2018,2212,2000,2000,1700
cap2017-18.pdf,101,ND,410-40-07-02,FOGGING MACHINES-PORTABLE,2015-2016|2016-2017|2016-2017|2017-2018,275,0,0,0
cap2017-18.pdf,101,ND,410-40-08-00,COMPOST BINS,2015-2016|2016-2017|2016-2017|2017-2018,3603,0,0,0
cap2017-18.pdf,101,ND,410-40-12-00,TREE CUTTING EQUIPMENTS,2015-2016|2016-2017|2016-2017|2017-2018,246,100,100,100
cap2017-18.pdf,101,ND,410-40-22-00,PLASTIC SHREDDING MACHINE,2015-2016|2016-2017|2016-2017|2017-2018,,100,100,100
cap2017-18.pdf,101,ND,410-40-23-02,AMMA UNAVAGAM EQUIPMENTS,2015-2016|2016-2017|2016-2017|2017-2018,1293,500,8000,1000
cap2017-18.pdf,101,ND,410-60-02-00,COMPUTERS,2015-2016|2016-2017|2016-2017|2017-2018,,0,900,100
cap2017-18.pdf,101,ND,410-70-01-00,CHAIR,2015-2016|2016-2017|2016-2017|2017-2018,,100,100,100
cap2017-18.pdf,101,ND,410-70-02-00,TABLE,2015-2016|2016-2017|2016-2017|2017-2018,,100,100,100
cap2017-18.pdf,101,ND,410-70-03-00,BUREAUS &amp; RACKS,2015-2016|2016-2017|2016-2017|2017-2018,,100,150,100
cap2017-18.pdf,101,ND,410-80-00-00,OTHER FIXED ASSETS,2015-2016|2016-2017|2016-2017|2017-2018,1747,2000,2000,1500
cap2017-18.pdf,102,NE,410-40-13-00,GYM EQUIPMENTS,2015-2016|2016-2017|2016-2017|2017-2018,1226,0,8000,500
cap2017-18.pdf,102,NE,410-40-22-00,PLASTIC SHREDDING MACHINE,2015-2016|2016-2017|2016-2017|2017-2018,,100,100,100
cap2017-18.pdf,102,NE,410-40-23-02,AMMA UNAVAGAM EQUIPMENTS,2015-2016|2016-2017|2016-2017|2017-2018,,500,4000,1000
cap2017-18.pdf,102,NE,410-70-01-00,CHAIR,2015-2016|2016-2017|2016-2017|2017-2018,,100,100,100
cap2017-18.pdf,102,NE,410-70-02-00,TABLE,2015-2016|2016-2017|2016-2017|2017-2018,,100,100,100
cap2017-18.pdf,102,NE,410-70-03-00,BUREAUS &amp; RACKS,2015-2016|2016-2017|2016-2017|2017-2018,,100,100,100
cap2017-18.pdf,102,NE,410-80-00-00,OTHER FIXED ASSETS,2015-2016|2016-2017|2016-2017|2017-2018,4503,5000,3000,3500
cap2017-18.pdf,103,NF,410-40-07-02,FOGGING MACHINES-PORTABLE,2015-2016|2016-2017|2016-2017|2017-2018,,0,210,0
cap2017-18.pdf,103,NF,410-40-08-00,COMPOST BINS,2015-2016|2016-2017|2016-2017|2017-2018,805,1,0,0
cap2017-18.pdf,103,NF,410-40-10-00,TECHNICAL LABORATORY EQUIPMENTS,2015-2016|2016-2017|2016-2017|2017-2018,,1,0,0
cap2017-18.pdf,103,NF,410-40-12-00,TREE CUTTING EQUIPMENTS,2015-2016|2016-2017|2016-2017|2017-2018,,100,100,100
cap2017-18.pdf,103,NF,410-40-13-00,GYM EQUIPMENTS,2015-2016|2016-2017|2016-2017|2017-2018,,0,1000,400
cap2017-18.pdf,103,NF,410-40-22-00,PLASTIC SHREDDING MACHINE,2015-2016|2016-2017|2016-2017|2017-2018,,100,100,100
cap2017-18.pdf,103,NF,410-40-23-02,AMMA UNAVAGAM EQUIPMENTS,2015-2016|2016-2017|2016-2017|2017-2018,18,500,5000,1000
cap2017-18.pdf,103,NF,410-60-09-00,AIR CONDITIONER,2015-2016|2016-2017|2016-2017|2017-2018,,1,100,100
cap2017-18.pdf,103,NF,410-70-01-00,CHAIR,2015-2016|2016-2017|2016-2017|2017-2018,,100,100,100
cap2017-18.pdf,103,NF,410-70-02-00,TABLE,2015-2016|2016-2017|2016-2017|2017-2018,,100,100,100
cap2017-18.pdf,103,NF,410-70-03-00,BUREAUS &amp; RACKS,2015-2016|2016-2017|2016-2017|2017-2018,,100,100,100
cap2017-18.pdf,103,NF,410-70-06-00,ELECTRICAL FITTINGS,2015-2016|2016-2017|2016-2017|2017-2018,,100,100,100
cap2017-18.pdf,103,NF,410-80-00-00,OTHER FIXED ASSETS,2015-2016|2016-2017|2016-2017|2017-2018,1029,2000,2000,2000
cap2017-18.pdf,104,NG,410-40-10-00,TECHNICAL LABORATORY EQUIPMENTS,2015-2016|2016-2017|2016-2017|2017-2018,,1,0,0
cap2017-18.pdf,104,NG,410-40-15-00,GENERATORS,2015-2016|2016-2017|2016-2017|2017-2018,,1,0,0
cap2017-18.pdf,104,NG,410-40-22-00,PLASTIC SHREDDING MACHINE,2015-2016|2016-2017|2016-2017|2017-2018,,100,100,100
cap2017-18.pdf,104,NG,410-40-23-02,AMMA UNAVAGAM EQUIPMENTS,2015-2016|2016-2017|2016-2017|2017-2018,500,500,3500,1000
cap2017-18.pdf,104,NG,410-60-02-00,COMPUTERS,2015-2016|2016-2017|2016-2017|2017-2018,2160,0,100,100
cap2017-18.pdf,104,NG,410-70-01-00,CHAIR,2015-2016|2016-2017|2016-2017|2017-2018,,100,100,100
cap2017-18.pdf,104,NG,410-70-02-00,TABLE,2015-2016|2016-2017|2016-2017|2017-2018,,100,100,100
cap2017-18.pdf,104,NG,410-70-03-00,BUREAUS &amp; RACKS,2015-2016|2016-2017|2016-2017|2017-2018,17,100,100,100
cap2017-18.pdf,104,NG,410-80-00-00,OTHER FIXED ASSETS,2015-2016|2016-2017|2016-2017|2017-2018,,3000,3000,3000
cap2017-18.pdf,105,NH,410-40-07-02,FOGGING MACHINES-PORTABLE,2015-2016|2016-2017|2016-2017|2017-2018,,1,0,0
cap2017-18.pdf,105,NH,410-40-10-00,TECHNICAL LABORATORY EQUIPMENTS,2015-2016|2016-2017|2016-2017|2017-2018,,200,100,100
cap2017-18.pdf,105,NH,410-40-22-00,PLASTIC SHREDDING MACHINE,2015-2016|2016-2017|2016-2017|2017-2018,,100,100,100
cap2017-18.pdf,105,NH,410-40-23-02,AMMA UNAVAGAM EQUIPMENTS,2015-2016|2016-2017|2016-2017|2017-2018,,500,4000,1000
cap2017-18.pdf,105,NH,410-60-02-00,COMPUTERS,2015-2016|2016-2017|2016-2017|2017-2018,166,,0,0
cap2017-18.pdf,105,NH,410-60-09-00,AIR CONDITIONER,2015-2016|2016-2017|2016-2017|2017-2018,,100,100,100
cap2017-18.pdf,105,NH,410-70-01-00,CHAIR,2015-2016|2016-2017|2016-2017|2017-2018,,100,100,100
cap2017-18.pdf,105,NH,410-70-02-00,TABLE,2015-2016|2016-2017|2016-2017|2017-2018,,100,100,100
cap2017-18.pdf,105,NH,410-70-03-00,BUREAUS &amp; RACKS,2015-2016|2016-2017|2016-2017|2017-2018,,100,100,100
cap2017-18.pdf,105,NH,410-70-04-00,FIXURES,2015-2016|2016-2017|2016-2017|2017-2018,,1,0,0
cap2017-18.pdf,105,NH,410-70-08-00,INVERTORS,2015-2016|2016-2017|2016-2017|2017-2018,,100,100,100
cap2017-18.pdf,105,NH,410-80-00-00,OTHER FIXED ASSETS,2015-2016|2016-2017|2016-2017|2017-2018,3127,3000,3000,2500
cap2017-18.pdf,106,NJ,410-40-10-00,TECHNICAL LABORATORY EQUIPMENTS,2015-2016|2016-2017|2016-2017|2017-2018,,1,0,0
cap2017-18.pdf,106,NJ,410-40-12-00,TREE CUTTING EQUIPMENTS,2015-2016|2016-2017|2016-2017|2017-2018,,300,100,100
cap2017-18.pdf,106,NJ,410-40-14-00,DEWATERING PUMPS,2015-2016|2016-2017|2016-2017|2017-2018,,1,100,100
cap2017-18.pdf,106,NJ,410-40-22-00,PLASTIC SHREDDING MACHINE,2015-2016|2016-2017|2016-2017|2017-2018,,100,100,100
cap2017-18.pdf,106,NJ,410-40-23-02,AMMA UNAVAGAM EQUIPMENTS,2015-2016|2016-2017|2016-2017|2017-2018,4989,500,5000,1000
cap2017-18.pdf,106,NJ,410-60-02-00,COMPUTERS,2015-2016|2016-2017|2016-2017|2017-2018,,100,100,100
cap2017-18.pdf,106,NJ,410-70-01-00,CHAIR,2015-2016|2016-2017|2016-2017|2017-2018,,100,100,100
cap2017-18.pdf,106,NJ,410-70-02-00,TABLE,2015-2016|2016-2017|2016-2017|2017-2018,,100,100,100
cap2017-18.pdf,106,NJ,410-70-03-00,BUREAUS &amp; RACKS,2015-2016|2016-2017|2016-2017|2017-2018,,100,100,100
cap2017-18.pdf,106,NJ,410-70-08-00,INVERTORS,2015-2016|2016-2017|2016-2017|2017-2018,,1,0,0
cap2017-18.pdf,106,NJ,410-80-00-00,OTHER FIXED ASSETS,2015-2016|2016-2017|2016-2017|2017-2018,,5000,5000,3000
cap2017-18.pdf,107,NK,410-40-03-00,OPERATION THEATRE EQUIPMENTS,2015-2016|2016-2017|2016-2017|2017-2018,,0,750,0
cap2017-18.pdf,107,NK,410-40-07-02,FOGGING MACHINES-PORTABLE,2015-2016|2016-2017|2016-2017|2017-2018,,1,0,0
cap2017-18.pdf,107,NK,410-40-10-00,TECHNICAL LABORATORY EQUIPMENTS,2015-2016|2016-2017|2016-2017|2017-2018,,1,0,0
cap2017-18.pdf,107,NK,410-40-12-00,TREE CUTTING EQUIPMENTS,2015-2016|2016-2017|2016-2017|2017-2018,92,0,0,0
cap2017-18.pdf,107,NK,410-40-13-00,GYM EQUIPMENTS,2015-2016|2016-2017|2016-2017|2017-2018,1853,0,0,0
cap2017-18.pdf,107,NK,410-40-14-00,DEWATERING PUMPS,2015-2016|2016-2017|2016-2017|2017-2018,,100,2000,100
cap2017-18.pdf,107,NK,410-40-22-00,PLASTIC SHREDDING MACHINE,2015-2016|2016-2017|2016-2017|2017-2018,,300,100,100
cap2017-18.pdf,107,NK,410-40-23-02,AMMA UNAVAGAM EQUIPMENTS,2015-2016|2016-2017|2016-2017|2017-2018,,500,5000,1000
cap2017-18.pdf,107,NK,410-50-12-00,TRI CYCLE,2015-2016|2016-2017|2016-2017|2017-2018,,0,500,0
cap2017-18.pdf,107,NK,410-60-02-00,COMPUTERS,2015-2016|2016-2017|2016-2017|2017-2018,87,100,1000,100
cap2017-18.pdf,107,NK,410-60-04-00,PRINTER,2015-2016|2016-2017|2016-2017|2017-2018,,50,400,100
cap2017-18.pdf,107,NK,410-60-06-00,NETWORK EQUIPMENTS,2015-2016|2016-2017|2016-2017|2017-2018,,50,50,50
cap2017-18.pdf,107,NK,410-60-08-00,PHOTO COPIER,2015-2016|2016-2017|2016-2017|2017-2018,,1,0,0
cap2017-18.pdf,107,NK,410-70-01-00,CHAIR,2015-2016|2016-2017|2016-2017|2017-2018,,100,100,100
cap2017-18.pdf,107,NK,410-70-02-00,TABLE,2015-2016|2016-2017|2016-2017|2017-2018,,100,100,100
cap2017-18.pdf,107,NK,410-70-03-00,BUREAUS &amp; RACKS,2015-2016|2016-2017|2016-2017|2017-2018,,100,100,100
cap2017-18.pdf,107,NK,410-70-08-00,INVERTORS,2015-2016|2016-2017|2016-2017|2017-2018,2720,100,100,100
cap2017-18.pdf,107,NK,410-80-00-00,OTHER FIXED ASSETS,2015-2016|2016-2017|2016-2017|2017-2018,,3000,3500,3000
cap2017-18.pdf,108,NL,410-40-22-00,PLASTIC SHREDDING MACHINE,2015-2016|2016-2017|2016-2017|2017-2018,,100,400,100
cap2017-18.pdf,108,NL,410-40-23-02,AMMA UNAVAGAM EQUIPMENTS,2015-2016|2016-2017|2016-2017|2017-2018,1356,500,4000,1000
cap2017-18.pdf,108,NL,410-60-06-00,NETWORK EQUIPMENTS,2015-2016|2016-2017|2016-2017|2017-2018,,100,100,100
cap2017-18.pdf,108,NL,410-60-08-00,PHOTO COPIER,2015-2016|2016-2017|2016-2017|2017-2018,,0,200,0
cap2017-18.pdf,108,NL,410-70-01-00,CHAIR,2015-2016|2016-2017|2016-2017|2017-2018,,100,100,100
cap2017-18.pdf,108,NL,410-70-02-00,TABLE,2015-2016|2016-2017|2016-2017|2017-2018,,100,100,100
cap2017-18.pdf,108,NL,410-70-03-00,BUREAUS &amp; RACKS,2015-2016|2016-2017|2016-2017|2017-2018,,100,100,100
cap2017-18.pdf,108,NL,410-80-00-00,OTHER FIXED ASSETS,2015-2016|2016-2017|2016-2017|2017-2018,2000,2000,2000,2000
cap2017-18.pdf,109,NM,410-40-07-02,FOGGING MACHINES-PORTABLE,2015-2016|2016-2017|2016-2017|2017-2018,544,0,0,0
cap2017-18.pdf,109,NM,410-40-12-00,TREE CUTTING EQUIPMENTS,2015-2016|2016-2017|2016-2017|2017-2018,,100,100,100
cap2017-18.pdf,109,NM,410-40-15-00,GENERATORS,2015-2016|2016-2017|2016-2017|2017-2018,977,0,0,0
cap2017-18.pdf,109,NM,410-40-22-00,PLASTIC SHREDDING MACHINE,2015-2016|2016-2017|2016-2017|2017-2018,,100,100,100
cap2017-18.pdf,109,NM,410-40-23-02,AMMA UNAVAGAM EQUIPMENTS,2015-2016|2016-2017|2016-2017|2017-2018,2100,500,5000,1000
cap2017-18.pdf,109,NM,410-60-02-00,COMPUTERS,2015-2016|2016-2017|2016-2017|2017-2018,210,0,570,300
cap2017-18.pdf,109,NM,410-60-03-00,STEABLIZER &amp; UPS,2015-2016|2016-2017|2016-2017|2017-2018,319,0,200,100
cap2017-18.pdf,109,NM,410-60-04-00,PRINTER,2015-2016|2016-2017|2016-2017|2017-2018,60,0,160,100
cap2017-18.pdf,109,NM,410-60-08-00,PHOTO COPIER,2015-2016|2016-2017|2016-2017|2017-2018,130,0,0,0
cap2017-18.pdf,109,NM,410-60-11-00,CELL PHONES,2015-2016|2016-2017|2016-2017|2017-2018,7,0,0,0
cap2017-18.pdf,109,NM,410-70-01-00,CHAIR,2015-2016|2016-2017|2016-2017|2017-2018,154,100,100,100
cap2017-18.pdf,109,NM,410-70-02-00,TABLE,2015-2016|2016-2017|2016-2017|2017-2018,178,100,100,100
cap2017-18.pdf,109,NM,410-70-03-00,BUREAUS &amp; RACKS,2015-2016|2016-2017|2016-2017|2017-2018,86,100,100,100
cap2017-18.pdf,109,NM,410-80-00-00,OTHER FIXED ASSETS,2015-2016|2016-2017|2016-2017|2017-2018,1301,2000,2000,2000
cap2017-18.pdf,110,NN,410-40-12-00,TREE CUTTING EQUIPMENTS,2015-2016|2016-2017|2016-2017|2017-2018,,100,100,100
cap2017-18.pdf,110,NN,410-40-22-00,PLASTIC SHREDDING MACHINE,2015-2016|2016-2017|2016-2017|2017-2018,,100,100,100
cap2017-18.pdf,110,NN,410-40-23-02,AMMA UNAVAGAM EQUIPMENTS,2015-2016|2016-2017|2016-2017|2017-2018,,500,5000,1000
cap2017-18.pdf,110,NN,410-60-02-00,COMPUTERS,2015-2016|2016-2017|2016-2017|2017-2018,,,200,100
cap2017-18.pdf,110,NN,410-60-03-00,STEABLIZER &amp; UPS,2015-2016|2016-2017|2016-2017|2017-2018,,,50,50
cap2017-18.pdf,110,NN,410-60-04-00,PRINTER,2015-2016|2016-2017|2016-2017|2017-2018,,,50,50
cap2017-18.pdf,110,NN,410-60-06-00,NETWORK EQUIPMENTS,2015-2016|2016-2017|2016-2017|2017-2018,544,100,0,0
cap2017-18.pdf,110,NN,410-60-09-00,AIR CONDITIONER,2015-2016|2016-2017|2016-2017|2017-2018,,0,900,100
cap2017-18.pdf,110,NN,410-70-01-00,CHAIR,2015-2016|2016-2017|2016-2017|2017-2018,,100,100,100
cap2017-18.pdf,110,NN,410-70-02-00,TABLE,2015-2016|2016-2017|2016-2017|2017-2018,,100,100,100
cap2017-18.pdf,110,NN,410-70-03-00,BUREAUS &amp; RACKS,2015-2016|2016-2017|2016-2017|2017-2018,,100,100,100
cap2017-18.pdf,110,NN,410-80-00-00,OTHER FIXED ASSETS,2015-2016|2016-2017|2016-2017|2017-2018,3036,5000,5500,5000
cap2017-18.pdf,111,NP,410-40-10-00,TECHNICAL LABORATORY EQUIPMENTS,2015-2016|2016-2017|2016-2017|2017-2018,,100,100,100
cap2017-18.pdf,111,NP,410-40-14-00,DEWATERING PUMPS,2015-2016|2016-2017|2016-2017|2017-2018,,100,100,100
cap2017-18.pdf,111,NP,410-40-15-00,GENERATORS,2015-2016|2016-2017|2016-2017|2017-2018,978,0,0,525
cap2017-18.pdf,111,NP,410-40-22-00,PLASTIC SHREDDING MACHINE,2015-2016|2016-2017|2016-2017|2017-2018,,100,100,100
cap2017-18.pdf,111,NP,410-40-23-02,AMMA UNAVAGAM EQUIPMENTS,2015-2016|2016-2017|2016-2017|2017-2018,744,500,4000,1000
cap2017-18.pdf,111,NP,410-60-02-00,COMPUTERS,2015-2016|2016-2017|2016-2017|2017-2018,,50,1600,75
cap2017-18.pdf,111,NP,410-70-01-00,CHAIR,2015-2016|2016-2017|2016-2017|2017-2018,249,100,100,100
cap2017-18.pdf,111,NP,410-70-02-00,TABLE,2015-2016|2016-2017|2016-2017|2017-2018,229,100,100,100
cap2017-18.pdf,111,NP,410-70-03-00,BUREAUS &amp; RACKS,2015-2016|2016-2017|2016-2017|2017-2018,287,100,120,100
cap2017-18.pdf,111,NP,410-80-00-00,OTHER FIXED ASSETS,2015-2016|2016-2017|2016-2017|2017-2018,1745,2000,2000,2000
cap2017-18.pdf,112,NQ,410-40-10-00,TECHNICAL LABORATORY EQUIPMENTS,2015-2016|2016-2017|2016-2017|2017-2018,117,500,300,100
cap2017-18.pdf,112,NQ,410-40-12-00,TREE CUTTING EQUIPMENTS,2015-2016|2016-2017|2016-2017|2017-2018,61,100,100,100
cap2017-18.pdf,112,NQ,410-40-14-00,DEWATERING PUMPS,2015-2016|2016-2017|2016-2017|2017-2018,,0,100,100
cap2017-18.pdf,112,NQ,410-40-22-00,PLASTIC SHREDDING MACHINE,2015-2016|2016-2017|2016-2017|2017-2018,,100,100,100
cap2017-18.pdf,112,NQ,410-40-23-02,AMMA UNAVAGAM EQUIPMENTS,2015-2016|2016-2017|2016-2017|2017-2018,96,500,4500,1000
cap2017-18.pdf,112,NQ,410-60-02-00,COMPUTERS,2015-2016|2016-2017|2016-2017|2017-2018,,100,200,100
cap2017-18.pdf,112,NQ,410-60-03-00,STEABLIZER &amp; UPS,2015-2016|2016-2017|2016-2017|2017-2018,,100,100,100
cap2017-18.pdf,112,NQ,410-60-04-00,PRINTER,2015-2016|2016-2017|2016-2017|2017-2018,,100,100,100
cap2017-18.pdf,112,NQ,410-60-06-00,NETWORK EQUIPMENTS,2015-2016|2016-2017|2016-2017|2017-2018,426,1,0,0
cap2017-18.pdf,112,NQ,410-60-11-00,CELL PHONES,2015-2016|2016-2017|2016-2017|2017-2018,,0,40,0
cap2017-18.pdf,112,NQ,410-70-01-00,CHAIR,2015-2016|2016-2017|2016-2017|2017-2018,115,100,100,100
cap2017-18.pdf,112,NQ,410-70-02-00,TABLE,2015-2016|2016-2017|2016-2017|2017-2018,10,100,100,100
cap2017-18.pdf,112,NQ,410-70-03-00,BUREAUS &amp; RACKS,2015-2016|2016-2017|2016-2017|2017-2018,290,100,100,100
cap2017-18.pdf,112,NQ,410-80-00-00,OTHER FIXED ASSETS,2015-2016|2016-2017|2016-2017|2017-2018,,2000,2000,2000
cap2018-19.pdf,52,NA,412-10-08-04,TURIF (BRR / IR) (2016-17),2016-2017|2017-2018|2017-2018|2018-2019,30086,30000,73200,0
cap2018-19.pdf,52,NA,412-10-08-05,TURIF (2017-18),2016-2017|2017-2018|2017-2018|2018-2019,,66000,50000,30000
cap2018-19.pdf,52,NA,412-10-12-00,CMCDM (2013-2014),2016-2017|2017-2018|2017-2018|2018-2019,4417,0,0,0
cap2018-19.pdf,52,NA,412-10-17-00,SWACHH BHARAT MISSION,2016-2017|2017-2018|2017-2018|2018-2019,6923,15000,15000,15000
cap2018-19.pdf,52,NA,412-20-03-00,MAYOR SPECIAL DEVELOPMENT FUND WORKS,2016-2017|2017-2018|2017-2018|2018-2019,,1330,0,1330
cap2018-19.pdf,52,NA,412-20-04-00,COUNCILLOR WARD IMPROVEMENT WORKS,2016-2017|2017-2018|2017-2018|2018-2019,21691,42000,2500,42000
cap2018-19.pdf,52,NA,412-40-02-00,PARKS AND GARDENS,2016-2017|2017-2018|2017-2018|2018-2019,3613,0,10000,0
cap2018-19.pdf,52,NA,412-40-04-06,ANGANVADI CENTRES,2016-2017|2017-2018|2017-2018|2018-2019,7266,10000,2500,10000
cap2018-19.pdf,52,NA,412-40-05-08,S.W.M. DEPARTMENT - BUILDINGS,2016-2017|2017-2018|2017-2018|2018-2019,,0,0,10000
cap2018-19.pdf,52,NA,412-40-05-09,AMMA UNAVAGAM - BUILDINGS,2016-2017|2017-2018|2017-2018|2018-2019,14236,0,2000,0
cap2018-19.pdf,52,NA,412-40-06-04,PUBLIC CONVENIENCE,2016-2017|2017-2018|2017-2018|2018-2019,1594,10000,4000,1000
cap2018-19.pdf,52,NA,412-40-06-05,DHOBIKHANA,2016-2017|2017-2018|2017-2018|2018-2019,,1000,0,1000
cap2018-19.pdf,53,NA,412-40-06-08,GYM BUILDING,2016-2017|2017-2018|2017-2018|2018-2019,,5000,1000,2500
cap2018-19.pdf,53,NA,412-40-06-09,BURIAL GROUND BUILDING,2016-2017|2017-2018|2017-2018|2018-2019,6942,5000,2000,5000
cap2018-19.pdf,53,NA,412-40-07-02,CONCRETE ROADS,2016-2017|2017-2018|2017-2018|2018-2019,556,5000,200,15000
cap2018-19.pdf,53,NA,412-40-07-05,MIDF-2015-16-PHASE-I,2016-2017|2017-2018|2017-2018|2018-2019,175499,0,12000,0
cap2018-19.pdf,53,NA,412-40-07-06,MIDF-2015-16-PHASE-II,2016-2017|2017-2018|2017-2018|2018-2019,21737,0,410,0
cap2018-19.pdf,53,NA,412-40-08-02,BLACKTOPPED ROADS,2016-2017|2017-2018|2017-2018|2018-2019,13108,10000,200,45000
cap2018-19.pdf,53,NA,412-40-11-00,STORM WATER DRAINS AND CULVERTS,2016-2017|2017-2018|2017-2018|2018-2019,19625,20000,9000,20000
cap2018-19.pdf,53,NA,412-40-30-00,MISCELLANEOUS WORKS,2016-2017|2017-2018|2017-2018|2018-2019,9452,20000,10000,20000
cap2018-19.pdf,54,NB,412-10-08-04,TURIF (BRR / IR) (2016-17),2016-2017|2017-2018|2017-2018|2018-2019,24847,13000,14000,0
cap2018-19.pdf,54,NB,412-10-08-05,TURIF (2017-18),2016-2017|2017-2018|2017-2018|2018-2019,,66000,50000,34800
cap2018-19.pdf,54,NB,412-10-12-00,CMCDM (2013-2014),2016-2017|2017-2018|2017-2018|2018-2019,23455,0,0,0
cap2018-19.pdf,54,NB,412-10-17-00,SWACHH BHARAT MISSION,2016-2017|2017-2018|2017-2018|2018-2019,12838,15000,13000,15000
cap2018-19.pdf,54,NB,412-20-03-00,MAYOR SPECIAL DEVELOPMENT FUND WORKS,2016-2017|2017-2018|2017-2018|2018-2019,,1330,0,1330
cap2018-19.pdf,54,NB,412-20-04-00,COUNCILLOR WARD IMPROVEMENT WORKS,2016-2017|2017-2018|2017-2018|2018-2019,11932,21000,2000,21000
cap2018-19.pdf,54,NB,412-40-02-00,PARKS AND GARDENS,2016-2017|2017-2018|2017-2018|2018-2019,15053,0,2500,0
cap2018-19.pdf,54,NB,412-40-04-06,ANGANVADI CENTRES,2016-2017|2017-2018|2017-2018|2018-2019,9422,10000,5000,5000
cap2018-19.pdf,54,NB,412-40-05-09,AMMA UNAVAGAM - BUILDINGS,2016-2017|2017-2018|2017-2018|2018-2019,3054,0,2300,0
cap2018-19.pdf,54,NB,412-40-06-04,PUBLIC CONVENIENCE,2016-2017|2017-2018|2017-2018|2018-2019,,10000,0,4000
cap2018-19.pdf,54,NB,412-40-06-05,DHOBIKHANA,2016-2017|2017-2018|2017-2018|2018-2019,2818,1000,2000,1000
cap2018-19.pdf,55,NB,412-40-06-08,GYM BUILDING,2016-2017|2017-2018|2017-2018|2018-2019,5439,5000,0,5000
cap2018-19.pdf,55,NB,412-40-06-09,BURIAL GROUND BUILDING,2016-2017|2017-2018|2017-2018|2018-2019,4363,5000,1000,5000
cap2018-19.pdf,55,NB,412-40-07-02,CONCRETE ROADS,2016-2017|2017-2018|2017-2018|2018-2019,7202,5000,5000,5000
cap2018-19.pdf,55,NB,412-40-07-05,MIDF-2015-16-PHASE-I,2016-2017|2017-2018|2017-2018|2018-2019,40061,0,13000,0
cap2018-19.pdf,55,NB,412-40-07-06,MIDF-2015-16-PHASE-II,2016-2017|2017-2018|2017-2018|2018-2019,20236,0,300,0
cap2018-19.pdf,55,NB,412-40-08-02,BLACKTOPPED ROADS,2016-2017|2017-2018|2017-2018|2018-2019,13428,10000,1200,15000
cap2018-19.pdf,55,NB,412-40-11-00,STORM WATER DRAINS AND CULVERTS,2016-2017|2017-2018|2017-2018|2018-2019,37369,22500,7500,10000
cap2018-19.pdf,55,NB,412-40-30-00,MISCELLANEOUS WORKS,2016-2017|2017-2018|2017-2018|2018-2019,23007,20000,12000,15000
cap2018-19.pdf,56,NC,412-10-08-04,TURIF (BRR / IR) (2016-17),2016-2017|2017-2018|2017-2018|2018-2019,38993,27000,47500,0
cap2018-19.pdf,56,NC,412-10-08-05,TURIF (2017-18),2016-2017|2017-2018|2017-2018|2018-2019,,66000,150000,101600
cap2018-19.pdf,56,NC,412-10-12-00,CMCDM (2013-2014),2016-2017|2017-2018|2017-2018|2018-2019,21461,0,0,0
cap2018-19.pdf,56,NC,412-10-17-00,SWACHH BHARAT MISSION,2016-2017|2017-2018|2017-2018|2018-2019,3187,15000,12500,10000
cap2018-19.pdf,56,NC,412-20-03-00,MAYOR SPECIAL DEVELOPMENT FUND WORKS,2016-2017|2017-2018|2017-2018|2018-2019,,1330,0,1330
cap2018-19.pdf,56,NC,412-20-04-00,COUNCILLOR WARD IMPROVEMENT WORKS,2016-2017|2017-2018|2017-2018|2018-2019,23317,36000,15000,36000
cap2018-19.pdf,56,NC,412-40-02-00,PARKS AND GARDENS,2016-2017|2017-2018|2017-2018|2018-2019,10104,0,1500,0
cap2018-19.pdf,56,NC,412-40-04-06,ANGANVADI CENTRES,2016-2017|2017-2018|2017-2018|2018-2019,9087,10000,2000,10000
cap2018-19.pdf,56,NC,412-40-05-09,AMMA UNAVAGAM - BUILDINGS,2016-2017|2017-2018|2017-2018|2018-2019,835,8000,8000,0
cap2018-19.pdf,56,NC,412-40-06-04,PUBLIC CONVENIENCE,2016-2017|2017-2018|2017-2018|2018-2019,9934,10000,2000,10000
cap2018-19.pdf,56,NC,412-40-06-05,DHOBIKHANA,2016-2017|2017-2018|2017-2018|2018-2019,,1000,100,100
cap2018-19.pdf,56,NC,412-40-06-08,GYM BUILDING,2016-2017|2017-2018|2017-2018|2018-2019,2481,4300,100,1000
cap2018-19.pdf,57,NC,412-40-06-09,BURIAL GROUND BUILDING,2016-2017|2017-2018|2017-2018|2018-2019,809,3000,0,3000
cap2018-19.pdf,57,NC,412-40-07-02,CONCRETE ROADS,2016-2017|2017-2018|2017-2018|2018-2019,,5000,0,25000
cap2018-19.pdf,57,NC,412-40-07-05,MIDF-2015-16-PHASE-I,2016-2017|2017-2018|2017-2018|2018-2019,10763,0,0,0
cap2018-19.pdf,57,NC,412-40-07-06,MIDF-2015-16-PHASE-II,2016-2017|2017-2018|2017-2018|2018-2019,112815,0,1500,0
cap2018-19.pdf,57,NC,412-40-08-02,BLACKTOPPED ROADS,2016-2017|2017-2018|2017-2018|2018-2019,19140,10000,3500,75000
cap2018-19.pdf,57,NC,412-40-11-00,STORM WATER DRAINS AND CULVERTS,2016-2017|2017-2018|2017-2018|2018-2019,24810,7500,7500,30000
cap2018-19.pdf,57,NC,412-40-30-00,MISCELLANEOUS WORKS,2016-2017|2017-2018|2017-2018|2018-2019,20304,20000,5000,50000
cap2018-19.pdf,57,NC,412-40-31-00,AMMA KUDINEER,2016-2017|2017-2018|2017-2018|2018-2019,2021,0,0,0
cap2018-19.pdf,58,ND,412-10-08-04,TURIF (BRR / IR) (2016-17),2016-2017|2017-2018|2017-2018|2018-2019,152542,55000,18000,0
cap2018-19.pdf,58,ND,412-10-08-05,TURIF (2017-18),2016-2017|2017-2018|2017-2018|2018-2019,,66000,100000,49000
cap2018-19.pdf,58,ND,412-10-17-00,SWACHH BHARAT MISSION,2016-2017|2017-2018|2017-2018|2018-2019,23858,15000,15000,5000
cap2018-19.pdf,58,ND,412-20-03-00,MAYOR SPECIAL DEVELOPMENT FUND WORKS,2016-2017|2017-2018|2017-2018|2018-2019,,1330,0,1330
cap2018-19.pdf,58,ND,412-20-04-00,COUNCILLOR WARD IMPROVEMENT WORKS,2016-2017|2017-2018|2017-2018|2018-2019,44190,45000,12500,45000
cap2018-19.pdf,58,ND,412-40-02-00,PARKS AND GARDENS,2016-2017|2017-2018|2017-2018|2018-2019,106616,0,6000,0
cap2018-19.pdf,58,ND,412-40-03-02,COMMUNICABLE DISEASE HOSPITAL BUILDING,2016-2017|2017-2018|2017-2018|2018-2019,,0,5000,5000
cap2018-19.pdf,58,ND,412-40-04-06,ANGANVADI CENTRES,2016-2017|2017-2018|2017-2018|2018-2019,14943,10000,7000,10000
cap2018-19.pdf,58,ND,412-40-05-09,AMMA UNAVAGAM - BUILDINGS,2016-2017|2017-2018|2017-2018|2018-2019,15268,0,500,0
cap2018-19.pdf,58,ND,412-40-06-04,PUBLIC CONVENIENCE,2016-2017|2017-2018|2017-2018|2018-2019,23738,10000,8000,10000
cap2018-19.pdf,58,ND,412-40-06-05,DHOBIKHANA,2016-2017|2017-2018|2017-2018|2018-2019,2685,1000,500,1000
cap2018-19.pdf,59,ND,412-40-06-08,GYM BUILDING,2016-2017|2017-2018|2017-2018|2018-2019,9887,5700,4000,4000
cap2018-19.pdf,59,ND,412-40-06-09,BURIAL GROUND BUILDING,2016-2017|2017-2018|2017-2018|2018-2019,12164,7000,6000,5000
cap2018-19.pdf,59,ND,412-40-07-02,CONCRETE ROADS,2016-2017|2017-2018|2017-2018|2018-2019,101024,5000,55000,15000
cap2018-19.pdf,59,ND,412-40-07-05,MIDF-2015-16-PHASE-I,2016-2017|2017-2018|2017-2018|2018-2019,314570,0,15000,0
cap2018-19.pdf,59,ND,412-40-07-06,MIDF-2015-16-PHASE-II,2016-2017|2017-2018|2017-2018|2018-2019,22245,0,5000,0
cap2018-19.pdf,59,ND,412-40-08-02,BLACKTOPPED ROADS,2016-2017|2017-2018|2017-2018|2018-2019,195881,10000,12500,15000
cap2018-19.pdf,59,ND,412-40-11-00,STORM WATER DRAINS AND CULVERTS,2016-2017|2017-2018|2017-2018|2018-2019,59939,15000,30000,20000
cap2018-19.pdf,59,ND,412-40-30-00,MISCELLANEOUS WORKS,2016-2017|2017-2018|2017-2018|2018-2019,29539,20000,27000,20000
cap2018-19.pdf,59,ND,412-40-31-00,AMMA KUDINEER,2016-2017|2017-2018|2017-2018|2018-2019,9916,0,6500,0
cap2018-19.pdf,60,NE,412-10-08-04,TURIF (BRR / IR) (2016-17),2016-2017|2017-2018|2017-2018|2018-2019,22953,28000,66500,0
cap2018-19.pdf,60,NE,412-10-08-05,TURIF (2017-18),2016-2017|2017-2018|2017-2018|2018-2019,,66000,70000,50000
cap2018-19.pdf,60,NE,412-10-17-00,SWACHH BHARAT MISSION,2016-2017|2017-2018|2017-2018|2018-2019,19395,15000,15000,20000
cap2018-19.pdf,60,NE,412-20-03-00,MAYOR SPECIAL DEVELOPMENT FUND WORKS,2016-2017|2017-2018|2017-2018|2018-2019,2788,1330,0,1330
cap2018-19.pdf,60,NE,412-20-04-00,COUNCILLOR WARD IMPROVEMENT WORKS,2016-2017|2017-2018|2017-2018|2018-2019,46187,45000,20000,45000
cap2018-19.pdf,60,NE,412-40-02-00,PARKS AND GARDENS,2016-2017|2017-2018|2017-2018|2018-2019,60376,0,1200,0
cap2018-19.pdf,60,NE,412-40-04-06,ANGANVADI CENTRES,2016-2017|2017-2018|2017-2018|2018-2019,10943,10000,1000,10000
cap2018-19.pdf,60,NE,412-40-05-09,AMMA UNAVAGAM - BUILDINGS,2016-2017|2017-2018|2017-2018|2018-2019,35357,0,0,0
cap2018-19.pdf,60,NE,412-40-06-04,PUBLIC CONVENIENCE,2016-2017|2017-2018|2017-2018|2018-2019,10074,10000,10000,10000
cap2018-19.pdf,60,NE,412-40-06-05,DHOBIKHANA,2016-2017|2017-2018|2017-2018|2018-2019,,1000,0,1000
cap2018-19.pdf,60,NE,412-40-06-08,GYM BUILDING,2016-2017|2017-2018|2017-2018|2018-2019,8603,5000,2000,5000
cap2018-19.pdf,60,NE,412-40-06-09,BURIAL GROUND BUILDING,2016-2017|2017-2018|2017-2018|2018-2019,7372,5000,1000,10000
cap2018-19.pdf,61,NE,412-40-07-02,CONCRETE ROADS,2016-2017|2017-2018|2017-2018|2018-2019,123595,5000,5000,20000
cap2018-19.pdf,61,NE,412-40-07-05,MIDF-2015-16-PHASE-I,2016-2017|2017-2018|2017-2018|2018-2019,207826,0,500,0
cap2018-19.pdf,61,NE,412-40-07-06,MIDF-2015-16-PHASE-II,2016-2017|2017-2018|2017-2018|2018-2019,64057,0,6000,0
cap2018-19.pdf,61,NE,412-40-08-02,BLACKTOPPED ROADS,2016-2017|2017-2018|2017-2018|2018-2019,134168,10000,15000,20000
cap2018-19.pdf,61,NE,412-40-11-00,STORM WATER DRAINS AND CULVERTS,2016-2017|2017-2018|2017-2018|2018-2019,43144,10000,20000,30000
cap2018-19.pdf,61,NE,412-40-30-00,MISCELLANEOUS WORKS,2016-2017|2017-2018|2017-2018|2018-2019,18883,20000,30000,25000
cap2018-19.pdf,61,NE,412-40-31-00,AMMA KUDINEER,2016-2017|2017-2018|2017-2018|2018-2019,3017,0,7000,0
cap2018-19.pdf,62,NF,412-10-08-04,TURIF (BRR / IR) (2016-17),2016-2017|2017-2018|2017-2018|2018-2019,14280,11000,10000,0
cap2018-19.pdf,62,NF,412-10-08-05,TURIF (2017-18),2016-2017|2017-2018|2017-2018|2018-2019,,66000,100000,38500
cap2018-19.pdf,62,NF,412-10-17-00,SWACHH BHARAT MISSION,2016-2017|2017-2018|2017-2018|2018-2019,1549,15000,10000,0
cap2018-19.pdf,62,NF,412-20-03-00,MAYOR SPECIAL DEVELOPMENT FUND WORKS,2016-2017|2017-2018|2017-2018|2018-2019,19251,1330,18050,1330
cap2018-19.pdf,62,NF,412-20-04-00,COUNCILLOR WARD IMPROVEMENT WORKS,2016-2017|2017-2018|2017-2018|2018-2019,43880,45000,45000,45000
cap2018-19.pdf,62,NF,412-40-02-00,PARKS AND GARDENS,2016-2017|2017-2018|2017-2018|2018-2019,9211,0,1600,1000
cap2018-19.pdf,62,NF,412-40-04-04,HIGHER SECONDARY SCHOOL,2016-2017|2017-2018|2017-2018|2018-2019,9898,0,5206,0
cap2018-19.pdf,62,NF,412-40-04-06,ANGANVADI CENTRES,2016-2017|2017-2018|2017-2018|2018-2019,7916,10000,1500,8000
cap2018-19.pdf,62,NF,412-40-05-09,AMMA UNAVAGAM - BUILDINGS,2016-2017|2017-2018|2017-2018|2018-2019,22374,0,800,0
cap2018-19.pdf,62,NF,412-40-06-04,PUBLIC CONVENIENCE,2016-2017|2017-2018|2017-2018|2018-2019,8996,10000,3800,8000
cap2018-19.pdf,62,NF,412-40-06-05,DHOBIKHANA,2016-2017|2017-2018|2017-2018|2018-2019,,1000,1000,1000
cap2018-19.pdf,62,NF,412-40-06-06,SLAUGHTER HOUSE,2016-2017|2017-2018|2017-2018|2018-2019,8099,5000,2000,3000
cap2018-19.pdf,62,NF,412-40-06-08,GYM BUILDING,2016-2017|2017-2018|2017-2018|2018-2019,3352,9800,1500,2000
cap2018-19.pdf,62,NF,412-40-06-09,BURIAL GROUND BUILDING,2016-2017|2017-2018|2017-2018|2018-2019,,8000,2000,5000
cap2018-19.pdf,62,NF,412-40-07-02,CONCRETE ROADS,2016-2017|2017-2018|2017-2018|2018-2019,98138,5000,35000,35000
cap2018-19.pdf,63,NF,412-40-07-05,MIDF-2015-16-PHASE-I,2016-2017|2017-2018|2017-2018|2018-2019,254452,0,6000,0
cap2018-19.pdf,63,NF,412-40-07-06,MIDF-2015-16-PHASE-II,2016-2017|2017-2018|2017-2018|2018-2019,124533,0,8300,0
cap2018-19.pdf,63,NF,412-40-08-02,BLACKTOPPED ROADS,2016-2017|2017-2018|2017-2018|2018-2019,107784,10000,25000,75000
cap2018-19.pdf,63,NF,412-40-11-00,STORM WATER DRAINS AND CULVERTS,2016-2017|2017-2018|2017-2018|2018-2019,27099,89100,45000,45000
cap2018-19.pdf,63,NF,412-40-30-00,MISCELLANEOUS WORKS,2016-2017|2017-2018|2017-2018|2018-2019,14922,20000,35000,30000
cap2018-19.pdf,63,NF,412-40-31-00,AMMA KUDINEER,2016-2017|2017-2018|2017-2018|2018-2019,1370,0,3500,0
cap2018-19.pdf,64,NG,412-10-08-04,TURIF (BRR / IR) (2016-17),2016-2017|2017-2018|2017-2018|2018-2019,31650,30000,59500,0
cap2018-19.pdf,64,NG,412-10-08-05,TURIF (2017-18),2016-2017|2017-2018|2017-2018|2018-2019,,66000,70000,20800
cap2018-19.pdf,64,NG,412-10-09-00,CMCDM (2011-2012),2016-2017|2017-2018|2017-2018|2018-2019,35900,0,0,0
cap2018-19.pdf,64,NG,412-10-10-00,CMCDM (2012-2013),2016-2017|2017-2018|2017-2018|2018-2019,22850,0,0,0
cap2018-19.pdf,64,NG,412-10-12-00,CMCDM (2013-2014),2016-2017|2017-2018|2017-2018|2018-2019,87193,0,0,0
cap2018-19.pdf,64,NG,412-10-17-00,SWACHH BHARAT MISSION,2016-2017|2017-2018|2017-2018|2018-2019,,15000,0,15000
cap2018-19.pdf,64,NG,412-20-03-00,MAYOR SPECIAL DEVELOPMENT FUND WORKS,2016-2017|2017-2018|2017-2018|2018-2019,,1330,0,1330
cap2018-19.pdf,64,NG,412-20-04-00,COUNCILLOR WARD IMPROVEMENT WORKS,2016-2017|2017-2018|2017-2018|2018-2019,6204,45000,45000,45000
cap2018-19.pdf,64,NG,412-40-01-00,PLAY GROUNDS,2016-2017|2017-2018|2017-2018|2018-2019,,,0,2900
cap2018-19.pdf,64,NG,412-40-02-00,PARKS AND GARDENS,2016-2017|2017-2018|2017-2018|2018-2019,32189,0,4000,0
cap2018-19.pdf,65,NG,412-40-04-05,NOON MEAL SHEDS,2016-2017|2017-2018|2017-2018|2018-2019,15453,0,4000,0
cap2018-19.pdf,65,NG,412-40-04-06,ANGANVADI CENTRES,2016-2017|2017-2018|2017-2018|2018-2019,15072,10000,4000,6500
cap2018-19.pdf,65,NG,412-40-05-09,AMMA UNAVAGAM - BUILDINGS,2016-2017|2017-2018|2017-2018|2018-2019,7481,0,2000,0
cap2018-19.pdf,65,NG,412-40-06-04,PUBLIC CONVENIENCE,2016-2017|2017-2018|2017-2018|2018-2019,9718,10000,2500,3500
cap2018-19.pdf,65,NG,412-40-06-05,DHOBIKHANA,2016-2017|2017-2018|2017-2018|2018-2019,,1000,0,0
cap2018-19.pdf,65,NG,412-40-06-06,SLAUGHTER HOUSE,2016-2017|2017-2018|2017-2018|2018-2019,,0,1500,0
cap2018-19.pdf,65,NG,412-40-06-08,GYM BUILDING,2016-2017|2017-2018|2017-2018|2018-2019,1712,7000,0,5000
cap2018-19.pdf,65,NG,412-40-06-09,BURIAL GROUND BUILDING,2016-2017|2017-2018|2017-2018|2018-2019,6254,20000,10000,17500
cap2018-19.pdf,65,NG,412-40-07-02,CONCRETE ROADS,2016-2017|2017-2018|2017-2018|2018-2019,17180,5000,2000,15000
cap2018-19.pdf,65,NG,412-40-07-05,MIDF-2015-16-PHASE-I,2016-2017|2017-2018|2017-2018|2018-2019,329074,0,2500,0
cap2018-19.pdf,65,NG,412-40-07-06,MIDF-2015-16-PHASE-II,2016-2017|2017-2018|2017-2018|2018-2019,154255,0,4500,0
cap2018-19.pdf,65,NG,412-40-08-02,BLACKTOPPED ROADS,2016-2017|2017-2018|2017-2018|2018-2019,70810,10000,15000,70000
cap2018-19.pdf,65,NG,412-40-11-00,STORM WATER DRAINS AND CULVERTS,2016-2017|2017-2018|2017-2018|2018-2019,9785,24500,10000,0
cap2018-19.pdf,65,NG,412-40-30-00,MISCELLANEOUS WORKS,2016-2017|2017-2018|2017-2018|2018-2019,41825,20000,5000,10000
cap2018-19.pdf,65,NG,412-40-31-00,AMMA KUDINEER,2016-2017|2017-2018|2017-2018|2018-2019,8681,0,0,0
cap2018-19.pdf,66,NH,412-10-08-04,TURIF (BRR / IR) (2016-17),2016-2017|2017-2018|2017-2018|2018-2019,31790,36000,76968,0
cap2018-19.pdf,66,NH,412-10-08-05,TURIF (2017-18),2016-2017|2017-2018|2017-2018|2018-2019,,66000,100000,108800
cap2018-19.pdf,66,NH,412-10-17-00,SWACHH BHARAT MISSION,2016-2017|2017-2018|2017-2018|2018-2019,9377,15000,10000,0
cap2018-19.pdf,66,NH,412-20-03-00,MAYOR SPECIAL DEVELOPMENT FUND WORKS,2016-2017|2017-2018|2017-2018|2018-2019,,1330,0,1330
cap2018-19.pdf,66,NH,412-20-04-00,COUNCILLOR WARD IMPROVEMENT WORKS,2016-2017|2017-2018|2017-2018|2018-2019,24133,45000,45000,45000
cap2018-19.pdf,66,NH,412-40-04-06,ANGANVADI CENTRES,2016-2017|2017-2018|2017-2018|2018-2019,34734,10000,10000,10000
cap2018-19.pdf,66,NH,412-40-05-09,AMMA UNAVAGAM - BUILDINGS,2016-2017|2017-2018|2017-2018|2018-2019,2903,0,6000,0
cap2018-19.pdf,66,NH,412-40-06-04,PUBLIC CONVENIENCE,2016-2017|2017-2018|2017-2018|2018-2019,9561,10000,10000,10000
cap2018-19.pdf,66,NH,412-40-06-05,DHOBIKHANA,2016-2017|2017-2018|2017-2018|2018-2019,3344,1000,3000,1000
cap2018-19.pdf,67,NH,412-40-06-08,GYM BUILDING,2016-2017|2017-2018|2017-2018|2018-2019,9987,10000,10000,5000
cap2018-19.pdf,67,NH,412-40-06-09,BURIAL GROUND BUILDING,2016-2017|2017-2018|2017-2018|2018-2019,8872,14800,5000,5000
cap2018-19.pdf,67,NH,412-40-07-02,CONCRETE ROADS,2016-2017|2017-2018|2017-2018|2018-2019,100101,5000,7500,5000
cap2018-19.pdf,67,NH,412-40-07-05,MIDF-2015-16-PHASE-I,2016-2017|2017-2018|2017-2018|2018-2019,43393,0,18500,0
cap2018-19.pdf,67,NH,412-40-07-06,MIDF-2015-16-PHASE-II,2016-2017|2017-2018|2017-2018|2018-2019,39710,0,0,0
cap2018-19.pdf,67,NH,412-40-08-02,BLACKTOPPED ROADS,2016-2017|2017-2018|2017-2018|2018-2019,149014,10000,15000,15000
cap2018-19.pdf,67,NH,412-40-11-00,STORM WATER DRAINS AND CULVERTS,2016-2017|2017-2018|2017-2018|2018-2019,79940,250000,90000,50000
cap2018-19.pdf,67,NH,412-40-30-00,MISCELLANEOUS WORKS,2016-2017|2017-2018|2017-2018|2018-2019,29957,20000,20000,20000
cap2018-19.pdf,67,NH,412-40-31-00,AMMA KUDINEER,2016-2017|2017-2018|2017-2018|2018-2019,3930,0,2000,0
cap2018-19.pdf,68,NJ,412-10-08-04,TURIF (BRR / IR) (2016-17),2016-2017|2017-2018|2017-2018|2018-2019,11284,7500,15000,0
cap2018-19.pdf,68,NJ,412-10-08-05,TURIF (2017-18),2016-2017|2017-2018|2017-2018|2018-2019,,66000,80000,84000
cap2018-19.pdf,68,NJ,412-10-17-00,SWACHH BHARAT MISSION,2016-2017|2017-2018|2017-2018|2018-2019,14792,15000,5000,10000
cap2018-19.pdf,68,NJ,412-20-03-00,MAYOR SPECIAL DEVELOPMENT FUND WORKS,2016-2017|2017-2018|2017-2018|2018-2019,,1330,0,1330
cap2018-19.pdf,68,NJ,412-20-04-00,COUNCILLOR WARD IMPROVEMENT WORKS,2016-2017|2017-2018|2017-2018|2018-2019,31499,54000,30000,54000
cap2018-19.pdf,68,NJ,412-40-02-00,PARKS AND GARDENS,2016-2017|2017-2018|2017-2018|2018-2019,,0,1000,0
cap2018-19.pdf,68,NJ,412-40-04-06,ANGANVADI CENTRES,2016-2017|2017-2018|2017-2018|2018-2019,44765,10000,5000,5000
cap2018-19.pdf,68,NJ,412-40-05-09,AMMA UNAVAGAM - BUILDINGS,2016-2017|2017-2018|2017-2018|2018-2019,7000,0,6400,0
cap2018-19.pdf,68,NJ,412-40-06-04,PUBLIC CONVENIENCE,2016-2017|2017-2018|2017-2018|2018-2019,9066,10000,11000,5000
cap2018-19.pdf,68,NJ,412-40-06-05,DHOBIKHANA,2016-2017|2017-2018|2017-2018|2018-2019,3623,1000,3000,3000
cap2018-19.pdf,68,NJ,412-40-06-08,GYM BUILDING,2016-2017|2017-2018|2017-2018|2018-2019,3979,15900,4500,5000
cap2018-19.pdf,69,NJ,412-40-06-09,BURIAL GROUND BUILDING,2016-2017|2017-2018|2017-2018|2018-2019,3847,20100,4000,5000
cap2018-19.pdf,69,NJ,412-40-07-02,CONCRETE ROADS,2016-2017|2017-2018|2017-2018|2018-2019,45856,5000,5000,5000
cap2018-19.pdf,69,NJ,412-40-07-05,MIDF-2015-16-PHASE-I,2016-2017|2017-2018|2017-2018|2018-2019,167340,0,71500,0
cap2018-19.pdf,69,NJ,412-40-07-06,MIDF-2015-16-PHASE-II,2016-2017|2017-2018|2017-2018|2018-2019,89523,0,25000,0
cap2018-19.pdf,69,NJ,412-40-08-02,BLACKTOPPED ROADS,2016-2017|2017-2018|2017-2018|2018-2019,91234,10000,17000,20000
cap2018-19.pdf,69,NJ,412-40-11-00,STORM WATER DRAINS AND CULVERTS,2016-2017|2017-2018|2017-2018|2018-2019,58697,150000,60000,20000
cap2018-19.pdf,69,NJ,412-40-30-00,MISCELLANEOUS WORKS,2016-2017|2017-2018|2017-2018|2018-2019,38639,20000,20000,15000
cap2018-19.pdf,69,NJ,412-40-31-00,AMMA KUDINEER,2016-2017|2017-2018|2017-2018|2018-2019,4583,0,4600,0
cap2018-19.pdf,70,NK,412-10-08-04,TURIF (BRR / IR) (2016-17),2016-2017|2017-2018|2017-2018|2018-2019,48592,33000,50000,0
cap2018-19.pdf,70,NK,412-10-08-05,TURIF (2017-18),2016-2017|2017-2018|2017-2018|2018-2019,,66000,60000,66400
cap2018-19.pdf,70,NK,412-10-17-00,SWACHH BHARAT MISSION,2016-2017|2017-2018|2017-2018|2018-2019,11894,15000,0,0
cap2018-19.pdf,70,NK,412-20-03-00,MAYOR SPECIAL DEVELOPMENT FUND WORKS,2016-2017|2017-2018|2017-2018|2018-2019,3501,1330,4050,1330
cap2018-19.pdf,70,NK,412-20-04-00,COUNCILLOR WARD IMPROVEMENT WORKS,2016-2017|2017-2018|2017-2018|2018-2019,12324,48000,19000,48000
cap2018-19.pdf,70,NK,412-40-02-00,PARKS AND GARDENS,2016-2017|2017-2018|2017-2018|2018-2019,95080,0,8000,0
cap2018-19.pdf,70,NK,412-40-03-01,HEALTH DEPARTMENT BUILDINGS,2016-2017|2017-2018|2017-2018|2018-2019,4938,0,2500,0
cap2018-19.pdf,70,NK,412-40-04-01,PRIMARY SCHOOL,2016-2017|2017-2018|2017-2018|2018-2019,,,2000,0
cap2018-19.pdf,70,NK,412-40-04-03,HIGH SCHOOL,2016-2017|2017-2018|2017-2018|2018-2019,18768,0,2000,0
cap2018-19.pdf,70,NK,412-40-04-06,ANGANVADI CENTRES,2016-2017|2017-2018|2017-2018|2018-2019,7767,10000,600,4500
cap2018-19.pdf,70,NK,412-40-05-09,AMMA UNAVAGAM - BUILDINGS,2016-2017|2017-2018|2017-2018|2018-2019,9983,0,5000,0
cap2018-19.pdf,71,NK,412-40-06-04,PUBLIC CONVENIENCE,2016-2017|2017-2018|2017-2018|2018-2019,6225,10000,2000,2000
cap2018-19.pdf,71,NK,412-40-06-05,DHOBIKHANA,2016-2017|2017-2018|2017-2018|2018-2019,2270,1000,0,1000
cap2018-19.pdf,71,NK,412-40-06-08,GYM BUILDING,2016-2017|2017-2018|2017-2018|2018-2019,2966,12500,2000,2000
cap2018-19.pdf,71,NK,412-40-06-09,BURIAL GROUND BUILDING,2016-2017|2017-2018|2017-2018|2018-2019,21151,15000,4000,4000
cap2018-19.pdf,71,NK,412-40-07-02,CONCRETE ROADS,2016-2017|2017-2018|2017-2018|2018-2019,90410,5000,100000,45000
cap2018-19.pdf,71,NK,412-40-07-05,MIDF-2015-16-PHASE-I,2016-2017|2017-2018|2017-2018|2018-2019,233700,0,48000,0
cap2018-19.pdf,71,NK,412-40-07-06,MIDF-2015-16-PHASE-II,2016-2017|2017-2018|2017-2018|2018-2019,62354,0,17000,0
cap2018-19.pdf,71,NK,412-40-08-02,BLACKTOPPED ROADS,2016-2017|2017-2018|2017-2018|2018-2019,136629,10000,40000,45000
cap2018-19.pdf,71,NK,412-40-11-00,STORM WATER DRAINS AND CULVERTS,2016-2017|2017-2018|2017-2018|2018-2019,49293,55000,70000,40000
cap2018-19.pdf,71,NK,412-40-30-00,MISCELLANEOUS WORKS,2016-2017|2017-2018|2017-2018|2018-2019,22647,20000,63600,4000
cap2018-19.pdf,71,NK,412-40-31-00,AMMA KUDINEER,2016-2017|2017-2018|2017-2018|2018-2019,9789,0,10000,0
cap2018-19.pdf,72,NL,412-10-08-04,TURIF (BRR / IR) (2016-17),2016-2017|2017-2018|2017-2018|2018-2019,150196,127000,340000,0
cap2018-19.pdf,72,NL,412-10-08-05,TURIF (2017-18),2016-2017|2017-2018|2017-2018|2018-2019,,66000,40000,143128
cap2018-19.pdf,72,NL,412-10-17-00,SWACHH BHARAT MISSION,2016-2017|2017-2018|2017-2018|2018-2019,,15000,8000,3000
cap2018-19.pdf,72,NL,412-10-12-00,CMCDM (2013-2014),2016-2017|2017-2018|2017-2018|2018-2019,27743,0,0,0
cap2018-19.pdf,72,NL,412-20-03-00,MAYOR SPECIAL DEVELOPMENT FUND WORKS,2016-2017|2017-2018|2017-2018|2018-2019,,1330,0,1330
cap2018-19.pdf,72,NL,412-20-04-00,COUNCILLOR WARD IMPROVEMENT WORKS,2016-2017|2017-2018|2017-2018|2018-2019,20282,39000,13500,39000
cap2018-19.pdf,72,NL,412-40-02-00,PARKS AND GARDENS,2016-2017|2017-2018|2017-2018|2018-2019,914,0,13000,0
cap2018-19.pdf,72,NL,412-40-04-06,ANGANVADI CENTRES,2016-2017|2017-2018|2017-2018|2018-2019,,10000,4000,10000
cap2018-19.pdf,72,NL,412-40-05-02,ZONAL OFFICE BUILDINGS,2016-2017|2017-2018|2017-2018|2018-2019,1865,0,2000,0
cap2018-19.pdf,72,NL,412-40-05-09,AMMA UNAVAGAM - BUILDINGS,2016-2017|2017-2018|2017-2018|2018-2019,1948,0,10000,0
cap2018-19.pdf,72,NL,412-40-06-04,PUBLIC CONVENIENCE,2016-2017|2017-2018|2017-2018|2018-2019,2049,10000,3000,4000
cap2018-19.pdf,72,NL,412-40-06-05,DHOBIKHANA,2016-2017|2017-2018|2017-2018|2018-2019,,1000,0,2500
cap2018-19.pdf,73,NL,412-40-06-08,GYM BUILDING,2016-2017|2017-2018|2017-2018|2018-2019,,3000,3000,5000
cap2018-19.pdf,73,NL,412-40-06-09,BURIAL GROUND BUILDING,2016-2017|2017-2018|2017-2018|2018-2019,2150,5000,6000,5000
cap2018-19.pdf,73,NL,412-40-07-02,CONCRETE ROADS,2016-2017|2017-2018|2017-2018|2018-2019,5107,5000,5000,10000
cap2018-19.pdf,73,NL,412-40-07-05,MIDF-2015-16-PHASE-I,2016-2017|2017-2018|2017-2018|2018-2019,176530,0,10000,0
cap2018-19.pdf,73,NL,412-40-07-06,MIDF-2015-16-PHASE-II,2016-2017|2017-2018|2017-2018|2018-2019,58108,0,400,0
cap2018-19.pdf,73,NL,412-40-08-02,BLACKTOPPED ROADS,2016-2017|2017-2018|2017-2018|2018-2019,41551,10000,12000,20000
cap2018-19.pdf,73,NL,412-40-11-00,STORM WATER DRAINS AND CULVERTS,2016-2017|2017-2018|2017-2018|2018-2019,29387,13000,70000,10000
cap2018-19.pdf,73,NL,412-40-30-00,MISCELLANEOUS WORKS,2016-2017|2017-2018|2017-2018|2018-2019,14889,20000,30000,20000
cap2018-19.pdf,73,NL,412-40-31-00,AMMA KUDINEER,2016-2017|2017-2018|2017-2018|2018-2019,2467,0,8000,0
cap2018-19.pdf,74,NM,412-10-08-04,TURIF (BRR / IR) (2016-17),2016-2017|2017-2018|2017-2018|2018-2019,15100,20000,40000,0
cap2018-19.pdf,74,NM,412-10-08-05,TURIF (2017-18),2016-2017|2017-2018|2017-2018|2018-2019,,67000,32500,10323
cap2018-19.pdf,74,NM,412-10-17-00,SWACHH BHARAT MISSION,2016-2017|2017-2018|2017-2018|2018-2019,4832,15000,15000,10000
cap2018-19.pdf,74,NM,412-10-12-00,CMCDM (2013-2014),2016-2017|2017-2018|2017-2018|2018-2019,46782,0,0,0
cap2018-19.pdf,74,NM,412-20-03-00,MAYOR SPECIAL DEVELOPMENT FUND WORKS,2016-2017|2017-2018|2017-2018|2018-2019,,1330,0,1330
cap2018-19.pdf,74,NM,412-20-04-00,COUNCILLOR WARD IMPROVEMENT WORKS,2016-2017|2017-2018|2017-2018|2018-2019,34680,36000,21400,36000
cap2018-19.pdf,74,NM,412-40-02-00,PARKS AND GARDENS,2016-2017|2017-2018|2017-2018|2018-2019,24712,0,2500,0
cap2018-19.pdf,74,NM,412-40-04-06,ANGANVADI CENTRES,2016-2017|2017-2018|2017-2018|2018-2019,8826,10000,3500,5000
cap2018-19.pdf,74,NM,412-40-05-09,AMMA UNAVAGAM - BUILDINGS,2016-2017|2017-2018|2017-2018|2018-2019,5210,0,5000,0
cap2018-19.pdf,74,NM,412-40-06-04,PUBLIC CONVENIENCE,2016-2017|2017-2018|2017-2018|2018-2019,8016,10000,3000,0
cap2018-19.pdf,74,NM,412-40-06-05,DHOBIKHANA,2016-2017|2017-2018|2017-2018|2018-2019,3078,1000,0,0
cap2018-19.pdf,75,NM,412-40-06-08,GYM BUILDING,2016-2017|2017-2018|2017-2018|2018-2019,4430,5000,3500,5000
cap2018-19.pdf,75,NM,412-40-06-09,BURIAL GROUND BUILDING,2016-2017|2017-2018|2017-2018|2018-2019,7387,2000,12500,12500
cap2018-19.pdf,75,NM,412-40-07-02,CONCRETE ROADS,2016-2017|2017-2018|2017-2018|2018-2019,29725,5000,7000,5000
cap2018-19.pdf,75,NM,412-40-07-05,MIDF-2015-16-PHASE-I,2016-2017|2017-2018|2017-2018|2018-2019,92894,0,0,0
cap2018-19.pdf,75,NM,412-40-07-06,MIDF-2015-16-PHASE-II,2016-2017|2017-2018|2017-2018|2018-2019,53875,0,300,0
cap2018-19.pdf,75,NM,412-40-08-02,BLACKTOPPED ROADS,2016-2017|2017-2018|2017-2018|2018-2019,45441,10000,16000,50000
cap2018-19.pdf,75,NM,412-40-11-00,STORM WATER DRAINS AND CULVERTS,2016-2017|2017-2018|2017-2018|2018-2019,57826,15000,17500,20000
cap2018-19.pdf,75,NM,412-40-30-00,MISCELLANEOUS WORKS,2016-2017|2017-2018|2017-2018|2018-2019,26298,20000,38000,20000
cap2018-19.pdf,75,NM,412-40-31-00,AMMA KUDINEER,2016-2017|2017-2018|2017-2018|2018-2019,2797,0,6000,0
cap2018-19.pdf,76,NN,412-10-08-04,TURIF (BRR / IR) (2016-17),2016-2017|2017-2018|2017-2018|2018-2019,,8000,24500,0
cap2018-19.pdf,76,NN,412-10-08-05,TURIF (2017-18),2016-2017|2017-2018|2017-2018|2018-2019,,67000,70000,26900
cap2018-19.pdf,76,NN,412-10-17-00,SWACHH BHARAT MISSION,2016-2017|2017-2018|2017-2018|2018-2019,21068,15000,11000,15000
cap2018-19.pdf,76,NN,412-20-03-00,MAYOR SPECIAL DEVELOPMENT FUND WORKS,2016-2017|2017-2018|2017-2018|2018-2019,,1330,0,1330
cap2018-19.pdf,76,NN,412-20-04-00,COUNCILLOR WARD IMPROVEMENT WORKS,2016-2017|2017-2018|2017-2018|2018-2019,23316,39000,26500,39000
cap2018-19.pdf,76,NN,412-40-02-00,PARKS AND GARDENS,2016-2017|2017-2018|2017-2018|2018-2019,9999,0,10500,0
cap2018-19.pdf,76,NN,412-40-04-06,ANGANVADI CENTRES,2016-2017|2017-2018|2017-2018|2018-2019,13976,10000,5000,5000
cap2018-19.pdf,76,NN,412-40-05-09,AMMA UNAVAGAM - BUILDINGS,2016-2017|2017-2018|2017-2018|2018-2019,531,0,27000,0
cap2018-19.pdf,76,NN,412-40-06-04,PUBLIC CONVENIENCE,2016-2017|2017-2018|2017-2018|2018-2019,9798,10000,7000,10000
cap2018-19.pdf,76,NN,412-40-06-05,DHOBIKHANA,2016-2017|2017-2018|2017-2018|2018-2019,,1000,600,0
cap2018-19.pdf,77,NN,412-40-06-08,GYM BUILDING,2016-2017|2017-2018|2017-2018|2018-2019,4240,5000,9700,5000
cap2018-19.pdf,77,NN,412-40-06-09,BURIAL GROUND BUILDING,2016-2017|2017-2018|2017-2018|2018-2019,2679,2000,5600,2000
cap2018-19.pdf,77,NN,412-40-07-02,CONCRETE ROADS,2016-2017|2017-2018|2017-2018|2018-2019,19912,5000,24000,20000
cap2018-19.pdf,77,NN,412-40-07-05,MIDF-2015-16-PHASE-I,2016-2017|2017-2018|2017-2018|2018-2019,354006,0,46000,0
cap2018-19.pdf,77,NN,412-40-07-06,MIDF-2015-16-PHASE-II,2016-2017|2017-2018|2017-2018|2018-2019,214587,0,70000,0
cap2018-19.pdf,77,NN,412-40-08-02,BLACKTOPPED ROADS,2016-2017|2017-2018|2017-2018|2018-2019,149996,10000,59000,25000
cap2018-19.pdf,77,NN,412-40-11-00,STORM WATER DRAINS AND CULVERTS,2016-2017|2017-2018|2017-2018|2018-2019,29994,10000,75000,10000
cap2018-19.pdf,77,NN,412-40-30-00,MISCELLANEOUS WORKS,2016-2017|2017-2018|2017-2018|2018-2019,37499,20000,50000,20000
cap2018-19.pdf,77,NN,412-40-31-00,AMMA KUDINEER,2016-2017|2017-2018|2017-2018|2018-2019,4866,0,6000,0
cap2018-19.pdf,78,NP,412-10-08-04,TURIF (BRR / IR) (2016-17),2016-2017|2017-2018|2017-2018|2018-2019,41090,21000,24200,0
cap2018-19.pdf,78,NP,412-10-08-05,TURIF (2017-18),2016-2017|2017-2018|2017-2018|2018-2019,,70000,74000,31770
cap2018-19.pdf,78,NP,412-10-12-00,CMCDM (2013-2014),2016-2017|2017-2018|2017-2018|2018-2019,2599,0,0,0
cap2018-19.pdf,78,NP,412-10-17-00,SWACHH BHARAT MISSION,2016-2017|2017-2018|2017-2018|2018-2019,6498,15000,10000,15000
cap2018-19.pdf,78,NP,412-20-03-00,MAYOR SPECIAL DEVELOPMENT FUND WORKS,2016-2017|2017-2018|2017-2018|2018-2019,,1355,0,1355
cap2018-19.pdf,78,NP,412-20-04-00,COUNCILLOR WARD IMPROVEMENT WORKS,2016-2017|2017-2018|2017-2018|2018-2019,23068,33000,26000,33000
cap2018-19.pdf,78,NP,412-40-04-06,ANGANVADI CENTRES,2016-2017|2017-2018|2017-2018|2018-2019,27009,10000,0,10000
cap2018-19.pdf,78,NP,412-40-05-09,AMMA UNAVAGAM - BUILDINGS,2016-2017|2017-2018|2017-2018|2018-2019,22002,0,0,0
cap2018-19.pdf,78,NP,412-40-06-04,PUBLIC CONVENIENCE,2016-2017|2017-2018|2017-2018|2018-2019,3400,10000,0,6000
cap2018-19.pdf,78,NP,412-40-06-05,DHOBIKHANA,2016-2017|2017-2018|2017-2018|2018-2019,,1000,0,0
cap2018-19.pdf,79,NP,412-40-06-08,GYM BUILDING,2016-2017|2017-2018|2017-2018|2018-2019,2205,4000,4000,5000
cap2018-19.pdf,79,NP,412-40-06-09,BURIAL GROUND BUILDING,2016-2017|2017-2018|2017-2018|2018-2019,8602,5000,3000,5000
cap2018-19.pdf,79,NP,412-40-07-02,CONCRETE ROADS,2016-2017|2017-2018|2017-2018|2018-2019,50411,5000,2400,25000
cap2018-19.pdf,79,NP,412-40-07-05,MIDF-2015-16-PHASE-I,2016-2017|2017-2018|2017-2018|2018-2019,191442,0,2400,0
cap2018-19.pdf,79,NP,412-40-07-06,MIDF-2015-16-PHASE-II,2016-2017|2017-2018|2017-2018|2018-2019,316318,0,3900,0
cap2018-19.pdf,79,NP,412-40-08-02,BLACKTOPPED ROADS,2016-2017|2017-2018|2017-2018|2018-2019,206012,10000,12000,20000
cap2018-19.pdf,79,NP,412-40-11-00,STORM WATER DRAINS AND CULVERTS,2016-2017|2017-2018|2017-2018|2018-2019,39206,15000,80000,20000
cap2018-19.pdf,79,NP,412-40-30-00,MISCELLANEOUS WORKS,2016-2017|2017-2018|2017-2018|2018-2019,12507,20000,20000,20000
cap2018-19.pdf,80,NQ,412-10-08-04,TURIF (BRR / IR) (2016-17),2016-2017|2017-2018|2017-2018|2018-2019,217073,139000,199200,0
cap2018-19.pdf,80,NQ,412-10-08-05,TURIF (2017-18),2016-2017|2017-2018|2017-2018|2018-2019,,70000,35000,35000
cap2018-19.pdf,80,NQ,412-10-17-00,SWACHH BHARAT MISSION,2016-2017|2017-2018|2017-2018|2018-2019,7257,15000,7500,15000
cap2018-19.pdf,80,NQ,412-20-03-00,MAYOR SPECIAL DEVELOPMENT FUND WORKS,2016-2017|2017-2018|2017-2018|2018-2019,,1355,0,1355
cap2018-19.pdf,80,NQ,412-20-04-00,COUNCILLOR WARD IMPROVEMENT WORKS,2016-2017|2017-2018|2017-2018|2018-2019,22029,27000,5000,27000
cap2018-19.pdf,80,NQ,412-40-04-06,ANGANVADI CENTRES,2016-2017|2017-2018|2017-2018|2018-2019,8565,10000,5000,5000
cap2018-19.pdf,80,NQ,412-40-05-09,AMMA UNAVAGAM - BUILDINGS,2016-2017|2017-2018|2017-2018|2018-2019,7748,0,15300,0
cap2018-19.pdf,80,NQ,412-40-06-04,PUBLIC CONVENIENCE,2016-2017|2017-2018|2017-2018|2018-2019,3016,10000,7500,2500
cap2018-19.pdf,80,NQ,412-40-06-05,DHOBIKHANA,2016-2017|2017-2018|2017-2018|2018-2019,,1000,1000,0
cap2018-19.pdf,80,NQ,412-40-06-08,GYM BUILDING,2016-2017|2017-2018|2017-2018|2018-2019,2304,6000,6000,3000
cap2018-19.pdf,80,NQ,412-40-06-09,BURIAL GROUND BUILDING,2016-2017|2017-2018|2017-2018|2018-2019,8704,5000,7500,15000
cap2018-19.pdf,81,NQ,412-40-07-02,CONCRETE ROADS,2016-2017|2017-2018|2017-2018|2018-2019,26778,5000,5000,20000
cap2018-19.pdf,81,NQ,412-40-07-05,MIDF-2015-16-PHASE-I,2016-2017|2017-2018|2017-2018|2018-2019,314099,0,800,0
cap2018-19.pdf,81,NQ,412-40-07-06,MIDF-2015-16-PHASE-II,2016-2017|2017-2018|2017-2018|2018-2019,209431,0,2700,0
cap2018-19.pdf,81,NQ,412-40-08-02,BLACKTOPPED ROADS,2016-2017|2017-2018|2017-2018|2018-2019,72459,10000,10000,70000
cap2018-19.pdf,81,NQ,412-40-11-00,STORM WATER DRAINS AND CULVERTS,2016-2017|2017-2018|2017-2018|2018-2019,30081,10000,12000,20000
cap2018-19.pdf,81,NQ,412-40-30-00,MISCELLANEOUS WORKS,2016-2017|2017-2018|2017-2018|2018-2019,11618,20000,20000,20000
cap2018-19.pdf,94,NA,410-40-10-00,TECHNICAL LABORATORY EQUIPMENTS,2016-2017|2017-2018|2017-2018|2018-2019,,100,100,100
cap2018-19.pdf,94,NA,410-40-12-00,TREE CUTTING EQUIPMENTS,2016-2017|2017-2018|2017-2018|2018-2019,,200,100,100
cap2018-19.pdf,94,NA,410-40-14-00,DEWATERING PUMPS,2016-2017|2017-2018|2017-2018|2018-2019,,100,100,100
cap2018-19.pdf,94,NA,410-40-22-00,PLASTIC SHREDDING MACHINE,2016-2017|2017-2018|2017-2018|2018-2019,,100,100,100
cap2018-19.pdf,94,NA,410-40-23-02,AMMA UNAVAGAM EQUIPMENTS,2016-2017|2017-2018|2017-2018|2018-2019,1437,1000,500,500
cap2018-19.pdf,94,NA,410-70-01-00,CHAIR,2016-2017|2017-2018|2017-2018|2018-2019,,100,50,100
cap2018-19.pdf,94,NA,410-70-02-00,TABLE,2016-2017|2017-2018|2017-2018|2018-2019,,100,100,100
cap2018-19.pdf,94,NA,410-70-03-00,BUREAUS &amp; RACKS,2016-2017|2017-2018|2017-2018|2018-2019,,100,100,100
cap2018-19.pdf,94,NA,410-80-00-00,OTHER FIXED ASSETS,2016-2017|2017-2018|2017-2018|2018-2019,365,1500,500,1000
cap2018-19.pdf,95,NB,410-40-08-00,COMPOST BINS,2016-2017|2017-2018|2017-2018|2018-2019,538,0,0,0
cap2018-19.pdf,95,NB,410-40-12-00,TREE CUTTING EQUIPMENTS,2016-2017|2017-2018|2017-2018|2018-2019,,100,100,100
cap2018-19.pdf,95,NB,410-40-15-00,GENERATORS,2016-2017|2017-2018|2017-2018|2018-2019,,100,100,100
cap2018-19.pdf,95,NB,410-40-22-00,PLASTIC SHREDDING MACHINE,2016-2017|2017-2018|2017-2018|2018-2019,,100,100,100
cap2018-19.pdf,95,NB,410-40-23-02,AMMA UNAVAGAM EQUIPMENTS,2016-2017|2017-2018|2017-2018|2018-2019,1999,1000,1000,500
cap2018-19.pdf,95,NB,410-60-02-00,COMPUTERS,2016-2017|2017-2018|2017-2018|2018-2019,82,100,100,100
cap2018-19.pdf,95,NB,410-70-01-00,CHAIR,2016-2017|2017-2018|2017-2018|2018-2019,77,100,100,100
cap2018-19.pdf,95,NB,410-70-02-00,TABLE,2016-2017|2017-2018|2017-2018|2018-2019,,100,100,100
cap2018-19.pdf,95,NB,410-70-03-00,BUREAUS &amp; RACKS,2016-2017|2017-2018|2017-2018|2018-2019,,100,100,100
cap2018-19.pdf,95,NB,410-80-00-00,OTHER FIXED ASSETS,2016-2017|2017-2018|2017-2018|2018-2019,2343,1500,1200,1000
cap2018-19.pdf,96,NC,410-40-12-00,TREE CUTTING EQUIPMENTS,2016-2017|2017-2018|2017-2018|2018-2019,,100,100,100
cap2018-19.pdf,96,NC,410-40-15-00,GENERATORS,2016-2017|2017-2018|2017-2018|2018-2019,,100,100,100
cap2018-19.pdf,96,NC,410-40-22-00,PLASTIC SHREDDING MACHINE,2016-2017|2017-2018|2017-2018|2018-2019,,100,100,100
cap2018-19.pdf,96,NC,410-40-23-02,AMMA UNAVAGAM EQUIPMENTS,2016-2017|2017-2018|2017-2018|2018-2019,1087,1000,500,500
cap2018-19.pdf,96,NC,410-60-09-00,AIR CONDITIONER,2016-2017|2017-2018|2017-2018|2018-2019,,100,100,100
cap2018-19.pdf,96,NC,410-70-01-00,CHAIR,2016-2017|2017-2018|2017-2018|2018-2019,,100,100,100
cap2018-19.pdf,96,NC,410-70-02-00,TABLE,2016-2017|2017-2018|2017-2018|2018-2019,,100,100,100
cap2018-19.pdf,96,NC,410-70-03-00,BUREAUS &amp; RACKS,2016-2017|2017-2018|2017-2018|2018-2019,,100,100,100
cap2018-19.pdf,96,NC,410-80-00-00,OTHER FIXED ASSETS,2016-2017|2017-2018|2017-2018|2018-2019,,1700,500,1000
cap2018-19.pdf,97,ND,410-40-07-02,FOGGING MACHINES-PORTABLE,2016-2017|2017-2018|2017-2018|2018-2019,,0,0,0
cap2018-19.pdf,97,ND,410-40-08-00,COMPOST BINS,2016-2017|2017-2018|2017-2018|2018-2019,,0,0,0
cap2018-19.pdf,97,ND,410-40-12-00,TREE CUTTING EQUIPMENTS,2016-2017|2017-2018|2017-2018|2018-2019,,100,100,100
cap2018-19.pdf,97,ND,410-40-22-00,PLASTIC SHREDDING MACHINE,2016-2017|2017-2018|2017-2018|2018-2019,,100,100,100
cap2018-19.pdf,97,ND,410-40-23-02,AMMA UNAVAGAM EQUIPMENTS,2016-2017|2017-2018|2017-2018|2018-2019,8772,1000,500,500
cap2018-19.pdf,97,ND,410-60-02-00,COMPUTERS,2016-2017|2017-2018|2017-2018|2018-2019,844,100,100,100
cap2018-19.pdf,97,ND,410-70-01-00,CHAIR,2016-2017|2017-2018|2017-2018|2018-2019,,100,100,100
cap2018-19.pdf,97,ND,410-70-02-00,TABLE,2016-2017|2017-2018|2017-2018|2018-2019,,100,100,100
cap2018-19.pdf,97,ND,410-70-03-00,BUREAUS &amp; RACKS,2016-2017|2017-2018|2017-2018|2018-2019,106,100,100,100
cap2018-19.pdf,97,ND,410-80-00-00,OTHER FIXED ASSETS,2016-2017|2017-2018|2017-2018|2018-2019,1194,1500,500,1000
cap2018-19.pdf,98,NE,410-40-13-00,GYM EQUIPMENTS,2016-2017|2017-2018|2017-2018|2018-2019,15229,500,500,500
cap2018-19.pdf,98,NE,410-40-22-00,PLASTIC SHREDDING MACHINE,2016-2017|2017-2018|2017-2018|2018-2019,,100,100,100
cap2018-19.pdf,98,NE,410-40-23-02,AMMA UNAVAGAM EQUIPMENTS,2016-2017|2017-2018|2017-2018|2018-2019,3012,1000,500,500
cap2018-19.pdf,98,NE,410-70-01-00,CHAIR,2016-2017|2017-2018|2017-2018|2018-2019,,100,100,100
cap2018-19.pdf,98,NE,410-70-02-00,TABLE,2016-2017|2017-2018|2017-2018|2018-2019,,100,100,100
cap2018-19.pdf,98,NE,410-70-03-00,BUREAUS &amp; RACKS,2016-2017|2017-2018|2017-2018|2018-2019,,100,100,100
cap2018-19.pdf,98,NE,410-80-00-00,OTHER FIXED ASSETS,2016-2017|2017-2018|2017-2018|2018-2019,,3500,1500,1000
cap2018-19.pdf,99,NF,410-40-07-02,FOGGING MACHINES-PORTABLE,2016-2017|2017-2018|2017-2018|2018-2019,209,0,0,0
cap2018-19.pdf,99,NF,410-40-08-00,COMPOST BINS,2016-2017|2017-2018|2017-2018|2018-2019,,0,0,0
cap2018-19.pdf,99,NF,410-40-10-00,TECHNICAL LABORATORY EQUIPMENTS,2016-2017|2017-2018|2017-2018|2018-2019,,0,0,0
cap2018-19.pdf,99,NF,410-40-12-00,TREE CUTTING EQUIPMENTS,2016-2017|2017-2018|2017-2018|2018-2019,,100,50,100
cap2018-19.pdf,99,NF,410-40-13-00,GYM EQUIPMENTS,2016-2017|2017-2018|2017-2018|2018-2019,522,400,200,200
cap2018-19.pdf,99,NF,410-40-22-00,PLASTIC SHREDDING MACHINE,2016-2017|2017-2018|2017-2018|2018-2019,,100,100,100
cap2018-19.pdf,99,NF,410-40-23-02,AMMA UNAVAGAM EQUIPMENTS,2016-2017|2017-2018|2017-2018|2018-2019,500,1000,500,500
cap2018-19.pdf,99,NF,410-60-02-00,COMPUTERS,2016-2017|2017-2018|2017-2018|2018-2019,,,110,100
cap2018-19.pdf,99,NF,410-60-06-00,NETWORK EQUIPMENTS,2016-2017|2017-2018|2017-2018|2018-2019,,,20,20
cap2018-19.pdf,99,NF,410-60-09-00,AIR CONDITIONER,2016-2017|2017-2018|2017-2018|2018-2019,,100,500,100
cap2018-19.pdf,99,NF,410-70-01-00,CHAIR,2016-2017|2017-2018|2017-2018|2018-2019,,100,100,100
cap2018-19.pdf,99,NF,410-70-02-00,TABLE,2016-2017|2017-2018|2017-2018|2018-2019,,100,100,100
cap2018-19.pdf,99,NF,410-70-03-00,BUREAUS &amp; RACKS,2016-2017|2017-2018|2017-2018|2018-2019,,100,100,100
cap2018-19.pdf,99,NF,410-70-06-00,ELECTRICAL FITTINGS,2016-2017|2017-2018|2017-2018|2018-2019,,100,100,100
cap2018-19.pdf,99,NF,410-80-00-00,OTHER FIXED ASSETS,2016-2017|2017-2018|2017-2018|2018-2019,13774,2000,500,1000
cap2018-19.pdf,100,NG,410-40-10-00,TECHNICAL LABORATORY EQUIPMENTS,2016-2017|2017-2018|2017-2018|2018-2019,,0,0,0
cap2018-19.pdf,100,NG,410-40-15-00,GENERATORS,2016-2017|2017-2018|2017-2018|2018-2019,,0,0,0
cap2018-19.pdf,100,NG,410-40-22-00,PLASTIC SHREDDING MACHINE,2016-2017|2017-2018|2017-2018|2018-2019,,100,100,100
cap2018-19.pdf,100,NG,410-40-23-02,AMMA UNAVAGAM EQUIPMENTS,2016-2017|2017-2018|2017-2018|2018-2019,500,1000,700,500
cap2018-19.pdf,100,NG,410-60-02-00,COMPUTERS,2016-2017|2017-2018|2017-2018|2018-2019,,100,100,100
cap2018-19.pdf,100,NG,410-70-01-00,CHAIR,2016-2017|2017-2018|2017-2018|2018-2019,,100,100,100
cap2018-19.pdf,100,NG,410-70-02-00,TABLE,2016-2017|2017-2018|2017-2018|2018-2019,,100,100,100
cap2018-19.pdf,100,NG,410-70-03-00,BUREAUS &amp; RACKS,2016-2017|2017-2018|2017-2018|2018-2019,,100,100,100
cap2018-19.pdf,100,NG,410-80-00-00,OTHER FIXED ASSETS,2016-2017|2017-2018|2017-2018|2018-2019,3000,3000,500,200
cap2018-19.pdf,101,NH,410-40-07-02,FOGGING MACHINES-PORTABLE,2016-2017|2017-2018|2017-2018|2018-2019,,0,0,0
cap2018-19.pdf,101,NH,410-40-10-00,TECHNICAL LABORATORY EQUIPMENTS,2016-2017|2017-2018|2017-2018|2018-2019,,100,50,100
cap2018-19.pdf,101,NH,410-40-22-00,PLASTIC SHREDDING MACHINE,2016-2017|2017-2018|2017-2018|2018-2019,,100,50,100
cap2018-19.pdf,101,NH,410-40-23-02,AMMA UNAVAGAM EQUIPMENTS,2016-2017|2017-2018|2017-2018|2018-2019,6413,1000,500,500
cap2018-19.pdf,101,NH,410-60-02-00,COMPUTERS,2016-2017|2017-2018|2017-2018|2018-2019,,0,0,0
cap2018-19.pdf,101,NH,410-60-09-00,AIR CONDITIONER,2016-2017|2017-2018|2017-2018|2018-2019,,100,50,100
cap2018-19.pdf,101,NH,410-70-01-00,CHAIR,2016-2017|2017-2018|2017-2018|2018-2019,,100,50,100
cap2018-19.pdf,101,NH,410-70-02-00,TABLE,2016-2017|2017-2018|2017-2018|2018-2019,,100,50,100
cap2018-19.pdf,101,NH,410-70-03-00,BUREAUS &amp; RACKS,2016-2017|2017-2018|2017-2018|2018-2019,,100,50,100
cap2018-19.pdf,101,NH,410-70-04-00,FIXURES,2016-2017|2017-2018|2017-2018|2018-2019,,0,0,0
cap2018-19.pdf,101,NH,410-70-08-00,INVERTORS,2016-2017|2017-2018|2017-2018|2018-2019,,100,50,100
cap2018-19.pdf,101,NH,410-80-00-00,OTHER FIXED ASSETS,2016-2017|2017-2018|2017-2018|2018-2019,2343,2500,1000,1000
cap2018-19.pdf,102,NJ,410-40-10-00,TECHNICAL LABORATORY EQUIPMENTS,2016-2017|2017-2018|2017-2018|2018-2019,,0,0,0
cap2018-19.pdf,102,NJ,410-40-12-00,TREE CUTTING EQUIPMENTS,2016-2017|2017-2018|2017-2018|2018-2019,,100,50,100
cap2018-19.pdf,102,NJ,410-40-14-00,DEWATERING PUMPS,2016-2017|2017-2018|2017-2018|2018-2019,,100,50,100
cap2018-19.pdf,102,NJ,410-40-22-00,PLASTIC SHREDDING MACHINE,2016-2017|2017-2018|2017-2018|2018-2019,,100,50,100
cap2018-19.pdf,102,NJ,410-40-23-02,AMMA UNAVAGAM EQUIPMENTS,2016-2017|2017-2018|2017-2018|2018-2019,3741,1000,2000,500
cap2018-19.pdf,102,NJ,410-60-02-00,COMPUTERS,2016-2017|2017-2018|2017-2018|2018-2019,,100,500,100
cap2018-19.pdf,102,NJ,410-70-01-00,CHAIR,2016-2017|2017-2018|2017-2018|2018-2019,,100,260,100
cap2018-19.pdf,102,NJ,410-70-02-00,TABLE,2016-2017|2017-2018|2017-2018|2018-2019,,100,980,100
cap2018-19.pdf,102,NJ,410-70-03-00,BUREAUS &amp; RACKS,2016-2017|2017-2018|2017-2018|2018-2019,,100,50,100
cap2018-19.pdf,102,NJ,410-70-08-00,INVERTORS,2016-2017|2017-2018|2017-2018|2018-2019,,0,0,0
cap2018-19.pdf,102,NJ,410-80-00-00,OTHER FIXED ASSETS,2016-2017|2017-2018|2017-2018|2018-2019,4801,3000,500,1000
cap2018-19.pdf,103,NK,410-40-03-00,OPERATION THEATRE EQUIPMENTS,2016-2017|2017-2018|2017-2018|2018-2019,,0,0,0
cap2018-19.pdf,103,NK,410-40-07-02,FOGGING MACHINES-PORTABLE,2016-2017|2017-2018|2017-2018|2018-2019,,0,0,0
cap2018-19.pdf,103,NK,410-40-10-00,TECHNICAL LABORATORY EQUIPMENTS,2016-2017|2017-2018|2017-2018|2018-2019,,0,0,0
cap2018-19.pdf,103,NK,410-40-12-00,TREE CUTTING EQUIPMENTS,2016-2017|2017-2018|2017-2018|2018-2019,,0,1000,100
cap2018-19.pdf,103,NK,410-40-13-00,GYM EQUIPMENTS,2016-2017|2017-2018|2017-2018|2018-2019,3847,0,0,0
cap2018-19.pdf,103,NK,410-40-14-00,DEWATERING PUMPS,2016-2017|2017-2018|2017-2018|2018-2019,,100,50,100
cap2018-19.pdf,103,NK,410-40-22-00,PLASTIC SHREDDING MACHINE,2016-2017|2017-2018|2017-2018|2018-2019,,100,50,100
cap2018-19.pdf,103,NK,410-40-23-02,AMMA UNAVAGAM EQUIPMENTS,2016-2017|2017-2018|2017-2018|2018-2019,,1000,500,500
cap2018-19.pdf,103,NK,410-50-12-00,TRI CYCLE,2016-2017|2017-2018|2017-2018|2018-2019,,0,0,0
cap2018-19.pdf,103,NK,410-60-02-00,COMPUTERS,2016-2017|2017-2018|2017-2018|2018-2019,891,100,50,100
cap2018-19.pdf,103,NK,410-60-04-00,PRINTER,2016-2017|2017-2018|2017-2018|2018-2019,316,100,50,100
cap2018-19.pdf,103,NK,410-60-06-00,NETWORK EQUIPMENTS,2016-2017|2017-2018|2017-2018|2018-2019,,50,50,50
cap2018-19.pdf,103,NK,410-60-08-00,PHOTO COPIER,2016-2017|2017-2018|2017-2018|2018-2019,,0,0,0
cap2018-19.pdf,103,NK,410-70-01-00,CHAIR,2016-2017|2017-2018|2017-2018|2018-2019,,100,50,100
cap2018-19.pdf,103,NK,410-70-02-00,TABLE,2016-2017|2017-2018|2017-2018|2018-2019,,100,50,100
cap2018-19.pdf,103,NK,410-70-03-00,BUREAUS &amp; RACKS,2016-2017|2017-2018|2017-2018|2018-2019,,100,50,100
cap2018-19.pdf,103,NK,410-70-08-00,INVERTORS,2016-2017|2017-2018|2017-2018|2018-2019,,100,50,100
cap2018-19.pdf,103,NK,410-80-00-00,OTHER FIXED ASSETS,2016-2017|2017-2018|2017-2018|2018-2019,3220,3000,3000,1000
cap2018-19.pdf,104,NL,410-40-22-00,PLASTIC SHREDDING MACHINE,2016-2017|2017-2018|2017-2018|2018-2019,,100,50,50
cap2018-19.pdf,104,NL,410-40-23-02,AMMA UNAVAGAM EQUIPMENTS,2016-2017|2017-2018|2017-2018|2018-2019,,1000,500,500
cap2018-19.pdf,104,NL,410-60-02-00,COMPUTERS,2016-2017|2017-2018|2017-2018|2018-2019,,,350,100
cap2018-19.pdf,104,NL,410-60-03-00,STEABLIZER &amp; UPS,2016-2017|2017-2018|2017-2018|2018-2019,,,50,50
cap2018-19.pdf,104,NL,410-60-04-00,PRINTER,2016-2017|2017-2018|2017-2018|2018-2019,,,100,100
cap2018-19.pdf,104,NL,410-60-06-00,NETWORK EQUIPMENTS,2016-2017|2017-2018|2017-2018|2018-2019,,100,50,50
cap2018-19.pdf,104,NL,410-60-08-00,PHOTO COPIER,2016-2017|2017-2018|2017-2018|2018-2019,155,0,0,0
cap2018-19.pdf,104,NL,410-70-01-00,CHAIR,2016-2017|2017-2018|2017-2018|2018-2019,,100,50,100
cap2018-19.pdf,104,NL,410-70-02-00,TABLE,2016-2017|2017-2018|2017-2018|2018-2019,,100,50,100
cap2018-19.pdf,104,NL,410-70-03-00,BUREAUS &amp; RACKS,2016-2017|2017-2018|2017-2018|2018-2019,,100,50,100
cap2018-19.pdf,104,NL,410-80-00-00,OTHER FIXED ASSETS,2016-2017|2017-2018|2017-2018|2018-2019,1084,2000,1000,1000
cap2018-19.pdf,105,NM,410-40-07-02,FOGGING MACHINES-PORTABLE,2016-2017|2017-2018|2017-2018|2018-2019,,0,0,0
cap2018-19.pdf,105,NM,410-40-12-00,TREE CUTTING EQUIPMENTS,2016-2017|2017-2018|2017-2018|2018-2019,,100,50,100
cap2018-19.pdf,105,NM,410-40-15-00,GENERATORS,2016-2017|2017-2018|2017-2018|2018-2019,,0,0,0
cap2018-19.pdf,105,NM,410-40-22-00,PLASTIC SHREDDING MACHINE,2016-2017|2017-2018|2017-2018|2018-2019,,100,50,100
cap2018-19.pdf,105,NM,410-40-23-02,AMMA UNAVAGAM EQUIPMENTS,2016-2017|2017-2018|2017-2018|2018-2019,3474,1000,500,500
cap2018-19.pdf,105,NM,410-60-02-00,COMPUTERS,2016-2017|2017-2018|2017-2018|2018-2019,551,300,200,200
cap2018-19.pdf,105,NM,410-60-03-00,STEABLIZER &amp; UPS,2016-2017|2017-2018|2017-2018|2018-2019,117,100,50,100
cap2018-19.pdf,105,NM,410-60-04-00,PRINTER,2016-2017|2017-2018|2017-2018|2018-2019,157,100,50,100
cap2018-19.pdf,105,NM,410-60-08-00,PHOTO COPIER,2016-2017|2017-2018|2017-2018|2018-2019,,0,0,0
cap2018-19.pdf,105,NM,410-60-11-00,CELL PHONES,2016-2017|2017-2018|2017-2018|2018-2019,,0,0,0
cap2018-19.pdf,105,NM,410-70-01-00,CHAIR,2016-2017|2017-2018|2017-2018|2018-2019,,100,50,100
cap2018-19.pdf,105,NM,410-70-02-00,TABLE,2016-2017|2017-2018|2017-2018|2018-2019,91,100,50,100
cap2018-19.pdf,105,NM,410-70-03-00,BUREAUS &amp; RACKS,2016-2017|2017-2018|2017-2018|2018-2019,,100,100,100
cap2018-19.pdf,105,NM,410-80-00-00,OTHER FIXED ASSETS,2016-2017|2017-2018|2017-2018|2018-2019,90,2000,1000,500
cap2018-19.pdf,106,NN,410-40-12-00,TREE CUTTING EQUIPMENTS,2016-2017|2017-2018|2017-2018|2018-2019,,100,50,100
cap2018-19.pdf,106,NN,410-40-22-00,PLASTIC SHREDDING MACHINE,2016-2017|2017-2018|2017-2018|2018-2019,,100,50,100
cap2018-19.pdf,106,NN,410-40-23-02,AMMA UNAVAGAM EQUIPMENTS,2016-2017|2017-2018|2017-2018|2018-2019,4282,1000,500,500
cap2018-19.pdf,106,NN,410-60-02-00,COMPUTERS,2016-2017|2017-2018|2017-2018|2018-2019,,100,50,100
cap2018-19.pdf,106,NN,410-60-03-00,STEABLIZER &amp; UPS,2016-2017|2017-2018|2017-2018|2018-2019,,50,50,100
cap2018-19.pdf,106,NN,410-60-04-00,PRINTER,2016-2017|2017-2018|2017-2018|2018-2019,,50,50,50
cap2018-19.pdf,106,NN,410-60-06-00,NETWORK EQUIPMENTS,2016-2017|2017-2018|2017-2018|2018-2019,,0,0,0
cap2018-19.pdf,106,NN,410-60-09-00,AIR CONDITIONER,2016-2017|2017-2018|2017-2018|2018-2019,759,100,50,100
cap2018-19.pdf,106,NN,410-70-01-00,CHAIR,2016-2017|2017-2018|2017-2018|2018-2019,83,100,50,100
cap2018-19.pdf,106,NN,410-70-02-00,TABLE,2016-2017|2017-2018|2017-2018|2018-2019,,100,50,100
cap2018-19.pdf,106,NN,410-70-03-00,BUREAUS &amp; RACKS,2016-2017|2017-2018|2017-2018|2018-2019,96,100,50,100
cap2018-19.pdf,106,NN,410-80-00-00,OTHER FIXED ASSETS,2016-2017|2017-2018|2017-2018|2018-2019,5276,5000,2300,2000
cap2018-19.pdf,107,NP,410-40-10-00,TECHNICAL LABORATORY EQUIPMENTS,2016-2017|2017-2018|2017-2018|2018-2019,,100,50,100
cap2018-19.pdf,107,NP,410-40-14-00,DEWATERING PUMPS,2016-2017|2017-2018|2017-2018|2018-2019,,100,50,100
cap2018-19.pdf,107,NP,410-40-15-00,GENERATORS,2016-2017|2017-2018|2017-2018|2018-2019,,525,500,500
cap2018-19.pdf,107,NP,410-40-22-00,PLASTIC SHREDDING MACHINE,2016-2017|2017-2018|2017-2018|2018-2019,,100,100,100
cap2018-19.pdf,107,NP,410-40-23-02,AMMA UNAVAGAM EQUIPMENTS,2016-2017|2017-2018|2017-2018|2018-2019,3773,1000,500,500
cap2018-19.pdf,107,NP,410-60-02-00,COMPUTERS,2016-2017|2017-2018|2017-2018|2018-2019,289,75,1700,200
cap2018-19.pdf,107,NP,410-60-09-00,AIR CONDITIONER,2016-2017|2017-2018|2017-2018|2018-2019,,,0,0
cap2018-19.pdf,107,NP,410-70-01-00,CHAIR,2016-2017|2017-2018|2017-2018|2018-2019,46,100,50,100
cap2018-19.pdf,107,NP,410-70-02-00,TABLE,2016-2017|2017-2018|2017-2018|2018-2019,30,100,50,100
cap2018-19.pdf,107,NP,410-70-03-00,BUREAUS &amp; RACKS,2016-2017|2017-2018|2017-2018|2018-2019,111,100,50,100
cap2018-19.pdf,107,NP,410-80-00-00,OTHER FIXED ASSETS,2016-2017|2017-2018|2017-2018|2018-2019,1847,2000,1000,1000
cap2018-19.pdf,108,NQ,410-40-10-00,TECHNICAL LABORATORY EQUIPMENTS,2016-2017|2017-2018|2017-2018|2018-2019,191,100,50,100
cap2018-19.pdf,108,NQ,410-40-12-00,TREE CUTTING EQUIPMENTS,2016-2017|2017-2018|2017-2018|2018-2019,,100,50,100
cap2018-19.pdf,108,NQ,410-40-14-00,DEWATERING PUMPS,2016-2017|2017-2018|2017-2018|2018-2019,,100,50,100
cap2018-19.pdf,108,NQ,410-40-15-00,GENERATORS,2016-2017|2017-2018|2017-2018|2018-2019,,,900,100
cap2018-19.pdf,108,NQ,410-40-22-00,PLASTIC SHREDDING MACHINE,2016-2017|2017-2018|2017-2018|2018-2019,,100,50,100
cap2018-19.pdf,108,NQ,410-40-23-02,AMMA UNAVAGAM EQUIPMENTS,2016-2017|2017-2018|2017-2018|2018-2019,496,1000,500,500
cap2018-19.pdf,108,NQ,410-60-02-00,COMPUTERS,2016-2017|2017-2018|2017-2018|2018-2019,184,100,100,100
cap2018-19.pdf,108,NQ,410-60-03-00,STEABLIZER &amp; UPS,2016-2017|2017-2018|2017-2018|2018-2019,39,100,100,100
cap2018-19.pdf,108,NQ,410-60-04-00,PRINTER,2016-2017|2017-2018|2017-2018|2018-2019,47,100,100,100
cap2018-19.pdf,108,NQ,410-60-06-00,NETWORK EQUIPMENTS,2016-2017|2017-2018|2017-2018|2018-2019,,0,0,0
cap2018-19.pdf,108,NQ,410-60-11-00,CELL PHONES,2016-2017|2017-2018|2017-2018|2018-2019,37,0,0,0
cap2018-19.pdf,108,NQ,410-70-01-00,CHAIR,2016-2017|2017-2018|2017-2018|2018-2019,,100,50,100
cap2018-19.pdf,108,NQ,410-70-02-00,TABLE,2016-2017|2017-2018|2017-2018|2018-2019,,100,700,100
cap2018-19.pdf,108,NQ,410-70-03-00,BUREAUS &amp; RACKS,2016-2017|2017-2018|2017-2018|2018-2019,,100,50,100
cap2018-19.pdf,108,NQ,410-80-00-00,OTHER FIXED ASSETS,2016-2017|2017-2018|2017-2018|2018-2019,586,2000,1000,1000
glance2019-20.pdf,49,NA,412-10-16-02,CMCDM (2018-19),2017-2018|2018-2019|2018-2019|2019-2020,,0,61600,26400
glance2019-20.pdf,49,NA,412-10-08-04,TURIF (BRR / IR) (2016-17),2017-2018|2018-2019|2018-2019|2019-2020,63173,0,0,0
glance2019-20.pdf,49,NA,412-10-08-05,TURIF (2017-18),2017-2018|2018-2019|2018-2019|2019-2020,,30000,88000,0
glance2019-20.pdf,49,NA,412-10-17-00,SWACHH BHARAT MISSION,2017-2018|2018-2019|2018-2019|2019-2020,1281,15000,10000,10000
glance2019-20.pdf,49,NA,412-20-03-00,MAYOR SPECIAL DEVELOPMENT FUND WORKS,2017-2018|2018-2019|2018-2019|2019-2020,,1330,0,1330
glance2019-20.pdf,49,NA,412-20-04-00,COUNCILLOR WARD IMPROVEMENT WORKS,2017-2018|2018-2019|2018-2019|2019-2020,3311,42000,5000,42000
glance2019-20.pdf,49,NA,412-40-02-00,PARKS AND GARDENS,2017-2018|2018-2019|2018-2019|2019-2020,,0,0,0
glance2019-20.pdf,49,NA,412-40-04-06,ANGANVADI CENTRES,2017-2018|2018-2019|2018-2019|2019-2020,331,10000,3000,15000
glance2019-20.pdf,49,NA,412-40-05-08,S.W.M. DEPARTMENT - BUILDINGS,2017-2018|2018-2019|2018-2019|2019-2020,,10000,0,0
glance2019-20.pdf,49,NA,412-40-05-09,AMMA UNAVAGAM - BUILDINGS,2017-2018|2018-2019|2018-2019|2019-2020,1244,0,0,0
glance2019-20.pdf,49,NA,412-40-06-04,PUBLIC CONVENIENCE,2017-2018|2018-2019|2018-2019|2019-2020,413,1000,1000,5000
glance2019-20.pdf,50,NA,412-40-06-05,DHOBIKHANA,2017-2018|2018-2019|2018-2019|2019-2020,,1000,500,1000
glance2019-20.pdf,50,NA,412-40-06-08,GYM BUILDING,2017-2018|2018-2019|2018-2019|2019-2020,876,2500,1500,2000
glance2019-20.pdf,50,NA,412-40-06-09,BURIAL GROUND BUILDING,2017-2018|2018-2019|2018-2019|2019-2020,1650,5000,2000,5000
glance2019-20.pdf,50,NA,412-40-07-02,CONCRETE ROADS,2017-2018|2018-2019|2018-2019|2019-2020,102,15000,5000,25000
glance2019-20.pdf,50,NA,412-40-07-05,MIDF-2015-16-PHASE-I,2017-2018|2018-2019|2018-2019|2019-2020,11794,0,2200,0
glance2019-20.pdf,50,NA,412-40-07-06,MIDF-2015-16-PHASE-II,2017-2018|2018-2019|2018-2019|2019-2020,407,0,0,0
glance2019-20.pdf,50,NA,412-40-08-02,BLACKTOPPED ROADS,2017-2018|2018-2019|2018-2019|2019-2020,387,45000,5000,30000
glance2019-20.pdf,50,NA,412-40-11-00,STORM WATER DRAINS AND CULVERTS,2017-2018|2018-2019|2018-2019|2019-2020,1090,20000,3000,20000
glance2019-20.pdf,50,NA,412-40-30-00,MISCELLANEOUS WORKS,2017-2018|2018-2019|2018-2019|2019-2020,2822,20000,5000,20000
glance2019-20.pdf,51,NB,412-10-16-02,CMCDM (2018-19),2017-2018|2018-2019|2018-2019|2019-2020,,0,90510,38780
glance2019-20.pdf,51,NB,412-10-08-04,TURIF (BRR / IR) (2016-17),2017-2018|2018-2019|2018-2019|2019-2020,13227,0,0,0
glance2019-20.pdf,51,NB,412-10-08-05,TURIF (2017-18),2017-2018|2018-2019|2018-2019|2019-2020,,34800,93500,0
glance2019-20.pdf,51,NB,412-10-17-00,SWACHH BHARAT MISSION,2017-2018|2018-2019|2018-2019|2019-2020,7516,15000,15000,10000
glance2019-20.pdf,51,NB,412-20-03-00,MAYOR SPECIAL DEVELOPMENT FUND WORKS,2017-2018|2018-2019|2018-2019|2019-2020,,1330,0,1330
glance2019-20.pdf,51,NB,412-20-04-00,COUNCILLOR WARD IMPROVEMENT WORKS,2017-2018|2018-2019|2018-2019|2019-2020,2269,21000,0,21000
glance2019-20.pdf,51,NB,412-40-02-00,PARKS AND GARDENS,2017-2018|2018-2019|2018-2019|2019-2020,2257,0,0,0
glance2019-20.pdf,51,NB,412-40-04-06,ANGANVADI CENTRES,2017-2018|2018-2019|2018-2019|2019-2020,7332,5000,1000,15000
glance2019-20.pdf,51,NB,412-40-05-09,AMMA UNAVAGAM - BUILDINGS,2017-2018|2018-2019|2018-2019|2019-2020,1795,0,2000,0
glance2019-20.pdf,51,NB,412-40-06-04,PUBLIC CONVENIENCE,2017-2018|2018-2019|2018-2019|2019-2020,,4000,1000,5000
glance2019-20.pdf,51,NB,412-40-06-05,DHOBIKHANA,2017-2018|2018-2019|2018-2019|2019-2020,1909,1000,500,1000
glance2019-20.pdf,52,NB,412-40-06-08,GYM BUILDING,2017-2018|2018-2019|2018-2019|2019-2020,,5000,1000,2000
glance2019-20.pdf,52,NB,412-40-06-09,BURIAL GROUND BUILDING,2017-2018|2018-2019|2018-2019|2019-2020,1919,5000,1000,5000
glance2019-20.pdf,52,NB,412-40-07-02,CONCRETE ROADS,2017-2018|2018-2019|2018-2019|2019-2020,4040,5000,5000,25000
glance2019-20.pdf,52,NB,412-40-07-06,MIDF-2015-16-PHASE-II,2017-2018|2018-2019|2018-2019|2019-2020,283,0,30,0
glance2019-20.pdf,52,NB,412-40-08-02,BLACKTOPPED ROADS,2017-2018|2018-2019|2018-2019|2019-2020,1159,15000,10000,30000
glance2019-20.pdf,52,NB,412-40-11-00,STORM WATER DRAINS AND CULVERTS,2017-2018|2018-2019|2018-2019|2019-2020,5151,10000,5000,20000
glance2019-20.pdf,52,NB,412-40-30-00,MISCELLANEOUS WORKS,2017-2018|2018-2019|2018-2019|2019-2020,7283,15000,10000,20000
glance2019-20.pdf,53,NC,412-10-16-02,CMCDM (2018-19),2017-2018|2018-2019|2018-2019|2019-2020,,0,345380,148020
glance2019-20.pdf,53,NC,412-10-08-04,TURIF (BRR / IR) (2016-17),2017-2018|2018-2019|2018-2019|2019-2020,44642,0,0,0
glance2019-20.pdf,53,NC,412-10-08-05,TURIF (2017-18),2017-2018|2018-2019|2018-2019|2019-2020,,101600,283800,0
glance2019-20.pdf,53,NC,412-10-17-00,SWACHH BHARAT MISSION,2017-2018|2018-2019|2018-2019|2019-2020,,10000,27550,10000
glance2019-20.pdf,53,NC,412-20-03-00,MAYOR SPECIAL DEVELOPMENT FUND WORKS,2017-2018|2018-2019|2018-2019|2019-2020,,1330,0,1330
glance2019-20.pdf,53,NC,412-20-04-00,COUNCILLOR WARD IMPROVEMENT WORKS,2017-2018|2018-2019|2018-2019|2019-2020,10583,36000,1500,36000
glance2019-20.pdf,53,NC,412-40-02-00,PARKS AND GARDENS,2017-2018|2018-2019|2018-2019|2019-2020,936,0,4000,0
glance2019-20.pdf,53,NC,412-40-04-06,ANGANVADI CENTRES,2017-2018|2018-2019|2018-2019|2019-2020,1956,10000,1000,15000
glance2019-20.pdf,53,NC,412-40-05-09,AMMA UNAVAGAM - BUILDINGS,2017-2018|2018-2019|2018-2019|2019-2020,7590,0,0,0
glance2019-20.pdf,53,NC,412-40-06-04,PUBLIC CONVENIENCE,2017-2018|2018-2019|2018-2019|2019-2020,1682,10000,2000,5000
glance2019-20.pdf,53,NC,412-40-06-05,DHOBIKHANA,2017-2018|2018-2019|2018-2019|2019-2020,,100,100,100
glance2019-20.pdf,53,NC,412-40-06-08,GYM BUILDING,2017-2018|2018-2019|2018-2019|2019-2020,,1000,500,1000
glance2019-20.pdf,54,NC,412-40-06-09,BURIAL GROUND BUILDING,2017-2018|2018-2019|2018-2019|2019-2020,,3000,1000,5000
glance2019-20.pdf,54,NC,412-40-07-02,CONCRETE ROADS,2017-2018|2018-2019|2018-2019|2019-2020,,25000,5000,25000
glance2019-20.pdf,54,NC,412-40-07-06,MIDF-2015-16-PHASE-II,2017-2018|2018-2019|2018-2019|2019-2020,1455,0,30,0
glance2019-20.pdf,54,NC,412-40-08-02,BLACKTOPPED ROADS,2017-2018|2018-2019|2018-2019|2019-2020,3237,75000,5000,30000
glance2019-20.pdf,54,NC,412-40-11-00,STORM WATER DRAINS AND CULVERTS,2017-2018|2018-2019|2018-2019|2019-2020,7490,30000,30000,20000
glance2019-20.pdf,54,NC,412-40-30-00,MISCELLANEOUS WORKS,2017-2018|2018-2019|2018-2019|2019-2020,4821,50000,15000,20000
glance2019-20.pdf,55,ND,412-10-08-04,TURIF (BRR / IR) (2016-17),2017-2018|2018-2019|2018-2019|2019-2020,17708,,0,0
glance2019-20.pdf,55,ND,412-10-08-05,TURIF (2017-18),2017-2018|2018-2019|2018-2019|2019-2020,59331,49000,97700,0
glance2019-20.pdf,55,ND,412-10-08-06,TURIF (2018-19),2017-2018|2018-2019|2018-2019|2019-2020,,0,156030,66870
glance2019-20.pdf,55,ND,412-10-17-00,SWACHH BHARAT MISSION,2017-2018|2018-2019|2018-2019|2019-2020,11211,5000,51500,10000
glance2019-20.pdf,55,ND,412-20-03-00,MAYOR SPECIAL DEVELOPMENT FUND WORKS,2017-2018|2018-2019|2018-2019|2019-2020,,1330,0,1330
glance2019-20.pdf,55,ND,412-20-04-00,COUNCILLOR WARD IMPROVEMENT WORKS,2017-2018|2018-2019|2018-2019|2019-2020,12468,45000,1500,45000
glance2019-20.pdf,55,ND,412-40-02-00,PARKS AND GARDENS,2017-2018|2018-2019|2018-2019|2019-2020,5656,0,0,0
glance2019-20.pdf,55,ND,412-40-03-02,COMMUNICABLE DISEASE HOSPITAL BUILDING,2017-2018|2018-2019|2018-2019|2019-2020,4648,5000,2000,5000
glance2019-20.pdf,55,ND,412-40-03-04,HEALTH POSTS,2017-2018|2018-2019|2018-2019|2019-2020,360,0,1300,0
glance2019-20.pdf,55,ND,412-40-04-04,HIGHER SECONDARY SCHOOL,2017-2018|2018-2019|2018-2019|2019-2020,792,0,400,0
glance2019-20.pdf,55,ND,412-40-04-05,NOON MEAL SHEDS,2017-2018|2018-2019|2018-2019|2019-2020,755,0,2800,0
glance2019-20.pdf,55,ND,412-40-04-06,ANGANVADI CENTRES,2017-2018|2018-2019|2018-2019|2019-2020,8887,10000,3000,15000
glance2019-20.pdf,56,ND,412-40-05-09,AMMA UNAVAGAM - BUILDINGS,2017-2018|2018-2019|2018-2019|2019-2020,282,0,0,0
glance2019-20.pdf,56,ND,412-40-06-04,PUBLIC CONVENIENCE,2017-2018|2018-2019|2018-2019|2019-2020,7895,10000,5000,5000
glance2019-20.pdf,56,ND,412-40-06-05,DHOBIKHANA,2017-2018|2018-2019|2018-2019|2019-2020,475,1000,500,1000
glance2019-20.pdf,56,ND,412-40-06-08,GYM BUILDING,2017-2018|2018-2019|2018-2019|2019-2020,3621,4000,500,2000
glance2019-20.pdf,56,ND,412-40-06-09,BURIAL GROUND BUILDING,2017-2018|2018-2019|2018-2019|2019-2020,5946,5000,2000,5000
glance2019-20.pdf,56,ND,412-40-07-02,CONCRETE ROADS,2017-2018|2018-2019|2018-2019|2019-2020,59994,15000,5000,25000
glance2019-20.pdf,56,ND,412-40-07-05,MIDF-2015-16-PHASE-I,2017-2018|2018-2019|2018-2019|2019-2020,14691,0,2000,0
glance2019-20.pdf,56,ND,412-40-07-06,MIDF-2015-16-PHASE-II,2017-2018|2018-2019|2018-2019|2019-2020,3934,0,0,0
glance2019-20.pdf,56,ND,412-40-08-02,BLACKTOPPED ROADS,2017-2018|2018-2019|2018-2019|2019-2020,12393,15000,5000,30000
glance2019-20.pdf,56,ND,412-40-11-00,STORM WATER DRAINS AND CULVERTS,2017-2018|2018-2019|2018-2019|2019-2020,30456,20000,20000,20000
glance2019-20.pdf,56,ND,412-40-30-00,MISCELLANEOUS WORKS,2017-2018|2018-2019|2018-2019|2019-2020,26438,20000,20000,20000
glance2019-20.pdf,56,ND,412-40-31-00,AMMA KUDINEER,2017-2018|2018-2019|2018-2019|2019-2020,6399,0,0,0
glance2019-20.pdf,57,NE,412-10-08-04,TURIF (BRR / IR) (2016-17),2017-2018|2018-2019|2018-2019|2019-2020,65085,0,3500,0
glance2019-20.pdf,57,NE,412-10-08-05,TURIF (2017-18),2017-2018|2018-2019|2018-2019|2019-2020,,50000,139200,0
glance2019-20.pdf,57,NE,412-10-08-06,TURIF (2018-19),2017-2018|2018-2019|2018-2019|2019-2020,,0,106260,45540
glance2019-20.pdf,57,NE,412-10-17-00,SWACHH BHARAT MISSION,2017-2018|2018-2019|2018-2019|2019-2020,5254,20000,10000,10000
glance2019-20.pdf,57,NE,412-20-03-00,MAYOR SPECIAL DEVELOPMENT FUND WORKS,2017-2018|2018-2019|2018-2019|2019-2020,,1330,0,1330
glance2019-20.pdf,57,NE,412-20-04-00,COUNCILLOR WARD IMPROVEMENT WORKS,2017-2018|2018-2019|2018-2019|2019-2020,7021,45000,7000,45000
glance2019-20.pdf,57,NE,412-40-02-00,PARKS AND GARDENS,2017-2018|2018-2019|2018-2019|2019-2020,2189,0,0,0
glance2019-20.pdf,57,NE,412-40-04-06,ANGANVADI CENTRES,2017-2018|2018-2019|2018-2019|2019-2020,1087,10000,5000,15000
glance2019-20.pdf,57,NE,412-40-06-04,PUBLIC CONVENIENCE,2017-2018|2018-2019|2018-2019|2019-2020,11402,10000,10000,5000
glance2019-20.pdf,57,NE,412-40-06-05,DHOBIKHANA,2017-2018|2018-2019|2018-2019|2019-2020,,1000,500,500
glance2019-20.pdf,57,NE,412-40-06-08,GYM BUILDING,2017-2018|2018-2019|2018-2019|2019-2020,1743,5000,1000,2000
glance2019-20.pdf,57,NE,412-40-06-09,BURIAL GROUND BUILDING,2017-2018|2018-2019|2018-2019|2019-2020,554,10000,2000,5000
glance2019-20.pdf,58,NE,412-40-07-02,CONCRETE ROADS,2017-2018|2018-2019|2018-2019|2019-2020,4811,20000,30000,25000
glance2019-20.pdf,58,NE,412-40-07-05,MIDF-2015-16-PHASE-I,2017-2018|2018-2019|2018-2019|2019-2020,543,0,700,0
glance2019-20.pdf,58,NE,412-40-07-06,MIDF-2015-16-PHASE-II,2017-2018|2018-2019|2018-2019|2019-2020,5742,0,700,0
glance2019-20.pdf,58,NE,412-40-08-02,BLACKTOPPED ROADS,2017-2018|2018-2019|2018-2019|2019-2020,15552,20000,15000,30000
glance2019-20.pdf,58,NE,412-40-11-00,STORM WATER DRAINS AND CULVERTS,2017-2018|2018-2019|2018-2019|2019-2020,14735,30000,20000,20000
glance2019-20.pdf,58,NE,412-40-30-00,MISCELLANEOUS WORKS,2017-2018|2018-2019|2018-2019|2019-2020,27200,25000,15000,20000
glance2019-20.pdf,58,NE,412-40-31-00,AMMA KUDINEER,2017-2018|2018-2019|2018-2019|2019-2020,1808,0,0,0
glance2019-20.pdf,59,NF,412-10-08-04,TURIF (BRR / IR) (2016-17),2017-2018|2018-2019|2018-2019|2019-2020,9849,0,0,0
glance2019-20.pdf,59,NF,412-10-08-05,TURIF (2017-18),2017-2018|2018-2019|2018-2019|2019-2020,,38500,158900,0
glance2019-20.pdf,59,NF,412-10-08-06,TURIF (2018-19),2017-2018|2018-2019|2018-2019|2019-2020,,0,236810,101490
glance2019-20.pdf,59,NF,412-10-17-00,SWACHH BHARAT MISSION,2017-2018|2018-2019|2018-2019|2019-2020,1178,0,10250,10000
glance2019-20.pdf,59,NF,412-20-03-00,MAYOR SPECIAL DEVELOPMENT FUND WORKS,2017-2018|2018-2019|2018-2019|2019-2020,10285,1330,0,1330
glance2019-20.pdf,59,NF,412-20-04-00,COUNCILLOR WARD IMPROVEMENT WORKS,2017-2018|2018-2019|2018-2019|2019-2020,17049,45000,2000,45000
glance2019-20.pdf,59,NF,412-40-02-00,PARKS AND GARDENS,2017-2018|2018-2019|2018-2019|2019-2020,,1000,500,0
glance2019-20.pdf,59,NF,412-40-04-04,HIGHER SECONDARY SCHOOL,2017-2018|2018-2019|2018-2019|2019-2020,5046,0,0,0
glance2019-20.pdf,59,NF,412-40-04-06,ANGANVADI CENTRES,2017-2018|2018-2019|2018-2019|2019-2020,891,8000,3000,15000
glance2019-20.pdf,59,NF,412-40-05-09,AMMA UNAVAGAM - BUILDINGS,2017-2018|2018-2019|2018-2019|2019-2020,852,0,0,0
glance2019-20.pdf,59,NF,412-40-06-04,PUBLIC CONVENIENCE,2017-2018|2018-2019|2018-2019|2019-2020,2490,8000,2000,5000
glance2019-20.pdf,59,NF,412-40-06-05,DHOBIKHANA,2017-2018|2018-2019|2018-2019|2019-2020,,1000,200,1000
glance2019-20.pdf,59,NF,412-40-06-06,SLAUGHTER HOUSE,2017-2018|2018-2019|2018-2019|2019-2020,945,3000,1000,2000
glance2019-20.pdf,60,NF,412-40-06-08,GYM BUILDING,2017-2018|2018-2019|2018-2019|2019-2020,,2000,500,2000
glance2019-20.pdf,60,NF,412-40-06-09,BURIAL GROUND BUILDING,2017-2018|2018-2019|2018-2019|2019-2020,617,5000,1000,5000
glance2019-20.pdf,60,NF,412-40-07-02,CONCRETE ROADS,2017-2018|2018-2019|2018-2019|2019-2020,16739,35000,30000,25000
glance2019-20.pdf,60,NF,412-40-07-05,MIDF-2015-16-PHASE-I,2017-2018|2018-2019|2018-2019|2019-2020,5994,0,1100,0
glance2019-20.pdf,60,NF,412-40-07-06,MIDF-2015-16-PHASE-II,2017-2018|2018-2019|2018-2019|2019-2020,8303,0,1400,0
glance2019-20.pdf,60,NF,412-40-08-02,BLACKTOPPED ROADS,2017-2018|2018-2019|2018-2019|2019-2020,3975,75000,30000,30000
glance2019-20.pdf,60,NF,412-40-11-00,STORM WATER DRAINS AND CULVERTS,2017-2018|2018-2019|2018-2019|2019-2020,15345,45000,40000,20000
glance2019-20.pdf,60,NF,412-40-30-00,MISCELLANEOUS WORKS,2017-2018|2018-2019|2018-2019|2019-2020,22506,30000,25000,20000
glance2019-20.pdf,60,NF,412-40-31-00,AMMA KUDINEER,2017-2018|2018-2019|2018-2019|2019-2020,1097,0,0,0
glance2019-20.pdf,61,NG,412-10-16-02,CMCDM (2018-19),2017-2018|2018-2019|2018-2019|2019-2020,,0,473550,202950
glance2019-20.pdf,61,NG,412-10-08-04,TURIF (BRR / IR) (2016-17),2017-2018|2018-2019|2018-2019|2019-2020,59499,0,0,0
glance2019-20.pdf,61,NG,412-10-08-05,TURIF (2017-18),2017-2018|2018-2019|2018-2019|2019-2020,,20800,103380,0
glance2019-20.pdf,61,NG,412-10-17-00,SWACHH BHARAT MISSION,2017-2018|2018-2019|2018-2019|2019-2020,,15000,35000,10000
glance2019-20.pdf,61,NG,412-20-03-00,MAYOR SPECIAL DEVELOPMENT FUND WORKS,2017-2018|2018-2019|2018-2019|2019-2020,,1330,0,1330
glance2019-20.pdf,61,NG,412-20-04-00,COUNCILLOR WARD IMPROVEMENT WORKS,2017-2018|2018-2019|2018-2019|2019-2020,,45000,0,45000
glance2019-20.pdf,61,NG,412-40-01-00,PLAY GROUNDS,2017-2018|2018-2019|2018-2019|2019-2020,,2900,3000,0
glance2019-20.pdf,61,NG,412-40-02-00,PARKS AND GARDENS,2017-2018|2018-2019|2018-2019|2019-2020,1113,0,5000,0
glance2019-20.pdf,62,NG,412-40-04-05,NOON MEAL SHEDS,2017-2018|2018-2019|2018-2019|2019-2020,2663,0,0,0
glance2019-20.pdf,62,NG,412-40-04-06,ANGANVADI CENTRES,2017-2018|2018-2019|2018-2019|2019-2020,1672,6500,1000,15000
glance2019-20.pdf,62,NG,412-40-05-09,AMMA UNAVAGAM - BUILDINGS,2017-2018|2018-2019|2018-2019|2019-2020,895,0,0,0
glance2019-20.pdf,62,NG,412-40-06-04,PUBLIC CONVENIENCE,2017-2018|2018-2019|2018-2019|2019-2020,2586,3500,1000,5000
glance2019-20.pdf,62,NG,412-40-06-08,GYM BUILDING,2017-2018|2018-2019|2018-2019|2019-2020,,5000,1000,2000
glance2019-20.pdf,62,NG,412-40-06-09,BURIAL GROUND BUILDING,2017-2018|2018-2019|2018-2019|2019-2020,5122,17500,2000,5000
glance2019-20.pdf,62,NG,412-40-07-02,CONCRETE ROADS,2017-2018|2018-2019|2018-2019|2019-2020,1114,15000,10000,25000
glance2019-20.pdf,62,NG,412-40-07-05,MIDF-2015-16-PHASE-I,2017-2018|2018-2019|2018-2019|2019-2020,2091,0,0,0
glance2019-20.pdf,62,NG,412-40-07-06,MIDF-2015-16-PHASE-II,2017-2018|2018-2019|2018-2019|2019-2020,4134,0,0,0
glance2019-20.pdf,62,NG,412-40-08-02,BLACKTOPPED ROADS,2017-2018|2018-2019|2018-2019|2019-2020,13193,70000,15000,30000
glance2019-20.pdf,62,NG,412-40-30-00,MISCELLANEOUS WORKS,2017-2018|2018-2019|2018-2019|2019-2020,4462,10000,5000,20000
glance2019-20.pdf,63,NH,412-10-08-04,TURIF (BRR / IR) (2016-17),2017-2018|2018-2019|2018-2019|2019-2020,59236,0,0,0
glance2019-20.pdf,63,NH,412-10-08-05,TURIF (2017-18),2017-2018|2018-2019|2018-2019|2019-2020,,108800,244680,0
glance2019-20.pdf,63,NH,412-10-08-06,TURIF (2018-19),2017-2018|2018-2019|2018-2019|2019-2020,,0,158130,67770
glance2019-20.pdf,63,NH,412-10-17-00,SWACHH BHARAT MISSION,2017-2018|2018-2019|2018-2019|2019-2020,8677,0,0,0
glance2019-20.pdf,63,NH,412-20-03-00,MAYOR SPECIAL DEVELOPMENT FUND WORKS,2017-2018|2018-2019|2018-2019|2019-2020,,1330,0,1330
glance2019-20.pdf,63,NH,412-20-04-00,COUNCILLOR WARD IMPROVEMENT WORKS,2017-2018|2018-2019|2018-2019|2019-2020,27174,45000,1500,45000
glance2019-20.pdf,63,NH,412-40-04-06,ANGANVADI CENTRES,2017-2018|2018-2019|2018-2019|2019-2020,9959,10000,2000,15000
glance2019-20.pdf,63,NH,412-40-05-09,AMMA UNAVAGAM - BUILDINGS,2017-2018|2018-2019|2018-2019|2019-2020,3021,0,0,0
glance2019-20.pdf,63,NH,412-40-06-04,PUBLIC CONVENIENCE,2017-2018|2018-2019|2018-2019|2019-2020,9023,10000,1000,5000
glance2019-20.pdf,63,NH,412-40-06-05,DHOBIKHANA,2017-2018|2018-2019|2018-2019|2019-2020,2873,1000,500,1000
glance2019-20.pdf,64,NH,412-40-06-08,GYM BUILDING,2017-2018|2018-2019|2018-2019|2019-2020,9953,5000,500,2000
glance2019-20.pdf,64,NH,412-40-06-09,BURIAL GROUND BUILDING,2017-2018|2018-2019|2018-2019|2019-2020,4741,5000,3000,5000
glance2019-20.pdf,64,NH,412-40-07-02,CONCRETE ROADS,2017-2018|2018-2019|2018-2019|2019-2020,6817,5000,5000,25000
glance2019-20.pdf,64,NH,412-40-07-05,MIDF-2015-16-PHASE-I,2017-2018|2018-2019|2018-2019|2019-2020,13894,0,500,0
glance2019-20.pdf,64,NH,412-40-08-02,BLACKTOPPED ROADS,2017-2018|2018-2019|2018-2019|2019-2020,14067,15000,5000,30000
glance2019-20.pdf,64,NH,412-40-11-00,STORM WATER DRAINS AND CULVERTS,2017-2018|2018-2019|2018-2019|2019-2020,70764,50000,5000,20000
glance2019-20.pdf,64,NH,412-40-30-00,MISCELLANEOUS WORKS,2017-2018|2018-2019|2018-2019|2019-2020,20000,20000,15000,20000
glance2019-20.pdf,64,NH,412-40-31-00,AMMA KUDINEER,2017-2018|2018-2019|2018-2019|2019-2020,1733,0,3900,0
glance2019-20.pdf,65,NJ,412-10-08-04,TURIF (BRR / IR) (2016-17),2017-2018|2018-2019|2018-2019|2019-2020,14642,0,0,0
glance2019-20.pdf,65,NJ,412-10-08-05,TURIF (2017-18),2017-2018|2018-2019|2018-2019|2019-2020,,84000,193500,0
glance2019-20.pdf,65,NJ,412-10-08-06,TURIF (2018-19),2017-2018|2018-2019|2018-2019|2019-2020,,0,91630,39270
glance2019-20.pdf,65,NJ,412-10-17-00,SWACHH BHARAT MISSION,2017-2018|2018-2019|2018-2019|2019-2020,2551,10000,2000,10000
glance2019-20.pdf,65,NJ,412-20-03-00,MAYOR SPECIAL DEVELOPMENT FUND WORKS,2017-2018|2018-2019|2018-2019|2019-2020,,1330,0,1330
glance2019-20.pdf,65,NJ,412-20-04-00,COUNCILLOR WARD IMPROVEMENT WORKS,2017-2018|2018-2019|2018-2019|2019-2020,16763,54000,0,54000
glance2019-20.pdf,65,NJ,412-40-02-00,PARKS AND GARDENS,2017-2018|2018-2019|2018-2019|2019-2020,814,0,8000,0
glance2019-20.pdf,65,NJ,412-40-04-06,ANGANVADI CENTRES,2017-2018|2018-2019|2018-2019|2019-2020,1762,5000,1000,15000
glance2019-20.pdf,65,NJ,412-40-05-09,AMMA UNAVAGAM - BUILDINGS,2017-2018|2018-2019|2018-2019|2019-2020,4633,0,0,0
glance2019-20.pdf,65,NJ,412-40-06-04,PUBLIC CONVENIENCE,2017-2018|2018-2019|2018-2019|2019-2020,5047,5000,8000,5000
glance2019-20.pdf,65,NJ,412-40-06-05,DHOBIKHANA,2017-2018|2018-2019|2018-2019|2019-2020,2127,3000,1000,1000
glance2019-20.pdf,65,NJ,412-40-06-08,GYM BUILDING,2017-2018|2018-2019|2018-2019|2019-2020,,5000,1000,2000
glance2019-20.pdf,66,NJ,412-40-06-09,BURIAL GROUND BUILDING,2017-2018|2018-2019|2018-2019|2019-2020,,5000,4000,5000
glance2019-20.pdf,66,NJ,412-40-07-02,CONCRETE ROADS,2017-2018|2018-2019|2018-2019|2019-2020,4910,5000,15000,25000
glance2019-20.pdf,66,NJ,412-40-07-05,MIDF-2015-16-PHASE-I,2017-2018|2018-2019|2018-2019|2019-2020,71249,0,1600,0
glance2019-20.pdf,66,NJ,412-40-07-06,MIDF-2015-16-PHASE-II,2017-2018|2018-2019|2018-2019|2019-2020,21508,0,100,0
glance2019-20.pdf,66,NJ,412-40-08-02,BLACKTOPPED ROADS,2017-2018|2018-2019|2018-2019|2019-2020,13767,20000,20000,50000
glance2019-20.pdf,66,NJ,412-40-11-00,STORM WATER DRAINS AND CULVERTS,2017-2018|2018-2019|2018-2019|2019-2020,46231,20000,10000,20000
glance2019-20.pdf,66,NJ,412-40-30-00,MISCELLANEOUS WORKS,2017-2018|2018-2019|2018-2019|2019-2020,14678,15000,15000,20000
glance2019-20.pdf,66,NJ,412-40-31-00,AMMA KUDINEER,2017-2018|2018-2019|2018-2019|2019-2020,4561,0,0,0
glance2019-20.pdf,67,NK,412-10-08-04,TURIF (BRR / IR) (2016-17),2017-2018|2018-2019|2018-2019|2019-2020,32646,0,10000,0
glance2019-20.pdf,67,NK,412-10-08-05,TURIF (2017-18),2017-2018|2018-2019|2018-2019|2019-2020,,66400,151400,0
glance2019-20.pdf,67,NK,412-10-08-06,TURIF (2018-19),2017-2018|2018-2019|2018-2019|2019-2020,,0,182840,78360
glance2019-20.pdf,67,NK,412-10-17-00,SWACHH BHARAT MISSION,2017-2018|2018-2019|2018-2019|2019-2020,,0,2000,10000
glance2019-20.pdf,67,NK,412-20-03-00,MAYOR SPECIAL DEVELOPMENT FUND WORKS,2017-2018|2018-2019|2018-2019|2019-2020,3671,1330,900,1330
glance2019-20.pdf,67,NK,412-20-04-00,COUNCILLOR WARD IMPROVEMENT WORKS,2017-2018|2018-2019|2018-2019|2019-2020,3513,48000,5000,48000
glance2019-20.pdf,67,NK,412-40-02-00,PARKS AND GARDENS,2017-2018|2018-2019|2018-2019|2019-2020,7821,0,8000,0
glance2019-20.pdf,67,NK,412-40-03-01,HEALTH DEPARTMENT BUILDINGS,2017-2018|2018-2019|2018-2019|2019-2020,1383,0,4000,0
glance2019-20.pdf,67,NK,412-40-04-01,PRIMARY SCHOOL,2017-2018|2018-2019|2018-2019|2019-2020,1822,0,0,0
glance2019-20.pdf,67,NK,412-40-04-02,MIDDLE SCHOOL,2017-2018|2018-2019|2018-2019|2019-2020,,0,2000,0
glance2019-20.pdf,67,NK,412-40-04-03,HIGH SCHOOL,2017-2018|2018-2019|2018-2019|2019-2020,1901,0,0,0
glance2019-20.pdf,67,NK,412-40-04-04,HIGHER SECONDARY SCHOOL,2017-2018|2018-2019|2018-2019|2019-2020,,0,3000,0
glance2019-20.pdf,68,NK,412-40-04-06,ANGANVADI CENTRES,2017-2018|2018-2019|2018-2019|2019-2020,589,4500,2000,15000
glance2019-20.pdf,68,NK,412-40-05-09,AMMA UNAVAGAM - BUILDINGS,2017-2018|2018-2019|2018-2019|2019-2020,4086,0,15000,0
glance2019-20.pdf,68,NK,412-40-06-04,PUBLIC CONVENIENCE,2017-2018|2018-2019|2018-2019|2019-2020,897,2000,2000,5000
glance2019-20.pdf,68,NK,412-40-06-05,DHOBIKHANA,2017-2018|2018-2019|2018-2019|2019-2020,,1000,500,1000
glance2019-20.pdf,68,NK,412-40-06-08,GYM BUILDING,2017-2018|2018-2019|2018-2019|2019-2020,1297,2000,500,2000
glance2019-20.pdf,68,NK,412-40-06-09,BURIAL GROUND BUILDING,2017-2018|2018-2019|2018-2019|2019-2020,3629,4000,10000,5000
glance2019-20.pdf,68,NK,412-40-07-02,CONCRETE ROADS,2017-2018|2018-2019|2018-2019|2019-2020,84718,45000,90000,25000
glance2019-20.pdf,68,NK,412-40-07-05,MIDF-2015-16-PHASE-I,2017-2018|2018-2019|2018-2019|2019-2020,39795,0,60,0
glance2019-20.pdf,68,NK,412-40-07-06,MIDF-2015-16-PHASE-II,2017-2018|2018-2019|2018-2019|2019-2020,16818,0,100,0
glance2019-20.pdf,68,NK,412-40-08-02,BLACKTOPPED ROADS,2017-2018|2018-2019|2018-2019|2019-2020,29556,45000,75000,50000
glance2019-20.pdf,68,NK,412-40-11-00,STORM WATER DRAINS AND CULVERTS,2017-2018|2018-2019|2018-2019|2019-2020,46351,40000,40000,20000
glance2019-20.pdf,68,NK,412-40-30-00,MISCELLANEOUS WORKS,2017-2018|2018-2019|2018-2019|2019-2020,27357,4000,65000,20000
glance2019-20.pdf,68,NK,412-40-31-00,AMMA KUDINEER,2017-2018|2018-2019|2018-2019|2019-2020,10732,0,10000,0
glance2019-20.pdf,70,NL,412-10-16-02,CMCDM (2018-19),2017-2018|2018-2019|2018-2019|2019-2020,,0,57400,24600
glance2019-20.pdf,70,NL,412-10-08-04,TURIF (BRR / IR) (2016-17),2017-2018|2018-2019|2018-2019|2019-2020,150429,0,27500,0
glance2019-20.pdf,70,NL,412-10-08-05,TURIF (2017-18),2017-2018|2018-2019|2018-2019|2019-2020,,143128,206240,0
glance2019-20.pdf,70,NL,412-10-17-00,SWACHH BHARAT MISSION,2017-2018|2018-2019|2018-2019|2019-2020,5407,3000,10000,10000
glance2019-20.pdf,70,NL,412-20-03-00,MAYOR SPECIAL DEVELOPMENT FUND WORKS,2017-2018|2018-2019|2018-2019|2019-2020,,1330,0,1330
glance2019-20.pdf,70,NL,412-20-04-00,COUNCILLOR WARD IMPROVEMENT WORKS,2017-2018|2018-2019|2018-2019|2019-2020,13211,39000,12000,39000
glance2019-20.pdf,70,NL,412-40-02-00,PARKS AND GARDENS,2017-2018|2018-2019|2018-2019|2019-2020,14285,0,15000,0
glance2019-20.pdf,70,NL,412-40-04-06,ANGANVADI CENTRES,2017-2018|2018-2019|2018-2019|2019-2020,,10000,10000,15000
glance2019-20.pdf,70,NL,412-40-05-09,AMMA UNAVAGAM - BUILDINGS,2017-2018|2018-2019|2018-2019|2019-2020,11418,0,10000,0
glance2019-20.pdf,70,NL,412-40-06-04,PUBLIC CONVENIENCE,2017-2018|2018-2019|2018-2019|2019-2020,1175,4000,1000,5000
glance2019-20.pdf,70,NL,412-40-06-05,DHOBIKHANA,2017-2018|2018-2019|2018-2019|2019-2020,,2500,500,1000
glance2019-20.pdf,71,NL,412-40-06-08,GYM BUILDING,2017-2018|2018-2019|2018-2019|2019-2020,472,5000,5000,2000
glance2019-20.pdf,71,NL,412-40-06-09,BURIAL GROUND BUILDING,2017-2018|2018-2019|2018-2019|2019-2020,5754,5000,3000,5000
glance2019-20.pdf,71,NL,412-40-07-02,CONCRETE ROADS,2017-2018|2018-2019|2018-2019|2019-2020,3543,10000,5000,25000
glance2019-20.pdf,71,NL,412-40-07-05,MIDF-2015-16-PHASE-I,2017-2018|2018-2019|2018-2019|2019-2020,9996,0,1000,0
glance2019-20.pdf,71,NL,412-40-07-06,MIDF-2015-16-PHASE-II,2017-2018|2018-2019|2018-2019|2019-2020,193,0,400,0
glance2019-20.pdf,71,NL,412-40-08-02,BLACKTOPPED ROADS,2017-2018|2018-2019|2018-2019|2019-2020,9049,20000,10000,30000
glance2019-20.pdf,71,NL,412-40-11-00,STORM WATER DRAINS AND CULVERTS,2017-2018|2018-2019|2018-2019|2019-2020,58793,10000,7000,20000
glance2019-20.pdf,71,NL,412-40-30-00,MISCELLANEOUS WORKS,2017-2018|2018-2019|2018-2019|2019-2020,26031,20000,17000,20000
glance2019-20.pdf,71,NL,412-40-31-00,AMMA KUDINEER,2017-2018|2018-2019|2018-2019|2019-2020,7358,0,3000,0
glance2019-20.pdf,72,NM,412-10-16-02,CMCDM (2018-19),2017-2018|2018-2019|2018-2019|2019-2020,,0,123410,52890
glance2019-20.pdf,72,NM,412-10-08-04,TURIF (BRR / IR) (2016-17),2017-2018|2018-2019|2018-2019|2019-2020,39427,0,0,0
glance2019-20.pdf,72,NM,412-10-08-05,TURIF (2017-18),2017-2018|2018-2019|2018-2019|2019-2020,,10323,93300,0
glance2019-20.pdf,72,NM,412-10-17-00,SWACHH BHARAT MISSION,2017-2018|2018-2019|2018-2019|2019-2020,12417,10000,18500,15000
glance2019-20.pdf,72,NM,412-20-03-00,MAYOR SPECIAL DEVELOPMENT FUND WORKS,2017-2018|2018-2019|2018-2019|2019-2020,,1330,0,1330
glance2019-20.pdf,72,NM,412-20-04-00,COUNCILLOR WARD IMPROVEMENT WORKS,2017-2018|2018-2019|2018-2019|2019-2020,20185,36000,5000,36000
glance2019-20.pdf,72,NM,412-40-02-00,PARKS AND GARDENS,2017-2018|2018-2019|2018-2019|2019-2020,594,0,0,0
glance2019-20.pdf,72,NM,412-40-04-06,ANGANVADI CENTRES,2017-2018|2018-2019|2018-2019|2019-2020,1485,5000,3000,15000
glance2019-20.pdf,72,NM,412-40-05-09,AMMA UNAVAGAM - BUILDINGS,2017-2018|2018-2019|2018-2019|2019-2020,3361,0,2100,0
glance2019-20.pdf,72,NM,412-40-06-04,PUBLIC CONVENIENCE,2017-2018|2018-2019|2018-2019|2019-2020,1527,0,1100,5000
glance2019-20.pdf,73,NM,412-40-06-08,GYM BUILDING,2017-2018|2018-2019|2018-2019|2019-2020,744,5000,5000,2000
glance2019-20.pdf,73,NM,412-40-06-09,BURIAL GROUND BUILDING,2017-2018|2018-2019|2018-2019|2019-2020,916,12500,1000,5000
glance2019-20.pdf,73,NM,412-40-07-02,CONCRETE ROADS,2017-2018|2018-2019|2018-2019|2019-2020,5376,5000,5000,25000
glance2019-20.pdf,73,NM,412-40-07-06,MIDF-2015-16-PHASE-II,2017-2018|2018-2019|2018-2019|2019-2020,265,0,900,0
glance2019-20.pdf,73,NM,412-40-08-02,BLACKTOPPED ROADS,2017-2018|2018-2019|2018-2019|2019-2020,9689,50000,35000,30000
glance2019-20.pdf,73,NM,412-40-11-00,STORM WATER DRAINS AND CULVERTS,2017-2018|2018-2019|2018-2019|2019-2020,13455,20000,10000,20000
glance2019-20.pdf,73,NM,412-40-30-00,MISCELLANEOUS WORKS,2017-2018|2018-2019|2018-2019|2019-2020,21786,20000,15000,20000
glance2019-20.pdf,73,NM,412-40-31-00,AMMA KUDINEER,2017-2018|2018-2019|2018-2019|2019-2020,5950,0,0,0
glance2019-20.pdf,74,NN,412-10-08-04,TURIF (BRR / IR) (2016-17),2017-2018|2018-2019|2018-2019|2019-2020,24222,0,0,0
glance2019-20.pdf,74,NN,412-10-08-05,TURIF (2017-18),2017-2018|2018-2019|2018-2019|2019-2020,,26900,106600,0
glance2019-20.pdf,74,NN,412-10-08-06,TURIF (2018-19),2017-2018|2018-2019|2018-2019|2019-2020,,0,114800,49200
glance2019-20.pdf,74,NN,412-10-17-00,SWACHH BHARAT MISSION,2017-2018|2018-2019|2018-2019|2019-2020,8487,15000,5000,10000
glance2019-20.pdf,74,NN,412-20-03-00,MAYOR SPECIAL DEVELOPMENT FUND WORKS,2017-2018|2018-2019|2018-2019|2019-2020,,1330,0,1330
glance2019-20.pdf,74,NN,412-20-04-00,COUNCILLOR WARD IMPROVEMENT WORKS,2017-2018|2018-2019|2018-2019|2019-2020,24669,39000,7500,39000
glance2019-20.pdf,74,NN,412-40-02-00,PARKS AND GARDENS,2017-2018|2018-2019|2018-2019|2019-2020,6662,0,1700,0
glance2019-20.pdf,74,NN,412-40-04-06,ANGANVADI CENTRES,2017-2018|2018-2019|2018-2019|2019-2020,2066,5000,1000,15000
glance2019-20.pdf,74,NN,412-40-05-09,AMMA UNAVAGAM - BUILDINGS,2017-2018|2018-2019|2018-2019|2019-2020,14696,0,16000,0
glance2019-20.pdf,74,NN,412-40-06-04,PUBLIC CONVENIENCE,2017-2018|2018-2019|2018-2019|2019-2020,3769,10000,2000,5000
glance2019-20.pdf,75,NN,412-40-06-08,GYM BUILDING,2017-2018|2018-2019|2018-2019|2019-2020,8327,5000,10000,2000
glance2019-20.pdf,75,NN,412-40-06-09,BURIAL GROUND BUILDING,2017-2018|2018-2019|2018-2019|2019-2020,4695,2000,2000,5000
glance2019-20.pdf,75,NN,412-40-07-02,CONCRETE ROADS,2017-2018|2018-2019|2018-2019|2019-2020,18290,20000,10000,25000
glance2019-20.pdf,75,NN,412-40-07-05,MIDF-2015-16-PHASE-I,2017-2018|2018-2019|2018-2019|2019-2020,45730,0,600,0
glance2019-20.pdf,75,NN,412-40-07-06,MIDF-2015-16-PHASE-II,2017-2018|2018-2019|2018-2019|2019-2020,69181,0,500,0
glance2019-20.pdf,75,NN,412-40-08-02,BLACKTOPPED ROADS,2017-2018|2018-2019|2018-2019|2019-2020,43030,25000,10000,30000
glance2019-20.pdf,75,NN,412-40-11-00,STORM WATER DRAINS AND CULVERTS,2017-2018|2018-2019|2018-2019|2019-2020,55506,10000,7500,20000
glance2019-20.pdf,75,NN,412-40-30-00,MISCELLANEOUS WORKS,2017-2018|2018-2019|2018-2019|2019-2020,41548,20000,32000,20000
glance2019-20.pdf,75,NN,412-40-31-00,AMMA KUDINEER,2017-2018|2018-2019|2018-2019|2019-2020,2636,0,500,0
glance2019-20.pdf,76,NP,412-10-16-02,CMCDM (2018-19),2017-2018|2018-2019|2018-2019|2019-2020,,0,82530,35370
glance2019-20.pdf,76,NP,412-10-08-04,TURIF (BRR / IR) (2016-17),2017-2018|2018-2019|2018-2019|2019-2020,24132,0,0,0
glance2019-20.pdf,76,NP,412-10-08-05,TURIF (2017-18),2017-2018|2018-2019|2018-2019|2019-2020,,31770,116350,0
glance2019-20.pdf,76,NP,412-10-08-06,TURIF (2018-19),2017-2018|2018-2019|2018-2019|2019-2020,,0,28700,12300
glance2019-20.pdf,76,NP,412-10-17-00,SWACHH BHARAT MISSION,2017-2018|2018-2019|2018-2019|2019-2020,7443,15000,10000,10000
glance2019-20.pdf,76,NP,412-20-03-00,MAYOR SPECIAL DEVELOPMENT FUND WORKS,2017-2018|2018-2019|2018-2019|2019-2020,,1355,0,1355
glance2019-20.pdf,76,NP,412-20-04-00,COUNCILLOR WARD IMPROVEMENT WORKS,2017-2018|2018-2019|2018-2019|2019-2020,21173,33000,4000,33000
glance2019-20.pdf,76,NP,412-40-04-06,ANGANVADI CENTRES,2017-2018|2018-2019|2018-2019|2019-2020,,10000,5000,15000
glance2019-20.pdf,76,NP,412-40-06-04,PUBLIC CONVENIENCE,2017-2018|2018-2019|2018-2019|2019-2020,,6000,6000,5000
glance2019-20.pdf,77,NP,412-40-06-08,GYM BUILDING,2017-2018|2018-2019|2018-2019|2019-2020,2589,5000,1000,2000
glance2019-20.pdf,77,NP,412-40-06-09,BURIAL GROUND BUILDING,2017-2018|2018-2019|2018-2019|2019-2020,571,5000,3000,5000
glance2019-20.pdf,77,NP,412-40-07-02,CONCRETE ROADS,2017-2018|2018-2019|2018-2019|2019-2020,2464,25000,15000,25000
glance2019-20.pdf,77,NP,412-40-07-05,MIDF-2015-16-PHASE-I,2017-2018|2018-2019|2018-2019|2019-2020,2351,0,100,0
glance2019-20.pdf,77,NP,412-40-07-06,MIDF-2015-16-PHASE-II,2017-2018|2018-2019|2018-2019|2019-2020,3890,0,0,0
glance2019-20.pdf,77,NP,412-40-08-02,BLACKTOPPED ROADS,2017-2018|2018-2019|2018-2019|2019-2020,8879,20000,20000,30000
glance2019-20.pdf,77,NP,412-40-11-00,STORM WATER DRAINS AND CULVERTS,2017-2018|2018-2019|2018-2019|2019-2020,15594,20000,1000,20000
glance2019-20.pdf,77,NP,412-40-30-00,MISCELLANEOUS WORKS,2017-2018|2018-2019|2018-2019|2019-2020,12202,20000,30000,20000
glance2019-20.pdf,78,NQ,412-10-16-02,CMCDM (2018-19),2017-2018|2018-2019|2018-2019|2019-2020,,0,181510,77790
glance2019-20.pdf,78,NQ,412-10-08-04,TURIF (BRR / IR) (2016-17),2017-2018|2018-2019|2018-2019|2019-2020,172423,0,0,0
glance2019-20.pdf,78,NQ,412-10-08-05,TURIF (2017-18),2017-2018|2018-2019|2018-2019|2019-2020,,35000,156000,0
glance2019-20.pdf,78,NQ,412-10-17-00,SWACHH BHARAT MISSION,2017-2018|2018-2019|2018-2019|2019-2020,7360,15000,5000,10000
glance2019-20.pdf,78,NQ,412-20-03-00,MAYOR SPECIAL DEVELOPMENT FUND WORKS,2017-2018|2018-2019|2018-2019|2019-2020,,1355,0,1355
glance2019-20.pdf,78,NQ,412-20-04-00,COUNCILLOR WARD IMPROVEMENT WORKS,2017-2018|2018-2019|2018-2019|2019-2020,2948,27000,0,27000
glance2019-20.pdf,78,NQ,412-40-04-06,ANGANVADI CENTRES,2017-2018|2018-2019|2018-2019|2019-2020,,5000,1000,15000
glance2019-20.pdf,78,NQ,412-40-05-09,AMMA UNAVAGAM - BUILDINGS,2017-2018|2018-2019|2018-2019|2019-2020,12171,0,0,0
glance2019-20.pdf,78,NQ,412-40-06-04,PUBLIC CONVENIENCE,2017-2018|2018-2019|2018-2019|2019-2020,7037,2500,1000,5000
glance2019-20.pdf,78,NQ,412-40-06-05,DHOBIKHANA,2017-2018|2018-2019|2018-2019|2019-2020,834,0,0,0
glance2019-20.pdf,78,NQ,412-40-06-08,GYM BUILDING,2017-2018|2018-2019|2018-2019|2019-2020,4007,3000,5000,2000
glance2019-20.pdf,78,NQ,412-40-06-09,BURIAL GROUND BUILDING,2017-2018|2018-2019|2018-2019|2019-2020,6185,15000,5000,5000
glance2019-20.pdf,79,NQ,412-40-07-02,CONCRETE ROADS,2017-2018|2018-2019|2018-2019|2019-2020,2132,20000,10000,25000
glance2019-20.pdf,79,NQ,412-40-07-05,MIDF-2015-16-PHASE-I,2017-2018|2018-2019|2018-2019|2019-2020,798,0,0,0
glance2019-20.pdf,79,NQ,412-40-07-06,MIDF-2015-16-PHASE-II,2017-2018|2018-2019|2018-2019|2019-2020,2613,0,0,0
glance2019-20.pdf,79,NQ,412-40-08-02,BLACKTOPPED ROADS,2017-2018|2018-2019|2018-2019|2019-2020,9992,70000,15000,30000
glance2019-20.pdf,79,NQ,412-40-11-00,STORM WATER DRAINS AND CULVERTS,2017-2018|2018-2019|2018-2019|2019-2020,11643,20000,3000,20000
glance2019-20.pdf,79,NQ,412-40-30-00,MISCELLANEOUS WORKS,2017-2018|2018-2019|2018-2019|2019-2020,16878,20000,50000,30000
glance2019-20.pdf,92,NA,410-40-10-00,TECHNICAL LABORATORY EQUIPMENTS,2017-2018|2018-2019|2018-2019|2019-2020,,100,100,100
glance2019-20.pdf,92,NA,410-40-12-00,TREE CUTTING EQUIPMENTS,2017-2018|2018-2019|2018-2019|2019-2020,,100,100,100
glance2019-20.pdf,92,NA,410-40-14-00,DEWATERING PUMPS,2017-2018|2018-2019|2018-2019|2019-2020,,100,100,100
glance2019-20.pdf,92,NA,410-40-22-00,PLASTIC SHREDDING MACHINE,2017-2018|2018-2019|2018-2019|2019-2020,,100,100,100
glance2019-20.pdf,92,NA,410-40-23-02,AMMA UNAVAGAM EQUIPMENTS,2017-2018|2018-2019|2018-2019|2019-2020,,500,3000,500
glance2019-20.pdf,92,NA,410-70-01-00,CHAIR,2017-2018|2018-2019|2018-2019|2019-2020,,100,100,100
glance2019-20.pdf,92,NA,410-70-02-00,TABLE,2017-2018|2018-2019|2018-2019|2019-2020,,100,100,100
glance2019-20.pdf,92,NA,410-70-03-00,BUREAUS &amp; RACKS,2017-2018|2018-2019|2018-2019|2019-2020,,100,100,100
glance2019-20.pdf,92,NA,410-80-00-00,OTHER FIXED ASSETS,2017-2018|2018-2019|2018-2019|2019-2020,95,1000,500,1000
glance2019-20.pdf,93,NB,410-40-12-00,TREE CUTTING EQUIPMENTS,2017-2018|2018-2019|2018-2019|2019-2020,,100,100,100
glance2019-20.pdf,93,NB,410-40-15-00,GENERATORS,2017-2018|2018-2019|2018-2019|2019-2020,,100,100,100
glance2019-20.pdf,93,NB,410-40-22-00,PLASTIC SHREDDING MACHINE,2017-2018|2018-2019|2018-2019|2019-2020,,100,100,100
glance2019-20.pdf,93,NB,410-40-23-02,AMMA UNAVAGAM EQUIPMENTS,2017-2018|2018-2019|2018-2019|2019-2020,487,500,500,500
glance2019-20.pdf,93,NB,410-60-02-00,COMPUTERS,2017-2018|2018-2019|2018-2019|2019-2020,74,100,100,100
glance2019-20.pdf,93,NB,410-70-01-00,CHAIR,2017-2018|2018-2019|2018-2019|2019-2020,,100,100,100
glance2019-20.pdf,93,NB,410-70-02-00,TABLE,2017-2018|2018-2019|2018-2019|2019-2020,,100,100,100
glance2019-20.pdf,93,NB,410-70-03-00,BUREAUS &amp; RACKS,2017-2018|2018-2019|2018-2019|2019-2020,,100,100,100
glance2019-20.pdf,93,NB,410-80-00-00,OTHER FIXED ASSETS,2017-2018|2018-2019|2018-2019|2019-2020,947,1000,500,500
glance2019-20.pdf,94,NC,410-40-12-00,TREE CUTTING EQUIPMENTS,2017-2018|2018-2019|2018-2019|2019-2020,,100,100,100
glance2019-20.pdf,94,NC,410-40-15-00,GENERATORS,2017-2018|2018-2019|2018-2019|2019-2020,,100,100,100
glance2019-20.pdf,94,NC,410-40-22-00,PLASTIC SHREDDING MACHINE,2017-2018|2018-2019|2018-2019|2019-2020,,100,100,100
glance2019-20.pdf,94,NC,410-40-23-02,AMMA UNAVAGAM EQUIPMENTS,2017-2018|2018-2019|2018-2019|2019-2020,,500,500,500
glance2019-20.pdf,94,NC,410-60-09-00,AIR CONDITIONER,2017-2018|2018-2019|2018-2019|2019-2020,,100,100,100
glance2019-20.pdf,94,NC,410-70-01-00,CHAIR,2017-2018|2018-2019|2018-2019|2019-2020,,100,100,100
glance2019-20.pdf,94,NC,410-70-02-00,TABLE,2017-2018|2018-2019|2018-2019|2019-2020,,100,100,100
glance2019-20.pdf,94,NC,410-70-03-00,BUREAUS &amp; RACKS,2017-2018|2018-2019|2018-2019|2019-2020,,100,100,100
glance2019-20.pdf,94,NC,410-80-00-00,OTHER FIXED ASSETS,2017-2018|2018-2019|2018-2019|2019-2020,,1000,500,500
glance2019-20.pdf,95,ND,410-40-12-00,TREE CUTTING EQUIPMENTS,2017-2018|2018-2019|2018-2019|2019-2020,,100,100,100
glance2019-20.pdf,95,ND,410-40-22-00,PLASTIC SHREDDING MACHINE,2017-2018|2018-2019|2018-2019|2019-2020,,100,100,100
glance2019-20.pdf,95,ND,410-40-23-02,AMMA UNAVAGAM EQUIPMENTS,2017-2018|2018-2019|2018-2019|2019-2020,,500,500,400
glance2019-20.pdf,95,ND,410-60-02-00,COMPUTERS,2017-2018|2018-2019|2018-2019|2019-2020,,100,100,100
glance2019-20.pdf,95,ND,410-70-01-00,CHAIR,2017-2018|2018-2019|2018-2019|2019-2020,,100,100,100
glance2019-20.pdf,95,ND,410-70-02-00,TABLE,2017-2018|2018-2019|2018-2019|2019-2020,,100,100,100
glance2019-20.pdf,95,ND,410-70-03-00,BUREAUS &amp; RACKS,2017-2018|2018-2019|2018-2019|2019-2020,,100,100,100
glance2019-20.pdf,95,ND,410-80-00-00,OTHER FIXED ASSETS,2017-2018|2018-2019|2018-2019|2019-2020,,1000,1000,1000
glance2019-20.pdf,96,NE,410-40-13-00,GYM EQUIPMENTS,2017-2018|2018-2019|2018-2019|2019-2020,1743,500,500,500
glance2019-20.pdf,96,NE,410-40-22-00,PLASTIC SHREDDING MACHINE,2017-2018|2018-2019|2018-2019|2019-2020,,100,100,100
glance2019-20.pdf,96,NE,410-40-23-02,AMMA UNAVAGAM EQUIPMENTS,2017-2018|2018-2019|2018-2019|2019-2020,,500,500,500
glance2019-20.pdf,96,NE,410-70-01-00,CHAIR,2017-2018|2018-2019|2018-2019|2019-2020,,100,100,100
glance2019-20.pdf,96,NE,410-70-02-00,TABLE,2017-2018|2018-2019|2018-2019|2019-2020,,100,100,100
glance2019-20.pdf,96,NE,410-70-03-00,BUREAUS &amp; RACKS,2017-2018|2018-2019|2018-2019|2019-2020,,100,100,100
glance2019-20.pdf,96,NE,410-80-00-00,OTHER FIXED ASSETS,2017-2018|2018-2019|2018-2019|2019-2020,,1000,1000,1000
glance2019-20.pdf,97,NF,410-40-12-00,TREE CUTTING EQUIPMENTS,2017-2018|2018-2019|2018-2019|2019-2020,,100,100,100
glance2019-20.pdf,97,NF,410-40-13-00,GYM EQUIPMENTS,2017-2018|2018-2019|2018-2019|2019-2020,,200,200,200
glance2019-20.pdf,97,NF,410-40-22-00,PLASTIC SHREDDING MACHINE,2017-2018|2018-2019|2018-2019|2019-2020,,100,100,100
glance2019-20.pdf,97,NF,410-40-23-02,AMMA UNAVAGAM EQUIPMENTS,2017-2018|2018-2019|2018-2019|2019-2020,130,500,500,500
glance2019-20.pdf,97,NF,410-60-02-00,COMPUTERS,2017-2018|2018-2019|2018-2019|2019-2020,104,100,100,100
glance2019-20.pdf,97,NF,410-60-06-00,NETWORK EQUIPMENTS,2017-2018|2018-2019|2018-2019|2019-2020,6,20,50,50
glance2019-20.pdf,97,NF,410-60-09-00,AIR CONDITIONER,2017-2018|2018-2019|2018-2019|2019-2020,404,100,100,100
glance2019-20.pdf,97,NF,410-70-01-00,CHAIR,2017-2018|2018-2019|2018-2019|2019-2020,,100,100,100
glance2019-20.pdf,97,NF,410-70-02-00,TABLE,2017-2018|2018-2019|2018-2019|2019-2020,,100,100,100
glance2019-20.pdf,97,NF,410-70-03-00,BUREAUS &amp; RACKS,2017-2018|2018-2019|2018-2019|2019-2020,,100,100,100
glance2019-20.pdf,97,NF,410-70-06-00,ELECTRICAL FITTINGS,2017-2018|2018-2019|2018-2019|2019-2020,39,100,100,100
glance2019-20.pdf,97,NF,410-80-00-00,OTHER FIXED ASSETS,2017-2018|2018-2019|2018-2019|2019-2020,,1000,1000,1000
glance2019-20.pdf,98,NG,410-40-22-00,PLASTIC SHREDDING MACHINE,2017-2018|2018-2019|2018-2019|2019-2020,,100,100,100
glance2019-20.pdf,98,NG,410-40-23-02,AMMA UNAVAGAM EQUIPMENTS,2017-2018|2018-2019|2018-2019|2019-2020,700,500,500,500
glance2019-20.pdf,98,NG,410-60-02-00,COMPUTERS,2017-2018|2018-2019|2018-2019|2019-2020,,100,100,100
glance2019-20.pdf,98,NG,410-70-01-00,CHAIR,2017-2018|2018-2019|2018-2019|2019-2020,,100,100,100
glance2019-20.pdf,98,NG,410-70-02-00,TABLE,2017-2018|2018-2019|2018-2019|2019-2020,,100,100,100
glance2019-20.pdf,98,NG,410-70-03-00,BUREAUS &amp; RACKS,2017-2018|2018-2019|2018-2019|2019-2020,,100,100,100
glance2019-20.pdf,98,NG,410-80-00-00,OTHER FIXED ASSETS,2017-2018|2018-2019|2018-2019|2019-2020,,200,200,200
glance2019-20.pdf,99,NH,410-40-10-00,TECHNICAL LABORATORY EQUIPMENTS,2017-2018|2018-2019|2018-2019|2019-2020,,100,100,100
glance2019-20.pdf,99,NH,410-40-22-00,PLASTIC SHREDDING MACHINE,2017-2018|2018-2019|2018-2019|2019-2020,,100,100,100
glance2019-20.pdf,99,NH,410-40-23-02,AMMA UNAVAGAM EQUIPMENTS,2017-2018|2018-2019|2018-2019|2019-2020,1733,500,500,500
glance2019-20.pdf,99,NH,410-60-09-00,AIR CONDITIONER,2017-2018|2018-2019|2018-2019|2019-2020,,100,100,100
glance2019-20.pdf,99,NH,410-70-01-00,CHAIR,2017-2018|2018-2019|2018-2019|2019-2020,,100,100,100
glance2019-20.pdf,99,NH,410-70-02-00,TABLE,2017-2018|2018-2019|2018-2019|2019-2020,,100,100,100
glance2019-20.pdf,99,NH,410-70-03-00,BUREAUS &amp; RACKS,2017-2018|2018-2019|2018-2019|2019-2020,,100,100,100
glance2019-20.pdf,99,NH,410-70-08-00,INVERTORS,2017-2018|2018-2019|2018-2019|2019-2020,,100,100,100
glance2019-20.pdf,99,NH,410-80-00-00,OTHER FIXED ASSETS,2017-2018|2018-2019|2018-2019|2019-2020,786,1000,1000,1000
glance2019-20.pdf,100,NJ,410-40-12-00,TREE CUTTING EQUIPMENTS,2017-2018|2018-2019|2018-2019|2019-2020,,100,100,100
glance2019-20.pdf,100,NJ,410-40-14-00,DEWATERING PUMPS,2017-2018|2018-2019|2018-2019|2019-2020,,100,100,100
glance2019-20.pdf,100,NJ,410-40-22-00,PLASTIC SHREDDING MACHINE,2017-2018|2018-2019|2018-2019|2019-2020,,100,100,100
glance2019-20.pdf,100,NJ,410-40-23-02,AMMA UNAVAGAM EQUIPMENTS,2017-2018|2018-2019|2018-2019|2019-2020,1986,500,500,500
glance2019-20.pdf,100,NJ,410-60-02-00,COMPUTERS,2017-2018|2018-2019|2018-2019|2019-2020,,100,100,100
glance2019-20.pdf,100,NJ,410-70-01-00,CHAIR,2017-2018|2018-2019|2018-2019|2019-2020,154,100,100,100
glance2019-20.pdf,100,NJ,410-70-02-00,TABLE,2017-2018|2018-2019|2018-2019|2019-2020,878,100,100,100
glance2019-20.pdf,100,NJ,410-70-03-00,BUREAUS &amp; RACKS,2017-2018|2018-2019|2018-2019|2019-2020,,100,100,100
glance2019-20.pdf,100,NJ,410-80-00-00,OTHER FIXED ASSETS,2017-2018|2018-2019|2018-2019|2019-2020,2463,1000,1000,1000
glance2019-20.pdf,101,NK,410-40-12-00,TREE CUTTING EQUIPMENTS,2017-2018|2018-2019|2018-2019|2019-2020,966,100,100,100
glance2019-20.pdf,101,NK,410-40-13-00,GYM EQUIPMENTS,2017-2018|2018-2019|2018-2019|2019-2020,1297,0,0,0
glance2019-20.pdf,101,NK,410-40-14-00,DEWATERING PUMPS,2017-2018|2018-2019|2018-2019|2019-2020,,100,100,100
glance2019-20.pdf,101,NK,410-40-22-00,PLASTIC SHREDDING MACHINE,2017-2018|2018-2019|2018-2019|2019-2020,,100,100,100
glance2019-20.pdf,101,NK,410-40-23-02,AMMA UNAVAGAM EQUIPMENTS,2017-2018|2018-2019|2018-2019|2019-2020,,500,200,200
glance2019-20.pdf,101,NK,410-60-02-00,COMPUTERS,2017-2018|2018-2019|2018-2019|2019-2020,,100,700,100
glance2019-20.pdf,101,NK,410-60-04-00,PRINTER,2017-2018|2018-2019|2018-2019|2019-2020,,100,300,100
glance2019-20.pdf,101,NK,410-60-06-00,NETWORK EQUIPMENTS,2017-2018|2018-2019|2018-2019|2019-2020,39,50,50,50
glance2019-20.pdf,101,NK,410-70-01-00,CHAIR,2017-2018|2018-2019|2018-2019|2019-2020,,100,100,100
glance2019-20.pdf,101,NK,410-70-02-00,TABLE,2017-2018|2018-2019|2018-2019|2019-2020,,100,100,100
glance2019-20.pdf,101,NK,410-70-03-00,BUREAUS &amp; RACKS,2017-2018|2018-2019|2018-2019|2019-2020,,100,100,100
glance2019-20.pdf,101,NK,410-70-08-00,INVERTORS,2017-2018|2018-2019|2018-2019|2019-2020,,100,100,100
glance2019-20.pdf,101,NK,410-80-00-00,OTHER FIXED ASSETS,2017-2018|2018-2019|2018-2019|2019-2020,2854,1000,1600,1000
glance2019-20.pdf,102,NL,410-40-22-00,PLASTIC SHREDDING MACHINE,2017-2018|2018-2019|2018-2019|2019-2020,,50,300,50
glance2019-20.pdf,102,NL,410-40-23-02,AMMA UNAVAGAM EQUIPMENTS,2017-2018|2018-2019|2018-2019|2019-2020,,500,450,500
glance2019-20.pdf,102,NL,410-60-02-00,COMPUTERS,2017-2018|2018-2019|2018-2019|2019-2020,169,100,600,100
glance2019-20.pdf,102,NL,410-60-03-00,STEABLIZER &amp; UPS,2017-2018|2018-2019|2018-2019|2019-2020,,50,500,50
glance2019-20.pdf,102,NL,410-60-04-00,PRINTER,2017-2018|2018-2019|2018-2019|2019-2020,64,100,150,100
glance2019-20.pdf,102,NL,410-60-06-00,NETWORK EQUIPMENTS,2017-2018|2018-2019|2018-2019|2019-2020,,50,50,50
glance2019-20.pdf,102,NL,410-60-08-00,PHOTO COPIER,2017-2018|2018-2019|2018-2019|2019-2020,,0,100,50
glance2019-20.pdf,102,NL,410-70-01-00,CHAIR,2017-2018|2018-2019|2018-2019|2019-2020,,100,100,100
glance2019-20.pdf,102,NL,410-70-02-00,TABLE,2017-2018|2018-2019|2018-2019|2019-2020,,100,100,100
glance2019-20.pdf,102,NL,410-70-03-00,BUREAUS &amp; RACKS,2017-2018|2018-2019|2018-2019|2019-2020,,100,100,100
glance2019-20.pdf,102,NL,410-80-00-00,OTHER FIXED ASSETS,2017-2018|2018-2019|2018-2019|2019-2020,,1000,1250,1500
glance2019-20.pdf,103,NM,410-40-12-00,TREE CUTTING EQUIPMENTS,2017-2018|2018-2019|2018-2019|2019-2020,,100,100,100
glance2019-20.pdf,103,NM,410-40-22-00,PLASTIC SHREDDING MACHINE,2017-2018|2018-2019|2018-2019|2019-2020,,100,100,100
glance2019-20.pdf,103,NM,410-40-23-02,AMMA UNAVAGAM EQUIPMENTS,2017-2018|2018-2019|2018-2019|2019-2020,,500,500,500
glance2019-20.pdf,103,NM,410-60-02-00,COMPUTERS,2017-2018|2018-2019|2018-2019|2019-2020,,200,200,200
glance2019-20.pdf,103,NM,410-60-03-00,STEABLIZER &amp; UPS,2017-2018|2018-2019|2018-2019|2019-2020,,100,100,100
glance2019-20.pdf,103,NM,410-60-04-00,PRINTER,2017-2018|2018-2019|2018-2019|2019-2020,,100,100,100
glance2019-20.pdf,103,NM,410-70-01-00,CHAIR,2017-2018|2018-2019|2018-2019|2019-2020,,100,100,100
glance2019-20.pdf,103,NM,410-70-02-00,TABLE,2017-2018|2018-2019|2018-2019|2019-2020,,100,100,100
glance2019-20.pdf,103,NM,410-70-03-00,BUREAUS &amp; RACKS,2017-2018|2018-2019|2018-2019|2019-2020,49,100,100,100
glance2019-20.pdf,103,NM,410-80-00-00,OTHER FIXED ASSETS,2017-2018|2018-2019|2018-2019|2019-2020,,500,600,500
glance2019-20.pdf,104,NN,410-40-12-00,TREE CUTTING EQUIPMENTS,2017-2018|2018-2019|2018-2019|2019-2020,,100,100,100
glance2019-20.pdf,104,NN,410-40-22-00,PLASTIC SHREDDING MACHINE,2017-2018|2018-2019|2018-2019|2019-2020,,100,100,100
glance2019-20.pdf,104,NN,410-40-23-02,AMMA UNAVAGAM EQUIPMENTS,2017-2018|2018-2019|2018-2019|2019-2020,157,500,2000,500
glance2019-20.pdf,104,NN,410-60-02-00,COMPUTERS,2017-2018|2018-2019|2018-2019|2019-2020,,100,100,100
glance2019-20.pdf,104,NN,410-60-03-00,STEABLIZER &amp; UPS,2017-2018|2018-2019|2018-2019|2019-2020,,100,100,100
glance2019-20.pdf,104,NN,410-60-04-00,PRINTER,2017-2018|2018-2019|2018-2019|2019-2020,,50,50,50
glance2019-20.pdf,104,NN,410-60-09-00,AIR CONDITIONER,2017-2018|2018-2019|2018-2019|2019-2020,,100,100,100
glance2019-20.pdf,104,NN,410-70-01-00,CHAIR,2017-2018|2018-2019|2018-2019|2019-2020,,100,100,100
glance2019-20.pdf,104,NN,410-70-02-00,TABLE,2017-2018|2018-2019|2018-2019|2019-2020,,100,100,100
glance2019-20.pdf,104,NN,410-70-03-00,BUREAUS &amp; RACKS,2017-2018|2018-2019|2018-2019|2019-2020,,100,100,100
glance2019-20.pdf,104,NN,410-80-00-00,OTHER FIXED ASSETS,2017-2018|2018-2019|2018-2019|2019-2020,1369,2000,2150,2000
glance2019-20.pdf,105,NP,410-40-10-00,TECHNICAL LABORATORY EQUIPMENTS,2017-2018|2018-2019|2018-2019|2019-2020,,100,100,100
glance2019-20.pdf,105,NP,410-40-14-00,DEWATERING PUMPS,2017-2018|2018-2019|2018-2019|2019-2020,,100,100,100
glance2019-20.pdf,105,NP,410-40-15-00,GENERATORS,2017-2018|2018-2019|2018-2019|2019-2020,,500,500,500
glance2019-20.pdf,105,NP,410-40-22-00,PLASTIC SHREDDING MACHINE,2017-2018|2018-2019|2018-2019|2019-2020,,100,100,100
glance2019-20.pdf,105,NP,410-40-23-02,AMMA UNAVAGAM EQUIPMENTS,2017-2018|2018-2019|2018-2019|2019-2020,98,500,500,500
glance2019-20.pdf,105,NP,410-60-02-00,COMPUTERS,2017-2018|2018-2019|2018-2019|2019-2020,1262,200,200,200
glance2019-20.pdf,105,NP,410-70-01-00,CHAIR,2017-2018|2018-2019|2018-2019|2019-2020,,100,100,100
glance2019-20.pdf,105,NP,410-70-02-00,TABLE,2017-2018|2018-2019|2018-2019|2019-2020,,100,100,100
glance2019-20.pdf,105,NP,410-70-03-00,BUREAUS &amp; RACKS,2017-2018|2018-2019|2018-2019|2019-2020,,100,100,100
glance2019-20.pdf,105,NP,410-80-00-00,OTHER FIXED ASSETS,2017-2018|2018-2019|2018-2019|2019-2020,,1000,1000,1000
glance2019-20.pdf,106,NQ,410-40-10-00,TECHNICAL LABORATORY EQUIPMENTS,2017-2018|2018-2019|2018-2019|2019-2020,,100,100,100
glance2019-20.pdf,106,NQ,410-40-12-00,TREE CUTTING EQUIPMENTS,2017-2018|2018-2019|2018-2019|2019-2020,,100,100,100
glance2019-20.pdf,106,NQ,410-40-14-00,DEWATERING PUMPS,2017-2018|2018-2019|2018-2019|2019-2020,,100,100,100
glance2019-20.pdf,106,NQ,410-40-15-00,GENERATORS,2017-2018|2018-2019|2018-2019|2019-2020,,100,100,100
glance2019-20.pdf,106,NQ,410-40-22-00,PLASTIC SHREDDING MACHINE,2017-2018|2018-2019|2018-2019|2019-2020,,100,100,100
glance2019-20.pdf,106,NQ,410-40-23-02,AMMA UNAVAGAM EQUIPMENTS,2017-2018|2018-2019|2018-2019|2019-2020,,500,3000,500
glance2019-20.pdf,106,NQ,410-60-02-00,COMPUTERS,2017-2018|2018-2019|2018-2019|2019-2020,,100,100,100
glance2019-20.pdf,106,NQ,410-60-03-00,STEABLIZER &amp; UPS,2017-2018|2018-2019|2018-2019|2019-2020,63,100,100,100
glance2019-20.pdf,106,NQ,410-60-04-00,PRINTER,2017-2018|2018-2019|2018-2019|2019-2020,98,100,100,100
glance2019-20.pdf,106,NQ,410-70-01-00,CHAIR,2017-2018|2018-2019|2018-2019|2019-2020,,100,100,100
glance2019-20.pdf,106,NQ,410-70-02-00,TABLE,2017-2018|2018-2019|2018-2019|2019-2020,,100,100,100
glance2019-20.pdf,106,NQ,410-70-03-00,BUREAUS &amp; RACKS,2017-2018|2018-2019|2018-2019|2019-2020,,100,100,100
glance2019-20.pdf,106,NQ,410-80-00-00,OTHER FIXED ASSETS,2017-2018|2018-2019|2018-2019|2019-2020,91,1000,1400,1000
cap2020-21.pdf,46,NA,412-10-16-02,CMCDM (2018-19),2018-2019|2019-2020|2019-2020|2020-2021,24873,26400,75300,0
cap2020-21.pdf,46,NA,412-10-08-05,TURIF (2017-18),2018-2019|2019-2020|2019-2020|2020-2021,79412,0,80,0
cap2020-21.pdf,46,NA,412-10-16-03,CMCDM (2019-20),2018-2019|2019-2020|2019-2020|2020-2021,,0,20017,20000
cap2020-21.pdf,46,NA,412-10-17-00,SWACHH BHARAT MISSION,2018-2019|2019-2020|2019-2020|2020-2021,4324,10000,10000,0
cap2020-21.pdf,46,NA,412-20-03-00,MAYOR SPECIAL DEVELOPMENT FUND WORKS,2018-2019|2019-2020|2019-2020|2020-2021,,1330,0,1330
cap2020-21.pdf,46,NA,412-20-04-00,COUNCILLOR WARD IMPROVEMENT WORKS,2018-2019|2019-2020|2019-2020|2020-2021,3954,42000,0,42000
cap2020-21.pdf,46,NA,412-40-04-06,ANGANVADI CENTRES,2018-2019|2019-2020|2019-2020|2020-2021,2000,15000,5000,10000
cap2020-21.pdf,46,NA,412-40-06-04,PUBLIC CONVENIENCE,2018-2019|2019-2020|2019-2020|2020-2021,,5000,5000,5000
cap2020-21.pdf,46,NA,412-40-06-05,DHOBIKHANA,2018-2019|2019-2020|2019-2020|2020-2021,,1000,600,500
cap2020-21.pdf,46,NA,412-40-06-08,GYM BUILDING,2018-2019|2019-2020|2019-2020|2020-2021,495,2000,1000,1000
cap2020-21.pdf,47,NA,412-40-06-09,BURIAL GROUND BUILDING,2018-2019|2019-2020|2019-2020|2020-2021,,5000,1000,1000
cap2020-21.pdf,47,NA,412-40-07-02,CONCRETE ROADS,2018-2019|2019-2020|2019-2020|2020-2021,,25000,5000,20000
cap2020-21.pdf,47,NA,412-40-08-02,BLACKTOPPED ROADS,2018-2019|2019-2020|2019-2020|2020-2021,770,30000,5000,20000
cap2020-21.pdf,47,NA,412-40-11-00,STORM WATER DRAINS AND CULVERTS,2018-2019|2019-2020|2019-2020|2020-2021,2039,20000,5000,10000
cap2020-21.pdf,47,NA,412-40-30-00,MISCELLANEOUS WORKS,2018-2019|2019-2020|2019-2020|2020-2021,2948,20000,20000,20000
cap2020-21.pdf,48,NB,412-10-16-02,CMCDM (2018-19),2018-2019|2019-2020|2019-2020|2020-2021,43448,38780,80300,0
cap2020-21.pdf,48,NB,412-10-08-05,TURIF (2017-18),2018-2019|2019-2020|2019-2020|2020-2021,88792,0,1160,0
cap2020-21.pdf,48,NB,412-10-16-03,CMCDM (2019-20),2018-2019|2019-2020|2019-2020|2020-2021,,0,115609,115600
cap2020-21.pdf,48,NB,412-10-17-00,SWACHH BHARAT MISSION,2018-2019|2019-2020|2019-2020|2020-2021,7207,10000,10000,0
cap2020-21.pdf,48,NB,412-20-03-00,MAYOR SPECIAL DEVELOPMENT FUND WORKS,2018-2019|2019-2020|2019-2020|2020-2021,,1330,0,1330
cap2020-21.pdf,48,NB,412-20-04-00,COUNCILLOR WARD IMPROVEMENT WORKS,2018-2019|2019-2020|2019-2020|2020-2021,,21000,0,21000
cap2020-21.pdf,48,NB,412-40-04-06,ANGANVADI CENTRES,2018-2019|2019-2020|2019-2020|2020-2021,,15000,5000,5000
cap2020-21.pdf,48,NB,412-40-06-04,PUBLIC CONVENIENCE,2018-2019|2019-2020|2019-2020|2020-2021,676,5000,5000,5000
cap2020-21.pdf,48,NB,412-40-06-05,DHOBIKHANA,2018-2019|2019-2020|2019-2020|2020-2021,,1000,500,500
cap2020-21.pdf,49,NB,412-40-06-08,GYM BUILDING,2018-2019|2019-2020|2019-2020|2020-2021,,2000,500,1000
cap2020-21.pdf,49,NB,412-40-06-09,BURIAL GROUND BUILDING,2018-2019|2019-2020|2019-2020|2020-2021,513,5000,6000,7000
cap2020-21.pdf,49,NB,412-40-07-02,CONCRETE ROADS,2018-2019|2019-2020|2019-2020|2020-2021,1900,25000,5000,5000
cap2020-21.pdf,49,NB,412-40-08-02,BLACKTOPPED ROADS,2018-2019|2019-2020|2019-2020|2020-2021,138,30000,7000,10000
cap2020-21.pdf,49,NB,412-40-11-00,STORM WATER DRAINS AND CULVERTS,2018-2019|2019-2020|2019-2020|2020-2021,4866,20000,10000,10000
cap2020-21.pdf,49,NB,412-40-30-00,MISCELLANEOUS WORKS,2018-2019|2019-2020|2019-2020|2020-2021,6118,20000,25000,25000
cap2020-21.pdf,50,NC,412-10-16-02,CMCDM (2018-19),2018-2019|2019-2020|2019-2020|2020-2021,30934,148020,465020,0
cap2020-21.pdf,50,NC,412-10-08-05,TURIF (2017-18),2018-2019|2019-2020|2019-2020|2020-2021,280823,0,0,0
cap2020-21.pdf,50,NC,412-10-16-03,CMCDM (2019-20),2018-2019|2019-2020|2019-2020|2020-2021,,0,99715,99700
cap2020-21.pdf,50,NC,412-10-17-00,SWACHH BHARAT MISSION,2018-2019|2019-2020|2019-2020|2020-2021,27347,10000,5000,0
cap2020-21.pdf,50,NC,412-20-03-00,MAYOR SPECIAL DEVELOPMENT FUND WORKS,2018-2019|2019-2020|2019-2020|2020-2021,,1330,0,1330
cap2020-21.pdf,50,NC,412-20-04-00,COUNCILLOR WARD IMPROVEMENT WORKS,2018-2019|2019-2020|2019-2020|2020-2021,1006,36000,0,36000
cap2020-21.pdf,50,NC,412-40-02-00,PARKS AND GARDENS,2018-2019|2019-2020|2019-2020|2020-2021,3963,0,0,0
cap2020-21.pdf,50,NC,412-40-04-06,ANGANVADI CENTRES,2018-2019|2019-2020|2019-2020|2020-2021,480,15000,850,1000
cap2020-21.pdf,50,NC,412-40-06-04,PUBLIC CONVENIENCE,2018-2019|2019-2020|2019-2020|2020-2021,726,5000,3000,5000
cap2020-21.pdf,50,NC,412-40-06-05,DHOBIKHANA,2018-2019|2019-2020|2019-2020|2020-2021,,100,100,100
cap2020-21.pdf,50,NC,412-40-06-08,GYM BUILDING,2018-2019|2019-2020|2019-2020|2020-2021,,1000,500,500
cap2020-21.pdf,51,NC,412-40-06-09,BURIAL GROUND BUILDING,2018-2019|2019-2020|2019-2020|2020-2021,2721,5000,4500,3000
cap2020-21.pdf,51,NC,412-40-07-02,CONCRETE ROADS,2018-2019|2019-2020|2019-2020|2020-2021,,25000,5000,5000
cap2020-21.pdf,51,NC,412-40-08-02,BLACKTOPPED ROADS,2018-2019|2019-2020|2019-2020|2020-2021,2162,30000,5000,10000
cap2020-21.pdf,51,NC,412-40-11-00,STORM WATER DRAINS AND CULVERTS,2018-2019|2019-2020|2019-2020|2020-2021,27739,20000,5000,5000
cap2020-21.pdf,51,NC,412-40-30-00,MISCELLANEOUS WORKS,2018-2019|2019-2020|2019-2020|2020-2021,12919,20000,30000,30000
cap2020-21.pdf,52,ND,412-10-08-06,TURIF (2018-19),2018-2019|2019-2020|2019-2020|2020-2021,,66870,222212,0
cap2020-21.pdf,52,ND,412-10-08-07,TURIF (2019-20),2018-2019|2019-2020|2019-2020|2020-2021,,0,56944,56950
cap2020-21.pdf,52,ND,412-10-17-00,SWACHH BHARAT MISSION,2018-2019|2019-2020|2019-2020|2020-2021,20214,10000,10000,0
cap2020-21.pdf,52,ND,412-10-17-01,SBM-SWM INFRASTRUCTURE,2018-2019|2019-2020|2019-2020|2020-2021,,0,32000,0
cap2020-21.pdf,52,ND,412-20-03-00,MAYOR SPECIAL DEVELOPMENT FUND WORKS,2018-2019|2019-2020|2019-2020|2020-2021,,1330,0,1330
cap2020-21.pdf,52,ND,412-20-04-00,COUNCILLOR WARD IMPROVEMENT WORKS,2018-2019|2019-2020|2019-2020|2020-2021,1004,45000,0,45000
cap2020-21.pdf,52,ND,412-40-03-02,COMMUNICABLE DISEASE HOSPITAL BUILDING,2018-2019|2019-2020|2019-2020|2020-2021,1990,5000,5000,5000
cap2020-21.pdf,52,ND,412-40-03-04,HEALTH POSTS,2018-2019|2019-2020|2019-2020|2020-2021,1287,0,0,0
cap2020-21.pdf,52,ND,412-40-04-04,HIGHER SECONDARY SCHOOL,2018-2019|2019-2020|2019-2020|2020-2021,394,0,0,0
cap2020-21.pdf,52,ND,412-40-04-05,NOON MEAL SHEDS,2018-2019|2019-2020|2019-2020|2020-2021,2544,0,0,0
cap2020-21.pdf,52,ND,412-40-04-06,ANGANVADI CENTRES,2018-2019|2019-2020|2019-2020|2020-2021,1407,15000,430,100
cap2020-21.pdf,52,ND,412-40-06-04,PUBLIC CONVENIENCE,2018-2019|2019-2020|2019-2020|2020-2021,4628,5000,3000,5000
cap2020-21.pdf,53,ND,412-40-06-05,DHOBIKHANA,2018-2019|2019-2020|2019-2020|2020-2021,385,1000,700,1000
cap2020-21.pdf,53,ND,412-40-06-08,GYM BUILDING,2018-2019|2019-2020|2019-2020|2020-2021,350,2000,1000,1000
cap2020-21.pdf,53,ND,412-40-06-09,BURIAL GROUND BUILDING,2018-2019|2019-2020|2019-2020|2020-2021,863,5000,2000,2000
cap2020-21.pdf,53,ND,412-40-07-02,CONCRETE ROADS,2018-2019|2019-2020|2019-2020|2020-2021,1807,25000,5000,5000
cap2020-21.pdf,53,ND,412-40-08-02,BLACKTOPPED ROADS,2018-2019|2019-2020|2019-2020|2020-2021,2660,30000,5150,10000
cap2020-21.pdf,53,ND,412-40-11-00,STORM WATER DRAINS AND CULVERTS,2018-2019|2019-2020|2019-2020|2020-2021,17795,20000,10000,10000
cap2020-21.pdf,53,ND,412-40-30-00,MISCELLANEOUS WORKS,2018-2019|2019-2020|2019-2020|2020-2021,15527,20000,20000,20000
cap2020-21.pdf,54,NE,412-10-08-05,TURIF (2017-18),2018-2019|2019-2020|2019-2020|2020-2021,122193,0,18218,0
cap2020-21.pdf,54,NE,412-10-08-06,TURIF (2018-19),2018-2019|2019-2020|2019-2020|2020-2021,,45540,157264,0
cap2020-21.pdf,54,NE,412-10-08-07,TURIF (2019-20),2018-2019|2019-2020|2019-2020|2020-2021,,0,34836,34830
cap2020-21.pdf,54,NE,412-10-17-00,SWACHH BHARAT MISSION,2018-2019|2019-2020|2019-2020|2020-2021,3169,10000,12000,0
cap2020-21.pdf,54,NE,412-10-17-01,SBM-SWM INFRASTRUCTURE,2018-2019|2019-2020|2019-2020|2020-2021,,0,7510,0
cap2020-21.pdf,54,NE,412-20-03-00,MAYOR SPECIAL DEVELOPMENT FUND WORKS,2018-2019|2019-2020|2019-2020|2020-2021,,1330,0,1330
cap2020-21.pdf,54,NE,412-20-04-00,COUNCILLOR WARD IMPROVEMENT WORKS,2018-2019|2019-2020|2019-2020|2020-2021,6762,45000,5500,45000
cap2020-21.pdf,54,NE,412-40-04-06,ANGANVADI CENTRES,2018-2019|2019-2020|2019-2020|2020-2021,6560,15000,5000,5000
cap2020-21.pdf,54,NE,412-40-06-04,PUBLIC CONVENIENCE,2018-2019|2019-2020|2019-2020|2020-2021,10543,5000,5000,5000
cap2020-21.pdf,54,NE,412-40-06-05,DHOBIKHANA,2018-2019|2019-2020|2019-2020|2020-2021,,500,100,100
cap2020-21.pdf,54,NE,412-40-06-08,GYM BUILDING,2018-2019|2019-2020|2019-2020|2020-2021,428,2000,100,100
cap2020-21.pdf,54,NE,412-40-06-09,BURIAL GROUND BUILDING,2018-2019|2019-2020|2019-2020|2020-2021,,5000,500,1000
cap2020-21.pdf,55,NE,412-40-07-02,CONCRETE ROADS,2018-2019|2019-2020|2019-2020|2020-2021,26846,25000,15000,5000
cap2020-21.pdf,55,NE,412-40-08-02,BLACKTOPPED ROADS,2018-2019|2019-2020|2019-2020|2020-2021,16224,30000,15000,20000
cap2020-21.pdf,55,NE,412-40-11-00,STORM WATER DRAINS AND CULVERTS,2018-2019|2019-2020|2019-2020|2020-2021,21211,20000,22000,25000
cap2020-21.pdf,55,NE,412-40-30-00,MISCELLANEOUS WORKS,2018-2019|2019-2020|2019-2020|2020-2021,13563,20000,30000,30000
cap2020-21.pdf,55,NE,412-40-31-00,AMMA KUDINEER,2018-2019|2019-2020|2019-2020|2020-2021,,0,2000,0
cap2020-21.pdf,56,NF,412-10-08-04,TURIF (BRR / IR) (2016-17),2018-2019|2019-2020|2019-2020|2020-2021,,0,2000,0
cap2020-21.pdf,56,NF,412-10-08-05,TURIF (2017-18),2018-2019|2019-2020|2019-2020|2020-2021,130455,0,15000,0
cap2020-21.pdf,56,NF,412-10-08-06,TURIF (2018-19),2018-2019|2019-2020|2019-2020|2020-2021,,101490,339673,0
cap2020-21.pdf,56,NF,412-10-08-07,TURIF (2019-20),2018-2019|2019-2020|2019-2020|2020-2021,,0,31542,31540
cap2020-21.pdf,56,NF,412-10-17-00,SWACHH BHARAT MISSION,2018-2019|2019-2020|2019-2020|2020-2021,8820,10000,5000,0
cap2020-21.pdf,56,NF,412-20-03-00,MAYOR SPECIAL DEVELOPMENT FUND WORKS,2018-2019|2019-2020|2019-2020|2020-2021,,1330,0,1330
cap2020-21.pdf,56,NF,412-20-04-00,COUNCILLOR WARD IMPROVEMENT WORKS,2018-2019|2019-2020|2019-2020|2020-2021,2797,45000,0,45000
cap2020-21.pdf,56,NF,412-40-04-06,ANGANVADI CENTRES,2018-2019|2019-2020|2019-2020|2020-2021,998,15000,5000,5000
cap2020-21.pdf,56,NF,412-40-06-04,PUBLIC CONVENIENCE,2018-2019|2019-2020|2019-2020|2020-2021,,5000,2500,3000
cap2020-21.pdf,56,NF,412-40-06-05,DHOBIKHANA,2018-2019|2019-2020|2019-2020|2020-2021,680,1000,500,500
cap2020-21.pdf,56,NF,412-40-06-06,SLAUGHTER HOUSE,2018-2019|2019-2020|2019-2020|2020-2021,,2000,700,1000
cap2020-21.pdf,56,NF,412-40-06-08,GYM BUILDING,2018-2019|2019-2020|2019-2020|2020-2021,,2000,700,1000
cap2020-21.pdf,57,NF,412-40-06-09,BURIAL GROUND BUILDING,2018-2019|2019-2020|2019-2020|2020-2021,,5000,2000,2000
cap2020-21.pdf,57,NF,412-40-07-02,CONCRETE ROADS,2018-2019|2019-2020|2019-2020|2020-2021,16096,25000,10000,10000
cap2020-21.pdf,57,NF,412-40-07-05,MIDF-2015-16-PHASE-I,2018-2019|2019-2020|2019-2020|2020-2021,,0,1000,0
cap2020-21.pdf,57,NF,412-40-07-06,MIDF-2015-16-PHASE-II,2018-2019|2019-2020|2019-2020|2020-2021,,0,1400,0
cap2020-21.pdf,57,NF,412-40-08-02,BLACKTOPPED ROADS,2018-2019|2019-2020|2019-2020|2020-2021,20472,30000,20000,20000
cap2020-21.pdf,57,NF,412-40-08-05,BUS SHELTERS,2018-2019|2019-2020|2019-2020|2020-2021,,0,800,0
cap2020-21.pdf,57,NF,412-40-11-00,STORM WATER DRAINS AND CULVERTS,2018-2019|2019-2020|2019-2020|2020-2021,35479,20000,20000,20000
cap2020-21.pdf,57,NF,412-40-30-00,MISCELLANEOUS WORKS,2018-2019|2019-2020|2019-2020|2020-2021,18820,20000,30000,30000
cap2020-21.pdf,58,NG,412-10-16-02,CMCDM (2018-19),2018-2019|2019-2020|2019-2020|2020-2021,24393,202950,652580,0
cap2020-21.pdf,58,NG,412-10-08-05,TURIF (2017-18),2018-2019|2019-2020|2019-2020|2020-2021,187174,0,0,0
cap2020-21.pdf,58,NG,412-10-16-03,CMCDM (2019-20),2018-2019|2019-2020|2019-2020|2020-2021,,0,30826,30825
cap2020-21.pdf,58,NG,412-10-17-00,SWACHH BHARAT MISSION,2018-2019|2019-2020|2019-2020|2020-2021,66889,10000,5000,0
cap2020-21.pdf,58,NG,412-10-17-01,SBM-SWM INFRASTRUCTURE,2018-2019|2019-2020|2019-2020|2020-2021,,0,12950,0
cap2020-21.pdf,58,NG,412-20-03-00,MAYOR SPECIAL DEVELOPMENT FUND WORKS,2018-2019|2019-2020|2019-2020|2020-2021,,1330,0,1330
cap2020-21.pdf,58,NG,412-20-04-00,COUNCILLOR WARD IMPROVEMENT WORKS,2018-2019|2019-2020|2019-2020|2020-2021,,45000,0,45000
cap2020-21.pdf,58,NG,412-40-02-00,PARKS AND GARDENS,2018-2019|2019-2020|2019-2020|2020-2021,12058,0,0,0
cap2020-21.pdf,58,NG,412-40-04-06,ANGANVADI CENTRES,2018-2019|2019-2020|2019-2020|2020-2021,,15000,5000,5000
cap2020-21.pdf,58,NG,412-40-06-04,PUBLIC CONVENIENCE,2018-2019|2019-2020|2019-2020|2020-2021,,5000,1000,2000
cap2020-21.pdf,58,NG,412-40-06-08,GYM BUILDING,2018-2019|2019-2020|2019-2020|2020-2021,,2000,500,1000
cap2020-21.pdf,59,NG,412-40-06-09,BURIAL GROUND BUILDING,2018-2019|2019-2020|2019-2020|2020-2021,,5000,3000,3000
cap2020-21.pdf,59,NG,412-40-07-02,CONCRETE ROADS,2018-2019|2019-2020|2019-2020|2020-2021,,25000,5000,10000
cap2020-21.pdf,59,NG,412-40-08-02,BLACKTOPPED ROADS,2018-2019|2019-2020|2019-2020|2020-2021,,30000,10000,20000
cap2020-21.pdf,59,NG,412-40-30-00,MISCELLANEOUS WORKS,2018-2019|2019-2020|2019-2020|2020-2021,2988,20000,5000,10000
cap2020-21.pdf,60,NH,412-10-08-05,TURIF (2017-18),2018-2019|2019-2020|2019-2020|2020-2021,241600,0,,0
cap2020-21.pdf,60,NH,412-10-08-06,TURIF (2018-19),2018-2019|2019-2020|2019-2020|2020-2021,27602,67770,167770,0
cap2020-21.pdf,60,NH,412-10-08-07,TURIF (2019-20),2018-2019|2019-2020|2019-2020|2020-2021,,0,31259,31260
cap2020-21.pdf,60,NH,412-10-17-00,SWACHH BHARAT MISSION,2018-2019|2019-2020|2019-2020|2020-2021,,0,12500,0
cap2020-21.pdf,60,NH,412-20-03-00,MAYOR SPECIAL DEVELOPMENT FUND WORKS,2018-2019|2019-2020|2019-2020|2020-2021,,1330,0,1330
cap2020-21.pdf,60,NH,412-20-04-00,COUNCILLOR WARD IMPROVEMENT WORKS,2018-2019|2019-2020|2019-2020|2020-2021,1336,45000,0,45000
cap2020-21.pdf,60,NH,412-40-04-06,ANGANVADI CENTRES,2018-2019|2019-2020|2019-2020|2020-2021,941,15000,1000,1000
cap2020-21.pdf,60,NH,412-40-06-04,PUBLIC CONVENIENCE,2018-2019|2019-2020|2019-2020|2020-2021,122,5000,10000,5000
cap2020-21.pdf,60,NH,412-40-06-05,DHOBIKHANA,2018-2019|2019-2020|2019-2020|2020-2021,,1000,1000,1000
cap2020-21.pdf,60,NH,412-40-06-08,GYM BUILDING,2018-2019|2019-2020|2019-2020|2020-2021,,2000,500,500
cap2020-21.pdf,60,NH,412-40-06-09,BURIAL GROUND BUILDING,2018-2019|2019-2020|2019-2020|2020-2021,1819,5000,620,500
cap2020-21.pdf,61,NH,412-40-07-02,CONCRETE ROADS,2018-2019|2019-2020|2019-2020|2020-2021,987,25000,5000,5000
cap2020-21.pdf,61,NH,412-40-08-02,BLACKTOPPED ROADS,2018-2019|2019-2020|2019-2020|2020-2021,2473,30000,10000,10000
cap2020-21.pdf,61,NH,412-40-11-00,STORM WATER DRAINS AND CULVERTS,2018-2019|2019-2020|2019-2020|2020-2021,953,20000,5000,10000
cap2020-21.pdf,61,NH,412-40-30-00,MISCELLANEOUS WORKS,2018-2019|2019-2020|2019-2020|2020-2021,10677,20000,35000,40000
cap2020-21.pdf,62,NJ,412-10-08-05,TURIF (2017-18),2018-2019|2019-2020|2019-2020|2020-2021,152418,0,1450,0
cap2020-21.pdf,62,NJ,412-10-08-06,TURIF (2018-19),2018-2019|2019-2020|2019-2020|2020-2021,,39270,152870,0
cap2020-21.pdf,62,NJ,412-10-08-07,TURIF (2019-20),2018-2019|2019-2020|2019-2020|2020-2021,,0,44960,44960
cap2020-21.pdf,62,NJ,412-10-17-00,SWACHH BHARAT MISSION,2018-2019|2019-2020|2019-2020|2020-2021,2347,10000,11000,0
cap2020-21.pdf,62,NJ,412-20-03-00,MAYOR SPECIAL DEVELOPMENT FUND WORKS,2018-2019|2019-2020|2019-2020|2020-2021,,1330,0,1330
cap2020-21.pdf,62,NJ,412-20-04-00,COUNCILLOR WARD IMPROVEMENT WORKS,2018-2019|2019-2020|2019-2020|2020-2021,1734,54000,3500,54000
cap2020-21.pdf,62,NJ,412-40-04-06,ANGANVADI CENTRES,2018-2019|2019-2020|2019-2020|2020-2021,334,15000,1000,1000
cap2020-21.pdf,62,NJ,412-40-06-04,PUBLIC CONVENIENCE,2018-2019|2019-2020|2019-2020|2020-2021,7755,5000,2000,2000
cap2020-21.pdf,62,NJ,412-40-06-05,DHOBIKHANA,2018-2019|2019-2020|2019-2020|2020-2021,,1000,100,100
cap2020-21.pdf,62,NJ,412-40-06-08,GYM BUILDING,2018-2019|2019-2020|2019-2020|2020-2021,342,2000,100,100
cap2020-21.pdf,63,NJ,412-40-06-09,BURIAL GROUND BUILDING,2018-2019|2019-2020|2019-2020|2020-2021,1269,5000,2000,2000
cap2020-21.pdf,63,NJ,412-40-07-02,CONCRETE ROADS,2018-2019|2019-2020|2019-2020|2020-2021,,25000,2000,5000
cap2020-21.pdf,63,NJ,412-40-08-02,BLACKTOPPED ROADS,2018-2019|2019-2020|2019-2020|2020-2021,5738,50000,10000,10000
cap2020-21.pdf,63,NJ,412-40-11-00,STORM WATER DRAINS AND CULVERTS,2018-2019|2019-2020|2019-2020|2020-2021,5884,20000,5000,10000
cap2020-21.pdf,63,NJ,412-40-30-00,MISCELLANEOUS WORKS,2018-2019|2019-2020|2019-2020|2020-2021,8960,20000,15000,15000
cap2020-21.pdf,64,NK,412-10-08-04,TURIF (BRR / IR) (2016-17),2018-2019|2019-2020|2019-2020|2020-2021,5734,0,1850,0
cap2020-21.pdf,64,NK,412-10-08-05,TURIF (2017-18),2018-2019|2019-2020|2019-2020|2020-2021,125825,0,27141,0
cap2020-21.pdf,64,NK,412-10-08-06,TURIF (2018-19),2018-2019|2019-2020|2019-2020|2020-2021,8775,78360,245960,0
cap2020-21.pdf,64,NK,412-10-08-07,TURIF (2019-20),2018-2019|2019-2020|2019-2020|2020-2021,,0,67295,67300
cap2020-21.pdf,64,NK,412-10-17-00,SWACHH BHARAT MISSION,2018-2019|2019-2020|2019-2020|2020-2021,1080,10000,5000,0
cap2020-21.pdf,64,NK,412-20-03-00,MAYOR SPECIAL DEVELOPMENT FUND WORKS,2018-2019|2019-2020|2019-2020|2020-2021,884,1330,0,1330
cap2020-21.pdf,64,NK,412-20-04-00,COUNCILLOR WARD IMPROVEMENT WORKS,2018-2019|2019-2020|2019-2020|2020-2021,6932,48000,0,48000
cap2020-21.pdf,64,NK,412-40-02-00,PARKS AND GARDENS,2018-2019|2019-2020|2019-2020|2020-2021,7753,0,0,0
cap2020-21.pdf,65,NK,412-40-04-06,ANGANVADI CENTRES,2018-2019|2019-2020|2019-2020|2020-2021,9201,15000,2000,3000
cap2020-21.pdf,65,NK,412-40-05-09,AMMA UNAVAGAM - BUILDINGS,2018-2019|2019-2020|2019-2020|2020-2021,11814,0,0,0
cap2020-21.pdf,65,NK,412-40-06-04,PUBLIC CONVENIENCE,2018-2019|2019-2020|2019-2020|2020-2021,1498,5000,1000,1000
cap2020-21.pdf,65,NK,412-40-06-05,DHOBIKHANA,2018-2019|2019-2020|2019-2020|2020-2021,,1000,100,100
cap2020-21.pdf,65,NK,412-40-06-08,GYM BUILDING,2018-2019|2019-2020|2019-2020|2020-2021,274,2000,100,100
cap2020-21.pdf,65,NK,412-40-06-09,BURIAL GROUND BUILDING,2018-2019|2019-2020|2019-2020|2020-2021,5484,5000,5000,5000
cap2020-21.pdf,65,NK,412-40-07-02,CONCRETE ROADS,2018-2019|2019-2020|2019-2020|2020-2021,77995,25000,10000,10000
cap2020-21.pdf,65,NK,412-40-08-02,BLACKTOPPED ROADS,2018-2019|2019-2020|2019-2020|2020-2021,45320,50000,2000,10000
cap2020-21.pdf,65,NK,412-40-11-00,STORM WATER DRAINS AND CULVERTS,2018-2019|2019-2020|2019-2020|2020-2021,41890,20000,15000,15000
cap2020-21.pdf,65,NK,412-40-30-00,MISCELLANEOUS WORKS,2018-2019|2019-2020|2019-2020|2020-2021,69731,20000,20000,20000
cap2020-21.pdf,66,NL,412-10-16-02,CMCDM (2018-19),2018-2019|2019-2020|2019-2020|2020-2021,,24600,99150,0
cap2020-21.pdf,66,NL,412-10-08-04,TURIF (BRR / IR) (2016-17),2018-2019|2019-2020|2019-2020|2020-2021,17305,0,1000,0
cap2020-21.pdf,66,NL,412-10-08-05,TURIF (2017-18),2018-2019|2019-2020|2019-2020|2020-2021,190112,0,4100,0
cap2020-21.pdf,66,NL,412-10-16-03,CMCDM (2019-20),2018-2019|2019-2020|2019-2020|2020-2021,,0,8015,8020
cap2020-21.pdf,66,NL,412-10-17-00,SWACHH BHARAT MISSION,2018-2019|2019-2020|2019-2020|2020-2021,5146,10000,10000,0
cap2020-21.pdf,66,NL,412-10-17-01,SBM-SWM INFRASTRUCTURE,2018-2019|2019-2020|2019-2020|2020-2021,,0,7390,0
cap2020-21.pdf,66,NL,412-20-03-00,MAYOR SPECIAL DEVELOPMENT FUND WORKS,2018-2019|2019-2020|2019-2020|2020-2021,,1330,0,1330
cap2020-21.pdf,66,NL,412-20-04-00,COUNCILLOR WARD IMPROVEMENT WORKS,2018-2019|2019-2020|2019-2020|2020-2021,10445,39000,0,39000
cap2020-21.pdf,66,NL,412-40-02-00,PARKS AND GARDENS,2018-2019|2019-2020|2019-2020|2020-2021,10427,0,0,0
cap2020-21.pdf,66,NL,412-40-04-06,ANGANVADI CENTRES,2018-2019|2019-2020|2019-2020|2020-2021,13872,15000,1200,1000
cap2020-21.pdf,66,NL,412-40-06-04,PUBLIC CONVENIENCE,2018-2019|2019-2020|2019-2020|2020-2021,,5000,1000,1000
cap2020-21.pdf,66,NL,412-40-06-05,DHOBIKHANA,2018-2019|2019-2020|2019-2020|2020-2021,,1000,100,100
cap2020-21.pdf,67,NL,412-40-06-08,GYM BUILDING,2018-2019|2019-2020|2019-2020|2020-2021,4784,2000,2000,2000
cap2020-21.pdf,67,NL,412-40-06-09,BURIAL GROUND BUILDING,2018-2019|2019-2020|2019-2020|2020-2021,951,5000,5000,5000
cap2020-21.pdf,67,NL,412-40-07-02,CONCRETE ROADS,2018-2019|2019-2020|2019-2020|2020-2021,1132,25000,10000,10000
cap2020-21.pdf,67,NL,412-40-08-02,BLACKTOPPED ROADS,2018-2019|2019-2020|2019-2020|2020-2021,6528,30000,5000,10000
cap2020-21.pdf,67,NL,412-40-11-00,STORM WATER DRAINS AND CULVERTS,2018-2019|2019-2020|2019-2020|2020-2021,6071,20000,7500,7500
cap2020-21.pdf,67,NL,412-40-30-00,MISCELLANEOUS WORKS,2018-2019|2019-2020|2019-2020|2020-2021,16196,20000,20000,20000
cap2020-21.pdf,68,NM,412-10-16-02,CMCDM (2018-19),2018-2019|2019-2020|2019-2020|2020-2021,,52890,157790,0
cap2020-21.pdf,68,NM,412-10-08-05,TURIF (2017-18),2018-2019|2019-2020|2019-2020|2020-2021,89958,0,4900,0
cap2020-21.pdf,68,NM,412-10-16-03,CMCDM (2019-20),2018-2019|2019-2020|2019-2020|2020-2021,,0,77921,77920
cap2020-21.pdf,68,NM,412-10-17-00,SWACHH BHARAT MISSION,2018-2019|2019-2020|2019-2020|2020-2021,8735,15000,20000,0
cap2020-21.pdf,68,NM,412-20-03-00,MAYOR SPECIAL DEVELOPMENT FUND WORKS,2018-2019|2019-2020|2019-2020|2020-2021,,1330,0,1330
cap2020-21.pdf,68,NM,412-20-04-00,COUNCILLOR WARD IMPROVEMENT WORKS,2018-2019|2019-2020|2019-2020|2020-2021,4960,36000,0,36000
cap2020-21.pdf,68,NM,412-40-04-06,ANGANVADI CENTRES,2018-2019|2019-2020|2019-2020|2020-2021,4829,15000,2500,2500
cap2020-21.pdf,68,NM,412-40-06-04,PUBLIC CONVENIENCE,2018-2019|2019-2020|2019-2020|2020-2021,998,5000,1000,1000
cap2020-21.pdf,69,NM,412-40-06-08,GYM BUILDING,2018-2019|2019-2020|2019-2020|2020-2021,2464,2000,2500,2500
cap2020-21.pdf,69,NM,412-40-06-09,BURIAL GROUND BUILDING,2018-2019|2019-2020|2019-2020|2020-2021,311,5000,1000,1000
cap2020-21.pdf,69,NM,412-40-07-02,CONCRETE ROADS,2018-2019|2019-2020|2019-2020|2020-2021,,25000,5000,10000
cap2020-21.pdf,69,NM,412-40-08-02,BLACKTOPPED ROADS,2018-2019|2019-2020|2019-2020|2020-2021,4236,30000,8000,10000
cap2020-21.pdf,69,NM,412-40-11-00,STORM WATER DRAINS AND CULVERTS,2018-2019|2019-2020|2019-2020|2020-2021,8810,20000,1500,2000
cap2020-21.pdf,69,NM,412-40-30-00,MISCELLANEOUS WORKS,2018-2019|2019-2020|2019-2020|2020-2021,11495,20000,7500,10000
cap2020-21.pdf,70,NN,412-10-08-05,TURIF (2017-18),2018-2019|2019-2020|2019-2020|2020-2021,99167,0,100,0
cap2020-21.pdf,70,NN,412-10-08-06,TURIF (2018-19),2018-2019|2019-2020|2019-2020|2020-2021,,49200,237904,0
cap2020-21.pdf,70,NN,412-10-08-07,TURIF (2019-20),2018-2019|2019-2020|2019-2020|2020-2021,,0,26754,26750
cap2020-21.pdf,70,NN,412-10-17-00,SWACHH BHARAT MISSION,2018-2019|2019-2020|2019-2020|2020-2021,4105,10000,10000,0
cap2020-21.pdf,70,NN,412-20-03-00,MAYOR SPECIAL DEVELOPMENT FUND WORKS,2018-2019|2019-2020|2019-2020|2020-2021,,1330,0,1330
cap2020-21.pdf,70,NN,412-20-04-00,COUNCILLOR WARD IMPROVEMENT WORKS,2018-2019|2019-2020|2019-2020|2020-2021,6184,39000,500,39000
cap2020-21.pdf,70,NN,412-40-04-06,ANGANVADI CENTRES,2018-2019|2019-2020|2019-2020|2020-2021,2656,15000,1000,1000
cap2020-21.pdf,70,NN,412-40-05-09,AMMA UNAVAGAM - BUILDINGS,2018-2019|2019-2020|2019-2020|2020-2021,13575,0,,0
cap2020-21.pdf,70,NN,412-40-06-04,PUBLIC CONVENIENCE,2018-2019|2019-2020|2019-2020|2020-2021,3399,5000,3000,5000
cap2020-21.pdf,71,NN,412-40-06-08,GYM BUILDING,2018-2019|2019-2020|2019-2020|2020-2021,2537,2000,3000,3000
cap2020-21.pdf,71,NN,412-40-06-09,BURIAL GROUND BUILDING,2018-2019|2019-2020|2019-2020|2020-2021,,5000,5000,5000
cap2020-21.pdf,71,NN,412-40-07-02,CONCRETE ROADS,2018-2019|2019-2020|2019-2020|2020-2021,2195,25000,5000,5000
cap2020-21.pdf,71,NN,412-40-08-02,BLACKTOPPED ROADS,2018-2019|2019-2020|2019-2020|2020-2021,2386,30000,28000,25000
cap2020-21.pdf,71,NN,412-40-11-00,STORM WATER DRAINS AND CULVERTS,2018-2019|2019-2020|2019-2020|2020-2021,8221,20000,30000,30000
cap2020-21.pdf,71,NN,412-40-30-00,MISCELLANEOUS WORKS,2018-2019|2019-2020|2019-2020|2020-2021,33228,20000,30000,30000
cap2020-21.pdf,72,NP,412-10-16-02,CMCDM (2018-19),2018-2019|2019-2020|2019-2020|2020-2021,45458,35370,72970,0
cap2020-21.pdf,72,NP,412-10-08-05,TURIF (2017-18),2018-2019|2019-2020|2019-2020|2020-2021,87664,0,22200,0
cap2020-21.pdf,72,NP,412-10-08-06,TURIF (2018-19),2018-2019|2019-2020|2019-2020|2020-2021,,12300,37300,0
cap2020-21.pdf,72,NP,412-10-16-03,CMCDM (2019-20),2018-2019|2019-2020|2019-2020|2020-2021,,0,26215,26210
cap2020-21.pdf,72,NP,412-10-17-00,SWACHH BHARAT MISSION,2018-2019|2019-2020|2019-2020|2020-2021,6527,10000,10000,0
cap2020-21.pdf,72,NP,412-20-03-00,MAYOR SPECIAL DEVELOPMENT FUND WORKS,2018-2019|2019-2020|2019-2020|2020-2021,,1355,0,1355
cap2020-21.pdf,72,NP,412-20-04-00,COUNCILLOR WARD IMPROVEMENT WORKS,2018-2019|2019-2020|2019-2020|2020-2021,3888,33000,0,33000
cap2020-21.pdf,72,NP,412-40-04-06,ANGANVADI CENTRES,2018-2019|2019-2020|2019-2020|2020-2021,4201,15000,500,500
cap2020-21.pdf,72,NP,412-40-06-04,PUBLIC CONVENIENCE,2018-2019|2019-2020|2019-2020|2020-2021,4697,5000,500,500
cap2020-21.pdf,73,NP,412-40-06-08,GYM BUILDING,2018-2019|2019-2020|2019-2020|2020-2021,809,2000,2000,2000
cap2020-21.pdf,73,NP,412-40-06-09,BURIAL GROUND BUILDING,2018-2019|2019-2020|2019-2020|2020-2021,2671,5000,2000,2000
cap2020-21.pdf,73,NP,412-40-07-02,CONCRETE ROADS,2018-2019|2019-2020|2019-2020|2020-2021,3792,25000,5000,5000
cap2020-21.pdf,73,NP,412-40-08-02,BLACKTOPPED ROADS,2018-2019|2019-2020|2019-2020|2020-2021,14936,30000,10000,10000
cap2020-21.pdf,73,NP,412-40-11-00,STORM WATER DRAINS AND CULVERTS,2018-2019|2019-2020|2019-2020|2020-2021,742,20000,5000,5000
cap2020-21.pdf,73,NP,412-40-30-00,MISCELLANEOUS WORKS,2018-2019|2019-2020|2019-2020|2020-2021,16750,20000,30000,30000
cap2020-21.pdf,74,NQ,412-10-16-02,CMCDM (2018-19),2018-2019|2019-2020|2019-2020|2020-2021,,77790,257657,0
cap2020-21.pdf,74,NQ,412-10-08-05,TURIF (2017-18),2018-2019|2019-2020|2019-2020|2020-2021,153659,0,2000,0
cap2020-21.pdf,74,NQ,412-10-16-03,CMCDM (2019-20),2018-2019|2019-2020|2019-2020|2020-2021,,0,97773,97770
cap2020-21.pdf,74,NQ,412-10-17-00,SWACHH BHARAT MISSION,2018-2019|2019-2020|2019-2020|2020-2021,,10000,7520,0
cap2020-21.pdf,74,NQ,412-20-03-00,MAYOR SPECIAL DEVELOPMENT FUND WORKS,2018-2019|2019-2020|2019-2020|2020-2021,,1355,0,1400
cap2020-21.pdf,74,NQ,412-20-04-00,COUNCILLOR WARD IMPROVEMENT WORKS,2018-2019|2019-2020|2019-2020|2020-2021,,27000,0,27000
cap2020-21.pdf,74,NQ,412-40-04-06,ANGANVADI CENTRES,2018-2019|2019-2020|2019-2020|2020-2021,714,15000,2000,2000
cap2020-21.pdf,74,NQ,412-40-06-04,PUBLIC CONVENIENCE,2018-2019|2019-2020|2019-2020|2020-2021,994,5000,2000,2000
cap2020-21.pdf,74,NQ,412-40-06-08,GYM BUILDING,2018-2019|2019-2020|2019-2020|2020-2021,3599,2000,1000,1000
cap2020-21.pdf,74,NQ,412-40-06-09,BURIAL GROUND BUILDING,2018-2019|2019-2020|2019-2020|2020-2021,,5000,5000,5000
cap2020-21.pdf,75,NQ,412-40-07-02,CONCRETE ROADS,2018-2019|2019-2020|2019-2020|2020-2021,1454,25000,10000,10000
cap2020-21.pdf,75,NQ,412-40-08-02,BLACKTOPPED ROADS,2018-2019|2019-2020|2019-2020|2020-2021,486,30000,20000,20000
cap2020-21.pdf,75,NQ,412-40-11-00,STORM WATER DRAINS AND CULVERTS,2018-2019|2019-2020|2019-2020|2020-2021,,20000,4100,5000
cap2020-21.pdf,75,NQ,412-40-30-00,MISCELLANEOUS WORKS,2018-2019|2019-2020|2019-2020|2020-2021,6910,30000,30000,30000
cap2020-21.pdf,91,NA,410-40-10-00,TECHNICAL LABORATORY EQUIPMENTS,2018-2019|2019-2020|2019-2020|2020-2021,,100,100,100
cap2020-21.pdf,91,NA,410-40-12-00,TREE CUTTING EQUIPMENTS,2018-2019|2019-2020|2019-2020|2020-2021,,100,100,100
cap2020-21.pdf,91,NA,410-40-14-00,DEWATERING PUMPS,2018-2019|2019-2020|2019-2020|2020-2021,,100,100,100
cap2020-21.pdf,91,NA,410-40-22-00,PLASTIC SHREDDING MACHINE,2018-2019|2019-2020|2019-2020|2020-2021,,100,100,100
cap2020-21.pdf,91,NA,410-40-23-02,AMMA UNAVAGAM EQUIPMENTS,2018-2019|2019-2020|2019-2020|2020-2021,2761,500,100,100
cap2020-21.pdf,91,NA,410-60-02-00,COMPUTERS,2018-2019|2019-2020|2019-2020|2020-2021,,0,0,0
cap2020-21.pdf,91,NA,410-70-01-00,CHAIR,2018-2019|2019-2020|2019-2020|2020-2021,,100,100,100
cap2020-21.pdf,91,NA,410-70-02-00,TABLE,2018-2019|2019-2020|2019-2020|2020-2021,,100,100,100
cap2020-21.pdf,91,NA,410-70-03-00,BUREAUS &amp; RACKS,2018-2019|2019-2020|2019-2020|2020-2021,,100,100,100
cap2020-21.pdf,91,NA,410-80-00-00,OTHER FIXED ASSETS,2018-2019|2019-2020|2019-2020|2020-2021,,1000,500,500
cap2020-21.pdf,92,NB,410-40-12-00,TREE CUTTING EQUIPMENTS,2018-2019|2019-2020|2019-2020|2020-2021,,100,100,100
cap2020-21.pdf,92,NB,410-40-15-00,GENERATORS,2018-2019|2019-2020|2019-2020|2020-2021,,100,100,100
cap2020-21.pdf,92,NB,410-40-22-00,PLASTIC SHREDDING MACHINE,2018-2019|2019-2020|2019-2020|2020-2021,,100,100,100
cap2020-21.pdf,92,NB,410-40-23-02,AMMA UNAVAGAM EQUIPMENTS,2018-2019|2019-2020|2019-2020|2020-2021,,500,100,100
cap2020-21.pdf,92,NB,410-60-02-00,COMPUTERS,2018-2019|2019-2020|2019-2020|2020-2021,,100,0,0
cap2020-21.pdf,92,NB,410-70-01-00,CHAIR,2018-2019|2019-2020|2019-2020|2020-2021,,100,100,100
cap2020-21.pdf,92,NB,410-70-02-00,TABLE,2018-2019|2019-2020|2019-2020|2020-2021,,100,100,100
cap2020-21.pdf,92,NB,410-70-03-00,BUREAUS &amp; RACKS,2018-2019|2019-2020|2019-2020|2020-2021,,100,100,100
cap2020-21.pdf,92,NB,410-80-00-00,OTHER FIXED ASSETS,2018-2019|2019-2020|2019-2020|2020-2021,,500,500,500
cap2020-21.pdf,93,NC,410-40-12-00,TREE CUTTING EQUIPMENTS,2018-2019|2019-2020|2019-2020|2020-2021,,100,100,100
cap2020-21.pdf,93,NC,410-40-15-00,GENERATORS,2018-2019|2019-2020|2019-2020|2020-2021,,100,100,100
cap2020-21.pdf,93,NC,410-40-22-00,PLASTIC SHREDDING MACHINE,2018-2019|2019-2020|2019-2020|2020-2021,,100,100,100
cap2020-21.pdf,93,NC,410-40-23-02,AMMA UNAVAGAM EQUIPMENTS,2018-2019|2019-2020|2019-2020|2020-2021,,500,100,100
cap2020-21.pdf,93,NC,410-60-09-00,AIR CONDITIONER,2018-2019|2019-2020|2019-2020|2020-2021,,100,100,100
cap2020-21.pdf,93,NC,410-70-01-00,CHAIR,2018-2019|2019-2020|2019-2020|2020-2021,,100,100,100
cap2020-21.pdf,93,NC,410-70-02-00,TABLE,2018-2019|2019-2020|2019-2020|2020-2021,,100,100,100
cap2020-21.pdf,93,NC,410-70-03-00,BUREAUS &amp; RACKS,2018-2019|2019-2020|2019-2020|2020-2021,,100,100,100
cap2020-21.pdf,93,NC,410-80-00-00,OTHER FIXED ASSETS,2018-2019|2019-2020|2019-2020|2020-2021,,500,500,500
cap2020-21.pdf,94,ND,410-40-12-00,TREE CUTTING EQUIPMENTS,2018-2019|2019-2020|2019-2020|2020-2021,,100,100,100
cap2020-21.pdf,94,ND,410-40-22-00,PLASTIC SHREDDING MACHINE,2018-2019|2019-2020|2019-2020|2020-2021,,100,100,100
cap2020-21.pdf,94,ND,410-40-23-02,AMMA UNAVAGAM EQUIPMENTS,2018-2019|2019-2020|2019-2020|2020-2021,,400,100,100
cap2020-21.pdf,94,ND,410-40-23-03,SBM-SWM PROJECT (PURCHASE),2018-2019|2019-2020|2019-2020|2020-2021,,0,1470,0
cap2020-21.pdf,94,ND,410-60-02-00,COMPUTERS,2018-2019|2019-2020|2019-2020|2020-2021,,100,0,0
cap2020-21.pdf,94,ND,410-70-01-00,CHAIR,2018-2019|2019-2020|2019-2020|2020-2021,,100,100,100
cap2020-21.pdf,94,ND,410-70-02-00,TABLE,2018-2019|2019-2020|2019-2020|2020-2021,,100,100,100
cap2020-21.pdf,94,ND,410-70-03-00,BUREAUS &amp; RACKS,2018-2019|2019-2020|2019-2020|2020-2021,,100,100,100
cap2020-21.pdf,94,ND,410-80-00-00,OTHER FIXED ASSETS,2018-2019|2019-2020|2019-2020|2020-2021,,1000,500,500
cap2020-21.pdf,95,NE,410-40-13-00,GYM EQUIPMENTS,2018-2019|2019-2020|2019-2020|2020-2021,,500,100,100
cap2020-21.pdf,95,NE,410-40-22-00,PLASTIC SHREDDING MACHINE,2018-2019|2019-2020|2019-2020|2020-2021,,100,100,100
cap2020-21.pdf,95,NE,410-40-23-02,AMMA UNAVAGAM EQUIPMENTS,2018-2019|2019-2020|2019-2020|2020-2021,,500,100,100
cap2020-21.pdf,95,NE,410-70-01-00,CHAIR,2018-2019|2019-2020|2019-2020|2020-2021,,100,100,100
cap2020-21.pdf,95,NE,410-70-02-00,TABLE,2018-2019|2019-2020|2019-2020|2020-2021,,100,100,100
cap2020-21.pdf,95,NE,410-70-03-00,BUREAUS &amp; RACKS,2018-2019|2019-2020|2019-2020|2020-2021,,100,100,100
cap2020-21.pdf,95,NE,410-80-00-00,OTHER FIXED ASSETS,2018-2019|2019-2020|2019-2020|2020-2021,,1000,500,1000
cap2020-21.pdf,96,NF,410-40-12-00,TREE CUTTING EQUIPMENTS,2018-2019|2019-2020|2019-2020|2020-2021,,100,100,100
cap2020-21.pdf,96,NF,410-40-13-00,GYM EQUIPMENTS,2018-2019|2019-2020|2019-2020|2020-2021,,200,100,100
cap2020-21.pdf,96,NF,410-40-22-00,PLASTIC SHREDDING MACHINE,2018-2019|2019-2020|2019-2020|2020-2021,,100,4000,100
cap2020-21.pdf,96,NF,410-40-23-02,AMMA UNAVAGAM EQUIPMENTS,2018-2019|2019-2020|2019-2020|2020-2021,,500,100,100
cap2020-21.pdf,96,NF,410-60-02-00,COMPUTERS,2018-2019|2019-2020|2019-2020|2020-2021,,100,325,0
cap2020-21.pdf,96,NF,410-60-06-00,NETWORK EQUIPMENTS,2018-2019|2019-2020|2019-2020|2020-2021,,50,0,0
cap2020-21.pdf,96,NF,410-60-09-00,AIR CONDITIONER,2018-2019|2019-2020|2019-2020|2020-2021,,100,100,100
cap2020-21.pdf,96,NF,410-70-01-00,CHAIR,2018-2019|2019-2020|2019-2020|2020-2021,,100,100,100
cap2020-21.pdf,96,NF,410-70-02-00,TABLE,2018-2019|2019-2020|2019-2020|2020-2021,,100,100,100
cap2020-21.pdf,96,NF,410-70-03-00,BUREAUS &amp; RACKS,2018-2019|2019-2020|2019-2020|2020-2021,,100,100,100
cap2020-21.pdf,96,NF,410-70-06-00,ELECTRICAL FITTINGS,2018-2019|2019-2020|2019-2020|2020-2021,,100,100,100
cap2020-21.pdf,96,NF,410-80-00-00,OTHER FIXED ASSETS,2018-2019|2019-2020|2019-2020|2020-2021,,1000,500,500
cap2020-21.pdf,97,NG,410-40-22-00,PLASTIC SHREDDING MACHINE,2018-2019|2019-2020|2019-2020|2020-2021,,100,100,100
cap2020-21.pdf,97,NG,410-40-23-02,AMMA UNAVAGAM EQUIPMENTS,2018-2019|2019-2020|2019-2020|2020-2021,,500,100,100
cap2020-21.pdf,97,NG,410-60-02-00,COMPUTERS,2018-2019|2019-2020|2019-2020|2020-2021,,100,0,0
cap2020-21.pdf,97,NG,410-70-01-00,CHAIR,2018-2019|2019-2020|2019-2020|2020-2021,,100,100,100
cap2020-21.pdf,97,NG,410-70-02-00,TABLE,2018-2019|2019-2020|2019-2020|2020-2021,,100,100,100
cap2020-21.pdf,97,NG,410-70-03-00,BUREAUS &amp; RACKS,2018-2019|2019-2020|2019-2020|2020-2021,,100,100,100
cap2020-21.pdf,97,NG,410-80-00-00,OTHER FIXED ASSETS,2018-2019|2019-2020|2019-2020|2020-2021,,200,100,100
cap2020-21.pdf,98,NH,410-40-10-00,TECHNICAL LABORATORY EQUIPMENTS,2018-2019|2019-2020|2019-2020|2020-2021,,100,100,100
cap2020-21.pdf,98,NH,410-40-22-00,PLASTIC SHREDDING MACHINE,2018-2019|2019-2020|2019-2020|2020-2021,,100,3400,1000
cap2020-21.pdf,98,NH,410-40-23-02,AMMA UNAVAGAM EQUIPMENTS,2018-2019|2019-2020|2019-2020|2020-2021,,500,100,100
cap2020-21.pdf,98,NH,410-60-09-00,AIR CONDITIONER,2018-2019|2019-2020|2019-2020|2020-2021,,100,100,100
cap2020-21.pdf,98,NH,410-70-01-00,CHAIR,2018-2019|2019-2020|2019-2020|2020-2021,,100,100,100
cap2020-21.pdf,98,NH,410-70-02-00,TABLE,2018-2019|2019-2020|2019-2020|2020-2021,,100,100,100
cap2020-21.pdf,98,NH,410-70-03-00,BUREAUS &amp; RACKS,2018-2019|2019-2020|2019-2020|2020-2021,,100,100,100
cap2020-21.pdf,98,NH,410-70-08-00,INVERTORS,2018-2019|2019-2020|2019-2020|2020-2021,,100,100,100
cap2020-21.pdf,98,NH,410-80-00-00,OTHER FIXED ASSETS,2018-2019|2019-2020|2019-2020|2020-2021,547,1000,1000,1000
cap2020-21.pdf,99,NJ,410-40-12-00,TREE CUTTING EQUIPMENTS,2018-2019|2019-2020|2019-2020|2020-2021,,100,100,100
cap2020-21.pdf,99,NJ,410-40-14-00,DEWATERING PUMPS,2018-2019|2019-2020|2019-2020|2020-2021,,100,100,100
cap2020-21.pdf,99,NJ,410-40-22-00,PLASTIC SHREDDING MACHINE,2018-2019|2019-2020|2019-2020|2020-2021,,100,1200,500
cap2020-21.pdf,99,NJ,410-40-23-02,AMMA UNAVAGAM EQUIPMENTS,2018-2019|2019-2020|2019-2020|2020-2021,491,500,100,100
cap2020-21.pdf,99,NJ,410-60-02-00,COMPUTERS,2018-2019|2019-2020|2019-2020|2020-2021,,100,0,0
cap2020-21.pdf,99,NJ,410-70-01-00,CHAIR,2018-2019|2019-2020|2019-2020|2020-2021,,100,100,100
cap2020-21.pdf,99,NJ,410-70-02-00,TABLE,2018-2019|2019-2020|2019-2020|2020-2021,,100,100,100
cap2020-21.pdf,99,NJ,410-70-03-00,BUREAUS &amp; RACKS,2018-2019|2019-2020|2019-2020|2020-2021,,100,100,100
cap2020-21.pdf,99,NJ,410-80-00-00,OTHER FIXED ASSETS,2018-2019|2019-2020|2019-2020|2020-2021,,1000,500,500
cap2020-21.pdf,100,NK,410-40-12-00,TREE CUTTING EQUIPMENTS,2018-2019|2019-2020|2019-2020|2020-2021,,100,100,100
cap2020-21.pdf,100,NK,410-40-14-00,DEWATERING PUMPS,2018-2019|2019-2020|2019-2020|2020-2021,,100,100,100
cap2020-21.pdf,100,NK,410-40-22-00,PLASTIC SHREDDING MACHINE,2018-2019|2019-2020|2019-2020|2020-2021,,100,4500,500
cap2020-21.pdf,100,NK,410-40-23-02,AMMA UNAVAGAM EQUIPMENTS,2018-2019|2019-2020|2019-2020|2020-2021,,200,100,100
cap2020-21.pdf,100,NK,410-60-02-00,COMPUTERS,2018-2019|2019-2020|2019-2020|2020-2021,632,100,0,0
cap2020-21.pdf,100,NK,410-60-04-00,PRINTER,2018-2019|2019-2020|2019-2020|2020-2021,194,100,0,0
cap2020-21.pdf,100,NK,410-60-06-00,NETWORK EQUIPMENTS,2018-2019|2019-2020|2019-2020|2020-2021,,50,0,0
cap2020-21.pdf,100,NK,410-70-01-00,CHAIR,2018-2019|2019-2020|2019-2020|2020-2021,,100,100,100
cap2020-21.pdf,100,NK,410-70-02-00,TABLE,2018-2019|2019-2020|2019-2020|2020-2021,,100,100,100
cap2020-21.pdf,100,NK,410-70-03-00,BUREAUS &amp; RACKS,2018-2019|2019-2020|2019-2020|2020-2021,,100,100,100
cap2020-21.pdf,100,NK,410-70-08-00,INVERTORS,2018-2019|2019-2020|2019-2020|2020-2021,,100,100,100
cap2020-21.pdf,100,NK,410-80-00-00,OTHER FIXED ASSETS,2018-2019|2019-2020|2019-2020|2020-2021,1419,1000,1200,1000
cap2020-21.pdf,101,NL,410-40-22-00,PLASTIC SHREDDING MACHINE,2018-2019|2019-2020|2019-2020|2020-2021,302,50,50,50
cap2020-21.pdf,101,NL,410-40-23-02,AMMA UNAVAGAM EQUIPMENTS,2018-2019|2019-2020|2019-2020|2020-2021,,500,100,100
cap2020-21.pdf,101,NL,410-60-02-00,COMPUTERS,2018-2019|2019-2020|2019-2020|2020-2021,521,100,0,0
cap2020-21.pdf,101,NL,410-60-03-00,STEABLIZER &amp; UPS,2018-2019|2019-2020|2019-2020|2020-2021,403,50,0,0
cap2020-21.pdf,101,NL,410-60-04-00,PRINTER,2018-2019|2019-2020|2019-2020|2020-2021,120,100,0,0
cap2020-21.pdf,101,NL,410-60-06-00,NETWORK EQUIPMENTS,2018-2019|2019-2020|2019-2020|2020-2021,,50,0,0
cap2020-21.pdf,101,NL,410-60-08-00,PHOTO COPIER,2018-2019|2019-2020|2019-2020|2020-2021,66,50,0,0
cap2020-21.pdf,101,NL,410-70-01-00,CHAIR,2018-2019|2019-2020|2019-2020|2020-2021,24,100,100,100
cap2020-21.pdf,101,NL,410-70-02-00,TABLE,2018-2019|2019-2020|2019-2020|2020-2021,34,100,100,100
cap2020-21.pdf,101,NL,410-70-03-00,BUREAUS &amp; RACKS,2018-2019|2019-2020|2019-2020|2020-2021,,100,100,100
cap2020-21.pdf,101,NL,410-80-00-00,OTHER FIXED ASSETS,2018-2019|2019-2020|2019-2020|2020-2021,1247,1500,1000,1000
cap2020-21.pdf,102,NM,410-40-12-00,TREE CUTTING EQUIPMENTS,2018-2019|2019-2020|2019-2020|2020-2021,,100,100,100
cap2020-21.pdf,102,NM,410-40-22-00,PLASTIC SHREDDING MACHINE,2018-2019|2019-2020|2019-2020|2020-2021,,100,100,100
cap2020-21.pdf,102,NM,410-40-23-02,AMMA UNAVAGAM EQUIPMENTS,2018-2019|2019-2020|2019-2020|2020-2021,,500,100,100
cap2020-21.pdf,102,NM,410-60-02-00,COMPUTERS,2018-2019|2019-2020|2019-2020|2020-2021,,200,180,0
cap2020-21.pdf,102,NM,410-60-03-00,STEABLIZER &amp; UPS,2018-2019|2019-2020|2019-2020|2020-2021,18,100,70,0
cap2020-21.pdf,102,NM,410-60-04-00,PRINTER,2018-2019|2019-2020|2019-2020|2020-2021,82,100,85,0
cap2020-21.pdf,102,NM,410-70-01-00,CHAIR,2018-2019|2019-2020|2019-2020|2020-2021,,100,100,100
cap2020-21.pdf,102,NM,410-70-02-00,TABLE,2018-2019|2019-2020|2019-2020|2020-2021,10,100,100,100
cap2020-21.pdf,102,NM,410-70-03-00,BUREAUS &amp; RACKS,2018-2019|2019-2020|2019-2020|2020-2021,,100,100,100
cap2020-21.pdf,102,NM,410-80-00-00,OTHER FIXED ASSETS,2018-2019|2019-2020|2019-2020|2020-2021,343,500,500,500
cap2020-21.pdf,103,NN,410-40-12-00,TREE CUTTING EQUIPMENTS,2018-2019|2019-2020|2019-2020|2020-2021,,100,100,100
cap2020-21.pdf,103,NN,410-40-22-00,PLASTIC SHREDDING MACHINE,2018-2019|2019-2020|2019-2020|2020-2021,,100,100,100
cap2020-21.pdf,103,NN,410-40-23-02,AMMA UNAVAGAM EQUIPMENTS,2018-2019|2019-2020|2019-2020|2020-2021,344,500,100,500
cap2020-21.pdf,103,NN,410-60-02-00,COMPUTERS,2018-2019|2019-2020|2019-2020|2020-2021,,100,0,0
cap2020-21.pdf,103,NN,410-60-03-00,STEABLIZER &amp; UPS,2018-2019|2019-2020|2019-2020|2020-2021,,100,0,0
cap2020-21.pdf,103,NN,410-60-04-00,PRINTER,2018-2019|2019-2020|2019-2020|2020-2021,,50,0,0
cap2020-21.pdf,103,NN,410-60-09-00,AIR CONDITIONER,2018-2019|2019-2020|2019-2020|2020-2021,,100,100,100
cap2020-21.pdf,103,NN,410-70-01-00,CHAIR,2018-2019|2019-2020|2019-2020|2020-2021,,100,100,100
cap2020-21.pdf,103,NN,410-70-02-00,TABLE,2018-2019|2019-2020|2019-2020|2020-2021,,100,100,100
cap2020-21.pdf,103,NN,410-70-03-00,BUREAUS &amp; RACKS,2018-2019|2019-2020|2019-2020|2020-2021,,100,100,100
cap2020-21.pdf,103,NN,410-80-00-00,OTHER FIXED ASSETS,2018-2019|2019-2020|2019-2020|2020-2021,2105,2000,1000,2000
cap2020-21.pdf,104,NP,410-40-10-00,TECHNICAL LABORATORY EQUIPMENTS,2018-2019|2019-2020|2019-2020|2020-2021,,100,100,100
cap2020-21.pdf,104,NP,410-40-14-00,DEWATERING PUMPS,2018-2019|2019-2020|2019-2020|2020-2021,,100,100,100
cap2020-21.pdf,104,NP,410-40-15-00,GENERATORS,2018-2019|2019-2020|2019-2020|2020-2021,,500,100,100
cap2020-21.pdf,104,NP,410-40-22-00,PLASTIC SHREDDING MACHINE,2018-2019|2019-2020|2019-2020|2020-2021,,100,100,100
cap2020-21.pdf,104,NP,410-40-23-02,AMMA UNAVAGAM EQUIPMENTS,2018-2019|2019-2020|2019-2020|2020-2021,354,500,100,100
cap2020-21.pdf,104,NP,410-60-02-00,COMPUTERS,2018-2019|2019-2020|2019-2020|2020-2021,65,200,50,0
cap2020-21.pdf,104,NP,410-70-01-00,CHAIR,2018-2019|2019-2020|2019-2020|2020-2021,,100,100,100
cap2020-21.pdf,104,NP,410-70-02-00,TABLE,2018-2019|2019-2020|2019-2020|2020-2021,,100,100,100
cap2020-21.pdf,104,NP,410-70-03-00,BUREAUS &amp; RACKS,2018-2019|2019-2020|2019-2020|2020-2021,,100,100,100
cap2020-21.pdf,104,NP,410-80-00-00,OTHER FIXED ASSETS,2018-2019|2019-2020|2019-2020|2020-2021,700,1000,500,500
cap2020-21.pdf,105,NQ,410-40-10-00,TECHNICAL LABORATORY EQUIPMENTS,2018-2019|2019-2020|2019-2020|2020-2021,,100,100,100
cap2020-21.pdf,105,NQ,410-40-12-00,TREE CUTTING EQUIPMENTS,2018-2019|2019-2020|2019-2020|2020-2021,,100,100,100
cap2020-21.pdf,105,NQ,410-40-14-00,DEWATERING PUMPS,2018-2019|2019-2020|2019-2020|2020-2021,,100,100,100
cap2020-21.pdf,105,NQ,410-40-15-00,GENERATORS,2018-2019|2019-2020|2019-2020|2020-2021,,100,100,100
cap2020-21.pdf,105,NQ,410-40-22-00,PLASTIC SHREDDING MACHINE,2018-2019|2019-2020|2019-2020|2020-2021,,100,100,100
cap2020-21.pdf,105,NQ,410-40-23-02,AMMA UNAVAGAM EQUIPMENTS,2018-2019|2019-2020|2019-2020|2020-2021,2907,500,100,100
cap2020-21.pdf,105,NQ,410-60-02-00,COMPUTERS,2018-2019|2019-2020|2019-2020|2020-2021,82,100,0,0
cap2020-21.pdf,105,NQ,410-60-03-00,STEABLIZER &amp; UPS,2018-2019|2019-2020|2019-2020|2020-2021,14,100,35,0
cap2020-21.pdf,105,NQ,410-60-04-00,PRINTER,2018-2019|2019-2020|2019-2020|2020-2021,17,100,65,0
cap2020-21.pdf,105,NQ,410-70-01-00,CHAIR,2018-2019|2019-2020|2019-2020|2020-2021,,100,100,100
cap2020-21.pdf,105,NQ,410-70-02-00,TABLE,2018-2019|2019-2020|2019-2020|2020-2021,,100,100,100
cap2020-21.pdf,105,NQ,410-70-03-00,BUREAUS &amp; RACKS,2018-2019|2019-2020|2019-2020|2020-2021,,100,100,100
cap2020-21.pdf,105,NQ,410-80-00-00,OTHER FIXED ASSETS,2018-2019|2019-2020|2019-2020|2020-2021,811,1000,1000,1000
glance2021-22.pdf,51,NA,412-10-16-02,CMCDM (2018-19),2019-2020|2020-2021|2020-2021|2021-2022,69818,0,210,0
glance2021-22.pdf,51,NA,412-10-16-03,CMCDM (2019-20),2019-2020|2020-2021|2020-2021|2021-2022,,20000,41000,0
glance2021-22.pdf,51,NA,412-10-16-04,CMCDM (2020-21),2019-2020|2020-2021|2020-2021|2021-2022,,0,100000,60000
glance2021-22.pdf,51,NA,412-10-17-00,SWACHH BHARAT MISSION,2019-2020|2020-2021|2020-2021|2021-2022,7202,0,5000,0
glance2021-22.pdf,51,NA,412-20-03-00,MAYOR SPECIAL DEVELOPMENT FUND WORKS,2019-2020|2020-2021|2020-2021|2021-2022,,1330,0,1330
glance2021-22.pdf,51,NA,412-20-04-00,COUNCILLOR WARD IMPROVEMENT WORKS,2019-2020|2020-2021|2020-2021|2021-2022,,42000,0,42000
glance2021-22.pdf,51,NA,412-40-04-06,ANGANVADI CENTRES,2019-2020|2020-2021|2020-2021|2021-2022,,10000,5000,5000
glance2021-22.pdf,51,NA,412-40-06-04,PUBLIC CONVENIENCE,2019-2020|2020-2021|2020-2021|2021-2022,,5000,5000,5000
glance2021-22.pdf,51,NA,412-40-06-05,DHOBIKHANA,2019-2020|2020-2021|2020-2021|2021-2022,565,500,500,500
glance2021-22.pdf,52,NA,412-40-06-08,GYM BUILDING,2019-2020|2020-2021|2020-2021|2021-2022,,1000,500,1000
glance2021-22.pdf,52,NA,412-40-06-09,BURIAL GROUND BUILDING,2019-2020|2020-2021|2020-2021|2021-2022,,1000,500,1000
glance2021-22.pdf,52,NA,412-40-07-02,CONCRETE ROADS,2019-2020|2020-2021|2020-2021|2021-2022,,20000,10000,20000
glance2021-22.pdf,52,NA,412-40-08-02,BLACKTOPPED ROADS,2019-2020|2020-2021|2020-2021|2021-2022,1279,20000,10000,20000
glance2021-22.pdf,52,NA,412-40-11-00,STORM WATER DRAINS AND CULVERTS,2019-2020|2020-2021|2020-2021|2021-2022,3168,10000,10000,10000
glance2021-22.pdf,52,NA,412-40-30-00,MISCELLANEOUS WORKS,2019-2020|2020-2021|2020-2021|2021-2022,15401,20000,10000,20000
glance2021-22.pdf,53,NB,412-10-16-02,CMCDM (2018-19),2019-2020|2020-2021|2020-2021|2021-2022,73232,0,0,0
glance2021-22.pdf,53,NB,412-10-16-03,CMCDM (2019-20),2019-2020|2020-2021|2020-2021|2021-2022,,115600,250000,0
glance2021-22.pdf,53,NB,412-10-16-04,CMCDM (2020-21),2019-2020|2020-2021|2020-2021|2021-2022,,0,250000,100000
glance2021-22.pdf,53,NB,412-20-03-00,MAYOR SPECIAL DEVELOPMENT FUND WORKS,2019-2020|2020-2021|2020-2021|2021-2022,,1330,0,1330
glance2021-22.pdf,53,NB,412-20-04-00,COUNCILLOR WARD IMPROVEMENT WORKS,2019-2020|2020-2021|2020-2021|2021-2022,,21000,0,21000
glance2021-22.pdf,53,NB,412-40-04-06,ANGANVADI CENTRES,2019-2020|2020-2021|2020-2021|2021-2022,175,5000,1000,2000
glance2021-22.pdf,53,NB,412-40-06-04,PUBLIC CONVENIENCE,2019-2020|2020-2021|2020-2021|2021-2022,1747,5000,1000,5000
glance2021-22.pdf,53,NB,412-40-06-05,DHOBIKHANA,2019-2020|2020-2021|2020-2021|2021-2022,,500,500,500
glance2021-22.pdf,54,NB,412-40-06-08,GYM BUILDING,2019-2020|2020-2021|2020-2021|2021-2022,,1000,1000,1000
glance2021-22.pdf,54,NB,412-40-06-09,BURIAL GROUND BUILDING,2019-2020|2020-2021|2020-2021|2021-2022,4235,7000,3000,5000
glance2021-22.pdf,54,NB,412-40-07-02,CONCRETE ROADS,2019-2020|2020-2021|2020-2021|2021-2022,,5000,5000,10000
glance2021-22.pdf,54,NB,412-40-08-02,BLACKTOPPED ROADS,2019-2020|2020-2021|2020-2021|2021-2022,1004,10000,5000,20000
glance2021-22.pdf,54,NB,412-40-11-00,STORM WATER DRAINS AND CULVERTS,2019-2020|2020-2021|2020-2021|2021-2022,2059,10000,5000,10000
glance2021-22.pdf,54,NB,412-40-30-00,MISCELLANEOUS WORKS,2019-2020|2020-2021|2020-2021|2021-2022,19431,25000,20000,30000
glance2021-22.pdf,55,NC,412-10-16-02,CMCDM (2018-19),2019-2020|2020-2021|2020-2021|2021-2022,420353,0,40000,0
glance2021-22.pdf,55,NC,412-10-16-03,CMCDM (2019-20),2019-2020|2020-2021|2020-2021|2021-2022,,99700,206000,0
glance2021-22.pdf,55,NC,412-10-16-04,CMCDM (2020-21),2019-2020|2020-2021|2020-2021|2021-2022,,0,150000,100000
glance2021-22.pdf,55,NC,412-20-03-00,MAYOR SPECIAL DEVELOPMENT FUND WORKS,2019-2020|2020-2021|2020-2021|2021-2022,,1330,0,1330
glance2021-22.pdf,55,NC,412-20-04-00,COUNCILLOR WARD IMPROVEMENT WORKS,2019-2020|2020-2021|2020-2021|2021-2022,,36000,0,36000
glance2021-22.pdf,55,NC,412-40-04-06,ANGANVADI CENTRES,2019-2020|2020-2021|2020-2021|2021-2022,834,1000,5000,5000
glance2021-22.pdf,55,NC,412-40-06-04,PUBLIC CONVENIENCE,2019-2020|2020-2021|2020-2021|2021-2022,2310,5000,1000,5000
glance2021-22.pdf,55,NC,412-40-06-05,DHOBIKHANA,2019-2020|2020-2021|2020-2021|2021-2022,,100,100,100
glance2021-22.pdf,55,NC,412-40-06-08,GYM BUILDING,2019-2020|2020-2021|2020-2021|2021-2022,,500,500,500
glance2021-22.pdf,56,NC,412-40-06-09,BURIAL GROUND BUILDING,2019-2020|2020-2021|2020-2021|2021-2022,4241,3000,1000,1000
glance2021-22.pdf,56,NC,412-40-07-02,CONCRETE ROADS,2019-2020|2020-2021|2020-2021|2021-2022,,5000,5000,10000
glance2021-22.pdf,56,NC,412-40-08-02,BLACKTOPPED ROADS,2019-2020|2020-2021|2020-2021|2021-2022,507,10000,12000,30000
glance2021-22.pdf,56,NC,412-40-11-00,STORM WATER DRAINS AND CULVERTS,2019-2020|2020-2021|2020-2021|2021-2022,3899,5000,10000,10000
glance2021-22.pdf,56,NC,412-40-30-00,MISCELLANEOUS WORKS,2019-2020|2020-2021|2020-2021|2021-2022,22688,30000,50000,50000
glance2021-22.pdf,57,ND,412-10-08-06,TURIF (2018-19),2019-2020|2020-2021|2020-2021|2021-2022,192992,0,7000,0
glance2021-22.pdf,57,ND,412-10-08-07,TURIF (2019-20),2019-2020|2020-2021|2020-2021|2021-2022,,56950,120000,0
glance2021-22.pdf,57,ND,412-10-08-08,TURIF (2020-21),2019-2020|2020-2021|2020-2021|2021-2022,,0,100000,80000
glance2021-22.pdf,57,ND,412-10-17-00,SWACHH BHARAT MISSION,2019-2020|2020-2021|2020-2021|2021-2022,6629,0,1500,0
glance2021-22.pdf,57,ND,412-10-17-01,SBM-SWM INFRASTRUCTURE,2019-2020|2020-2021|2020-2021|2021-2022,2680,0,10000,0
glance2021-22.pdf,57,ND,412-20-03-00,MAYOR SPECIAL DEVELOPMENT FUND WORKS,2019-2020|2020-2021|2020-2021|2021-2022,,1330,0,1330
glance2021-22.pdf,57,ND,412-20-04-00,COUNCILLOR WARD IMPROVEMENT WORKS,2019-2020|2020-2021|2020-2021|2021-2022,,45000,0,45000
glance2021-22.pdf,57,ND,412-40-03-02,COMMUNICABLE DISEASE HOSPITAL BUILDING,2019-2020|2020-2021|2020-2021|2021-2022,4856,5000,5000,5000
glance2021-22.pdf,57,ND,412-40-04-06,ANGANVADI CENTRES,2019-2020|2020-2021|2020-2021|2021-2022,425,100,100,100
glance2021-22.pdf,57,ND,412-40-06-04,PUBLIC CONVENIENCE,2019-2020|2020-2021|2020-2021|2021-2022,1244,5000,5000,5000
glance2021-22.pdf,57,ND,412-40-06-05,DHOBIKHANA,2019-2020|2020-2021|2020-2021|2021-2022,448,1000,500,1000
glance2021-22.pdf,58,ND,412-40-06-08,GYM BUILDING,2019-2020|2020-2021|2020-2021|2021-2022,715,1000,500,1000
glance2021-22.pdf,58,ND,412-40-06-09,BURIAL GROUND BUILDING,2019-2020|2020-2021|2020-2021|2021-2022,631,2000,500,1000
glance2021-22.pdf,58,ND,412-40-07-02,CONCRETE ROADS,2019-2020|2020-2021|2020-2021|2021-2022,1311,5000,5000,5000
glance2021-22.pdf,58,ND,412-40-08-02,BLACKTOPPED ROADS,2019-2020|2020-2021|2020-2021|2021-2022,5135,10000,10000,10000
glance2021-22.pdf,58,ND,412-40-11-00,STORM WATER DRAINS AND CULVERTS,2019-2020|2020-2021|2020-2021|2021-2022,5600,10000,5000,10000
glance2021-22.pdf,58,ND,412-40-30-00,MISCELLANEOUS WORKS,2019-2020|2020-2021|2020-2021|2021-2022,17291,20000,20000,20000
glance2021-22.pdf,59,NE,412-10-08-06,TURIF (2018-19),2019-2020|2020-2021|2020-2021|2021-2022,142898,0,27000,0
glance2021-22.pdf,59,NE,412-10-08-07,TURIF (2019-20),2019-2020|2020-2021|2020-2021|2021-2022,9760,34830,72000,0
glance2021-22.pdf,59,NE,412-10-08-08,TURIF (2020-21),2019-2020|2020-2021|2020-2021|2021-2022,,0,30000,30000
glance2021-22.pdf,59,NE,412-10-17-00,SWACHH BHARAT MISSION,2019-2020|2020-2021|2020-2021|2021-2022,10242,0,1000,0
glance2021-22.pdf,59,NE,412-10-17-01,SBM-SWM INFRASTRUCTURE,2019-2020|2020-2021|2020-2021|2021-2022,,0,40000,0
glance2021-22.pdf,59,NE,412-20-03-00,MAYOR SPECIAL DEVELOPMENT FUND WORKS,2019-2020|2020-2021|2020-2021|2021-2022,,1330,0,1330
glance2021-22.pdf,59,NE,412-20-04-00,COUNCILLOR WARD IMPROVEMENT WORKS,2019-2020|2020-2021|2020-2021|2021-2022,5089,45000,0,45000
glance2021-22.pdf,59,NE,412-40-02-00,PARKS AND GARDENS,2019-2020|2020-2021|2020-2021|2021-2022,,0,1835,0
glance2021-22.pdf,59,NE,412-40-04-06,ANGANVADI CENTRES,2019-2020|2020-2021|2020-2021|2021-2022,2199,5000,3000,5000
glance2021-22.pdf,59,NE,412-40-06-04,PUBLIC CONVENIENCE,2019-2020|2020-2021|2020-2021|2021-2022,2242,5000,5000,5000
glance2021-22.pdf,59,NE,412-40-06-05,DHOBIKHANA,2019-2020|2020-2021|2020-2021|2021-2022,,100,500,500
glance2021-22.pdf,60,NE,412-40-06-08,GYM BUILDING,2019-2020|2020-2021|2020-2021|2021-2022,,100,500,1000
glance2021-22.pdf,60,NE,412-40-06-09,BURIAL GROUND BUILDING,2019-2020|2020-2021|2020-2021|2021-2022,,1000,10000,10000
glance2021-22.pdf,60,NE,412-40-07-02,CONCRETE ROADS,2019-2020|2020-2021|2020-2021|2021-2022,13975,5000,5000,10000
glance2021-22.pdf,60,NE,412-40-08-02,BLACKTOPPED ROADS,2019-2020|2020-2021|2020-2021|2021-2022,11280,20000,10000,20000
glance2021-22.pdf,60,NE,412-40-11-00,STORM WATER DRAINS AND CULVERTS,2019-2020|2020-2021|2020-2021|2021-2022,10398,25000,5000,10000
glance2021-22.pdf,60,NE,412-40-30-00,MISCELLANEOUS WORKS,2019-2020|2020-2021|2020-2021|2021-2022,24037,30000,20000,50000
glance2021-22.pdf,61,NF,412-10-08-06,TURIF (2018-19),2019-2020|2020-2021|2020-2021|2021-2022,324261,0,29000,0
glance2021-22.pdf,61,NF,412-10-08-07,TURIF (2019-20),2019-2020|2020-2021|2020-2021|2021-2022,,31540,64000,0
glance2021-22.pdf,61,NF,412-10-08-08,TURIF (2020-21),2019-2020|2020-2021|2020-2021|2021-2022,,0,50000,60000
glance2021-22.pdf,61,NF,412-10-17-01,SBM-SWM INFRASTRUCTURE,2019-2020|2020-2021|2020-2021|2021-2022,4846,0,2000,0
glance2021-22.pdf,61,NF,412-20-03-00,MAYOR SPECIAL DEVELOPMENT FUND WORKS,2019-2020|2020-2021|2020-2021|2021-2022,,1330,0,1330
glance2021-22.pdf,61,NF,412-20-04-00,COUNCILLOR WARD IMPROVEMENT WORKS,2019-2020|2020-2021|2020-2021|2021-2022,,45000,0,45000
glance2021-22.pdf,61,NF,412-40-01-00,PLAY GROUNDS,2019-2020|2020-2021|2020-2021|2021-2022,,0,7000,1000
glance2021-22.pdf,61,NF,412-40-02-00,PARKS AND GARDENS,2019-2020|2020-2021|2020-2021|2021-2022,,0,13000,0
glance2021-22.pdf,61,NF,412-40-03-01,HEALTH DEPARTMENT BUILDINGS,2019-2020|2020-2021|2020-2021|2021-2022,,0,5000,0
glance2021-22.pdf,61,NF,412-40-04-02,MIDDLE SCHOOL BUILDINGS,2019-2020|2020-2021|2020-2021|2021-2022,,0,2500,0
glance2021-22.pdf,61,NF,412-40-04-03,HIGH SCHOOL BUILDINGS,2019-2020|2020-2021|2020-2021|2021-2022,,0,3000,0
glance2021-22.pdf,62,NF,412-40-04-06,ANGANVADI CENTRES,2019-2020|2020-2021|2020-2021|2021-2022,325,5000,5000,5000
glance2021-22.pdf,62,NF,412-40-05-04,WARD OFFICE BUILDINGS,2019-2020|2020-2021|2020-2021|2021-2022,,0,7000,7000
glance2021-22.pdf,62,NF,412-40-06-04,PUBLIC CONVENIENCE,2019-2020|2020-2021|2020-2021|2021-2022,,3000,1000,2000
glance2021-22.pdf,62,NF,412-40-06-05,DHOBIKHANA,2019-2020|2020-2021|2020-2021|2021-2022,,500,1000,1000
glance2021-22.pdf,62,NF,412-40-06-06,SLAUGHTER HOUSE,2019-2020|2020-2021|2020-2021|2021-2022,,1000,500,500
glance2021-22.pdf,62,NF,412-40-06-08,GYM BUILDING,2019-2020|2020-2021|2020-2021|2021-2022,,1000,3000,5000
glance2021-22.pdf,62,NF,412-40-06-09,BURIAL GROUND BUILDING,2019-2020|2020-2021|2020-2021|2021-2022,,2000,5000,5000
glance2021-22.pdf,62,NF,412-40-07-02,CONCRETE ROADS,2019-2020|2020-2021|2020-2021|2021-2022,838,10000,10000,10000
glance2021-22.pdf,62,NF,412-40-08-02,BLACKTOPPED ROADS,2019-2020|2020-2021|2020-2021|2021-2022,4819,20000,10000,20000
glance2021-22.pdf,62,NF,412-40-11-00,STORM WATER DRAINS AND CULVERTS,2019-2020|2020-2021|2020-2021|2021-2022,6002,20000,10000,10000
glance2021-22.pdf,62,NF,412-40-30-00,MISCELLANEOUS WORKS,2019-2020|2020-2021|2020-2021|2021-2022,28912,30000,20000,30000
glance2021-22.pdf,63,NG,412-10-16-02,CMCDM (2018-19),2019-2020|2020-2021|2020-2021|2021-2022,585607,0,52000,0
glance2021-22.pdf,63,NG,412-10-16-03,CMCDM (2019-20),2019-2020|2020-2021|2020-2021|2021-2022,,30825,63000,0
glance2021-22.pdf,63,NG,412-10-16-04,CMCDM (2020-21),2019-2020|2020-2021|2020-2021|2021-2022,,0,150000,130000
glance2021-22.pdf,63,NG,412-10-17-01,SBM-SWM INFRASTRUCTURE,2019-2020|2020-2021|2020-2021|2021-2022,2014,0,10000,0
glance2021-22.pdf,63,NG,412-20-03-00,MAYOR SPECIAL DEVELOPMENT FUND WORKS,2019-2020|2020-2021|2020-2021|2021-2022,,1330,0,1330
glance2021-22.pdf,63,NG,412-20-04-00,COUNCILLOR WARD IMPROVEMENT WORKS,2019-2020|2020-2021|2020-2021|2021-2022,,45000,0,45000
glance2021-22.pdf,63,NG,412-40-04-06,ANGANVADI CENTRES,2019-2020|2020-2021|2020-2021|2021-2022,,5000,1000,2000
glance2021-22.pdf,63,NG,412-40-06-04,PUBLIC CONVENIENCE,2019-2020|2020-2021|2020-2021|2021-2022,,2000,1000,2000
glance2021-22.pdf,64,NG,412-40-06-08,GYM BUILDING,2019-2020|2020-2021|2020-2021|2021-2022,,1000,1000,1000
glance2021-22.pdf,64,NG,412-40-06-09,BURIAL GROUND BUILDING,2019-2020|2020-2021|2020-2021|2021-2022,1806,3000,3000,5000
glance2021-22.pdf,64,NG,412-40-07-02,CONCRETE ROADS,2019-2020|2020-2021|2020-2021|2021-2022,,10000,10000,10000
glance2021-22.pdf,64,NG,412-40-08-02,BLACKTOPPED ROADS,2019-2020|2020-2021|2020-2021|2021-2022,,20000,10000,20000
glance2021-22.pdf,64,NG,412-40-30-00,MISCELLANEOUS WORKS,2019-2020|2020-2021|2020-2021|2021-2022,,10000,10000,10000
glance2021-22.pdf,65,NH,412-10-08-06,TURIF (2018-19),2019-2020|2020-2021|2020-2021|2021-2022,123311,0,37000,0
glance2021-22.pdf,65,NH,412-10-08-07,TURIF (2019-20),2019-2020|2020-2021|2020-2021|2021-2022,,31260,64500,0
glance2021-22.pdf,65,NH,412-10-08-08,TURIF (2020-21),2019-2020|2020-2021|2020-2021|2021-2022,,0,100000,50000
glance2021-22.pdf,65,NH,412-20-03-00,MAYOR SPECIAL DEVELOPMENT FUND WORKS,2019-2020|2020-2021|2020-2021|2021-2022,,1330,0,1330
glance2021-22.pdf,65,NH,412-20-04-00,COUNCILLOR WARD IMPROVEMENT WORKS,2019-2020|2020-2021|2020-2021|2021-2022,,45000,0,45000
glance2021-22.pdf,65,NH,412-40-04-06,ANGANVADI CENTRES,2019-2020|2020-2021|2020-2021|2021-2022,,1000,1000,1000
glance2021-22.pdf,65,NH,412-40-06-04,PUBLIC CONVENIENCE,2019-2020|2020-2021|2020-2021|2021-2022,1467,5000,5000,5000
glance2021-22.pdf,65,NH,412-40-06-05,DHOBIKHANA,2019-2020|2020-2021|2020-2021|2021-2022,809,1000,500,1000
glance2021-22.pdf,66,NH,412-40-06-08,GYM BUILDING,2019-2020|2020-2021|2020-2021|2021-2022,306,500,500,500
glance2021-22.pdf,66,NH,412-40-06-09,BURIAL GROUND BUILDING,2019-2020|2020-2021|2020-2021|2021-2022,614,500,3500,5000
glance2021-22.pdf,66,NH,412-40-07-02,CONCRETE ROADS,2019-2020|2020-2021|2020-2021|2021-2022,2498,5000,5000,5000
glance2021-22.pdf,66,NH,412-40-08-02,BLACKTOPPED ROADS,2019-2020|2020-2021|2020-2021|2021-2022,5372,10000,10000,10000
glance2021-22.pdf,66,NH,412-40-11-00,STORM WATER DRAINS AND CULVERTS,2019-2020|2020-2021|2020-2021|2021-2022,2951,10000,10000,10000
glance2021-22.pdf,66,NH,412-40-30-00,MISCELLANEOUS WORKS,2019-2020|2020-2021|2020-2021|2021-2022,26718,40000,20000,50000
glance2021-22.pdf,67,NJ,412-10-08-07,TURIF (2019-20),2019-2020|2020-2021|2020-2021|2021-2022,,44960,100000,0
glance2021-22.pdf,67,NJ,412-10-08-08,TURIF (2020-21),2019-2020|2020-2021|2020-2021|2021-2022,,0,100000,80000
glance2021-22.pdf,67,NJ,412-20-03-00,MAYOR SPECIAL DEVELOPMENT FUND WORKS,2019-2020|2020-2021|2020-2021|2021-2022,,1330,0,1330
glance2021-22.pdf,67,NJ,412-20-04-00,COUNCILLOR WARD IMPROVEMENT WORKS,2019-2020|2020-2021|2020-2021|2021-2022,3060,54000,0,54000
glance2021-22.pdf,67,NJ,412-40-04-06,ANGANVADI CENTRES,2019-2020|2020-2021|2020-2021|2021-2022,,1000,500,1000
glance2021-22.pdf,67,NJ,412-40-06-04,PUBLIC CONVENIENCE,2019-2020|2020-2021|2020-2021|2021-2022,1025,2000,500,1000
glance2021-22.pdf,67,NJ,412-40-06-05,DHOBIKHANA,2019-2020|2020-2021|2020-2021|2021-2022,,100,100,100
glance2021-22.pdf,67,NJ,412-40-06-08,GYM BUILDING,2019-2020|2020-2021|2020-2021|2021-2022,,100,100,100
glance2021-22.pdf,68,NJ,412-40-06-09,BURIAL GROUND BUILDING,2019-2020|2020-2021|2020-2021|2021-2022,915,2000,500,2000
glance2021-22.pdf,68,NJ,412-40-07-02,CONCRETE ROADS,2019-2020|2020-2021|2020-2021|2021-2022,718,5000,5000,5000
glance2021-22.pdf,68,NJ,412-40-08-02,BLACKTOPPED ROADS,2019-2020|2020-2021|2020-2021|2021-2022,2016,10000,10000,10000
glance2021-22.pdf,68,NJ,412-40-11-00,STORM WATER DRAINS AND CULVERTS,2019-2020|2020-2021|2020-2021|2021-2022,517,10000,10000,10000
glance2021-22.pdf,68,NJ,412-40-30-00,MISCELLANEOUS WORKS,2019-2020|2020-2021|2020-2021|2021-2022,7486,15000,15000,20000
glance2021-22.pdf,69,NK,412-10-08-06,TURIF (2018-19),2019-2020|2020-2021|2020-2021|2021-2022,202443,0,35000,0
glance2021-22.pdf,69,NK,412-10-08-07,TURIF (2019-20),2019-2020|2020-2021|2020-2021|2021-2022,,67300,130000,0
glance2021-22.pdf,69,NK,412-10-08-08,TURIF (2020-21),2019-2020|2020-2021|2020-2021|2021-2022,,0,100000,80000
glance2021-22.pdf,69,NK,412-20-03-00,MAYOR SPECIAL DEVELOPMENT FUND WORKS,2019-2020|2020-2021|2020-2021|2021-2022,,1330,0,1330
glance2021-22.pdf,69,NK,412-20-04-00,COUNCILLOR WARD IMPROVEMENT WORKS,2019-2020|2020-2021|2020-2021|2021-2022,,48000,0,48000
glance2021-22.pdf,69,NK,412-40-04-06,ANGANVADI CENTRES,2019-2020|2020-2021|2020-2021|2021-2022,2053,3000,1000,1000
glance2021-22.pdf,70,NK,412-40-06-04,PUBLIC CONVENIENCE,2019-2020|2020-2021|2020-2021|2021-2022,,1000,1000,1000
glance2021-22.pdf,70,NK,412-40-06-05,DHOBIKHANA,2019-2020|2020-2021|2020-2021|2021-2022,,100,100,100
glance2021-22.pdf,70,NK,412-40-06-08,GYM BUILDING,2019-2020|2020-2021|2020-2021|2021-2022,,100,100,100
glance2021-22.pdf,70,NK,412-40-06-09,BURIAL GROUND BUILDING,2019-2020|2020-2021|2020-2021|2021-2022,2678,5000,1000,2000
glance2021-22.pdf,70,NK,412-40-07-02,CONCRETE ROADS,2019-2020|2020-2021|2020-2021|2021-2022,7543,10000,10000,10000
glance2021-22.pdf,70,NK,412-40-08-02,BLACKTOPPED ROADS,2019-2020|2020-2021|2020-2021|2021-2022,1898,10000,10000,10000
glance2021-22.pdf,70,NK,412-40-11-00,STORM WATER DRAINS AND CULVERTS,2019-2020|2020-2021|2020-2021|2021-2022,13110,15000,10000,10000
glance2021-22.pdf,70,NK,412-40-30-00,MISCELLANEOUS WORKS,2019-2020|2020-2021|2020-2021|2021-2022,18777,20000,20000,20000
glance2021-22.pdf,71,NL,412-10-16-02,CMCDM (2018-19),2019-2020|2020-2021|2020-2021|2021-2022,57418,0,37500,0
glance2021-22.pdf,71,NL,412-10-16-03,CMCDM (2019-20),2019-2020|2020-2021|2020-2021|2021-2022,,8020,18000,0
glance2021-22.pdf,71,NL,412-10-16-04,CMCDM (2020-21),2019-2020|2020-2021|2020-2021|2021-2022,,0,100000,50000
glance2021-22.pdf,71,NL,412-20-03-00,MAYOR SPECIAL DEVELOPMENT FUND WORKS,2019-2020|2020-2021|2020-2021|2021-2022,,1330,0,1330
glance2021-22.pdf,71,NL,412-20-04-00,COUNCILLOR WARD IMPROVEMENT WORKS,2019-2020|2020-2021|2020-2021|2021-2022,,39000,0,39000
glance2021-22.pdf,71,NL,412-40-04-06,ANGANVADI CENTRES,2019-2020|2020-2021|2020-2021|2021-2022,1129,1000,1000,1000
glance2021-22.pdf,71,NL,412-40-06-04,PUBLIC CONVENIENCE,2019-2020|2020-2021|2020-2021|2021-2022,480,1000,500,1000
glance2021-22.pdf,71,NL,412-40-06-05,DHOBIKHANA,2019-2020|2020-2021|2020-2021|2021-2022,,100,100,100
glance2021-22.pdf,72,NL,412-40-06-08,GYM BUILDING,2019-2020|2020-2021|2020-2021|2021-2022,1397,2000,2000,2000
glance2021-22.pdf,72,NL,412-40-06-09,BURIAL GROUND BUILDING,2019-2020|2020-2021|2020-2021|2021-2022,2007,5000,7000,10000
glance2021-22.pdf,72,NL,412-40-07-02,CONCRETE ROADS,2019-2020|2020-2021|2020-2021|2021-2022,1361,10000,10000,10000
glance2021-22.pdf,72,NL,412-40-08-02,BLACKTOPPED ROADS,2019-2020|2020-2021|2020-2021|2021-2022,4352,10000,10000,10000
glance2021-22.pdf,72,NL,412-40-11-00,STORM WATER DRAINS AND CULVERTS,2019-2020|2020-2021|2020-2021|2021-2022,2475,7500,7500,7500
glance2021-22.pdf,72,NL,412-40-30-00,MISCELLANEOUS WORKS,2019-2020|2020-2021|2020-2021|2021-2022,14803,20000,20000,20000
glance2021-22.pdf,73,NM,412-10-16-02,CMCDM (2018-19),2019-2020|2020-2021|2020-2021|2021-2022,123380,0,25000,0
glance2021-22.pdf,73,NM,412-10-16-03,CMCDM (2019-20),2019-2020|2020-2021|2020-2021|2021-2022,,77920,160000,0
glance2021-22.pdf,73,NM,412-10-16-04,CMCDM (2020-21),2019-2020|2020-2021|2020-2021|2021-2022,,0,71000,0
glance2021-22.pdf,73,NM,412-20-03-00,MAYOR SPECIAL DEVELOPMENT FUND WORKS,2019-2020|2020-2021|2020-2021|2021-2022,,1330,0,1330
glance2021-22.pdf,73,NM,412-20-04-00,COUNCILLOR WARD IMPROVEMENT WORKS,2019-2020|2020-2021|2020-2021|2021-2022,,36000,0,36000
glance2021-22.pdf,73,NM,412-40-04-06,ANGANVADI CENTRES,2019-2020|2020-2021|2020-2021|2021-2022,1463,2500,1000,1000
glance2021-22.pdf,73,NM,412-40-06-04,PUBLIC CONVENIENCE,2019-2020|2020-2021|2020-2021|2021-2022,,1000,500,1000
glance2021-22.pdf,74,NM,412-40-06-08,GYM BUILDING,2019-2020|2020-2021|2020-2021|2021-2022,626,2500,2500,2500
glance2021-22.pdf,74,NM,412-40-06-09,BURIAL GROUND BUILDING,2019-2020|2020-2021|2020-2021|2021-2022,592,1000,1000,1000
glance2021-22.pdf,74,NM,412-40-07-02,CONCRETE ROADS,2019-2020|2020-2021|2020-2021|2021-2022,,10000,10000,10000
glance2021-22.pdf,74,NM,412-40-08-02,BLACKTOPPED ROADS,2019-2020|2020-2021|2020-2021|2021-2022,7710,10000,10000,10000
glance2021-22.pdf,74,NM,412-40-11-00,STORM WATER DRAINS AND CULVERTS,2019-2020|2020-2021|2020-2021|2021-2022,1391,2000,2000,2000
glance2021-22.pdf,74,NM,412-40-30-00,MISCELLANEOUS WORKS,2019-2020|2020-2021|2020-2021|2021-2022,9274,10000,15000,20000
glance2021-22.pdf,75,NN,412-10-08-06,TURIF (2018-19),2019-2020|2020-2021|2020-2021|2021-2022,225643,0,9800,0
glance2021-22.pdf,75,NN,412-10-08-07,TURIF (2019-20),2019-2020|2020-2021|2020-2021|2021-2022,,26750,54000,0
glance2021-22.pdf,75,NN,412-10-08-08,TURIF (2020-21),2019-2020|2020-2021|2020-2021|2021-2022,,0,100000,50000
glance2021-22.pdf,75,NN,412-10-17-01,SBM-SWM INFRASTRUCTURE,2019-2020|2020-2021|2020-2021|2021-2022,9544,0,20000,0
glance2021-22.pdf,75,NN,412-20-03-00,MAYOR SPECIAL DEVELOPMENT FUND WORKS,2019-2020|2020-2021|2020-2021|2021-2022,,1330,0,1330
glance2021-22.pdf,75,NN,412-20-04-00,COUNCILLOR WARD IMPROVEMENT WORKS,2019-2020|2020-2021|2020-2021|2021-2022,533,39000,0,39000
glance2021-22.pdf,75,NN,412-40-04-06,ANGANVADI CENTRES,2019-2020|2020-2021|2020-2021|2021-2022,999,1000,1000,1000
glance2021-22.pdf,75,NN,412-40-06-04,PUBLIC CONVENIENCE,2019-2020|2020-2021|2020-2021|2021-2022,2427,5000,1000,2000
glance2021-22.pdf,76,NN,412-40-06-08,GYM BUILDING,2019-2020|2020-2021|2020-2021|2021-2022,2815,3000,3000,3000
glance2021-22.pdf,76,NN,412-40-06-09,BURIAL GROUND BUILDING,2019-2020|2020-2021|2020-2021|2021-2022,3730,5000,2000,2000
glance2021-22.pdf,76,NN,412-40-07-02,CONCRETE ROADS,2019-2020|2020-2021|2020-2021|2021-2022,1160,5000,5000,5000
glance2021-22.pdf,76,NN,412-40-08-02,BLACKTOPPED ROADS,2019-2020|2020-2021|2020-2021|2021-2022,24435,25000,10000,20000
glance2021-22.pdf,76,NN,412-40-11-00,STORM WATER DRAINS AND CULVERTS,2019-2020|2020-2021|2020-2021|2021-2022,23632,30000,10000,20000
glance2021-22.pdf,76,NN,412-40-30-00,MISCELLANEOUS WORKS,2019-2020|2020-2021|2020-2021|2021-2022,22394,30000,10000,20000
glance2021-22.pdf,77,NP,412-10-08-06,TURIF (2018-19),2019-2020|2020-2021|2020-2021|2021-2022,27286,0,13000,0
glance2021-22.pdf,77,NP,412-10-16-02,CMCDM (2018-19),2019-2020|2020-2021|2020-2021|2021-2022,58882,0,100,0
glance2021-22.pdf,77,NP,412-10-16-03,CMCDM (2019-20),2019-2020|2020-2021|2020-2021|2021-2022,,26210,52500,0
glance2021-22.pdf,77,NP,412-10-16-04,CMCDM (2020-21),2019-2020|2020-2021|2020-2021|2021-2022,,0,300000,250000
glance2021-22.pdf,77,NP,412-10-17-01,SBM-SWM INFRASTRUCTURE,2019-2020|2020-2021|2020-2021|2021-2022,7885,0,1500,0
glance2021-22.pdf,77,NP,412-20-03-00,MAYOR SPECIAL DEVELOPMENT FUND WORKS,2019-2020|2020-2021|2020-2021|2021-2022,,1355,0,1355
glance2021-22.pdf,77,NP,412-20-04-00,COUNCILLOR WARD IMPROVEMENT WORKS,2019-2020|2020-2021|2020-2021|2021-2022,,33000,0,33000
glance2021-22.pdf,77,NP,412-40-04-06,ANGANVADI CENTRES,2019-2020|2020-2021|2020-2021|2021-2022,65,500,500,500
glance2021-22.pdf,77,NP,412-40-06-04,PUBLIC CONVENIENCE,2019-2020|2020-2021|2020-2021|2021-2022,,500,500,500
glance2021-22.pdf,78,NP,412-40-06-08,GYM BUILDING,2019-2020|2020-2021|2020-2021|2021-2022,851,2000,1000,2000
glance2021-22.pdf,78,NP,412-40-06-09,BURIAL GROUND BUILDING,2019-2020|2020-2021|2020-2021|2021-2022,854,2000,1000,2000
glance2021-22.pdf,78,NP,412-40-07-02,CONCRETE ROADS,2019-2020|2020-2021|2020-2021|2021-2022,97,5000,5000,5000
glance2021-22.pdf,78,NP,412-40-08-02,BLACKTOPPED ROADS,2019-2020|2020-2021|2020-2021|2021-2022,6329,10000,5000,10000
glance2021-22.pdf,78,NP,412-40-11-00,STORM WATER DRAINS AND CULVERTS,2019-2020|2020-2021|2020-2021|2021-2022,,5000,5000,5000
glance2021-22.pdf,78,NP,412-40-30-00,MISCELLANEOUS WORKS,2019-2020|2020-2021|2020-2021|2021-2022,28257,30000,20000,30000
glance2021-22.pdf,79,NQ,412-10-16-02,CMCDM (2018-19),2019-2020|2020-2021|2020-2021|2021-2022,201299,0,56500,0
glance2021-22.pdf,79,NQ,412-10-16-03,CMCDM (2019-20),2019-2020|2020-2021|2020-2021|2021-2022,,97770,199000,0
glance2021-22.pdf,79,NQ,412-10-16-04,CMCDM (2020-21),2019-2020|2020-2021|2020-2021|2021-2022,,0,150000,70000
glance2021-22.pdf,79,NQ,412-10-17-01,SBM-SWM INFRASTRUCTURE,2019-2020|2020-2021|2020-2021|2021-2022,7520,0,2000,0
glance2021-22.pdf,79,NQ,412-20-03-00,MAYOR SPECIAL DEVELOPMENT FUND WORKS,2019-2020|2020-2021|2020-2021|2021-2022,,1400,0,1400
glance2021-22.pdf,79,NQ,412-20-04-00,COUNCILLOR WARD IMPROVEMENT WORKS,2019-2020|2020-2021|2020-2021|2021-2022,,27000,0,27000
glance2021-22.pdf,79,NQ,412-40-04-06,ANGANVADI CENTRES,2019-2020|2020-2021|2020-2021|2021-2022,958,2000,1000,2000
glance2021-22.pdf,79,NQ,412-40-06-04,PUBLIC CONVENIENCE,2019-2020|2020-2021|2020-2021|2021-2022,662,2000,1000,2000
glance2021-22.pdf,80,NQ,412-40-06-08,GYM BUILDING,2019-2020|2020-2021|2020-2021|2021-2022,359,1000,1000,1000
glance2021-22.pdf,80,NQ,412-40-06-09,BURIAL GROUND BUILDING,2019-2020|2020-2021|2020-2021|2021-2022,3469,5000,3000,5000
glance2021-22.pdf,80,NQ,412-40-07-02,CONCRETE ROADS,2019-2020|2020-2021|2020-2021|2021-2022,3697,10000,10000,10000
glance2021-22.pdf,80,NQ,412-40-08-02,BLACKTOPPED ROADS,2019-2020|2020-2021|2020-2021|2021-2022,10779,20000,10000,20000
glance2021-22.pdf,80,NQ,412-40-11-00,STORM WATER DRAINS AND CULVERTS,2019-2020|2020-2021|2020-2021|2021-2022,4011,5000,5000,5000
glance2021-22.pdf,80,NQ,412-40-30-00,MISCELLANEOUS WORKS,2019-2020|2020-2021|2020-2021|2021-2022,21448,30000,20000,30000
glance2021-22.pdf,96,NA,410-40-10-00,TECHNICAL LABORATORY EQUIPMENTS,2019-2020|2020-2021|2020-2021|2021-2022,,100,100,100
glance2021-22.pdf,96,NA,410-40-12-00,TREE CUTTING EQUIPMENTS,2019-2020|2020-2021|2020-2021|2021-2022,,100,100,100
glance2021-22.pdf,96,NA,410-40-14-00,DEWATERING PUMPS,2019-2020|2020-2021|2020-2021|2021-2022,,100,100,100
glance2021-22.pdf,96,NA,410-40-22-00,PLASTIC SHREDDING MACHINE,2019-2020|2020-2021|2020-2021|2021-2022,,100,100,100
glance2021-22.pdf,96,NA,410-40-23-02,AMMA UNAVAGAM EQUIPMENTS,2019-2020|2020-2021|2020-2021|2021-2022,,100,100,100
glance2021-22.pdf,96,NA,410-70-01-00,CHAIR,2019-2020|2020-2021|2020-2021|2021-2022,,100,100,100
glance2021-22.pdf,96,NA,410-70-02-00,TABLE,2019-2020|2020-2021|2020-2021|2021-2022,,100,100,100
glance2021-22.pdf,96,NA,410-70-03-00,BUREAUS &amp; RACKS,2019-2020|2020-2021|2020-2021|2021-2022,,100,100,100
glance2021-22.pdf,96,NA,410-80-00-00,OTHER FIXED ASSETS,2019-2020|2020-2021|2020-2021|2021-2022,,500,500,500
glance2021-22.pdf,97,NB,410-40-12-00,TREE CUTTING EQUIPMENTS,2019-2020|2020-2021|2020-2021|2021-2022,,100,100,100
glance2021-22.pdf,97,NB,410-40-15-00,GENERATORS,2019-2020|2020-2021|2020-2021|2021-2022,,100,100,100
glance2021-22.pdf,97,NB,410-40-22-00,PLASTIC SHREDDING MACHINE,2019-2020|2020-2021|2020-2021|2021-2022,,100,100,100
glance2021-22.pdf,97,NB,410-40-23-02,AMMA UNAVAGAM EQUIPMENTS,2019-2020|2020-2021|2020-2021|2021-2022,,100,100,100
glance2021-22.pdf,97,NB,410-70-01-00,CHAIR,2019-2020|2020-2021|2020-2021|2021-2022,,100,100,100
glance2021-22.pdf,97,NB,410-70-02-00,TABLE,2019-2020|2020-2021|2020-2021|2021-2022,,100,100,100
glance2021-22.pdf,97,NB,410-70-03-00,BUREAUS &amp; RACKS,2019-2020|2020-2021|2020-2021|2021-2022,,100,100,100
glance2021-22.pdf,97,NB,410-80-00-00,OTHER FIXED ASSETS,2019-2020|2020-2021|2020-2021|2021-2022,,500,500,500
glance2021-22.pdf,98,NC,410-40-12-00,TREE CUTTING EQUIPMENTS,2019-2020|2020-2021|2020-2021|2021-2022,,100,100,100
glance2021-22.pdf,98,NC,410-40-15-00,GENERATORS,2019-2020|2020-2021|2020-2021|2021-2022,,100,100,100
glance2021-22.pdf,98,NC,410-40-22-00,PLASTIC SHREDDING MACHINE,2019-2020|2020-2021|2020-2021|2021-2022,,100,100,100
glance2021-22.pdf,98,NC,410-40-23-02,AMMA UNAVAGAM EQUIPMENTS,2019-2020|2020-2021|2020-2021|2021-2022,,100,100,100
glance2021-22.pdf,98,NC,410-60-09-00,AIR CONDITIONER,2019-2020|2020-2021|2020-2021|2021-2022,,100,100,100
glance2021-22.pdf,98,NC,410-70-01-00,CHAIR,2019-2020|2020-2021|2020-2021|2021-2022,,100,100,100
glance2021-22.pdf,98,NC,410-70-02-00,TABLE,2019-2020|2020-2021|2020-2021|2021-2022,,100,100,100
glance2021-22.pdf,98,NC,410-70-03-00,BUREAUS &amp; RACKS,2019-2020|2020-2021|2020-2021|2021-2022,,100,100,100
glance2021-22.pdf,98,NC,410-80-00-00,OTHER FIXED ASSETS,2019-2020|2020-2021|2020-2021|2021-2022,,500,500,500
glance2021-22.pdf,99,ND,410-40-12-00,TREE CUTTING EQUIPMENTS,2019-2020|2020-2021|2020-2021|2021-2022,,100,100,100
glance2021-22.pdf,99,ND,410-40-22-00,PLASTIC SHREDDING MACHINE,2019-2020|2020-2021|2020-2021|2021-2022,,100,100,100
glance2021-22.pdf,99,ND,410-40-23-02,AMMA UNAVAGAM EQUIPMENTS,2019-2020|2020-2021|2020-2021|2021-2022,,100,100,100
glance2021-22.pdf,99,ND,410-70-01-00,CHAIR,2019-2020|2020-2021|2020-2021|2021-2022,,100,100,100
glance2021-22.pdf,99,ND,410-70-02-00,TABLE,2019-2020|2020-2021|2020-2021|2021-2022,,100,100,100
glance2021-22.pdf,99,ND,410-70-03-00,BUREAUS &amp; RACKS,2019-2020|2020-2021|2020-2021|2021-2022,,100,100,100
glance2021-22.pdf,99,ND,410-80-00-00,OTHER FIXED ASSETS,2019-2020|2020-2021|2020-2021|2021-2022,,500,500,500
glance2021-22.pdf,100,NE,410-40-13-00,GYM EQUIPMENTS,2019-2020|2020-2021|2020-2021|2021-2022,,100,100,100
glance2021-22.pdf,100,NE,410-40-22-00,PLASTIC SHREDDING MACHINE,2019-2020|2020-2021|2020-2021|2021-2022,,100,100,100
glance2021-22.pdf,100,NE,410-40-23-02,AMMA UNAVAGAM EQUIPMENTS,2019-2020|2020-2021|2020-2021|2021-2022,,100,100,100
glance2021-22.pdf,100,NE,410-70-01-00,CHAIR,2019-2020|2020-2021|2020-2021|2021-2022,,100,100,100
glance2021-22.pdf,100,NE,410-70-02-00,TABLE,2019-2020|2020-2021|2020-2021|2021-2022,,100,100,100
glance2021-22.pdf,100,NE,410-70-03-00,BUREAUS &amp; RACKS,2019-2020|2020-2021|2020-2021|2021-2022,,100,100,100
glance2021-22.pdf,100,NE,410-80-00-00,OTHER FIXED ASSETS,2019-2020|2020-2021|2020-2021|2021-2022,,1000,1000,1000
glance2021-22.pdf,101,NF,410-40-12-00,TREE CUTTING EQUIPMENTS,2019-2020|2020-2021|2020-2021|2021-2022,,100,100,100
glance2021-22.pdf,101,NF,410-40-13-00,GYM EQUIPMENTS,2019-2020|2020-2021|2020-2021|2021-2022,,100,100,100
glance2021-22.pdf,101,NF,410-40-22-00,PLASTIC SHREDDING MACHINE,2019-2020|2020-2021|2020-2021|2021-2022,,100,100,100
glance2021-22.pdf,101,NF,410-40-23-02,AMMA UNAVAGAM EQUIPMENTS,2019-2020|2020-2021|2020-2021|2021-2022,,100,100,100
glance2021-22.pdf,101,NF,410-60-09-00,AIR CONDITIONER,2019-2020|2020-2021|2020-2021|2021-2022,321,100,100,100
glance2021-22.pdf,101,NF,410-70-01-00,CHAIR,2019-2020|2020-2021|2020-2021|2021-2022,,100,100,100
glance2021-22.pdf,101,NF,410-70-02-00,TABLE,2019-2020|2020-2021|2020-2021|2021-2022,,100,100,100
glance2021-22.pdf,101,NF,410-70-03-00,BUREAUS &amp; RACKS,2019-2020|2020-2021|2020-2021|2021-2022,,100,100,100
glance2021-22.pdf,101,NF,410-70-06-00,ELECTRICAL FITTINGS,2019-2020|2020-2021|2020-2021|2021-2022,,100,100,100
glance2021-22.pdf,101,NF,410-80-00-00,OTHER FIXED ASSETS,2019-2020|2020-2021|2020-2021|2021-2022,,500,500,500
glance2021-22.pdf,102,NG,410-40-22-00,,2019-2020|2020-2021|2020-2021|2021-2022,,100,100,100
glance2021-22.pdf,102,NG,410-40-23-02,AMMA UNAVAGAM EQUIPMENTS,2019-2020|2020-2021|2020-2021|2021-2022,,100,100,100
glance2021-22.pdf,102,NG,410-70-01-00,CHAIR,2019-2020|2020-2021|2020-2021|2021-2022,,100,100,100
glance2021-22.pdf,102,NG,410-70-02-00,TABLE,2019-2020|2020-2021|2020-2021|2021-2022,,100,100,100
glance2021-22.pdf,102,NG,410-70-03-00,BUREAUS &amp; RACKS,2019-2020|2020-2021|2020-2021|2021-2022,,100,100,100
glance2021-22.pdf,102,NG,410-80-00-00,OTHER FIXED ASSETS,2019-2020|2020-2021|2020-2021|2021-2022,17,100,100,100
glance2021-22.pdf,103,NH,410-40-10-00,TECHNICAL LABORATORY EQUIPMENTS,2019-2020|2020-2021|2020-2021|2021-2022,,100,100,100
glance2021-22.pdf,103,NH,410-40-12-00,TREE CUTTING EQUIPMENTS,2019-2020|2020-2021|2020-2021|2021-2022,,0,120,100
glance2021-22.pdf,103,NH,410-40-22-00,PLASTIC SHREDDING MACHINE,2019-2020|2020-2021|2020-2021|2021-2022,3331,1000,1000,1000
glance2021-22.pdf,103,NH,410-40-23-02,AMMA UNAVAGAM EQUIPMENTS,2019-2020|2020-2021|2020-2021|2021-2022,,100,100,100
glance2021-22.pdf,103,NH,410-60-09-00,AIR CONDITIONER,2019-2020|2020-2021|2020-2021|2021-2022,,100,100,100
glance2021-22.pdf,103,NH,410-70-01-00,CHAIR,2019-2020|2020-2021|2020-2021|2021-2022,,100,100,100
glance2021-22.pdf,103,NH,410-70-02-00,TABLE,2019-2020|2020-2021|2020-2021|2021-2022,,100,100,100
glance2021-22.pdf,103,NH,410-70-03-00,BUREAUS &amp; RACKS,2019-2020|2020-2021|2020-2021|2021-2022,,100,100,100
glance2021-22.pdf,103,NH,410-70-08-00,INVERTORS,2019-2020|2020-2021|2020-2021|2021-2022,,100,100,100
glance2021-22.pdf,103,NH,410-80-00-00,OTHER FIXED ASSETS,2019-2020|2020-2021|2020-2021|2021-2022,820,1000,1000,1000
glance2021-22.pdf,104,NJ,410-40-12-00,TREE CUTTING EQUIPMENTS,2019-2020|2020-2021|2020-2021|2021-2022,,100,100,100
glance2021-22.pdf,104,NJ,410-40-14-00,DEWATERING PUMPS,2019-2020|2020-2021|2020-2021|2021-2022,,100,100,100
glance2021-22.pdf,104,NJ,410-40-22-00,PLASTIC SHREDDING MACHINE,2019-2020|2020-2021|2020-2021|2021-2022,1178,500,500,500
glance2021-22.pdf,104,NJ,410-40-23-02,AMMA UNAVAGAM EQUIPMENTS,2019-2020|2020-2021|2020-2021|2021-2022,,100,100,100
glance2021-22.pdf,104,NJ,410-70-01-00,CHAIR,2019-2020|2020-2021|2020-2021|2021-2022,,100,100,100
glance2021-22.pdf,104,NJ,410-70-02-00,TABLE,2019-2020|2020-2021|2020-2021|2021-2022,,100,100,100
glance2021-22.pdf,104,NJ,410-70-03-00,BUREAUS &amp; RACKS,2019-2020|2020-2021|2020-2021|2021-2022,,100,100,100
glance2021-22.pdf,104,NJ,410-80-00-00,OTHER FIXED ASSETS,2019-2020|2020-2021|2020-2021|2021-2022,326,500,500,500
glance2021-22.pdf,105,NK,410-40-12-00,TREE CUTTING EQUIPMENTS,2019-2020|2020-2021|2020-2021|2021-2022,,100,100,100
glance2021-22.pdf,105,NK,410-40-14-00,DEWATERING PUMPS,2019-2020|2020-2021|2020-2021|2021-2022,,100,100,100
glance2021-22.pdf,105,NK,410-40-22-00,PLASTIC SHREDDING MACHINE,2019-2020|2020-2021|2020-2021|2021-2022,4336,500,500,500
glance2021-22.pdf,105,NK,410-40-23-02,AMMA UNAVAGAM EQUIPMENTS,2019-2020|2020-2021|2020-2021|2021-2022,,100,100,100
glance2021-22.pdf,105,NK,410-70-01-00,CHAIR,2019-2020|2020-2021|2020-2021|2021-2022,,100,100,100
glance2021-22.pdf,105,NK,410-70-02-00,TABLE,2019-2020|2020-2021|2020-2021|2021-2022,,100,100,100
glance2021-22.pdf,105,NK,410-70-03-00,BUREAUS &amp; RACKS,2019-2020|2020-2021|2020-2021|2021-2022,,100,100,100
glance2021-22.pdf,105,NK,410-70-08-00,INVERTORS,2019-2020|2020-2021|2020-2021|2021-2022,,100,100,100
glance2021-22.pdf,105,NK,410-80-00-00,OTHER FIXED ASSETS,2019-2020|2020-2021|2020-2021|2021-2022,364,1000,1000,1000
glance2021-22.pdf,106,NL,410-40-22-00,PLASTIC SHREDDING MACHINE,2019-2020|2020-2021|2020-2021|2021-2022,,50,100,100
glance2021-22.pdf,106,NL,410-40-23-02,AMMA UNAVAGAM EQUIPMENTS,2019-2020|2020-2021|2020-2021|2021-2022,,100,100,100
glance2021-22.pdf,106,NL,410-70-01-00,CHAIR,2019-2020|2020-2021|2020-2021|2021-2022,,100,100,100
glance2021-22.pdf,106,NL,410-70-02-00,TABLE,2019-2020|2020-2021|2020-2021|2021-2022,,100,100,100
glance2021-22.pdf,106,NL,410-70-03-00,BUREAUS &amp; RACKS,2019-2020|2020-2021|2020-2021|2021-2022,,100,100,100
glance2021-22.pdf,106,NL,410-80-00-00,OTHER FIXED ASSETS,2019-2020|2020-2021|2020-2021|2021-2022,,1000,500,500
glance2021-22.pdf,107,NM,410-40-12-00,TREE CUTTING EQUIPMENTS,2019-2020|2020-2021|2020-2021|2021-2022,,100,100,100
glance2021-22.pdf,107,NM,410-40-22-00,PLASTIC SHREDDING MACHINE,2019-2020|2020-2021|2020-2021|2021-2022,,100,100,100
glance2021-22.pdf,107,NM,410-40-23-02,AMMA UNAVAGAM EQUIPMENTS,2019-2020|2020-2021|2020-2021|2021-2022,,100,100,100
glance2021-22.pdf,107,NM,410-70-01-00,CHAIR,2019-2020|2020-2021|2020-2021|2021-2022,,100,100,100
glance2021-22.pdf,107,NM,410-70-02-00,TABLE,2019-2020|2020-2021|2020-2021|2021-2022,66,100,100,100
glance2021-22.pdf,107,NM,410-70-03-00,BUREAUS &amp; RACKS,2019-2020|2020-2021|2020-2021|2021-2022,84,100,100,100
glance2021-22.pdf,107,NM,410-80-00-00,OTHER FIXED ASSETS,2019-2020|2020-2021|2020-2021|2021-2022,178,500,500,500
glance2021-22.pdf,108,NN,410-40-12-00,TREE CUTTING EQUIPMENTS,2019-2020|2020-2021|2020-2021|2021-2022,,100,100,100
glance2021-22.pdf,108,NN,410-40-22-00,PLASTIC SHREDDING MACHINE,2019-2020|2020-2021|2020-2021|2021-2022,,100,100,100
glance2021-22.pdf,108,NN,410-40-23-02,AMMA UNAVAGAM EQUIPMENTS,2019-2020|2020-2021|2020-2021|2021-2022,,500,500,500
glance2021-22.pdf,108,NN,410-60-09-00,AIR CONDITIONER,2019-2020|2020-2021|2020-2021|2021-2022,,100,100,100
glance2021-22.pdf,108,NN,410-70-01-00,CHAIR,2019-2020|2020-2021|2020-2021|2021-2022,,100,100,100
glance2021-22.pdf,108,NN,410-70-02-00,TABLE,2019-2020|2020-2021|2020-2021|2021-2022,,100,100,100
glance2021-22.pdf,108,NN,410-70-03-00,BUREAUS &amp; RACKS,2019-2020|2020-2021|2020-2021|2021-2022,,100,100,100
glance2021-22.pdf,108,NN,410-80-00-00,OTHER FIXED ASSETS,2019-2020|2020-2021|2020-2021|2021-2022,590,2000,1000,1000
glance2021-22.pdf,109,NP,410-40-10-00,TECHNICAL LABORATORY EQUIPMENTS,2019-2020|2020-2021|2020-2021|2021-2022,,100,100,100
glance2021-22.pdf,109,NP,410-40-14-00,DEWATERING PUMPS,2019-2020|2020-2021|2020-2021|2021-2022,,100,100,100
glance2021-22.pdf,109,NP,410-40-15-00,GENERATORS,2019-2020|2020-2021|2020-2021|2021-2022,,100,100,100
glance2021-22.pdf,109,NP,410-40-22-00,PLASTIC SHREDDING MACHINE,2019-2020|2020-2021|2020-2021|2021-2022,,100,100,100
glance2021-22.pdf,109,NP,410-40-23-02,AMMA UNAVAGAM EQUIPMENTS,2019-2020|2020-2021|2020-2021|2021-2022,,100,100,100
glance2021-22.pdf,109,NP,410-70-01-00,CHAIR,2019-2020|2020-2021|2020-2021|2021-2022,,100,100,100
glance2021-22.pdf,109,NP,410-70-02-00,TABLE,2019-2020|2020-2021|2020-2021|2021-2022,,100,100,100
glance2021-22.pdf,109,NP,410-70-03-00,BUREAUS &amp; RACKS,2019-2020|2020-2021|2020-2021|2021-2022,,100,100,100
glance2021-22.pdf,109,NP,410-80-00-00,OTHER FIXED ASSETS,2019-2020|2020-2021|2020-2021|2021-2022,50,500,500,500
glance2021-22.pdf,110,NQ,410-40-10-00,TECHNICAL LABORATORY EQUIPMENTS,2019-2020|2020-2021|2020-2021|2021-2022,55,100,100,100
glance2021-22.pdf,110,NQ,410-40-12-00,TREE CUTTING EQUIPMENTS,2019-2020|2020-2021|2020-2021|2021-2022,,100,100,100
glance2021-22.pdf,110,NQ,410-40-14-00,DEWATERING PUMPS,2019-2020|2020-2021|2020-2021|2021-2022,,100,100,100
glance2021-22.pdf,110,NQ,410-40-15-00,GENERATORS,2019-2020|2020-2021|2020-2021|2021-2022,,100,100,100
glance2021-22.pdf,110,NQ,410-40-22-00,PLASTIC SHREDDING MACHINE,2019-2020|2020-2021|2020-2021|2021-2022,,100,100,100
glance2021-22.pdf,110,NQ,410-40-23-02,AMMA UNAVAGAM EQUIPMENTS,2019-2020|2020-2021|2020-2021|2021-2022,,100,100,100
glance2021-22.pdf,110,NQ,410-70-01-00,CHAIR,2019-2020|2020-2021|2020-2021|2021-2022,96,100,100,100
glance2021-22.pdf,110,NQ,410-70-02-00,TABLE,2019-2020|2020-2021|2020-2021|2021-2022,,100,100,100
glance2021-22.pdf,110,NQ,410-70-03-00,BUREAUS &amp; RACKS,2019-2020|2020-2021|2020-2021|2021-2022,,100,100,100
glance2021-22.pdf,110,NQ,410-80-00-00,OTHER FIXED ASSETS,2019-2020|2020-2021|2020-2021|2021-2022,781,1000,1000,1000
glance2022-23.pdf,51,NA,412-10-08-09,TURIF (2021-22),2020-2021|2021-2022|2021-2022|2022-2023,0,0,9690,0
glance2022-23.pdf,51,NA,412-10-15-01,URBAN HEALTH WELLNESS CENTRES,2020-2021|2021-2022|2021-2022|2022-2023,,0,0,12515
glance2022-23.pdf,51,NA,412-10-16-02,CMCDM (2018-19),2020-2021|2021-2022|2021-2022|2022-2023,225,0,0,0
glance2022-23.pdf,51,NA,412-10-16-03,CMCDM (2019-20),2020-2021|2021-2022|2021-2022|2022-2023,42030,0,0,0
glance2022-23.pdf,51,NA,412-10-16-04,CMCDM (2020-21),2020-2021|2021-2022|2021-2022|2022-2023,49385,60000,73600,0
glance2022-23.pdf,51,NA,412-10-17-00,SWACHH BHARAT MISSION,2020-2021|2021-2022|2021-2022|2022-2023,2745,0,0,0
glance2022-23.pdf,51,NA,412-10-17-01,SBM-SWM INFRASTRUCTURE,2020-2021|2021-2022|2021-2022|2022-2023,,0,8000,5000
glance2022-23.pdf,51,NA,412-20-03-00,MAYOR SPECIAL DEVELOPMENT FUND WORKS,2020-2021|2021-2022|2021-2022|2022-2023,,1330,0,1330
glance2022-23.pdf,51,NA,412-20-04-00,COUNCILLOR WARD IMPROVEMENT WORKS,2020-2021|2021-2022|2021-2022|2022-2023,,42000,0,49000
glance2022-23.pdf,51,NA,412-40-04-06,ANGANVADI CENTRES,2020-2021|2021-2022|2021-2022|2022-2023,,5000,100,1000
glance2022-23.pdf,51,NA,412-40-06-04,PUBLIC CONVENIENCE,2020-2021|2021-2022|2021-2022|2022-2023,,5000,100,5000
glance2022-23.pdf,52,NA,412-40-06-05,DHOBIKHANA,2020-2021|2021-2022|2021-2022|2022-2023,,500,100,100
glance2022-23.pdf,52,NA,412-40-06-08,GYM BUILDING,2020-2021|2021-2022|2021-2022|2022-2023,,1000,100,500
glance2022-23.pdf,52,NA,412-40-06-09,BURIAL GROUND BUILDING,2020-2021|2021-2022|2021-2022|2022-2023,,1000,500,1000
glance2022-23.pdf,52,NA,412-40-07-02,CONCRETE ROADS,2020-2021|2021-2022|2021-2022|2022-2023,2300,20000,1200,3000
glance2022-23.pdf,52,NA,412-40-07-07,SPECIAL ROAD PROGRAMME (2020-21),2020-2021|2021-2022|2021-2022|2022-2023,,0,45300,0
glance2022-23.pdf,52,NA,412-40-08-02,BLACK TOPPED ROADS,2020-2021|2021-2022|2021-2022|2022-2023,5310,20000,1000,5000
glance2022-23.pdf,52,NA,412-40-11-00,STORM WATER DRAINS AND CULVERTS,2020-2021|2021-2022|2021-2022|2022-2023,1853,10000,4000,5000
glance2022-23.pdf,52,NA,412-40-30-00,MISCELLANEOUS WORKS,2020-2021|2021-2022|2021-2022|2022-2023,8301,20000,22000,10000
glance2022-23.pdf,53,NB,412-10-08-09,TURIF (2021-22),2020-2021|2021-2022|2021-2022|2022-2023,,0,138400,0
glance2022-23.pdf,53,NB,412-10-15-01,URBAN HEALTH WELLNESS CENTRES,2020-2021|2021-2022|2021-2022|2022-2023,,0,0,5460
glance2022-23.pdf,53,NB,412-10-16-03,CMCDM (2019-20),2020-2021|2021-2022|2021-2022|2022-2023,252216,0,15000,0
glance2022-23.pdf,53,NB,412-10-16-04,CMCDM (2020-21),2020-2021|2021-2022|2021-2022|2022-2023,169642,100000,153000,0
glance2022-23.pdf,53,NB,412-20-03-00,MAYOR SPECIAL DEVELOPMENT FUND WORKS,2020-2021|2021-2022|2021-2022|2022-2023,,1330,0,1330
glance2022-23.pdf,53,NB,412-20-04-00,COUNCILLOR WARD IMPROVEMENT WORKS,2020-2021|2021-2022|2021-2022|2022-2023,,21000,0,24500
glance2022-23.pdf,53,NB,412-40-04-06,ANGANVADI CENTRES,2020-2021|2021-2022|2021-2022|2022-2023,,2000,250,1000
glance2022-23.pdf,53,NB,412-40-06-04,PUBLIC CONVENIENCE,2020-2021|2021-2022|2021-2022|2022-2023,,5000,100,5000
glance2022-23.pdf,53,NB,412-40-06-05,DHOBIKHANA,2020-2021|2021-2022|2021-2022|2022-2023,,500,100,100
glance2022-23.pdf,54,NB,412-40-06-08,GYM BUILDING,2020-2021|2021-2022|2021-2022|2022-2023,,1000,100,500
glance2022-23.pdf,54,NB,412-40-06-09,BURIAL GROUND BUILDING,2020-2021|2021-2022|2021-2022|2022-2023,1650,5000,100,2000
glance2022-23.pdf,54,NB,412-40-07-02,CONCRETE ROADS,2020-2021|2021-2022|2021-2022|2022-2023,,10000,1000,5000
glance2022-23.pdf,54,NB,412-40-08-02,BLACK TOPPED ROADS,2020-2021|2021-2022|2021-2022|2022-2023,1157,20000,1000,8000
glance2022-23.pdf,54,NB,412-40-11-00,STORM WATER DRAINS AND CULVERTS,2020-2021|2021-2022|2021-2022|2022-2023,4540,10000,1000,5000
glance2022-23.pdf,54,NB,412-40-30-00,MISCELLANEOUS WORKS,2020-2021|2021-2022|2021-2022|2022-2023,8561,30000,15000,10000
glance2022-23.pdf,55,NC,412-10-08-09,TURIF (2021-22),2020-2021|2021-2022|2021-2022|2022-2023,,0,60920,0
glance2022-23.pdf,55,NC,412-10-15-01,URBAN HEALTH WELLNESS CENTRES,2020-2021|2021-2022|2021-2022|2022-2023,,0,0,11520
glance2022-23.pdf,55,NC,412-10-16-02,CMCDM (2018-19),2020-2021|2021-2022|2021-2022|2022-2023,50460,0,0,0
glance2022-23.pdf,55,NC,412-10-16-03,CMCDM (2019-20),2020-2021|2021-2022|2021-2022|2022-2023,226343,0,0,0
glance2022-23.pdf,55,NC,412-10-16-04,CMCDM (2020-21),2020-2021|2021-2022|2021-2022|2022-2023,106211,100000,116100,0
glance2022-23.pdf,55,NC,412-20-03-00,MAYOR SPECIAL DEVELOPMENT FUND WORKS,2020-2021|2021-2022|2021-2022|2022-2023,,1330,0,1330
glance2022-23.pdf,55,NC,412-20-04-00,COUNCILLOR WARD IMPROVEMENT WORKS,2020-2021|2021-2022|2021-2022|2022-2023,,36000,0,42000
glance2022-23.pdf,55,NC,412-40-04-06,ANGANVADI CENTRES,2020-2021|2021-2022|2021-2022|2022-2023,5088,5000,2000,2000
glance2022-23.pdf,55,NC,412-40-06-04,PUBLIC CONVENIENCE,2020-2021|2021-2022|2021-2022|2022-2023,988,5000,1000,5000
glance2022-23.pdf,55,NC,412-40-06-05,DHOBIKHANA,2020-2021|2021-2022|2021-2022|2022-2023,,100,100,100
glance2022-23.pdf,55,NC,412-40-06-08,GYM BUILDING,2020-2021|2021-2022|2021-2022|2022-2023,,500,100,500
glance2022-23.pdf,56,NC,412-40-06-09,BURIAL GROUND BUILDING,2020-2021|2021-2022|2021-2022|2022-2023,943,1000,1200,1500
glance2022-23.pdf,56,NC,412-40-07-02,CONCRETE ROADS,2020-2021|2021-2022|2021-2022|2022-2023,1493,10000,100,5000
glance2022-23.pdf,56,NC,412-40-07-07,SPECIAL ROAD PROGRAMME (2020-21),2020-2021|2021-2022|2021-2022|2022-2023,,0,47000,0
glance2022-23.pdf,56,NC,412-40-08-02,BLACK TOPPED ROADS,2020-2021|2021-2022|2021-2022|2022-2023,10448,30000,2000,5000
glance2022-23.pdf,56,NC,412-40-11-00,STORM WATER DRAINS AND CULVERTS,2020-2021|2021-2022|2021-2022|2022-2023,6794,10000,3000,5000
glance2022-23.pdf,56,NC,412-40-30-00,MISCELLANEOUS WORKS,2020-2021|2021-2022|2021-2022|2022-2023,55147,50000,35000,10000
glance2022-23.pdf,57,ND,412-10-08-06,TURIF (2018-19),2020-2021|2021-2022|2021-2022|2022-2023,6429,0,13000,0
glance2022-23.pdf,57,ND,412-10-08-07,TURIF (2019-20),2020-2021|2021-2022|2021-2022|2022-2023,122330,0,3500,0
glance2022-23.pdf,57,ND,412-10-08-08,TURIF (2020-21),2020-2021|2021-2022|2021-2022|2022-2023,109817,80000,86340,0
glance2022-23.pdf,57,ND,412-10-08-09,TURIF (2021-22),2020-2021|2021-2022|2021-2022|2022-2023,,0,134260,0
glance2022-23.pdf,57,ND,412-10-15-01,URBAN HEALTH WELLNESS CENTRES,2020-2021|2021-2022|2021-2022|2022-2023,,0,0,37720
glance2022-23.pdf,57,ND,412-10-17-00,SWACHH BHARAT MISSION,2020-2021|2021-2022|2021-2022|2022-2023,1597,0,0,0
glance2022-23.pdf,57,ND,412-10-17-01,SBM-SWM INFRASTRUCTURE,2020-2021|2021-2022|2021-2022|2022-2023,4020,0,92490,100
glance2022-23.pdf,57,ND,412-20-03-00,MAYOR SPECIAL DEVELOPMENT FUND WORKS,2020-2021|2021-2022|2021-2022|2022-2023,,1330,0,1330
glance2022-23.pdf,57,ND,412-20-04-00,COUNCILLOR WARD IMPROVEMENT WORKS,2020-2021|2021-2022|2021-2022|2022-2023,,45000,0,52500
glance2022-23.pdf,57,ND,412-40-03-02,COMMUNICABLE DISEASE HOSPITAL BUILDING,2020-2021|2021-2022|2021-2022|2022-2023,2963,5000,4000,5000
glance2022-23.pdf,57,ND,412-40-04-06,ANGANVADI CENTRES,2020-2021|2021-2022|2021-2022|2022-2023,,100,100,100
glance2022-23.pdf,57,ND,412-40-06-04,PUBLIC CONVENIENCE,2020-2021|2021-2022|2021-2022|2022-2023,4093,5000,5000,5000
glance2022-23.pdf,58,ND,412-40-06-05,DHOBIKHANA,2020-2021|2021-2022|2021-2022|2022-2023,,1000,100,100
glance2022-23.pdf,58,ND,412-40-06-08,GYM BUILDING,2020-2021|2021-2022|2021-2022|2022-2023,,1000,100,500
glance2022-23.pdf,58,ND,412-40-06-09,BURIAL GROUND BUILDING,2020-2021|2021-2022|2021-2022|2022-2023,,1000,100,1000
glance2022-23.pdf,58,ND,412-40-07-02,CONCRETE ROADS,2020-2021|2021-2022|2021-2022|2022-2023,,5000,1500,2000
glance2022-23.pdf,58,ND,412-40-07-07,SPECIAL ROAD PROGRAMME (2020-21),2020-2021|2021-2022|2021-2022|2022-2023,,0,60335,0
glance2022-23.pdf,58,ND,412-40-08-02,BLACK TOPPED ROADS,2020-2021|2021-2022|2021-2022|2022-2023,1211,10000,10000,10000
glance2022-23.pdf,58,ND,412-40-11-00,STORM WATER DRAINS AND CULVERTS,2020-2021|2021-2022|2021-2022|2022-2023,1192,10000,1200,5000
glance2022-23.pdf,58,ND,412-40-30-00,MISCELLANEOUS WORKS,2020-2021|2021-2022|2021-2022|2022-2023,9504,20000,20000,10000
glance2022-23.pdf,59,NE,412-10-08-06,TURIF (2018-19),2020-2021|2021-2022|2021-2022|2022-2023,16337,0,3000,0
glance2022-23.pdf,59,NE,412-10-08-07,TURIF (2019-20),2020-2021|2021-2022|2021-2022|2022-2023,78437,0,2700,0
glance2022-23.pdf,59,NE,412-10-08-08,TURIF (2020-21),2020-2021|2021-2022|2021-2022|2022-2023,27991,30000,76335,0
glance2022-23.pdf,59,NE,412-10-08-09,TURIF (2021-22),2020-2021|2021-2022|2021-2022|2022-2023,,0,33865,0
glance2022-23.pdf,59,NE,412-10-15-01,URBAN HEALTH WELLNESS CENTRES,2020-2021|2021-2022|2021-2022|2022-2023,,0,0,21880
glance2022-23.pdf,59,NE,412-10-17-00,SWACHH BHARAT MISSION,2020-2021|2021-2022|2021-2022|2022-2023,928,0,0,0
glance2022-23.pdf,59,NE,412-10-17-01,SBM-SWM INFRASTRUCTURE,2020-2021|2021-2022|2021-2022|2022-2023,31418,0,9745,100
glance2022-23.pdf,59,NE,412-20-03-00,MAYOR SPECIAL DEVELOPMENT FUND WORKS,2020-2021|2021-2022|2021-2022|2022-2023,,1330,0,1330
glance2022-23.pdf,59,NE,412-20-04-00,COUNCILLOR WARD IMPROVEMENT WORKS,2020-2021|2021-2022|2021-2022|2022-2023,,45000,0,52500
glance2022-23.pdf,59,NE,412-40-02-00,PARKS AND GARDENS,2020-2021|2021-2022|2021-2022|2022-2023,,0,1835,1000
glance2022-23.pdf,59,NE,412-40-04-06,ANGANVADI CENTRES,2020-2021|2021-2022|2021-2022|2022-2023,1104,5000,3000,3000
glance2022-23.pdf,59,NE,412-40-06-04,PUBLIC CONVENIENCE,2020-2021|2021-2022|2021-2022|2022-2023,4904,5000,3000,5000
glance2022-23.pdf,60,NE,412-40-06-05,DHOBIKHANA,2020-2021|2021-2022|2021-2022|2022-2023,246,500,100,100
glance2022-23.pdf,60,NE,412-40-06-08,GYM BUILDING,2020-2021|2021-2022|2021-2022|2022-2023,,1000,3000,1000
glance2022-23.pdf,60,NE,412-40-06-09,BURIAL GROUND BUILDING,2020-2021|2021-2022|2021-2022|2022-2023,6651,10000,100,5000
glance2022-23.pdf,60,NE,412-40-07-02,CONCRETE ROADS,2020-2021|2021-2022|2021-2022|2022-2023,2575,10000,6000,5000
glance2022-23.pdf,60,NE,412-40-07-07,SPECIAL ROAD PROGRAMME (2020-21),2020-2021|2021-2022|2021-2022|2022-2023,,0,75920,0
glance2022-23.pdf,60,NE,412-40-08-02,BLACK TOPPED ROADS,2020-2021|2021-2022|2021-2022|2022-2023,11484,20000,13000,10000
glance2022-23.pdf,60,NE,412-40-11-00,STORM WATER DRAINS AND CULVERTS,2020-2021|2021-2022|2021-2022|2022-2023,2995,10000,7000,7000
glance2022-23.pdf,60,NE,412-40-30-00,MISCELLANEOUS WORKS,2020-2021|2021-2022|2021-2022|2022-2023,21879,50000,50000,10000
glance2022-23.pdf,61,NF,412-10-08-06,TURIF (2018-19),2020-2021|2021-2022|2021-2022|2022-2023,27658,0,0,0
glance2022-23.pdf,61,NF,412-10-08-07,TURIF (2019-20),2020-2021|2021-2022|2021-2022|2022-2023,44681,0,15000,0
glance2022-23.pdf,61,NF,412-10-08-08,TURIF (2020-21),2020-2021|2021-2022|2021-2022|2022-2023,36323,60000,45000,0
glance2022-23.pdf,61,NF,412-10-08-09,TURIF (2021-22),2020-2021|2021-2022|2021-2022|2022-2023,,0,99190,0
glance2022-23.pdf,61,NF,412-10-15-01,URBAN HEALTH WELLNESS CENTRES,2020-2021|2021-2022|2021-2022|2022-2023,,0,0,27160
glance2022-23.pdf,61,NF,412-10-17-01,SBM-SWM INFRASTRUCTURE,2020-2021|2021-2022|2021-2022|2022-2023,2773,0,2500,0
glance2022-23.pdf,61,NF,412-20-03-00,MAYOR SPECIAL DEVELOPMENT FUND WORKS,2020-2021|2021-2022|2021-2022|2022-2023,,1330,0,1330
glance2022-23.pdf,61,NF,412-20-04-00,COUNCILLOR WARD IMPROVEMENT WORKS,2020-2021|2021-2022|2021-2022|2022-2023,,45000,0,52500
glance2022-23.pdf,61,NF,412-40-01-00,PLAY GROUNDS,2020-2021|2021-2022|2021-2022|2022-2023,,1000,16760,5000
glance2022-23.pdf,61,NF,412-40-02-00,PARKS AND GARDENS,2020-2021|2021-2022|2021-2022|2022-2023,,0,18770,5000
glance2022-23.pdf,61,NF,412-40-03-01,HEALTH DEPARTMENT BUILDINGS,2020-2021|2021-2022|2021-2022|2022-2023,,0,4950,2000
glance2022-23.pdf,61,NF,412-40-04-02,MIDDLE SCHOOL BUILDINGS,2020-2021|2021-2022|2021-2022|2022-2023,,0,2375,0
glance2022-23.pdf,62,NF,412-40-04-06,ANGANVADI CENTRES,2020-2021|2021-2022|2021-2022|2022-2023,1607,5000,4000,3000
glance2022-23.pdf,62,NF,412-40-05-04,WARD OFFICE BUILDINGS,2020-2021|2021-2022|2021-2022|2022-2023,1570,7000,2000,2000
glance2022-23.pdf,62,NF,412-40-06-04,PUBLIC CONVENIENCE,2020-2021|2021-2022|2021-2022|2022-2023,,2000,500,5000
glance2022-23.pdf,62,NF,412-40-06-05,DHOBIKHANA,2020-2021|2021-2022|2021-2022|2022-2023,,1000,4000,100
glance2022-23.pdf,62,NF,412-40-06-06,SLAUGHTER HOUSE,2020-2021|2021-2022|2021-2022|2022-2023,,500,100,100
glance2022-23.pdf,62,NF,412-40-06-08,GYM BUILDING,2020-2021|2021-2022|2021-2022|2022-2023,2123,5000,10630,5000
glance2022-23.pdf,62,NF,412-40-06-09,BURIAL GROUND BUILDING,2020-2021|2021-2022|2021-2022|2022-2023,1450,5000,4000,5000
glance2022-23.pdf,62,NF,412-40-07-02,CONCRETE ROADS,2020-2021|2021-2022|2021-2022|2022-2023,,10000,6000,5000
glance2022-23.pdf,62,NF,412-40-07-07,SPECIAL ROAD PROGRAMME (2020-21),2020-2021|2021-2022|2021-2022|2022-2023,,0,50645,0
glance2022-23.pdf,62,NF,412-40-08-02,BLACK TOPPED ROADS,2020-2021|2021-2022|2021-2022|2022-2023,1043,20000,10000,10000
glance2022-23.pdf,62,NF,412-40-11-00,STORM WATER DRAINS AND CULVERTS,2020-2021|2021-2022|2021-2022|2022-2023,2090,10000,1000,3000
glance2022-23.pdf,62,NF,412-40-30-00,MISCELLANEOUS WORKS,2020-2021|2021-2022|2021-2022|2022-2023,16312,30000,30000,20000
glance2022-23.pdf,63,NG,412-10-08-09,TURIF (2021-22),2020-2021|2021-2022|2021-2022|2022-2023,,0,97735,0
glance2022-23.pdf,63,NG,412-10-15-01,URBAN HEALTH WELLNESS CENTRES,2020-2021|2021-2022|2021-2022|2022-2023,,0,0,14400
glance2022-23.pdf,63,NG,412-10-16-02,CMCDM (2018-19),2020-2021|2021-2022|2021-2022|2022-2023,52749,0,0,0
glance2022-23.pdf,63,NG,412-10-16-03,CMCDM (2019-20),2020-2021|2021-2022|2021-2022|2022-2023,67318,0,0,0
glance2022-23.pdf,63,NG,412-10-16-04,CMCDM (2020-21),2020-2021|2021-2022|2021-2022|2022-2023,112214,130000,225300,0
glance2022-23.pdf,63,NG,412-10-17-01,SBM-SWM INFRASTRUCTURE,2020-2021|2021-2022|2021-2022|2022-2023,5621,0,21725,5000
glance2022-23.pdf,63,NG,412-20-03-00,MAYOR SPECIAL DEVELOPMENT FUND WORKS,2020-2021|2021-2022|2021-2022|2022-2023,,1330,0,1330
glance2022-23.pdf,63,NG,412-20-04-00,COUNCILLOR WARD IMPROVEMENT WORKS,2020-2021|2021-2022|2021-2022|2022-2023,,45000,0,52500
glance2022-23.pdf,63,NG,412-40-04-06,ANGANVADI CENTRES,2020-2021|2021-2022|2021-2022|2022-2023,,2000,100,1000
glance2022-23.pdf,63,NG,412-40-06-04,PUBLIC CONVENIENCE,2020-2021|2021-2022|2021-2022|2022-2023,426,2000,1000,5000
glance2022-23.pdf,64,NG,412-40-06-08,GYM BUILDING,2020-2021|2021-2022|2021-2022|2022-2023,1063,1000,100,500
glance2022-23.pdf,64,NG,412-40-06-09,BURIAL GROUND BUILDING,2020-2021|2021-2022|2021-2022|2022-2023,1262,5000,5000,5000
glance2022-23.pdf,64,NG,412-40-07-02,CONCRETE ROADS,2020-2021|2021-2022|2021-2022|2022-2023,,10000,1000,5000
glance2022-23.pdf,64,NG,412-40-07-07,SPECIAL ROAD PROGRAMME (2020-21),2020-2021|2021-2022|2021-2022|2022-2023,,0,98800,0
glance2022-23.pdf,64,NG,412-40-08-02,BLACK TOPPED ROADS,2020-2021|2021-2022|2021-2022|2022-2023,,20000,1000,5000
glance2022-23.pdf,64,NG,412-40-30-00,MISCELLANEOUS WORKS,2020-2021|2021-2022|2021-2022|2022-2023,5266,10000,10000,10000
glance2022-23.pdf,65,NH,412-10-08-06,TURIF (2018-19),2020-2021|2021-2022|2021-2022|2022-2023,34636,0,240,0
glance2022-23.pdf,65,NH,412-10-08-07,TURIF (2019-20),2020-2021|2021-2022|2021-2022|2022-2023,57894,0,11700,0
glance2022-23.pdf,65,NH,412-10-08-08,TURIF (2020-21),2020-2021|2021-2022|2021-2022|2022-2023,109875,50000,143235,0
glance2022-23.pdf,65,NH,412-10-08-09,TURIF (2021-22),2020-2021|2021-2022|2021-2022|2022-2023,,0,124515,0
glance2022-23.pdf,65,NH,412-10-15-01,URBAN HEALTH WELLNESS CENTRES,2020-2021|2021-2022|2021-2022|2022-2023,,0,0,33700
glance2022-23.pdf,65,NH,412-20-03-00,MAYOR SPECIAL DEVELOPMENT FUND WORKS,2020-2021|2021-2022|2021-2022|2022-2023,,1330,0,1330
glance2022-23.pdf,65,NH,412-20-04-00,COUNCILLOR WARD IMPROVEMENT WORKS,2020-2021|2021-2022|2021-2022|2022-2023,,45000,0,52500
glance2022-23.pdf,65,NH,412-40-04-06,ANGANVADI CENTRES,2020-2021|2021-2022|2021-2022|2022-2023,,1000,1000,1000
glance2022-23.pdf,65,NH,412-40-06-04,PUBLIC CONVENIENCE,2020-2021|2021-2022|2021-2022|2022-2023,5208,5000,2000,5000
glance2022-23.pdf,65,NH,412-40-06-05,DHOBIKHANA,2020-2021|2021-2022|2021-2022|2022-2023,,1000,1000,100
glance2022-23.pdf,66,NH,412-40-06-08,GYM BUILDING,2020-2021|2021-2022|2021-2022|2022-2023,,500,500,500
glance2022-23.pdf,66,NH,412-40-06-09,BURIAL GROUND BUILDING,2020-2021|2021-2022|2021-2022|2022-2023,3517,5000,3000,5000
glance2022-23.pdf,66,NH,412-40-07-02,CONCRETE ROADS,2020-2021|2021-2022|2021-2022|2022-2023,,5000,500,5000
glance2022-23.pdf,66,NH,412-40-07-07,SPECIAL ROAD PROGRAMME (2020-21),2020-2021|2021-2022|2021-2022|2022-2023,,0,152290,0
glance2022-23.pdf,66,NH,412-40-08-02,BLACK TOPPED ROADS,2020-2021|2021-2022|2021-2022|2022-2023,1399,10000,1000,5000
glance2022-23.pdf,66,NH,412-40-11-00,STORM WATER DRAINS AND CULVERTS,2020-2021|2021-2022|2021-2022|2022-2023,757,10000,1000,5000
glance2022-23.pdf,66,NH,412-40-30-00,MISCELLANEOUS WORKS,2020-2021|2021-2022|2021-2022|2022-2023,9353,50000,50000,10000
glance2022-23.pdf,67,NJ,412-10-08-07,TURIF (2019-20),2020-2021|2021-2022|2021-2022|2022-2023,85060,0,37300,0
glance2022-23.pdf,67,NJ,412-10-08-08,TURIF (2020-21),2020-2021|2021-2022|2021-2022|2022-2023,66270,80000,150000,0
glance2022-23.pdf,67,NJ,412-10-08-09,TURIF (2021-22),2020-2021|2021-2022|2021-2022|2022-2023,,0,58065,0
glance2022-23.pdf,67,NJ,412-10-15-01,URBAN HEALTH WELLNESS CENTRES,2020-2021|2021-2022|2021-2022|2022-2023,,0,0,16710
glance2022-23.pdf,67,NJ,412-20-03-00,MAYOR SPECIAL DEVELOPMENT FUND WORKS,2020-2021|2021-2022|2021-2022|2022-2023,,1330,0,1330
glance2022-23.pdf,67,NJ,412-20-04-00,COUNCILLOR WARD IMPROVEMENT WORKS,2020-2021|2021-2022|2021-2022|2022-2023,,54000,0,63000
glance2022-23.pdf,67,NJ,412-40-04-06,ANGANVADI CENTRES,2020-2021|2021-2022|2021-2022|2022-2023,,1000,100,500
glance2022-23.pdf,67,NJ,412-40-06-04,PUBLIC CONVENIENCE,2020-2021|2021-2022|2021-2022|2022-2023,,1000,100,5000
glance2022-23.pdf,67,NJ,412-40-06-05,DHOBIKHANA,2020-2021|2021-2022|2021-2022|2022-2023,,100,100,100
glance2022-23.pdf,67,NJ,412-40-06-08,GYM BUILDING,2020-2021|2021-2022|2021-2022|2022-2023,,100,100,100
glance2022-23.pdf,68,NJ,412-40-06-09,BURIAL GROUND BUILDING,2020-2021|2021-2022|2021-2022|2022-2023,,2000,100,2000
glance2022-23.pdf,68,NJ,412-40-07-02,CONCRETE ROADS,2020-2021|2021-2022|2021-2022|2022-2023,,5000,1000,5000
glance2022-23.pdf,68,NJ,412-40-07-07,SPECIAL ROAD PROGRAMME (2020-21),2020-2021|2021-2022|2021-2022|2022-2023,,0,89015,0
glance2022-23.pdf,68,NJ,412-40-08-02,BLACK TOPPED ROADS,2020-2021|2021-2022|2021-2022|2022-2023,,10000,99000,5000
glance2022-23.pdf,68,NJ,412-40-11-00,STORM WATER DRAINS AND CULVERTS,2020-2021|2021-2022|2021-2022|2022-2023,2370,10000,1000,5000
glance2022-23.pdf,68,NJ,412-40-30-00,MISCELLANEOUS WORKS,2020-2021|2021-2022|2021-2022|2022-2023,22593,20000,10000,10000
glance2022-23.pdf,69,NK,412-10-08-06,TURIF (2018-19),2020-2021|2021-2022|2021-2022|2022-2023,32209,0,0,0
glance2022-23.pdf,69,NK,412-10-08-07,TURIF (2019-20),2020-2021|2021-2022|2021-2022|2022-2023,122621,0,20700,0
glance2022-23.pdf,69,NK,412-10-08-08,TURIF (2020-21),2020-2021|2021-2022|2021-2022|2022-2023,109292,80000,134475,0
glance2022-23.pdf,69,NK,412-10-08-09,TURIF (2021-22),2020-2021|2021-2022|2021-2022|2022-2023,,0,19115,0
glance2022-23.pdf,69,NK,412-10-15-01,URBAN HEALTH WELLNESS CENTRES,2020-2021|2021-2022|2021-2022|2022-2023,,0,0,31650
glance2022-23.pdf,69,NK,412-20-03-00,MAYOR SPECIAL DEVELOPMENT FUND WORKS,2020-2021|2021-2022|2021-2022|2022-2023,,1330,0,1330
glance2022-23.pdf,69,NK,412-20-04-00,COUNCILLOR WARD IMPROVEMENT WORKS,2020-2021|2021-2022|2021-2022|2022-2023,,48000,0,56000
glance2022-23.pdf,70,NK,412-40-04-06,ANGANVADI CENTRES,2020-2021|2021-2022|2021-2022|2022-2023,657,1000,500,500
glance2022-23.pdf,70,NK,412-40-06-04,PUBLIC CONVENIENCE,2020-2021|2021-2022|2021-2022|2022-2023,,1000,1000,5000
glance2022-23.pdf,70,NK,412-40-06-05,DHOBIKHANA,2020-2021|2021-2022|2021-2022|2022-2023,,100,100,100
glance2022-23.pdf,70,NK,412-40-06-08,GYM BUILDING,2020-2021|2021-2022|2021-2022|2022-2023,,100,100,100
glance2022-23.pdf,70,NK,412-40-06-09,BURIAL GROUND BUILDING,2020-2021|2021-2022|2021-2022|2022-2023,1095,2000,100,1000
glance2022-23.pdf,70,NK,412-40-07-02,CONCRETE ROADS,2020-2021|2021-2022|2021-2022|2022-2023,5917,10000,7000,5000
glance2022-23.pdf,70,NK,412-40-07-07,SPECIAL ROAD PROGRAMME (2020-21),2020-2021|2021-2022|2021-2022|2022-2023,,0,46080,0
glance2022-23.pdf,70,NK,412-40-08-02,BLACK TOPPED ROADS,2020-2021|2021-2022|2021-2022|2022-2023,5921,10000,5000,5000
glance2022-23.pdf,70,NK,412-40-11-00,STORM WATER DRAINS AND CULVERTS,2020-2021|2021-2022|2021-2022|2022-2023,8188,10000,6000,8000
glance2022-23.pdf,70,NK,412-40-30-00,MISCELLANEOUS WORKS,2020-2021|2021-2022|2021-2022|2022-2023,43118,20000,21000,10000
glance2022-23.pdf,71,NL,412-10-08-09,TURIF (2021-22),2020-2021|2021-2022|2021-2022|2022-2023,,0,31315,0
glance2022-23.pdf,71,NL,412-10-15-01,URBAN HEALTH WELLNESS CENTRES,2020-2021|2021-2022|2021-2022|2022-2023,,0,0,10290
glance2022-23.pdf,71,NL,412-10-16-02,CMCDM (2018-19),2020-2021|2021-2022|2021-2022|2022-2023,27554,0,0,0
glance2022-23.pdf,71,NL,412-10-16-03,CMCDM (2019-20),2020-2021|2021-2022|2021-2022|2022-2023,17378,0,0,0
glance2022-23.pdf,71,NL,412-10-16-04,CMCDM (2020-21),2020-2021|2021-2022|2021-2022|2022-2023,68826,50000,86800,0
glance2022-23.pdf,71,NL,412-10-17-01,SBM-SWM INFRASTRUCTURE,2020-2021|2021-2022|2021-2022|2022-2023,,0,985,100
glance2022-23.pdf,71,NL,412-20-03-00,MAYOR SPECIAL DEVELOPMENT FUND WORKS,2020-2021|2021-2022|2021-2022|2022-2023,,1330,0,1330
glance2022-23.pdf,71,NL,412-20-04-00,COUNCILLOR WARD IMPROVEMENT WORKS,2020-2021|2021-2022|2021-2022|2022-2023,,39000,0,45500
glance2022-23.pdf,71,NL,412-40-04-06,ANGANVADI CENTRES,2020-2021|2021-2022|2021-2022|2022-2023,377,1000,1000,1000
glance2022-23.pdf,71,NL,412-40-06-04,PUBLIC CONVENIENCE,2020-2021|2021-2022|2021-2022|2022-2023,,1000,500,5000
glance2022-23.pdf,71,NL,412-40-06-05,DHOBIKHANA,2020-2021|2021-2022|2021-2022|2022-2023,,100,100,100
glance2022-23.pdf,72,NL,412-40-06-08,GYM BUILDING,2020-2021|2021-2022|2021-2022|2022-2023,790,2000,1200,1000
glance2022-23.pdf,72,NL,412-40-06-09,BURIAL GROUND BUILDING,2020-2021|2021-2022|2021-2022|2022-2023,5606,10000,6000,7000
glance2022-23.pdf,72,NL,412-40-07-02,CONCRETE ROADS,2020-2021|2021-2022|2021-2022|2022-2023,,10000,2000,5000
glance2022-23.pdf,72,NL,412-40-07-07,SPECIAL ROAD PROGRAMME (2020-21),2020-2021|2021-2022|2021-2022|2022-2023,,0,41645,0
glance2022-23.pdf,72,NL,412-40-08-02,BLACK TOPPED ROADS,2020-2021|2021-2022|2021-2022|2022-2023,5642,10000,3000,5000
glance2022-23.pdf,72,NL,412-40-11-00,STORM WATER DRAINS AND CULVERTS,2020-2021|2021-2022|2021-2022|2022-2023,7968,7500,3000,5000
glance2022-23.pdf,72,NL,412-40-30-00,MISCELLANEOUS WORKS,2020-2021|2021-2022|2021-2022|2022-2023,12359,20000,15000,10000
glance2022-23.pdf,73,NM,412-10-08-09,TURIF (2021-22),2020-2021|2021-2022|2021-2022|2022-2023,,0,17520,0
glance2022-23.pdf,73,NM,412-10-15-01,URBAN HEALTH WELLNESS CENTRES,2020-2021|2021-2022|2021-2022|2022-2023,,0,0,6530
glance2022-23.pdf,73,NM,412-10-16-02,CMCDM (2018-19),2020-2021|2021-2022|2021-2022|2022-2023,20794,0,0,0
glance2022-23.pdf,73,NM,412-10-16-03,CMCDM (2019-20),2020-2021|2021-2022|2021-2022|2022-2023,136165,0,36200,0
glance2022-23.pdf,73,NM,412-10-16-04,CMCDM (2020-21),2020-2021|2021-2022|2021-2022|2022-2023,67588,0,31145,0
glance2022-23.pdf,73,NM,412-20-03-00,MAYOR SPECIAL DEVELOPMENT FUND WORKS,2020-2021|2021-2022|2021-2022|2022-2023,,1330,0,1330
glance2022-23.pdf,73,NM,412-20-04-00,COUNCILLOR WARD IMPROVEMENT WORKS,2020-2021|2021-2022|2021-2022|2022-2023,,36000,0,42000
glance2022-23.pdf,73,NM,412-40-04-06,ANGANVADI CENTRES,2020-2021|2021-2022|2021-2022|2022-2023,,1000,100,1000
glance2022-23.pdf,73,NM,412-40-06-04,PUBLIC CONVENIENCE,2020-2021|2021-2022|2021-2022|2022-2023,,1000,100,5000
glance2022-23.pdf,74,NM,412-40-06-08,GYM BUILDING,2020-2021|2021-2022|2021-2022|2022-2023,1748,2500,100,500
glance2022-23.pdf,74,NM,412-40-06-09,BURIAL GROUND BUILDING,2020-2021|2021-2022|2021-2022|2022-2023,,1000,1000,1000
glance2022-23.pdf,74,NM,412-40-07-02,CONCRETE ROADS,2020-2021|2021-2022|2021-2022|2022-2023,844,10000,1000,5000
glance2022-23.pdf,74,NM,412-40-07-07,SPECIAL ROAD PROGRAMME (2020-21),2020-2021|2021-2022|2021-2022|2022-2023,,0,18095,0
glance2022-23.pdf,74,NM,412-40-08-02,BLACK TOPPED ROADS,2020-2021|2021-2022|2021-2022|2022-2023,2299,10000,1000,5000
glance2022-23.pdf,74,NM,412-40-11-00,STORM WATER DRAINS AND CULVERTS,2020-2021|2021-2022|2021-2022|2022-2023,1855,2000,1500,2000
glance2022-23.pdf,74,NM,412-40-30-00,MISCELLANEOUS WORKS,2020-2021|2021-2022|2021-2022|2022-2023,11500,20000,2000,10000
glance2022-23.pdf,75,NN,412-10-08-06,TURIF (2018-19),2020-2021|2021-2022|2021-2022|2022-2023,4695,0,0,0
glance2022-23.pdf,75,NN,412-10-08-07,TURIF (2019-20),2020-2021|2021-2022|2021-2022|2022-2023,43185,0,17035,0
glance2022-23.pdf,75,NN,412-10-08-08,TURIF (2020-21),2020-2021|2021-2022|2021-2022|2022-2023,108374,50000,57300,0
glance2022-23.pdf,75,NN,412-10-08-09,TURIF (2021-22),2020-2021|2021-2022|2021-2022|2022-2023,,0,13785,0
glance2022-23.pdf,75,NN,412-10-15-01,URBAN HEALTH WELLNESS CENTRES,2020-2021|2021-2022|2021-2022|2022-2023,,0,0,20445
glance2022-23.pdf,75,NN,412-10-17-01,SBM-SWM INFRASTRUCTURE,2020-2021|2021-2022|2021-2022|2022-2023,5042,0,5335,0
glance2022-23.pdf,75,NN,412-20-03-00,MAYOR SPECIAL DEVELOPMENT FUND WORKS,2020-2021|2021-2022|2021-2022|2022-2023,,1330,0,1330
glance2022-23.pdf,75,NN,412-20-04-00,COUNCILLOR WARD IMPROVEMENT WORKS,2020-2021|2021-2022|2021-2022|2022-2023,,39000,0,45500
glance2022-23.pdf,75,NN,412-40-04-06,ANGANVADI CENTRES,2020-2021|2021-2022|2021-2022|2022-2023,394,1000,100,1000
glance2022-23.pdf,75,NN,412-40-06-04,PUBLIC CONVENIENCE,2020-2021|2021-2022|2021-2022|2022-2023,185,2000,1000,5000
glance2022-23.pdf,76,NN,412-40-06-08,GYM BUILDING,2020-2021|2021-2022|2021-2022|2022-2023,2804,3000,1500,800
glance2022-23.pdf,76,NN,412-40-06-09,BURIAL GROUND BUILDING,2020-2021|2021-2022|2021-2022|2022-2023,1175,2000,700,2000
glance2022-23.pdf,76,NN,412-40-07-02,CONCRETE ROADS,2020-2021|2021-2022|2021-2022|2022-2023,2488,5000,3000,5000
glance2022-23.pdf,76,NN,412-40-07-07,SPECIAL ROAD PROGRAMME (2020-21),2020-2021|2021-2022|2021-2022|2022-2023,,0,52075,0
glance2022-23.pdf,76,NN,412-40-08-02,BLACK TOPPED ROADS,2020-2021|2021-2022|2021-2022|2022-2023,5800,20000,80000,5000
glance2022-23.pdf,76,NN,412-40-11-00,STORM WATER DRAINS AND CULVERTS,2020-2021|2021-2022|2021-2022|2022-2023,10085,20000,1000,5000
glance2022-23.pdf,76,NN,412-40-30-00,MISCELLANEOUS WORKS,2020-2021|2021-2022|2021-2022|2022-2023,5976,20000,14000,10000
glance2022-23.pdf,77,NP,412-10-08-06,TURIF (2018-19),2020-2021|2021-2022|2021-2022|2022-2023,10099,0,0,0
glance2022-23.pdf,77,NP,412-10-08-09,TURIF (2021-22),2020-2021|2021-2022|2021-2022|2022-2023,,0,60140,0
glance2022-23.pdf,77,NP,412-10-15-01,URBAN HEALTH WELLNESS CENTRES,2020-2021|2021-2022|2021-2022|2022-2023,,0,0,11425
glance2022-23.pdf,77,NP,412-10-16-03,CMCDM (2019-20),2020-2021|2021-2022|2021-2022|2022-2023,51937,0,0,0
glance2022-23.pdf,77,NP,412-10-16-04,CMCDM (2020-21),2020-2021|2021-2022|2021-2022|2022-2023,192757,250000,408900,0
glance2022-23.pdf,77,NP,412-10-17-01,SBM-SWM INFRASTRUCTURE,2020-2021|2021-2022|2021-2022|2022-2023,459,0,1000,100
glance2022-23.pdf,77,NP,412-20-03-00,MAYOR SPECIAL DEVELOPMENT FUND WORKS,2020-2021|2021-2022|2021-2022|2022-2023,,1355,0,1355
glance2022-23.pdf,77,NP,412-20-04-00,COUNCILLOR WARD IMPROVEMENT WORKS,2020-2021|2021-2022|2021-2022|2022-2023,,33000,0,38500
glance2022-23.pdf,77,NP,412-40-04-06,ANGANVADI CENTRES,2020-2021|2021-2022|2021-2022|2022-2023,,500,100,500
glance2022-23.pdf,77,NP,412-40-06-04,PUBLIC CONVENIENCE,2020-2021|2021-2022|2021-2022|2022-2023,388,500,100,5000
glance2022-23.pdf,78,NP,412-40-06-08,GYM BUILDING,2020-2021|2021-2022|2021-2022|2022-2023,,2000,100,500
glance2022-23.pdf,78,NP,412-40-06-09,BURIAL GROUND BUILDING,2020-2021|2021-2022|2021-2022|2022-2023,,2000,1300,2000
glance2022-23.pdf,78,NP,412-40-07-02,CONCRETE ROADS,2020-2021|2021-2022|2021-2022|2022-2023,,5000,3000,5000
glance2022-23.pdf,78,NP,412-40-07-07,SPECIAL ROAD PROGRAMME (2020-21),2020-2021|2021-2022|2021-2022|2022-2023,,0,129060,0
glance2022-23.pdf,78,NP,412-40-08-02,BLACK TOPPED ROADS,2020-2021|2021-2022|2021-2022|2022-2023,5179,10000,3000,5000
glance2022-23.pdf,78,NP,412-40-11-00,STORM WATER DRAINS AND CULVERTS,2020-2021|2021-2022|2021-2022|2022-2023,1411,5000,1000,5000
glance2022-23.pdf,78,NP,412-40-30-00,MISCELLANEOUS WORKS,2020-2021|2021-2022|2021-2022|2022-2023,9812,30000,10000,10000
glance2022-23.pdf,79,NQ,412-10-08-09,TURIF (2021-22),2020-2021|2021-2022|2021-2022|2022-2023,,0,23785,0
glance2022-23.pdf,79,NQ,412-10-15-01,URBAN HEALTH WELLNESS CENTRES,2020-2021|2021-2022|2021-2022|2022-2023,,0,0,10155
glance2022-23.pdf,79,NQ,412-10-16-02,CMCDM (2018-19),2020-2021|2021-2022|2021-2022|2022-2023,40024,0,0,0
glance2022-23.pdf,79,NQ,412-10-16-03,CMCDM (2019-20),2020-2021|2021-2022|2021-2022|2022-2023,153298,0,62400,0
glance2022-23.pdf,79,NQ,412-10-16-04,CMCDM (2020-21),2020-2021|2021-2022|2021-2022|2022-2023,81214,70000,154200,0
glance2022-23.pdf,79,NQ,412-10-17-01,SBM-SWM INFRASTRUCTURE,2020-2021|2021-2022|2021-2022|2022-2023,865,0,1000,100
glance2022-23.pdf,79,NQ,412-20-03-00,MAYOR SPECIAL DEVELOPMENT FUND WORKS,2020-2021|2021-2022|2021-2022|2022-2023,,1400,0,1355
glance2022-23.pdf,79,NQ,412-20-04-00,COUNCILLOR WARD IMPROVEMENT WORKS,2020-2021|2021-2022|2021-2022|2022-2023,,27000,0,31500
glance2022-23.pdf,79,NQ,412-40-04-06,ANGANVADI CENTRES,2020-2021|2021-2022|2021-2022|2022-2023,,2000,3000,3000
glance2022-23.pdf,79,NQ,412-40-06-04,PUBLIC CONVENIENCE,2020-2021|2021-2022|2021-2022|2022-2023,128,2000,2000,5000
glance2022-23.pdf,79,NQ,412-40-06-08,GYM BUILDING,2020-2021|2021-2022|2021-2022|2022-2023,1007,1000,500,800
glance2022-23.pdf,79,NQ,412-40-06-09,BURIAL GROUND BUILDING,2020-2021|2021-2022|2021-2022|2022-2023,3079,5000,4000,6000
glance2022-23.pdf,80,NQ,412-40-07-02,CONCRETE ROADS,2020-2021|2021-2022|2021-2022|2022-2023,6118,10000,8000,5000
glance2022-23.pdf,80,NQ,412-40-07-07,SPECIAL ROAD PROGRAMME (2020-21),2020-2021|2021-2022|2021-2022|2022-2023,,0,53035,0
glance2022-23.pdf,80,NQ,412-40-08-02,BLACK TOPPED ROADS,2020-2021|2021-2022|2021-2022|2022-2023,8683,20000,6000,5000
glance2022-23.pdf,80,NQ,412-40-11-00,STORM WATER DRAINS AND CULVERTS,2020-2021|2021-2022|2021-2022|2022-2023,1592,5000,5500,5000
glance2022-23.pdf,80,NQ,412-40-30-00,MISCELLANEOUS WORKS,2020-2021|2021-2022|2021-2022|2022-2023,7133,30000,20000,10000
glance2022-23.pdf,95,NA,410-40-10-00,TECHNICAL LABORATORY EQUIPMENTS,2020-2021|2021-2022|2021-2022|2022-2023,,100,100,100
glance2022-23.pdf,95,NA,410-40-12-00,TREE CUTTING EQUIPMENTS,2020-2021|2021-2022|2021-2022|2022-2023,,100,100,100
glance2022-23.pdf,95,NA,410-40-14-00,DEWATERING PUMPS,2020-2021|2021-2022|2021-2022|2022-2023,,100,100,100
glance2022-23.pdf,95,NA,410-40-22-00,PLASTIC SHREDDING MACHINE,2020-2021|2021-2022|2021-2022|2022-2023,,100,100,100
glance2022-23.pdf,95,NA,410-40-23-02,AMMA UNAVAGAM EQUIPMENTS,2020-2021|2021-2022|2021-2022|2022-2023,,100,100,100
glance2022-23.pdf,95,NA,410-70-01-00,CHAIR,2020-2021|2021-2022|2021-2022|2022-2023,,100,100,100
glance2022-23.pdf,95,NA,410-70-02-00,TABLE,2020-2021|2021-2022|2021-2022|2022-2023,,100,100,100
glance2022-23.pdf,95,NA,410-70-03-00,BUREAUS &amp; RACKS,2020-2021|2021-2022|2021-2022|2022-2023,,100,100,100
glance2022-23.pdf,95,NA,410-80-00-00,OTHER FIXED ASSETS,2020-2021|2021-2022|2021-2022|2022-2023,,500,500,500
glance2022-23.pdf,96,NB,410-40-12-00,TREE CUTTING EQUIPMENTS,2020-2021|2021-2022|2021-2022|2022-2023,,100,100,100
glance2022-23.pdf,96,NB,410-40-15-00,GENERATORS,2020-2021|2021-2022|2021-2022|2022-2023,,100,100,100
glance2022-23.pdf,96,NB,410-40-22-00,PLASTIC SHREDDING MACHINE,2020-2021|2021-2022|2021-2022|2022-2023,,100,100,100
glance2022-23.pdf,96,NB,410-40-23-02,AMMA UNAVAGAM EQUIPMENTS,2020-2021|2021-2022|2021-2022|2022-2023,,100,100,100
glance2022-23.pdf,96,NB,410-70-01-00,CHAIR,2020-2021|2021-2022|2021-2022|2022-2023,,100,100,100
glance2022-23.pdf,96,NB,410-70-02-00,TABLE,2020-2021|2021-2022|2021-2022|2022-2023,,100,100,100
glance2022-23.pdf,96,NB,410-70-03-00,BUREAUS &amp; RACKS,2020-2021|2021-2022|2021-2022|2022-2023,,100,100,100
glance2022-23.pdf,96,NB,410-80-00-00,OTHER FIXED ASSETS,2020-2021|2021-2022|2021-2022|2022-2023,,500,500,500
glance2022-23.pdf,97,NC,410-40-12-00,TREE CUTTING EQUIPMENTS,2020-2021|2021-2022|2021-2022|2022-2023,,100,100,100
glance2022-23.pdf,97,NC,410-40-15-00,GENERATORS,2020-2021|2021-2022|2021-2022|2022-2023,,100,100,100
glance2022-23.pdf,97,NC,410-40-22-00,PLASTIC SHREDDING MACHINE,2020-2021|2021-2022|2021-2022|2022-2023,,100,100,100
glance2022-23.pdf,97,NC,410-40-23-02,AMMA UNAVAGAM EQUIPMENTS,2020-2021|2021-2022|2021-2022|2022-2023,,100,100,100
glance2022-23.pdf,97,NC,410-60-09-00,AIR CONDITIONER,2020-2021|2021-2022|2021-2022|2022-2023,,100,100,100
glance2022-23.pdf,97,NC,410-70-01-00,CHAIR,2020-2021|2021-2022|2021-2022|2022-2023,,100,100,100
glance2022-23.pdf,97,NC,410-70-02-00,TABLE,2020-2021|2021-2022|2021-2022|2022-2023,,100,100,100
glance2022-23.pdf,97,NC,410-70-03-00,BUREAUS &amp; RACKS,2020-2021|2021-2022|2021-2022|2022-2023,,100,100,100
glance2022-23.pdf,97,NC,410-80-00-00,OTHER FIXED ASSETS,2020-2021|2021-2022|2021-2022|2022-2023,,500,500,500
glance2022-23.pdf,98,ND,410-40-12-00,TREE CUTTING EQUIPMENTS,2020-2021|2021-2022|2021-2022|2022-2023,,100,100,100
glance2022-23.pdf,98,ND,410-40-22-00,PLASTIC SHREDDING MACHINE,2020-2021|2021-2022|2021-2022|2022-2023,,100,100,100
glance2022-23.pdf,98,ND,410-40-23-02,AMMA UNAVAGAM EQUIPMENTS,2020-2021|2021-2022|2021-2022|2022-2023,,100,100,100
glance2022-23.pdf,98,ND,410-60-08-00,PHOTO COPIER,2020-2021|2021-2022|2021-2022|2022-2023,,0,100,0
glance2022-23.pdf,98,ND,410-70-01-00,CHAIR,2020-2021|2021-2022|2021-2022|2022-2023,,100,100,100
glance2022-23.pdf,98,ND,410-70-02-00,TABLE,2020-2021|2021-2022|2021-2022|2022-2023,,100,100,100
glance2022-23.pdf,98,ND,410-70-03-00,BUREAUS &amp; RACKS,2020-2021|2021-2022|2021-2022|2022-2023,,100,100,100
glance2022-23.pdf,98,ND,410-80-00-00,OTHER FIXED ASSETS,2020-2021|2021-2022|2021-2022|2022-2023,,500,500,500
glance2022-23.pdf,99,NE,410-40-13-00,GYM EQUIPMENTS,2020-2021|2021-2022|2021-2022|2022-2023,,100,100,100
glance2022-23.pdf,99,NE,410-40-22-00,PLASTIC SHREDDING MACHINE,2020-2021|2021-2022|2021-2022|2022-2023,,100,100,100
glance2022-23.pdf,99,NE,410-40-23-02,AMMA UNAVAGAM EQUIPMENTS,2020-2021|2021-2022|2021-2022|2022-2023,,100,100,100
glance2022-23.pdf,99,NE,410-70-01-00,CHAIR,2020-2021|2021-2022|2021-2022|2022-2023,,100,100,100
glance2022-23.pdf,99,NE,410-70-02-00,TABLE,2020-2021|2021-2022|2021-2022|2022-2023,,100,100,100
glance2022-23.pdf,99,NE,410-70-03-00,BUREAUS &amp; RACKS,2020-2021|2021-2022|2021-2022|2022-2023,,100,100,100
glance2022-23.pdf,99,NE,410-80-00-00,OTHER FIXED ASSETS,2020-2021|2021-2022|2021-2022|2022-2023,,1000,1000,1000
glance2022-23.pdf,100,NF,410-40-12-00,TREE CUTTING EQUIPMENTS,2020-2021|2021-2022|2021-2022|2022-2023,,100,100,100
glance2022-23.pdf,100,NF,410-40-13-00,GYM EQUIPMENTS,2020-2021|2021-2022|2021-2022|2022-2023,,100,100,100
glance2022-23.pdf,100,NF,410-40-22-00,PLASTIC SHREDDING MACHINE,2020-2021|2021-2022|2021-2022|2022-2023,,100,100,100
glance2022-23.pdf,100,NF,410-40-23-02,AMMA UNAVAGAM EQUIPMENTS,2020-2021|2021-2022|2021-2022|2022-2023,511,100,100,100
glance2022-23.pdf,100,NF,410-60-09-00,AIR CONDITIONER,2020-2021|2021-2022|2021-2022|2022-2023,,100,100,100
glance2022-23.pdf,100,NF,410-70-01-00,CHAIR,2020-2021|2021-2022|2021-2022|2022-2023,,100,100,100
glance2022-23.pdf,100,NF,410-70-02-00,TABLE,2020-2021|2021-2022|2021-2022|2022-2023,,100,100,100
glance2022-23.pdf,100,NF,410-70-03-00,BUREAUS &amp; RACKS,2020-2021|2021-2022|2021-2022|2022-2023,,100,100,100
glance2022-23.pdf,100,NF,410-70-06-00,ELECTRICAL FITTINGS,2020-2021|2021-2022|2021-2022|2022-2023,,100,100,100
glance2022-23.pdf,100,NF,410-80-00-00,OTHER FIXED ASSETS,2020-2021|2021-2022|2021-2022|2022-2023,,500,1600,600
glance2022-23.pdf,101,NG,410-40-22-00,PLASTIC SHREDDING MACHINE,2020-2021|2021-2022|2021-2022|2022-2023,,100,100,100
glance2022-23.pdf,101,NG,410-40-23-02,AMMA UNAVAGAM EQUIPMENTS,2020-2021|2021-2022|2021-2022|2022-2023,,100,1000,100
glance2022-23.pdf,101,NG,410-70-01-00,CHAIR,2020-2021|2021-2022|2021-2022|2022-2023,,100,100,100
glance2022-23.pdf,101,NG,410-70-02-00,TABLE,2020-2021|2021-2022|2021-2022|2022-2023,,100,100,100
glance2022-23.pdf,101,NG,410-70-03-00,BUREAUS &amp; RACKS,2020-2021|2021-2022|2021-2022|2022-2023,,100,100,100
glance2022-23.pdf,101,NG,410-80-00-00,OTHER FIXED ASSETS,2020-2021|2021-2022|2021-2022|2022-2023,,100,100,100
glance2022-23.pdf,102,NH,410-40-10-00,TECHNICAL LABORATORY EQUIPMENTS,2020-2021|2021-2022|2021-2022|2022-2023,,100,100,100
glance2022-23.pdf,102,NH,410-40-12-00,TREE CUTTING EQUIPMENTS,2020-2021|2021-2022|2021-2022|2022-2023,120,100,100,100
glance2022-23.pdf,102,NH,410-40-22-00,PLASTIC SHREDDING MACHINE,2020-2021|2021-2022|2021-2022|2022-2023,465,1000,1000,1000
glance2022-23.pdf,102,NH,410-40-23-02,AMMA UNAVAGAM EQUIPMENTS,2020-2021|2021-2022|2021-2022|2022-2023,,100,100,100
glance2022-23.pdf,102,NH,410-60-09-00,AIR CONDITIONER,2020-2021|2021-2022|2021-2022|2022-2023,,100,100,100
glance2022-23.pdf,102,NH,410-70-01-00,CHAIR,2020-2021|2021-2022|2021-2022|2022-2023,,100,100,100
glance2022-23.pdf,102,NH,410-70-02-00,TABLE,2020-2021|2021-2022|2021-2022|2022-2023,,100,100,100
glance2022-23.pdf,102,NH,410-70-03-00,BUREAUS &amp; RACKS,2020-2021|2021-2022|2021-2022|2022-2023,,100,100,100
glance2022-23.pdf,102,NH,410-70-08-00,INVERTORS,2020-2021|2021-2022|2021-2022|2022-2023,,100,100,100
glance2022-23.pdf,102,NH,410-80-00-00,OTHER FIXED ASSETS,2020-2021|2021-2022|2021-2022|2022-2023,157,1000,1000,1000
glance2022-23.pdf,103,NJ,410-40-12-00,TREE CUTTING EQUIPMENTS,2020-2021|2021-2022|2021-2022|2022-2023,,100,100,100
glance2022-23.pdf,103,NJ,410-40-14-00,DEWATERING PUMPS,2020-2021|2021-2022|2021-2022|2022-2023,,100,100,100
glance2022-23.pdf,103,NJ,410-40-22-00,PLASTIC SHREDDING MACHINE,2020-2021|2021-2022|2021-2022|2022-2023,,500,500,500
glance2022-23.pdf,103,NJ,410-40-23-02,AMMA UNAVAGAM EQUIPMENTS,2020-2021|2021-2022|2021-2022|2022-2023,,100,100,100
glance2022-23.pdf,103,NJ,410-70-01-00,CHAIR,2020-2021|2021-2022|2021-2022|2022-2023,,100,950,100
glance2022-23.pdf,103,NJ,410-70-02-00,TABLE,2020-2021|2021-2022|2021-2022|2022-2023,,100,350,100
glance2022-23.pdf,103,NJ,410-70-03-00,BUREAUS &amp; RACKS,2020-2021|2021-2022|2021-2022|2022-2023,,100,250,100
glance2022-23.pdf,103,NJ,410-80-00-00,OTHER FIXED ASSETS,2020-2021|2021-2022|2021-2022|2022-2023,,500,150,500
glance2022-23.pdf,104,NK,410-40-12-00,TREE CUTTING EQUIPMENTS,2020-2021|2021-2022|2021-2022|2022-2023,,100,100,100
glance2022-23.pdf,104,NK,410-40-14-00,DEWATERING PUMPS,2020-2021|2021-2022|2021-2022|2022-2023,,100,100,100
glance2022-23.pdf,104,NK,410-40-22-00,PLASTIC SHREDDING MACHINE,2020-2021|2021-2022|2021-2022|2022-2023,,500,500,500
glance2022-23.pdf,104,NK,410-40-23-02,AMMA UNAVAGAM EQUIPMENTS,2020-2021|2021-2022|2021-2022|2022-2023,,100,100,100
glance2022-23.pdf,104,NK,410-70-01-00,CHAIR,2020-2021|2021-2022|2021-2022|2022-2023,,100,100,100
glance2022-23.pdf,104,NK,410-70-02-00,TABLE,2020-2021|2021-2022|2021-2022|2022-2023,,100,100,100
glance2022-23.pdf,104,NK,410-70-03-00,BUREAUS &amp; RACKS,2020-2021|2021-2022|2021-2022|2022-2023,,100,100,100
glance2022-23.pdf,104,NK,410-70-08-00,INVERTORS,2020-2021|2021-2022|2021-2022|2022-2023,,100,100,100
glance2022-23.pdf,104,NK,410-80-00-00,OTHER FIXED ASSETS,2020-2021|2021-2022|2021-2022|2022-2023,160,1000,1000,1000
glance2022-23.pdf,105,NL,410-40-22-00,,2020-2021|2021-2022|2021-2022|2022-2023,,100,100,100
glance2022-23.pdf,105,NL,410-40-23-02,AMMA UNAVAGAM EQUIPMENTS,2020-2021|2021-2022|2021-2022|2022-2023,,100,100,100
glance2022-23.pdf,105,NL,410-70-01-00,CHAIR,2020-2021|2021-2022|2021-2022|2022-2023,,100,100,100
glance2022-23.pdf,105,NL,410-70-02-00,TABLE,2020-2021|2021-2022|2021-2022|2022-2023,,100,100,100
glance2022-23.pdf,105,NL,410-70-03-00,BUREAUS &amp; RACKS,2020-2021|2021-2022|2021-2022|2022-2023,,100,100,100
glance2022-23.pdf,105,NL,410-80-00-00,OTHER FIXED ASSETS,2020-2021|2021-2022|2021-2022|2022-2023,49,500,500,500
glance2022-23.pdf,106,NM,410-40-12-00,TREE CUTTING EQUIPMENTS,2020-2021|2021-2022|2021-2022|2022-2023,,100,100,100
glance2022-23.pdf,106,NM,410-40-22-00,PLASTIC SHREDDING MACHINE,2020-2021|2021-2022|2021-2022|2022-2023,,100,100,100
glance2022-23.pdf,106,NM,410-40-23-02,AMMA UNAVAGAM EQUIPMENTS,2020-2021|2021-2022|2021-2022|2022-2023,,100,100,100
glance2022-23.pdf,106,NM,410-70-01-00,CHAIR,2020-2021|2021-2022|2021-2022|2022-2023,,100,100,100
glance2022-23.pdf,106,NM,410-70-02-00,TABLE,2020-2021|2021-2022|2021-2022|2022-2023,,100,100,100
glance2022-23.pdf,106,NM,410-70-03-00,BUREAUS &amp; RACKS,2020-2021|2021-2022|2021-2022|2022-2023,,100,100,100
glance2022-23.pdf,106,NM,410-80-00-00,OTHER FIXED ASSETS,2020-2021|2021-2022|2021-2022|2022-2023,,500,500,500
glance2022-23.pdf,107,NN,410-40-12-00,TREE CUTTING EQUIPMENTS,2020-2021|2021-2022|2021-2022|2022-2023,,100,100,100
glance2022-23.pdf,107,NN,410-40-22-00,PLASTIC SHREDDING MACHINE,2020-2021|2021-2022|2021-2022|2022-2023,,100,100,100
glance2022-23.pdf,107,NN,410-40-23-02,AMMA UNAVAGAM EQUIPMENTS,2020-2021|2021-2022|2021-2022|2022-2023,,500,500,500
glance2022-23.pdf,107,NN,410-60-09-00,AIR CONDITIONER,2020-2021|2021-2022|2021-2022|2022-2023,,100,100,100
glance2022-23.pdf,107,NN,410-70-01-00,CHAIR,2020-2021|2021-2022|2021-2022|2022-2023,,100,100,100
glance2022-23.pdf,107,NN,410-70-02-00,TABLE,2020-2021|2021-2022|2021-2022|2022-2023,,100,100,100
glance2022-23.pdf,107,NN,410-70-03-00,BUREAUS &amp; RACKS,2020-2021|2021-2022|2021-2022|2022-2023,,100,100,100
glance2022-23.pdf,107,NN,410-80-00-00,OTHER FIXED ASSETS,2020-2021|2021-2022|2021-2022|2022-2023,22,1000,1000,1000
glance2022-23.pdf,108,NP,410-40-10-00,TECHNICAL LABORATORY EQUIPMENTS,2020-2021|2021-2022|2021-2022|2022-2023,,100,100,100
glance2022-23.pdf,108,NP,410-40-14-00,DEWATERING PUMPS,2020-2021|2021-2022|2021-2022|2022-2023,,100,100,100
glance2022-23.pdf,108,NP,410-40-15-00,GENERATORS,2020-2021|2021-2022|2021-2022|2022-2023,,100,100,100
glance2022-23.pdf,108,NP,410-40-22-00,,2020-2021|2021-2022|2021-2022|2022-2023,,100,100,100
glance2022-23.pdf,108,NP,410-40-23-02,AMMA UNAVAGAM EQUIPMENTS,2020-2021|2021-2022|2021-2022|2022-2023,,100,100,100
glance2022-23.pdf,108,NP,410-70-01-00,CHAIR,2020-2021|2021-2022|2021-2022|2022-2023,15,100,100,100
glance2022-23.pdf,108,NP,410-70-02-00,TABLE,2020-2021|2021-2022|2021-2022|2022-2023,9,100,100,100
glance2022-23.pdf,108,NP,410-70-03-00,BUREAUS &amp; RACKS,2020-2021|2021-2022|2021-2022|2022-2023,47,100,100,100
glance2022-23.pdf,108,NP,410-80-00-00,OTHER FIXED ASSETS,2020-2021|2021-2022|2021-2022|2022-2023,,500,500,500
glance2022-23.pdf,109,NQ,410-40-10-00,TECHNICAL LABORATORY EQUIPMENTS,2020-2021|2021-2022|2021-2022|2022-2023,,100,100,100
glance2022-23.pdf,109,NQ,410-40-12-00,TREE CUTTING EQUIPMENTS,2020-2021|2021-2022|2021-2022|2022-2023,,100,100,100
glance2022-23.pdf,109,NQ,410-40-14-00,DEWATERING PUMPS,2020-2021|2021-2022|2021-2022|2022-2023,,100,100,100
glance2022-23.pdf,109,NQ,410-40-15-00,GENERATORS,2020-2021|2021-2022|2021-2022|2022-2023,,100,100,100
glance2022-23.pdf,109,NQ,410-40-22-00,PLASTIC SHREDDING MACHINE,2020-2021|2021-2022|2021-2022|2022-2023,,100,100,100
glance2022-23.pdf,109,NQ,410-40-23-02,AMMA UNAVAGAM EQUIPMENTS,2020-2021|2021-2022|2021-2022|2022-2023,,100,100,100
glance2022-23.pdf,109,NQ,410-70-01-00,CHAIR,2020-2021|2021-2022|2021-2022|2022-2023,,100,100,100
glance2022-23.pdf,109,NQ,410-70-02-00,TABLE,2020-2021|2021-2022|2021-2022|2022-2023,,100,100,100
glance2022-23.pdf,109,NQ,410-70-03-00,BUREAUS &amp; RACKS,2020-2021|2021-2022|2021-2022|2022-2023,,100,100,100
glance2022-23.pdf,109,NQ,410-80-00-00,OTHER FIXED ASSETS,2020-2021|2021-2022|2021-2022|2022-2023,950,1000,1000,1000
glance2023-24.pdf,48,NA,412-10-08-09,TURIF (2021-22),2021-2022|2022-2023|2022-2023|2023-2024,,0,9700,0
glance2023-24.pdf,48,NA,412-10-15-01,URBAN HEALTH WELLNESS CENTRES,2021-2022|2022-2023|2022-2023|2023-2024,,12515,17500,12100
glance2023-24.pdf,48,NA,412-10-16-03,CMCDM (2019-20),2021-2022|2022-2023|2022-2023|2023-2024,,0,1000,0
glance2023-24.pdf,48,NA,412-10-16-04,CMCDM (2020-21),2021-2022|2022-2023|2022-2023|2023-2024,73575,0,30000,0
glance2023-24.pdf,48,NA,412-10-17-01,SBM-SWM INFRASTRUCTURE,2021-2022|2022-2023|2022-2023|2023-2024,7806,5000,2000,0
glance2023-24.pdf,48,NA,412-10-17-03,SBM 2.0-COMMUNITY TOILETS/URINALS,2021-2022|2022-2023|2022-2023|2023-2024,,0,6000,13070
glance2023-24.pdf,48,NA,412-10-23-00,SINGARA CHENNAI 2.0,2021-2022|2022-2023|2022-2023|2023-2024,,0,2700,0
glance2023-24.pdf,48,NA,412-20-03-00,MAYOR SPECIAL DEVELOPMENT FUND WORKS,2021-2022|2022-2023|2022-2023|2023-2024,,1330,0,1330
glance2023-24.pdf,49,NA,412-20-04-00,COUNCILLOR WARD IMPROVEMENT WORKS,2021-2022|2022-2023|2022-2023|2023-2024,,49000,10000,88000
glance2023-24.pdf,49,NA,412-40-04-06,ANGANVADI CENTRES,2021-2022|2022-2023|2022-2023|2023-2024,,1000,1000,10000
glance2023-24.pdf,49,NA,412-40-05-12,CMBFS BUILDING,2021-2022|2022-2023|2022-2023|2023-2024,,0,100,100
glance2023-24.pdf,49,NA,412-40-06-04,PUBLIC CONVENIENCE,2021-2022|2022-2023|2022-2023|2023-2024,,5000,0,0
glance2023-24.pdf,49,NA,412-40-06-05,DHOBIKHANA,2021-2022|2022-2023|2022-2023|2023-2024,,100,0,0
glance2023-24.pdf,49,NA,412-40-06-08,GYM BUILDING,2021-2022|2022-2023|2022-2023|2023-2024,,500,0,0
glance2023-24.pdf,49,NA,412-40-06-09,BURIAL GROUND,2021-2022|2022-2023|2022-2023|2023-2024,,1000,0,0
glance2023-24.pdf,49,NA,412-40-07-02,CONCRETE ROADS,2021-2022|2022-2023|2022-2023|2023-2024,,3000,0,0
glance2023-24.pdf,49,NA,412-40-07-07,SPECIAL ROAD PROGRAMME (2020-21),2021-2022|2022-2023|2022-2023|2023-2024,25722,0,24200,0
glance2023-24.pdf,49,NA,412-40-08-02,BLACK TOPPED ROADS,2021-2022|2022-2023|2022-2023|2023-2024,,5000,0,0
glance2023-24.pdf,49,NA,412-40-11-00,STORM WATER DRAIN,2021-2022|2022-2023|2022-2023|2023-2024,,5000,4000,0
glance2023-24.pdf,49,NA,412-40-30-00,MISCELLANEOUS WORKS,2021-2022|2022-2023|2022-2023|2023-2024,20115,10000,13000,10000
glance2023-24.pdf,50,NB,412-10-08-09,TURIF (2021-22),2021-2022|2022-2023|2022-2023|2023-2024,,0,60000,88400
glance2023-24.pdf,50,NB,412-10-15-01,URBAN HEALTH WELLNESS CENTRES,2021-2022|2022-2023|2022-2023|2023-2024,,5460,18850,0
glance2023-24.pdf,50,NB,412-10-16-03,CMCDM (2019-20),2021-2022|2022-2023|2022-2023|2023-2024,8535,0,0,0
glance2023-24.pdf,50,NB,412-10-16-04,CMCDM (2020-21),2021-2022|2022-2023|2022-2023|2023-2024,100166,0,20000,15000
glance2023-24.pdf,50,NB,412-10-17-03,SBM 2.0-COMMUNITY TOILETS/URINALS,2021-2022|2022-2023|2022-2023|2023-2024,,0,38080,0
glance2023-24.pdf,50,NB,412-10-23-00,SINGARA CHENNAI 2.0,2021-2022|2022-2023|2022-2023|2023-2024,,0,1700,0
glance2023-24.pdf,50,NB,412-20-03-00,MAYOR SPECIAL DEVELOPMENT FUND WORKS,2021-2022|2022-2023|2022-2023|2023-2024,,1330,0,1330
glance2023-24.pdf,50,NB,412-20-04-00,COUNCILLOR WARD IMPROVEMENT WORKS,2021-2022|2022-2023|2022-2023|2023-2024,,24500,15000,41000
glance2023-24.pdf,50,NB,412-40-04-06,ANGANVADI CENTRES,2021-2022|2022-2023|2022-2023|2023-2024,215,1000,0,0
glance2023-24.pdf,50,NB,412-40-06-04,PUBLIC CONVENIENCE,2021-2022|2022-2023|2022-2023|2023-2024,,5000,5000,0
glance2023-24.pdf,50,NB,412-40-06-05,DHOBIKHANA,2021-2022|2022-2023|2022-2023|2023-2024,,100,0,0
glance2023-24.pdf,50,NB,412-40-06-08,GYM BUILDING,2021-2022|2022-2023|2022-2023|2023-2024,,500,0,0
glance2023-24.pdf,51,NB,412-40-06-09,BURIAL GROUND,2021-2022|2022-2023|2022-2023|2023-2024,,2000,3000,0
glance2023-24.pdf,51,NB,412-40-07-02,CONCRETE ROADS,2021-2022|2022-2023|2022-2023|2023-2024,,5000,0,0
glance2023-24.pdf,51,NB,412-40-08-02,BLACK TOPPED ROADS,2021-2022|2022-2023|2022-2023|2023-2024,,8000,0,0
glance2023-24.pdf,51,NB,412-40-11-00,STORM WATER DRAIN,2021-2022|2022-2023|2022-2023|2023-2024,,5000,0,0
glance2023-24.pdf,51,NB,412-40-30-00,MISCELLANEOUS WORKS,2021-2022|2022-2023|2022-2023|2023-2024,14853,10000,17000,10000
glance2023-24.pdf,52,NC,412-10-08-09,TURIF (2021-22),2021-2022|2022-2023|2022-2023|2023-2024,,0,45000,15000
glance2023-24.pdf,52,NC,412-10-15-01,URBAN HEALTH WELLNESS CENTRES,2021-2022|2022-2023|2022-2023|2023-2024,,11520,22840,0
glance2023-24.pdf,52,NC,412-10-16-03,CMCDM (2019-20),2021-2022|2022-2023|2022-2023|2023-2024,,0,4500,0
glance2023-24.pdf,52,NC,412-10-16-04,CMCDM (2020-21),2021-2022|2022-2023|2022-2023|2023-2024,62372,0,30000,25000
glance2023-24.pdf,52,NC,412-10-17-03,SBM 2.0-COMMUNITY TOILETS/URINALS,2021-2022|2022-2023|2022-2023|2023-2024,,0,43310,0
glance2023-24.pdf,52,NC,412-10-23-00,SINGARA CHENNAI 2.0,2021-2022|2022-2023|2022-2023|2023-2024,,0,1800,0
glance2023-24.pdf,52,NC,412-20-03-00,MAYOR SPECIAL DEVELOPMENT FUND WORKS,2021-2022|2022-2023|2022-2023|2023-2024,,1330,0,1330
glance2023-24.pdf,52,NC,412-20-04-00,COUNCILLOR WARD IMPROVEMENT WORKS,2021-2022|2022-2023|2022-2023|2023-2024,,42000,20000,57000
glance2023-24.pdf,52,NC,412-40-04-06,ANGANVADI CENTRES,2021-2022|2022-2023|2022-2023|2023-2024,1116,2000,500,0
glance2023-24.pdf,52,NC,412-40-05-12,CMBFS BUILDING,2021-2022|2022-2023|2022-2023|2023-2024,,0,50,10
glance2023-24.pdf,52,NC,412-40-06-04,PUBLIC CONVENIENCE,2021-2022|2022-2023|2022-2023|2023-2024,,5000,500,0
glance2023-24.pdf,52,NC,412-40-06-05,DHOBIKHANA,2021-2022|2022-2023|2022-2023|2023-2024,,100,0,0
glance2023-24.pdf,52,NC,412-40-06-08,GYM BUILDING,2021-2022|2022-2023|2022-2023|2023-2024,,500,0,0
glance2023-24.pdf,53,NC,412-40-06-09,BURIAL GROUND,2021-2022|2022-2023|2022-2023|2023-2024,980,1500,0,0
glance2023-24.pdf,53,NC,412-40-07-02,CONCRETE ROADS,2021-2022|2022-2023|2022-2023|2023-2024,,5000,7500,0
glance2023-24.pdf,53,NC,412-40-07-07,SPECIAL ROAD PROGRAMME (2020-21),2021-2022|2022-2023|2022-2023|2023-2024,7778,0,40000,0
glance2023-24.pdf,53,NC,412-40-08-02,BLACK TOPPED ROADS,2021-2022|2022-2023|2022-2023|2023-2024,1145,5000,0,0
glance2023-24.pdf,53,NC,412-40-11-00,STORM WATER DRAIN,2021-2022|2022-2023|2022-2023|2023-2024,1828,5000,700,0
glance2023-24.pdf,53,NC,412-40-30-00,MISCELLANEOUS WORKS,2021-2022|2022-2023|2022-2023|2023-2024,27356,10000,15000,10000
glance2023-24.pdf,54,ND,412-10-08-06,TURIF (2018-19),2021-2022|2022-2023|2022-2023|2023-2024,5253,0,0,0
glance2023-24.pdf,54,ND,412-10-08-07,TURIF (2019-20),2021-2022|2022-2023|2022-2023|2023-2024,2010,0,0,0
glance2023-24.pdf,54,ND,412-10-08-08,TURIF (2020-21),2021-2022|2022-2023|2022-2023|2023-2024,61253,0,20000,0
glance2023-24.pdf,54,ND,412-10-08-09,TURIF (2021-22),2021-2022|2022-2023|2022-2023|2023-2024,,0,134300,0
glance2023-24.pdf,54,ND,412-10-15-01,URBAN HEALTH WELLNESS CENTRES,2021-2022|2022-2023|2022-2023|2023-2024,,37720,37720,0
glance2023-24.pdf,54,ND,412-10-17-01,SBM-SWM INFRASTRUCTURE,2021-2022|2022-2023|2022-2023|2023-2024,73375,100,40430,0
glance2023-24.pdf,54,ND,412-10-17-03,SBM 2.0-COMMUNITY TOILETS/URINALS,2021-2022|2022-2023|2022-2023|2023-2024,,0,17720,0
glance2023-24.pdf,54,ND,412-10-22-00,NIRBHYA SCHEME,2021-2022|2022-2023|2022-2023|2023-2024,,0,26730,0
glance2023-24.pdf,54,ND,412-10-23-00,SINGARA CHENNAI 2.0,2021-2022|2022-2023|2022-2023|2023-2024,,0,6300,0
glance2023-24.pdf,54,ND,412-10-24-00,T.N. URBAN EMPLOYMENT SCHEME,2021-2022|2022-2023|2022-2023|2023-2024,,0,12820,0
glance2023-24.pdf,54,ND,412-20-03-00,MAYOR SPECIAL DEVELOPMENT FUND WORKS,2021-2022|2022-2023|2022-2023|2023-2024,,1330,0,1330
glance2023-24.pdf,54,ND,412-20-04-00,COUNCILLOR WARD IMPROVEMENT WORKS,2021-2022|2022-2023|2022-2023|2023-2024,,52500,0,105000
glance2023-24.pdf,54,ND,412-40-03-02,COMMUNICABLE DISEASE HOSPITAL BUILDING,2021-2022|2022-2023|2022-2023|2023-2024,2648,5000,8000,5000
glance2023-24.pdf,54,ND,412-40-04-06,ANGANVADI CENTRES,2021-2022|2022-2023|2022-2023|2023-2024,,100,0,0
glance2023-24.pdf,54,ND,412-40-05-12,CMBFS BUILDING,2021-2022|2022-2023|2022-2023|2023-2024,,0,100,100
glance2023-24.pdf,55,ND,412-40-06-04,PUBLIC CONVENIENCE,2021-2022|2022-2023|2022-2023|2023-2024,4316,5000,5000,0
glance2023-24.pdf,55,ND,412-40-06-05,DHOBIKHANA,2021-2022|2022-2023|2022-2023|2023-2024,,100,0,0
glance2023-24.pdf,55,ND,412-40-06-08,GYM BUILDING,2021-2022|2022-2023|2022-2023|2023-2024,,500,0,0
glance2023-24.pdf,55,ND,412-40-06-09,BURIAL GROUND,2021-2022|2022-2023|2022-2023|2023-2024,,1000,500,0
glance2023-24.pdf,55,ND,412-40-07-02,CONCRETE ROADS,2021-2022|2022-2023|2022-2023|2023-2024,933,2000,0,0
glance2023-24.pdf,55,ND,412-40-07-07,SPECIAL ROAD PROGRAMME (2020-21),2021-2022|2022-2023|2022-2023|2023-2024,9606,0,50700,0
glance2023-24.pdf,55,ND,412-40-08-02,BLACK TOPPED ROADS,2021-2022|2022-2023|2022-2023|2023-2024,9996,10000,12000,0
glance2023-24.pdf,55,ND,412-40-11-00,STORM WATER DRAIN,2021-2022|2022-2023|2022-2023|2023-2024,745,5000,3000,0
glance2023-24.pdf,55,ND,412-40-30-00,MISCELLANEOUS WORKS,2021-2022|2022-2023|2022-2023|2023-2024,19379,10000,18000,20000
glance2023-24.pdf,56,NE,412-10-08-06,TURIF (2018-19),2021-2022|2022-2023|2022-2023|2023-2024,1158,0,2500,0
glance2023-24.pdf,56,NE,412-10-08-07,TURIF (2019-20),2021-2022|2022-2023|2022-2023|2023-2024,388,0,6000,0
glance2023-24.pdf,56,NE,412-10-08-08,TURIF (2020-21),2021-2022|2022-2023|2022-2023|2023-2024,54205,0,17000,0
glance2023-24.pdf,56,NE,412-10-08-09,TURIF (2021-22),2021-2022|2022-2023|2022-2023|2023-2024,,0,33900,0
glance2023-24.pdf,56,NE,412-10-15-01,URBAN HEALTH WELLNESS CENTRES,2021-2022|2022-2023|2022-2023|2023-2024,,21880,5000,16880
glance2023-24.pdf,56,NE,412-10-17-01,SBM-SWM INFRASTRUCTURE,2021-2022|2022-2023|2022-2023|2023-2024,6458,100,17200,1000
glance2023-24.pdf,56,NE,412-10-17-03,SBM 2.0-COMMUNITY TOILETS/URINALS,2021-2022|2022-2023|2022-2023|2023-2024,,0,9890,0
glance2023-24.pdf,56,NE,412-10-22-00,NIRBHYA SCHEME,2021-2022|2022-2023|2022-2023|2023-2024,,0,20000,5000
glance2023-24.pdf,56,NE,412-10-23-00,SINGARA CHENNAI 2.0,2021-2022|2022-2023|2022-2023|2023-2024,,0,2400,0
glance2023-24.pdf,56,NE,412-20-03-00,MAYOR SPECIAL DEVELOPMENT FUND WORKS,2021-2022|2022-2023|2022-2023|2023-2024,,1330,0,1330
glance2023-24.pdf,56,NE,412-20-04-00,COUNCILLOR WARD IMPROVEMENT WORKS,2021-2022|2022-2023|2022-2023|2023-2024,,52500,1000,104000
glance2023-24.pdf,56,NE,412-40-02-00,PARKS AND GARDENS,2021-2022|2022-2023|2022-2023|2023-2024,1480,1000,800,0
glance2023-24.pdf,56,NE,412-40-04-06,ANGANVADI CENTRES,2021-2022|2022-2023|2022-2023|2023-2024,1892,3000,1000,0
glance2023-24.pdf,56,NE,412-40-05-12,CMBFS BUILDING,2021-2022|2022-2023|2022-2023|2023-2024,,0,50,50
glance2023-24.pdf,57,NE,412-40-06-04,PUBLIC CONVENIENCE,2021-2022|2022-2023|2022-2023|2023-2024,2171,5000,3000,0
glance2023-24.pdf,57,NE,412-40-06-05,DHOBIKHANA,2021-2022|2022-2023|2022-2023|2023-2024,,100,0,0
glance2023-24.pdf,57,NE,412-40-06-08,GYM BUILDING,2021-2022|2022-2023|2022-2023|2023-2024,2793,1000,8000,0
glance2023-24.pdf,57,NE,412-40-06-09,BURIAL GROUND,2021-2022|2022-2023|2022-2023|2023-2024,,5000,0,0
glance2023-24.pdf,57,NE,412-40-07-02,CONCRETE ROADS,2021-2022|2022-2023|2022-2023|2023-2024,4529,5000,3000,0
glance2023-24.pdf,57,NE,412-40-07-07,SPECIAL ROAD PROGRAMME (2020-21),2021-2022|2022-2023|2022-2023|2023-2024,23220,0,54800,0
glance2023-24.pdf,57,NE,412-40-08-02,BLACK TOPPED ROADS,2021-2022|2022-2023|2022-2023|2023-2024,11060,10000,10000,0
glance2023-24.pdf,57,NE,412-40-11-00,STORM WATER DRAIN,2021-2022|2022-2023|2022-2023|2023-2024,6109,7000,6000,0
glance2023-24.pdf,57,NE,412-40-30-00,MISCELLANEOUS WORKS,2021-2022|2022-2023|2022-2023|2023-2024,41360,10000,40000,20000
glance2023-24.pdf,58,NF,412-10-08-06,TURIF (2018-19),2021-2022|2022-2023|2022-2023|2023-2024,,0,9400,0
glance2023-24.pdf,58,NF,412-10-08-07,TURIF (2019-20),2021-2022|2022-2023|2022-2023|2023-2024,8937,0,66900,0
glance2023-24.pdf,58,NF,412-10-08-08,TURIF (2020-21),2021-2022|2022-2023|2022-2023|2023-2024,44705,0,2100,0
glance2023-24.pdf,58,NF,412-10-08-09,TURIF (2021-22),2021-2022|2022-2023|2022-2023|2023-2024,,0,99200,0
glance2023-24.pdf,58,NF,412-10-15-01,URBAN HEALTH WELLNESS CENTRES,2021-2022|2022-2023|2022-2023|2023-2024,,27160,22500,7350
glance2023-24.pdf,58,NF,412-10-17-01,SBM-SWM INFRASTRUCTURE,2021-2022|2022-2023|2022-2023|2023-2024,2459,0,20000,10000
glance2023-24.pdf,58,NF,412-10-17-03,SBM 2.0-COMMUNITY TOILETS/URINALS,2021-2022|2022-2023|2022-2023|2023-2024,,0,6100,2000
glance2023-24.pdf,58,NF,412-10-22-00,NIRBHYA SCHEME,2021-2022|2022-2023|2022-2023|2023-2024,,0,14000,11000
glance2023-24.pdf,58,NF,412-10-23-00,SINGARA CHENNAI 2.0,2021-2022|2022-2023|2022-2023|2023-2024,,0,10000,1900
glance2023-24.pdf,58,NF,412-10-24-00,T.N. URBAN EMPLOYMENT SCHEME,2021-2022|2022-2023|2022-2023|2023-2024,,0,7000,6000
glance2023-24.pdf,58,NF,412-20-03-00,MAYOR SPECIAL DEVELOPMENT FUND WORKS,2021-2022|2022-2023|2022-2023|2023-2024,,1330,18480,1330
glance2023-24.pdf,58,NF,412-20-04-00,COUNCILLOR WARD IMPROVEMENT WORKS,2021-2022|2022-2023|2022-2023|2023-2024,,52500,13000,92000
glance2023-24.pdf,58,NF,412-40-01-00,PLAY GROUNDS,2021-2022|2022-2023|2022-2023|2023-2024,13514,5000,3000,0
glance2023-24.pdf,59,NF,412-40-02-00,PARKS AND GARDENS,2021-2022|2022-2023|2022-2023|2023-2024,16887,5000,4000,0
glance2023-24.pdf,59,NF,412-40-03-01,HEALTH DEPARTMENT BUILDINGS,2021-2022|2022-2023|2022-2023|2023-2024,2622,2000,0,0
glance2023-24.pdf,59,NF,412-40-04-02,MIDDLE SCHOOL BUILDINGS,2021-2022|2022-2023|2022-2023|2023-2024,1586,0,0,0
glance2023-24.pdf,59,NF,412-40-04-06,ANGANVADI CENTRES,2021-2022|2022-2023|2022-2023|2023-2024,3506,3000,400,0
glance2023-24.pdf,59,NF,412-40-05-04,WARD OFFICE BUILDINGS,2021-2022|2022-2023|2022-2023|2023-2024,531,2000,8290,0
glance2023-24.pdf,59,NF,412-40-05-05,SUB-STATION BUILDINGS,2021-2022|2022-2023|2022-2023|2023-2024,,0,500,0
glance2023-24.pdf,59,NF,412-40-06-04,PUBLIC CONVENIENCE,2021-2022|2022-2023|2022-2023|2023-2024,,5000,500,0
glance2023-24.pdf,59,NF,412-40-06-05,DHOBIKHANA,2021-2022|2022-2023|2022-2023|2023-2024,3734,100,0,0
glance2023-24.pdf,59,NF,412-40-06-06,SLAUGHTER HOUSE,2021-2022|2022-2023|2022-2023|2023-2024,,100,0,0
glance2023-24.pdf,59,NF,412-40-06-08,GYM BUILDING,2021-2022|2022-2023|2022-2023|2023-2024,7848,5000,0,0
glance2023-24.pdf,59,NF,412-40-06-09,BURIAL GROUND,2021-2022|2022-2023|2022-2023|2023-2024,2412,5000,0,0
glance2023-24.pdf,59,NF,412-40-07-02,CONCRETE ROADS,2021-2022|2022-2023|2022-2023|2023-2024,5110,5000,2500,0
glance2023-24.pdf,59,NF,412-40-07-07,SPECIAL ROAD PROGRAMME (2020-21),2021-2022|2022-2023|2022-2023|2023-2024,34097,0,16800,0
glance2023-24.pdf,59,NF,412-40-08-02,BLACK TOPPED ROADS,2021-2022|2022-2023|2022-2023|2023-2024,,10000,90000,0
glance2023-24.pdf,59,NF,412-40-11-00,STORM WATER DRAIN,2021-2022|2022-2023|2022-2023|2023-2024,,3000,0,0
glance2023-24.pdf,59,NF,412-40-30-00,MISCELLANEOUS WORKS,2021-2022|2022-2023|2022-2023|2023-2024,22451,20000,30380,20000
glance2023-24.pdf,60,NG,412-10-08-09,TURIF (2021-22),2021-2022|2022-2023|2022-2023|2023-2024,,0,97700,0
glance2023-24.pdf,60,NG,412-10-15-01,URBAN HEALTH WELLNESS CENTRES,2021-2022|2022-2023|2022-2023|2023-2024,,14400,22350,4300
glance2023-24.pdf,60,NG,412-10-16-03,CMCDM (2019-20),2021-2022|2022-2023|2022-2023|2023-2024,,0,600,0
glance2023-24.pdf,60,NG,412-10-16-04,CMCDM (2020-21),2021-2022|2022-2023|2022-2023|2023-2024,81120,0,118800,0
glance2023-24.pdf,60,NG,412-10-17-01,SBM-SWM INFRASTRUCTURE,2021-2022|2022-2023|2022-2023|2023-2024,15568,5000,14540,0
glance2023-24.pdf,60,NG,412-10-17-03,SBM 2.0-COMMUNITY TOILETS/URINALS,2021-2022|2022-2023|2022-2023|2023-2024,,0,36000,36000
glance2023-24.pdf,60,NG,412-10-23-00,SINGARA CHENNAI 2.0,2021-2022|2022-2023|2022-2023|2023-2024,,0,4000,0
glance2023-24.pdf,60,NG,412-20-03-00,MAYOR SPECIAL DEVELOPMENT FUND WORKS,2021-2022|2022-2023|2022-2023|2023-2024,,1330,0,1330
glance2023-24.pdf,60,NG,412-20-04-00,COUNCILLOR WARD IMPROVEMENT WORKS,2021-2022|2022-2023|2022-2023|2023-2024,,52500,39000,66000
glance2023-24.pdf,60,NG,412-40-04-06,ANGANVADI CENTRES,2021-2022|2022-2023|2022-2023|2023-2024,,1000,0,0
glance2023-24.pdf,60,NG,412-40-05-04,WARD OFFICE BUILDINGS,2021-2022|2022-2023|2022-2023|2023-2024,,0,8860,0
glance2023-24.pdf,61,NG,412-40-06-04,PUBLIC CONVENIENCE,2021-2022|2022-2023|2022-2023|2023-2024,568,5000,0,0
glance2023-24.pdf,61,NG,412-40-06-08,GYM BUILDING,2021-2022|2022-2023|2022-2023|2023-2024,,500,0,0
glance2023-24.pdf,61,NG,412-40-06-09,BURIAL GROUND,2021-2022|2022-2023|2022-2023|2023-2024,4810,5000,0,0
glance2023-24.pdf,61,NG,412-40-07-02,CONCRETE ROADS,2021-2022|2022-2023|2022-2023|2023-2024,,5000,0,0
glance2023-24.pdf,61,NG,412-40-07-07,SPECIAL ROAD PROGRAMME (2020-21),2021-2022|2022-2023|2022-2023|2023-2024,49053,0,49800,0
glance2023-24.pdf,61,NG,412-40-08-02,BLACK TOPPED ROADS,2021-2022|2022-2023|2022-2023|2023-2024,,5000,0,0
glance2023-24.pdf,61,NG,412-40-30-00,MISCELLANEOUS WORKS,2021-2022|2022-2023|2022-2023|2023-2024,7177,10000,10000,10000
glance2023-24.pdf,62,NH,412-10-08-07,TURIF (2019-20),2021-2022|2022-2023|2022-2023|2023-2024,9438,0,61600,0
glance2023-24.pdf,62,NH,412-10-08-08,TURIF (2020-21),2021-2022|2022-2023|2022-2023|2023-2024,106120,0,41300,0
glance2023-24.pdf,62,NH,412-10-08-09,TURIF (2021-22),2021-2022|2022-2023|2022-2023|2023-2024,,0,124500,0
glance2023-24.pdf,62,NH,412-10-15-01,URBAN HEALTH WELLNESS CENTRES,2021-2022|2022-2023|2022-2023|2023-2024,,33700,33700,0
glance2023-24.pdf,62,NH,412-10-17-01,SBM-SWM INFRASTRUCTURE,2021-2022|2022-2023|2022-2023|2023-2024,,0,24770,0
glance2023-24.pdf,62,NH,412-10-17-03,SBM 2.0-COMMUNITY TOILETS/URINALS,2021-2022|2022-2023|2022-2023|2023-2024,,0,20000,20600
glance2023-24.pdf,62,NH,412-10-22-00,NIRBHYA SCHEME,2021-2022|2022-2023|2022-2023|2023-2024,,0,14500,0
glance2023-24.pdf,62,NH,412-10-23-00,SINGARA CHENNAI 2.0,2021-2022|2022-2023|2022-2023|2023-2024,,0,21750,0
glance2023-24.pdf,62,NH,412-20-03-00,MAYOR SPECIAL DEVELOPMENT FUND WORKS,2021-2022|2022-2023|2022-2023|2023-2024,,1330,0,1330
glance2023-24.pdf,62,NH,412-20-04-00,COUNCILLOR WARD IMPROVEMENT WORKS,2021-2022|2022-2023|2022-2023|2023-2024,,52500,15000,90000
glance2023-24.pdf,62,NH,412-40-04-06,ANGANVADI CENTRES,2021-2022|2022-2023|2022-2023|2023-2024,955,1000,500,0
glance2023-24.pdf,62,NH,412-40-06-04,PUBLIC CONVENIENCE,2021-2022|2022-2023|2022-2023|2023-2024,1871,5000,1000,0
glance2023-24.pdf,62,NH,412-40-06-05,DHOBIKHANA,2021-2022|2022-2023|2022-2023|2023-2024,904,100,0,0
glance2023-24.pdf,63,NH,412-40-06-08,GYM BUILDING,2021-2022|2022-2023|2022-2023|2023-2024,454,500,0,0
glance2023-24.pdf,63,NH,412-40-06-09,BURIAL GROUND,2021-2022|2022-2023|2022-2023|2023-2024,2784,5000,6000,0
glance2023-24.pdf,63,NH,412-40-07-02,CONCRETE ROADS,2021-2022|2022-2023|2022-2023|2023-2024,357,5000,500,0
glance2023-24.pdf,63,NH,412-40-07-07,SPECIAL ROAD PROGRAMME (2020-21),2021-2022|2022-2023|2022-2023|2023-2024,108098,0,44200,0
glance2023-24.pdf,63,NH,412-40-08-02,BLACK TOPPED ROADS,2021-2022|2022-2023|2022-2023|2023-2024,117,5000,0,0
glance2023-24.pdf,63,NH,412-40-11-00,STORM WATER DRAIN,2021-2022|2022-2023|2022-2023|2023-2024,,5000,0,0
glance2023-24.pdf,63,NH,412-40-30-00,MISCELLANEOUS WORKS,2021-2022|2022-2023|2022-2023|2023-2024,38127,10000,20000,15000
glance2023-24.pdf,64,NJ,412-10-08-06,TURIF (2018-19),2021-2022|2022-2023|2022-2023|2023-2024,,0,19580,0
glance2023-24.pdf,64,NJ,412-10-08-07,TURIF (2019-20),2021-2022|2022-2023|2022-2023|2023-2024,2663,0,35400,0
glance2023-24.pdf,64,NJ,412-10-08-08,TURIF (2020-21),2021-2022|2022-2023|2022-2023|2023-2024,101566,0,58300,0
glance2023-24.pdf,64,NJ,412-10-08-09,TURIF (2021-22),2021-2022|2022-2023|2022-2023|2023-2024,,0,58100,0
glance2023-24.pdf,64,NJ,412-10-15-01,URBAN HEALTH WELLNESS CENTRES,2021-2022|2022-2023|2022-2023|2023-2024,,16710,13000,3710
glance2023-24.pdf,64,NJ,412-10-17-03,SBM 2.0-COMMUNITY TOILETS/URINALS,2021-2022|2022-2023|2022-2023|2023-2024,,0,80000,129000
glance2023-24.pdf,64,NJ,412-10-22-00,NIRBHYA SCHEME,2021-2022|2022-2023|2022-2023|2023-2024,,0,27860,0
glance2023-24.pdf,64,NJ,412-10-23-00,SINGARA CHENNAI 2.0,2021-2022|2022-2023|2022-2023|2023-2024,,0,8160,0
glance2023-24.pdf,64,NJ,412-20-03-00,MAYOR SPECIAL DEVELOPMENT FUND WORKS,2021-2022|2022-2023|2022-2023|2023-2024,,1330,0,1330
glance2023-24.pdf,64,NJ,412-20-04-00,COUNCILLOR WARD IMPROVEMENT WORKS,2021-2022|2022-2023|2022-2023|2023-2024,,63000,20000,106000
glance2023-24.pdf,64,NJ,412-40-04-06,ANGANVADI CENTRES,2021-2022|2022-2023|2022-2023|2023-2024,,500,0,0
glance2023-24.pdf,64,NJ,412-40-06-04,PUBLIC CONVENIENCE,2021-2022|2022-2023|2022-2023|2023-2024,,5000,0,0
glance2023-24.pdf,65,NJ,412-40-06-05,DHOBIKHANA,2021-2022|2022-2023|2022-2023|2023-2024,,100,0,0
glance2023-24.pdf,65,NJ,412-40-06-08,GYM BUILDING,2021-2022|2022-2023|2022-2023|2023-2024,,100,0,0
glance2023-24.pdf,65,NJ,412-40-06-09,BURIAL GROUND,2021-2022|2022-2023|2022-2023|2023-2024,,2000,0,0
glance2023-24.pdf,65,NJ,412-40-07-02,CONCRETE ROADS,2021-2022|2022-2023|2022-2023|2023-2024,,5000,0,0
glance2023-24.pdf,65,NJ,412-40-07-07,SPECIAL ROAD PROGRAMME (2020-21),2021-2022|2022-2023|2022-2023|2023-2024,70376,0,18600,0
glance2023-24.pdf,65,NJ,412-40-08-02,BLACK TOPPED ROADS,2021-2022|2022-2023|2022-2023|2023-2024,,5000,25000,0
glance2023-24.pdf,65,NJ,412-40-11-00,STORM WATER DRAIN,2021-2022|2022-2023|2022-2023|2023-2024,,5000,5000,0
glance2023-24.pdf,65,NJ,412-40-30-00,MISCELLANEOUS WORKS,2021-2022|2022-2023|2022-2023|2023-2024,10171,10000,11000,10000
glance2023-24.pdf,66,NK,412-10-08-07,TURIF (2019-20),2021-2022|2022-2023|2022-2023|2023-2024,13838,0,20000,0
glance2023-24.pdf,66,NK,412-10-08-08,TURIF (2020-21),2021-2022|2022-2023|2022-2023|2023-2024,45264,0,11200,0
glance2023-24.pdf,66,NK,412-10-08-09,TURIF (2021-22),2021-2022|2022-2023|2022-2023|2023-2024,,0,19100,0
glance2023-24.pdf,66,NK,412-10-15-01,URBAN HEALTH WELLNESS CENTRES,2021-2022|2022-2023|2022-2023|2023-2024,,31650,24160,10000
glance2023-24.pdf,66,NK,412-10-17-01,SBM-SWM INFRASTRUCTURE,2021-2022|2022-2023|2022-2023|2023-2024,,0,2000,0
glance2023-24.pdf,66,NK,412-10-17-03,SBM 2.0-COMMUNITY TOILETS/URINALS,2021-2022|2022-2023|2022-2023|2023-2024,,0,25000,24800
glance2023-24.pdf,66,NK,412-10-22-00,NIRBHYA SCHEME,2021-2022|2022-2023|2022-2023|2023-2024,,0,46820,0
glance2023-24.pdf,66,NK,412-10-23-00,SINGARA CHENNAI 2.0,2021-2022|2022-2023|2022-2023|2023-2024,,0,13200,0
glance2023-24.pdf,66,NK,412-20-03-00,MAYOR SPECIAL DEVELOPMENT FUND WORKS,2021-2022|2022-2023|2022-2023|2023-2024,,1330,0,1330
glance2023-24.pdf,66,NK,412-20-04-00,COUNCILLOR WARD IMPROVEMENT WORKS,2021-2022|2022-2023|2022-2023|2023-2024,,56000,6000,106000
glance2023-24.pdf,66,NK,412-40-04-06,ANGANVADI CENTRES,2021-2022|2022-2023|2022-2023|2023-2024,388,500,500,0
glance2023-24.pdf,66,NK,412-40-06-04,PUBLIC CONVENIENCE,2021-2022|2022-2023|2022-2023|2023-2024,781,5000,0,0
glance2023-24.pdf,66,NK,412-40-06-05,DHOBIKHANA,2021-2022|2022-2023|2022-2023|2023-2024,,100,0,0
glance2023-24.pdf,67,NK,412-40-06-08,GYM BUILDING,2021-2022|2022-2023|2022-2023|2023-2024,,100,0,0
glance2023-24.pdf,67,NK,412-40-06-09,BURIAL GROUND,2021-2022|2022-2023|2022-2023|2023-2024,,1000,0,0
glance2023-24.pdf,67,NK,412-40-07-02,CONCRETE ROADS,2021-2022|2022-2023|2022-2023|2023-2024,7194,5000,6000,0
glance2023-24.pdf,67,NK,412-40-07-07,SPECIAL ROAD PROGRAMME (2020-21),2021-2022|2022-2023|2022-2023|2023-2024,12359,0,33700,0
glance2023-24.pdf,67,NK,412-40-08-02,BLACK TOPPED ROADS,2021-2022|2022-2023|2022-2023|2023-2024,4175,5000,15000,0
glance2023-24.pdf,67,NK,412-40-11-00,STORM WATER DRAIN,2021-2022|2022-2023|2022-2023|2023-2024,5419,8000,5000,0
glance2023-24.pdf,67,NK,412-40-30-00,MISCELLANEOUS WORKS,2021-2022|2022-2023|2022-2023|2023-2024,19664,10000,20000,15000
glance2023-24.pdf,68,NL,412-10-08-09,TURIF (2021-22),2021-2022|2022-2023|2022-2023|2023-2024,,0,31300,0
glance2023-24.pdf,68,NL,412-10-15-01,URBAN HEALTH WELLNESS CENTRES,2021-2022|2022-2023|2022-2023|2023-2024,,10290,13600,0
glance2023-24.pdf,68,NL,412-10-16-04,CMCDM (2020-21),2021-2022|2022-2023|2022-2023|2023-2024,53852,0,15800,0
glance2023-24.pdf,68,NL,412-10-17-01,SBM-SWM INFRASTRUCTURE,2021-2022|2022-2023|2022-2023|2023-2024,973,100,0,0
glance2023-24.pdf,68,NL,412-10-17-03,SBM 2.0-COMMUNITY TOILETS/URINALS,2021-2022|2022-2023|2022-2023|2023-2024,,0,9900,0
glance2023-24.pdf,68,NL,412-10-23-00,SINGARA CHENNAI 2.0,2021-2022|2022-2023|2022-2023|2023-2024,,0,10400,0
glance2023-24.pdf,68,NL,412-20-03-00,MAYOR SPECIAL DEVELOPMENT FUND WORKS,2021-2022|2022-2023|2022-2023|2023-2024,,1330,0,1330
glance2023-24.pdf,68,NL,412-20-04-00,COUNCILLOR WARD IMPROVEMENT WORKS,2021-2022|2022-2023|2022-2023|2023-2024,,45500,34000,57000
glance2023-24.pdf,68,NL,412-40-04-06,ANGANVADI CENTRES,2021-2022|2022-2023|2022-2023|2023-2024,950,1000,1000,0
glance2023-24.pdf,68,NL,412-40-06-04,PUBLIC CONVENIENCE,2021-2022|2022-2023|2022-2023|2023-2024,,5000,0,0
glance2023-24.pdf,68,NL,412-40-06-05,DHOBIKHANA,2021-2022|2022-2023|2022-2023|2023-2024,,100,0,0
glance2023-24.pdf,68,NL,412-40-06-08,GYM BUILDING,2021-2022|2022-2023|2022-2023|2023-2024,831,1000,0,0
glance2023-24.pdf,69,NL,412-40-06-09,BURIAL GROUND,2021-2022|2022-2023|2022-2023|2023-2024,3616,7000,0,0
glance2023-24.pdf,69,NL,412-40-07-02,CONCRETE ROADS,2021-2022|2022-2023|2022-2023|2023-2024,,5000,0,0
glance2023-24.pdf,69,NL,412-40-07-07,SPECIAL ROAD PROGRAMME (2020-21),2021-2022|2022-2023|2022-2023|2023-2024,7002,0,34600,0
glance2023-24.pdf,69,NL,412-40-08-02,BLACK TOPPED ROADS,2021-2022|2022-2023|2022-2023|2023-2024,911,5000,0,0
glance2023-24.pdf,69,NL,412-40-11-00,STORM WATER DRAIN,2021-2022|2022-2023|2022-2023|2023-2024,1633,5000,0,0
glance2023-24.pdf,69,NL,412-40-30-00,MISCELLANEOUS WORKS,2021-2022|2022-2023|2022-2023|2023-2024,12615,10000,16000,10000
glance2023-24.pdf,70,NM,412-10-08-09,TURIF (2021-22),2021-2022|2022-2023|2022-2023|2023-2024,,0,17500,0
glance2023-24.pdf,70,NM,412-10-15-01,URBAN HEALTH WELLNESS CENTRES,2021-2022|2022-2023|2022-2023|2023-2024,,6530,7500,0
glance2023-24.pdf,70,NM,412-10-16-03,CMCDM (2019-20),2021-2022|2022-2023|2022-2023|2023-2024,20966,0,16710,0
glance2023-24.pdf,70,NM,412-10-16-04,CMCDM (2020-21),2021-2022|2022-2023|2022-2023|2023-2024,11053,0,500,0
glance2023-24.pdf,70,NM,412-10-17-01,SBM-SWM INFRASTRUCTURE,2021-2022|2022-2023|2022-2023|2023-2024,,0,1500,0
glance2023-24.pdf,70,NM,412-10-17-03,SBM 2.0-COMMUNITY TOILETS/URINALS,2021-2022|2022-2023|2022-2023|2023-2024,,0,9610,0
glance2023-24.pdf,70,NM,412-10-23-00,SINGARA CHENNAI 2.0,2021-2022|2022-2023|2022-2023|2023-2024,,0,13100,0
glance2023-24.pdf,70,NM,412-20-03-00,MAYOR SPECIAL DEVELOPMENT FUND WORKS,2021-2022|2022-2023|2022-2023|2023-2024,,1330,0,1330
glance2023-24.pdf,70,NM,412-20-04-00,COUNCILLOR WARD IMPROVEMENT WORKS,2021-2022|2022-2023|2022-2023|2023-2024,,42000,17000,67000
glance2023-24.pdf,70,NM,412-40-04-06,ANGANVADI CENTRES,2021-2022|2022-2023|2022-2023|2023-2024,,1000,0,0
glance2023-24.pdf,70,NM,412-40-06-04,PUBLIC CONVENIENCE,2021-2022|2022-2023|2022-2023|2023-2024,,5000,0,0
glance2023-24.pdf,70,NM,412-40-06-08,GYM BUILDING,2021-2022|2022-2023|2022-2023|2023-2024,,500,800,0
glance2023-24.pdf,71,NM,412-40-06-09,BURIAL GROUND,2021-2022|2022-2023|2022-2023|2023-2024,981,1000,300,0
glance2023-24.pdf,71,NM,412-40-07-02,CONCRETE ROADS,2021-2022|2022-2023|2022-2023|2023-2024,,5000,0,0
glance2023-24.pdf,71,NM,412-40-07-07,SPECIAL ROAD PROGRAMME (2020-21),2021-2022|2022-2023|2022-2023|2023-2024,15672,0,2400,0
glance2023-24.pdf,71,NM,412-40-08-02,BLACK TOPPED ROADS,2021-2022|2022-2023|2022-2023|2023-2024,,5000,0,0
glance2023-24.pdf,71,NM,412-40-11-00,STORM WATER DRAIN,2021-2022|2022-2023|2022-2023|2023-2024,1200,2000,800,0
glance2023-24.pdf,71,NM,412-40-30-00,MISCELLANEOUS WORKS,2021-2022|2022-2023|2022-2023|2023-2024,1575,10000,5000,10000
glance2023-24.pdf,72,NN,412-10-08-07,TURIF (2019-20),2021-2022|2022-2023|2022-2023|2023-2024,13411,0,0,0
glance2023-24.pdf,72,NN,412-10-08-08,TURIF (2020-21),2021-2022|2022-2023|2022-2023|2023-2024,30769,0,26100,0
glance2023-24.pdf,72,NN,412-10-08-09,TURIF (2021-22),2021-2022|2022-2023|2022-2023|2023-2024,,0,13800,0
glance2023-24.pdf,72,NN,412-10-15-01,URBAN HEALTH WELLNESS CENTRES,2021-2022|2022-2023|2022-2023|2023-2024,,20445,17000,5940
glance2023-24.pdf,72,NN,412-10-17-03,SBM 2.0-COMMUNITY TOILETS/URINALS,2021-2022|2022-2023|2022-2023|2023-2024,,0,33000,51700
glance2023-24.pdf,72,NN,412-10-22-00,NIRBHYA SCHEME,2021-2022|2022-2023|2022-2023|2023-2024,,0,9600,0
glance2023-24.pdf,72,NN,412-10-23-00,SINGARA CHENNAI 2.0,2021-2022|2022-2023|2022-2023|2023-2024,,0,18000,0
glance2023-24.pdf,72,NN,412-20-03-00,MAYOR SPECIAL DEVELOPMENT FUND WORKS,2021-2022|2022-2023|2022-2023|2023-2024,,1330,0,1330
glance2023-24.pdf,72,NN,412-20-04-00,COUNCILLOR WARD IMPROVEMENT WORKS,2021-2022|2022-2023|2022-2023|2023-2024,,45500,18000,73000
glance2023-24.pdf,72,NN,412-40-04-06,ANGANVADI CENTRES,2021-2022|2022-2023|2022-2023|2023-2024,,1000,0,0
glance2023-24.pdf,72,NN,412-40-06-04,PUBLIC CONVENIENCE,2021-2022|2022-2023|2022-2023|2023-2024,626,5000,5000,0
glance2023-24.pdf,73,NN,412-40-06-08,GYM BUILDING,2021-2022|2022-2023|2022-2023|2023-2024,1277,800,0,0
glance2023-24.pdf,73,NN,412-40-06-09,BURIAL GROUND,2021-2022|2022-2023|2022-2023|2023-2024,540,2000,3000,0
glance2023-24.pdf,73,NN,412-40-07-02,CONCRETE ROADS,2021-2022|2022-2023|2022-2023|2023-2024,1581,5000,1000,0
glance2023-24.pdf,73,NN,412-40-07-07,SPECIAL ROAD PROGRAMME (2020-21),2021-2022|2022-2023|2022-2023|2023-2024,11408,0,40700,0
glance2023-24.pdf,73,NN,412-40-08-02,BLACK TOPPED ROADS,2021-2022|2022-2023|2022-2023|2023-2024,5412,5000,83600,0
glance2023-24.pdf,73,NN,412-40-11-00,STORM WATER DRAIN,2021-2022|2022-2023|2022-2023|2023-2024,89,5000,0,0
glance2023-24.pdf,73,NN,412-40-30-00,MISCELLANEOUS WORKS,2021-2022|2022-2023|2022-2023|2023-2024,14715,10000,10000,10000
glance2023-24.pdf,74,NP,412-10-08-09,TURIF (2021-22),2021-2022|2022-2023|2022-2023|2023-2024,,0,60100,0
glance2023-24.pdf,74,NP,412-10-15-01,URBAN HEALTH WELLNESS CENTRES,2021-2022|2022-2023|2022-2023|2023-2024,,11425,8000,3425
glance2023-24.pdf,74,NP,412-10-16-04,CMCDM (2020-21),2021-2022|2022-2023|2022-2023|2023-2024,253206,0,189800,0
glance2023-24.pdf,74,NP,412-10-17-01,SBM-SWM INFRASTRUCTURE,2021-2022|2022-2023|2022-2023|2023-2024,963,100,0,0
glance2023-24.pdf,74,NP,412-10-17-03,SBM 2.0-COMMUNITY TOILETS/URINALS,2021-2022|2022-2023|2022-2023|2023-2024,,0,27490,0
glance2023-24.pdf,74,NP,412-10-23-00,SINGARA CHENNAI 2.0,2021-2022|2022-2023|2022-2023|2023-2024,,0,7400,0
glance2023-24.pdf,74,NP,412-20-03-00,MAYOR SPECIAL DEVELOPMENT FUND WORKS,2021-2022|2022-2023|2022-2023|2023-2024,,1355,0,1355
glance2023-24.pdf,74,NP,412-20-04-00,COUNCILLOR WARD IMPROVEMENT WORKS,2021-2022|2022-2023|2022-2023|2023-2024,,38500,10000,67000
glance2023-24.pdf,74,NP,412-40-04-06,ANGANVADI CENTRES,2021-2022|2022-2023|2022-2023|2023-2024,,500,150,0
glance2023-24.pdf,74,NP,412-40-06-04,PUBLIC CONVENIENCE,2021-2022|2022-2023|2022-2023|2023-2024,,5000,2000,0
glance2023-24.pdf,74,NP,412-40-06-08,GYM BUILDING,2021-2022|2022-2023|2022-2023|2023-2024,,500,0,0
glance2023-24.pdf,75,NP,412-40-06-09,BURIAL GROUND,2021-2022|2022-2023|2022-2023|2023-2024,990,2000,0,0
glance2023-24.pdf,75,NP,412-40-07-02,CONCRETE ROADS,2021-2022|2022-2023|2022-2023|2023-2024,1618,5000,0,0
glance2023-24.pdf,75,NP,412-40-07-07,SPECIAL ROAD PROGRAMME (2020-21),2021-2022|2022-2023|2022-2023|2023-2024,32401,0,96900,0
glance2023-24.pdf,75,NP,412-40-08-02,BLACK TOPPED ROADS,2021-2022|2022-2023|2022-2023|2023-2024,2027,5000,0,0
glance2023-24.pdf,75,NP,412-40-11-00,STORM WATER DRAIN,2021-2022|2022-2023|2022-2023|2023-2024,,5000,0,0
glance2023-24.pdf,75,NP,412-40-30-00,MISCELLANEOUS WORKS,2021-2022|2022-2023|2022-2023|2023-2024,8281,10000,5000,10000
glance2023-24.pdf,76,NQ,412-10-08-09,TURIF (2021-22),2021-2022|2022-2023|2022-2023|2023-2024,,0,23800,0
glance2023-24.pdf,76,NQ,412-10-15-01,URBAN HEALTH WELLNESS CENTRES,2021-2022|2022-2023|2022-2023|2023-2024,,10155,5150,5000
glance2023-24.pdf,76,NQ,412-10-16-03,CMCDM (2019-20),2021-2022|2022-2023|2022-2023|2023-2024,33013,0,29000,0
glance2023-24.pdf,76,NQ,412-10-16-04,CMCDM (2020-21),2021-2022|2022-2023|2022-2023|2023-2024,93498,0,63600,0
glance2023-24.pdf,76,NQ,412-10-17-01,SBM-SWM INFRASTRUCTURE,2021-2022|2022-2023|2022-2023|2023-2024,896,100,0,0
glance2023-24.pdf,76,NQ,412-10-17-03,SBM 2.0-COMMUNITY TOILETS/URINALS,2021-2022|2022-2023|2022-2023|2023-2024,,0,10330,0
glance2023-24.pdf,76,NQ,412-10-23-00,SINGARA CHENNAI 2.0,2021-2022|2022-2023|2022-2023|2023-2024,,0,9900,0
glance2023-24.pdf,76,NQ,412-20-03-00,MAYOR SPECIAL DEVELOPMENT FUND WORKS,2021-2022|2022-2023|2022-2023|2023-2024,,1355,0,1355
glance2023-24.pdf,76,NQ,412-20-04-00,COUNCILLOR WARD IMPROVEMENT WORKS,2021-2022|2022-2023|2022-2023|2023-2024,,31500,15000,48000
glance2023-24.pdf,76,NQ,412-40-04-06,ANGANVADI CENTRES,2021-2022|2022-2023|2022-2023|2023-2024,2000,3000,600,0
glance2023-24.pdf,76,NQ,412-40-06-04,PUBLIC CONVENIENCE,2021-2022|2022-2023|2022-2023|2023-2024,1535,5000,100,0
glance2023-24.pdf,77,NQ,412-40-06-08,GYM BUILDING,2021-2022|2022-2023|2022-2023|2023-2024,,800,0,0
glance2023-24.pdf,77,NQ,412-40-06-09,BURIAL GROUND,2021-2022|2022-2023|2022-2023|2023-2024,3044,6000,0,0
glance2023-24.pdf,77,NQ,412-40-07-02,CONCRETE ROADS,2021-2022|2022-2023|2022-2023|2023-2024,6313,5000,0,0
glance2023-24.pdf,77,NQ,412-40-07-07,SPECIAL ROAD PROGRAMME (2020-21),2021-2022|2022-2023|2022-2023|2023-2024,25055,0,28000,0
glance2023-24.pdf,77,NQ,412-40-08-02,BLACK TOPPED ROADS,2021-2022|2022-2023|2022-2023|2023-2024,4896,5000,3000,0
glance2023-24.pdf,77,NQ,412-40-11-00,STORM WATER DRAIN,2021-2022|2022-2023|2022-2023|2023-2024,5382,5000,200,0
glance2023-24.pdf,77,NQ,412-40-30-00,MISCELLANEOUS WORKS,2021-2022|2022-2023|2022-2023|2023-2024,18773,10000,5000,10000
glance2023-24.pdf,93,NA,410-40-10-00,TECHNICAL LABORATORY EQUIPMENTS,2021-2022|2022-2023|2022-2023|2023-2024,,100,100,0
glance2023-24.pdf,93,NA,410-40-12-00,TREE CUTTING EQUIPMENTS,2021-2022|2022-2023|2022-2023|2023-2024,,100,100,0
glance2023-24.pdf,93,NA,410-40-14-00,DEWATERING PUMPS,2021-2022|2022-2023|2022-2023|2023-2024,,100,100,100
glance2023-24.pdf,93,NA,410-40-22-00,PLASTIC SHREDDING MACHINE,2021-2022|2022-2023|2022-2023|2023-2024,,100,100,100
glance2023-24.pdf,93,NA,410-40-23-02,AMMA UNAVAGAM EQUIPMENTS,2021-2022|2022-2023|2022-2023|2023-2024,,100,100,100
glance2023-24.pdf,93,NA,410-70-01-00,CHAIR,2021-2022|2022-2023|2022-2023|2023-2024,,100,100,100
glance2023-24.pdf,93,NA,410-70-02-00,TABLE,2021-2022|2022-2023|2022-2023|2023-2024,,100,100,100
glance2023-24.pdf,93,NA,410-70-03-00,BUREAUS &amp; RACKS,2021-2022|2022-2023|2022-2023|2023-2024,,100,100,100
glance2023-24.pdf,93,NA,410-80-00-00,OTHER FIXED ASSETS,2021-2022|2022-2023|2022-2023|2023-2024,100,500,100,100
glance2023-24.pdf,94,NB,410-40-12-00,TREE CUTTING EQUIPMENTS,2021-2022|2022-2023|2022-2023|2023-2024,,100,100,0
glance2023-24.pdf,94,NB,410-40-15-00,GENERATORS,2021-2022|2022-2023|2022-2023|2023-2024,,100,100,100
glance2023-24.pdf,94,NB,410-40-22-00,PLASTIC SHREDDING MACHINE,2021-2022|2022-2023|2022-2023|2023-2024,,100,100,100
glance2023-24.pdf,94,NB,410-40-23-02,AMMA UNAVAGAM EQUIPMENTS,2021-2022|2022-2023|2022-2023|2023-2024,,100,100,100
glance2023-24.pdf,94,NB,410-70-01-00,CHAIR,2021-2022|2022-2023|2022-2023|2023-2024,,100,100,100
glance2023-24.pdf,94,NB,410-70-02-00,TABLE,2021-2022|2022-2023|2022-2023|2023-2024,,100,100,100
glance2023-24.pdf,94,NB,410-70-03-00,BUREAUS &amp; RACKS,2021-2022|2022-2023|2022-2023|2023-2024,,100,100,100
glance2023-24.pdf,94,NB,410-80-00-00,OTHER FIXED ASSETS,2021-2022|2022-2023|2022-2023|2023-2024,,500,100,100
glance2023-24.pdf,95,NC,410-40-12-00,TREE CUTTING EQUIPMENTS,2021-2022|2022-2023|2022-2023|2023-2024,,100,100,0
glance2023-24.pdf,95,NC,410-40-15-00,GENERATORS,2021-2022|2022-2023|2022-2023|2023-2024,,100,100,100
glance2023-24.pdf,95,NC,410-40-22-00,PLASTIC SHREDDING MACHINE,2021-2022|2022-2023|2022-2023|2023-2024,,100,100,100
glance2023-24.pdf,95,NC,410-40-23-02,AMMA UNAVAGAM EQUIPMENTS,2021-2022|2022-2023|2022-2023|2023-2024,,100,100,100
glance2023-24.pdf,95,NC,410-60-09-00,AIR CONDITIONER,2021-2022|2022-2023|2022-2023|2023-2024,,100,100,100
glance2023-24.pdf,95,NC,410-70-01-00,CHAIR,2021-2022|2022-2023|2022-2023|2023-2024,,100,100,100
glance2023-24.pdf,95,NC,410-70-02-00,TABLE,2021-2022|2022-2023|2022-2023|2023-2024,,100,100,100
glance2023-24.pdf,95,NC,410-70-03-00,BUREAUS &amp; RACKS,2021-2022|2022-2023|2022-2023|2023-2024,,100,600,100
glance2023-24.pdf,95,NC,410-80-00-00,OTHER FIXED ASSETS,2021-2022|2022-2023|2022-2023|2023-2024,,500,100,100
glance2023-24.pdf,96,ND,410-40-12-00,TREE CUTTING EQUIPMENTS,2021-2022|2022-2023|2022-2023|2023-2024,,100,100,0
glance2023-24.pdf,96,ND,410-40-22-00,PLASTIC SHREDDING MACHINE,2021-2022|2022-2023|2022-2023|2023-2024,,100,100,100
glance2023-24.pdf,96,ND,410-40-23-02,AMMA UNAVAGAM EQUIPMENTS,2021-2022|2022-2023|2022-2023|2023-2024,,100,100,100
glance2023-24.pdf,96,ND,410-60-08-00,PHOTO COPIER,2021-2022|2022-2023|2022-2023|2023-2024,83,0,0,0
glance2023-24.pdf,96,ND,410-70-01-00,CHAIR,2021-2022|2022-2023|2022-2023|2023-2024,,100,100,100
glance2023-24.pdf,96,ND,410-70-02-00,TABLE,2021-2022|2022-2023|2022-2023|2023-2024,,100,100,100
glance2023-24.pdf,96,ND,410-70-03-00,BUREAUS &amp; RACKS,2021-2022|2022-2023|2022-2023|2023-2024,,100,100,100
glance2023-24.pdf,96,ND,410-80-00-00,OTHER FIXED ASSETS,2021-2022|2022-2023|2022-2023|2023-2024,,500,100,100
glance2023-24.pdf,97,NE,410-40-13-00,GYM EQUIPMENTS,2021-2022|2022-2023|2022-2023|2023-2024,,100,100,100
glance2023-24.pdf,97,NE,410-40-22-00,PLASTIC SHREDDING MACHINE,2021-2022|2022-2023|2022-2023|2023-2024,,100,100,100
glance2023-24.pdf,97,NE,410-40-23-02,AMMA UNAVAGAM EQUIPMENTS,2021-2022|2022-2023|2022-2023|2023-2024,,100,100,100
glance2023-24.pdf,97,NE,410-70-01-00,CHAIR,2021-2022|2022-2023|2022-2023|2023-2024,,100,100,100
glance2023-24.pdf,97,NE,410-70-02-00,TABLE,2021-2022|2022-2023|2022-2023|2023-2024,,100,100,100
glance2023-24.pdf,97,NE,410-70-03-00,BUREAUS &amp; RACKS,2021-2022|2022-2023|2022-2023|2023-2024,,100,100,100
glance2023-24.pdf,97,NE,410-80-00-00,OTHER FIXED ASSETS,2021-2022|2022-2023|2022-2023|2023-2024,,1000,100,100
glance2023-24.pdf,98,NF,410-40-12-00,TREE CUTTING EQUIPMENTS,2021-2022|2022-2023|2022-2023|2023-2024,,100,100,0
glance2023-24.pdf,98,NF,410-40-13-00,GYM EQUIPMENTS,2021-2022|2022-2023|2022-2023|2023-2024,,100,100,100
glance2023-24.pdf,98,NF,410-40-22-00,PLASTIC SHREDDING MACHINE,2021-2022|2022-2023|2022-2023|2023-2024,,100,1300,100
glance2023-24.pdf,98,NF,410-40-23-02,AMMA UNAVAGAM EQUIPMENTS,2021-2022|2022-2023|2022-2023|2023-2024,,100,100,100
glance2023-24.pdf,98,NF,410-60-09-00,AIR CONDITIONER,2021-2022|2022-2023|2022-2023|2023-2024,,100,100,100
glance2023-24.pdf,98,NF,410-70-01-00,CHAIR,2021-2022|2022-2023|2022-2023|2023-2024,,100,100,100
glance2023-24.pdf,98,NF,410-70-02-00,TABLE,2021-2022|2022-2023|2022-2023|2023-2024,,100,100,100
glance2023-24.pdf,98,NF,410-70-03-00,BUREAUS &amp; RACKS,2021-2022|2022-2023|2022-2023|2023-2024,,100,500,100
glance2023-24.pdf,98,NF,410-70-06-00,ELECTRICAL FITTINGS,2021-2022|2022-2023|2022-2023|2023-2024,,100,100,100
glance2023-24.pdf,98,NF,410-80-00-00,OTHER FIXED ASSETS,2021-2022|2022-2023|2022-2023|2023-2024,1585,600,100,100
glance2023-24.pdf,99,NG,410-40-22-00,PLASTIC SHREDDING MACHINE,2021-2022|2022-2023|2022-2023|2023-2024,,100,100,100
glance2023-24.pdf,99,NG,410-40-23-02,AMMA UNAVAGAM EQUIPMENTS,2021-2022|2022-2023|2022-2023|2023-2024,884,100,100,100
glance2023-24.pdf,99,NG,410-70-01-00,CHAIR,2021-2022|2022-2023|2022-2023|2023-2024,,100,100,100
glance2023-24.pdf,99,NG,410-70-02-00,TABLE,2021-2022|2022-2023|2022-2023|2023-2024,,100,100,100
glance2023-24.pdf,99,NG,410-70-03-00,BUREAUS &amp; RACKS,2021-2022|2022-2023|2022-2023|2023-2024,,100,100,100
glance2023-24.pdf,99,NG,410-80-00-00,OTHER FIXED ASSETS,2021-2022|2022-2023|2022-2023|2023-2024,,100,700,100
glance2023-24.pdf,100,NH,410-40-10-00,TECHNICAL LABORATORY EQUIPMENTS,2021-2022|2022-2023|2022-2023|2023-2024,,100,100,0
glance2023-24.pdf,100,NH,410-40-12-00,TREE CUTTING EQUIPMENTS,2021-2022|2022-2023|2022-2023|2023-2024,,100,100,0
glance2023-24.pdf,100,NH,410-40-22-00,PLASTIC SHREDDING MACHINE,2021-2022|2022-2023|2022-2023|2023-2024,,1000,100,100
glance2023-24.pdf,100,NH,410-40-23-02,AMMA UNAVAGAM EQUIPMENTS,2021-2022|2022-2023|2022-2023|2023-2024,,100,100,100
glance2023-24.pdf,100,NH,410-60-09-00,AIR CONDITIONER,2021-2022|2022-2023|2022-2023|2023-2024,,100,100,100
glance2023-24.pdf,100,NH,410-70-01-00,CHAIR,2021-2022|2022-2023|2022-2023|2023-2024,,100,100,100
glance2023-24.pdf,100,NH,410-70-02-00,TABLE,2021-2022|2022-2023|2022-2023|2023-2024,,100,100,100
glance2023-24.pdf,100,NH,410-70-03-00,BUREAUS &amp; RACKS,2021-2022|2022-2023|2022-2023|2023-2024,,100,100,100
glance2023-24.pdf,100,NH,410-70-08-00,INVERTORS,2021-2022|2022-2023|2022-2023|2023-2024,,100,100,100
glance2023-24.pdf,100,NH,410-80-00-00,OTHER FIXED ASSETS,2021-2022|2022-2023|2022-2023|2023-2024,,1000,100,100
glance2023-24.pdf,101,NJ,410-40-12-00,TREE CUTTING EQUIPMENTS,2021-2022|2022-2023|2022-2023|2023-2024,,100,100,0
glance2023-24.pdf,101,NJ,410-40-14-00,DEWATERING PUMPS,2021-2022|2022-2023|2022-2023|2023-2024,,100,100,100
glance2023-24.pdf,101,NJ,410-40-22-00,PLASTIC SHREDDING MACHINE,2021-2022|2022-2023|2022-2023|2023-2024,,500,100,100
glance2023-24.pdf,101,NJ,410-40-23-02,AMMA UNAVAGAM EQUIPMENTS,2021-2022|2022-2023|2022-2023|2023-2024,,100,100,100
glance2023-24.pdf,101,NJ,410-70-01-00,CHAIR,2021-2022|2022-2023|2022-2023|2023-2024,906,100,100,100
glance2023-24.pdf,101,NJ,410-70-02-00,TABLE,2021-2022|2022-2023|2022-2023|2023-2024,346,100,100,100
glance2023-24.pdf,101,NJ,410-70-03-00,BUREAUS &amp; RACKS,2021-2022|2022-2023|2022-2023|2023-2024,236,100,100,100
glance2023-24.pdf,101,NJ,410-80-00-00,OTHER FIXED ASSETS,2021-2022|2022-2023|2022-2023|2023-2024,101,500,100,100
glance2023-24.pdf,102,NK,410-40-12-00,TREE CUTTING EQUIPMENTS,2021-2022|2022-2023|2022-2023|2023-2024,,100,100,0
glance2023-24.pdf,102,NK,410-40-14-00,DEWATERING PUMPS,2021-2022|2022-2023|2022-2023|2023-2024,,100,100,100
glance2023-24.pdf,102,NK,410-40-22-00,PLASTIC SHREDDING MACHINE,2021-2022|2022-2023|2022-2023|2023-2024,,500,100,100
glance2023-24.pdf,102,NK,410-40-23-02,AMMA UNAVAGAM EQUIPMENTS,2021-2022|2022-2023|2022-2023|2023-2024,,100,100,100
glance2023-24.pdf,102,NK,410-70-01-00,CHAIR,2021-2022|2022-2023|2022-2023|2023-2024,,100,100,100
glance2023-24.pdf,102,NK,410-70-02-00,TABLE,2021-2022|2022-2023|2022-2023|2023-2024,,100,100,100
glance2023-24.pdf,102,NK,410-70-03-00,BUREAUS &amp; RACKS,2021-2022|2022-2023|2022-2023|2023-2024,,100,100,100
glance2023-24.pdf,102,NK,410-70-08-00,INVERTORS,2021-2022|2022-2023|2022-2023|2023-2024,,100,100,100
glance2023-24.pdf,102,NK,410-80-00-00,OTHER FIXED ASSETS,2021-2022|2022-2023|2022-2023|2023-2024,,1000,100,100
glance2023-24.pdf,103,NL,410-40-22-00,PLASTIC SHREDDING MACHINE,2021-2022|2022-2023|2022-2023|2023-2024,,100,100,100
glance2023-24.pdf,103,NL,410-40-23-02,AMMA UNAVAGAM EQUIPMENTS,2021-2022|2022-2023|2022-2023|2023-2024,,100,100,100
glance2023-24.pdf,103,NL,410-70-01-00,CHAIR,2021-2022|2022-2023|2022-2023|2023-2024,,100,100,100
glance2023-24.pdf,103,NL,410-70-02-00,TABLE,2021-2022|2022-2023|2022-2023|2023-2024,,100,100,100
glance2023-24.pdf,103,NL,410-70-03-00,BUREAUS &amp; RACKS,2021-2022|2022-2023|2022-2023|2023-2024,,100,100,100
glance2023-24.pdf,103,NL,410-80-00-00,OTHER FIXED ASSETS,2021-2022|2022-2023|2022-2023|2023-2024,831,500,100,100
glance2023-24.pdf,104,NM,410-40-12-00,TREE CUTTING EQUIPMENTS,2021-2022|2022-2023|2022-2023|2023-2024,,100,100,0
glance2023-24.pdf,104,NM,410-40-22-00,PLASTIC SHREDDING MACHINE,2021-2022|2022-2023|2022-2023|2023-2024,,100,100,100
glance2023-24.pdf,104,NM,410-40-23-02,AMMA UNAVAGAM EQUIPMENTS,2021-2022|2022-2023|2022-2023|2023-2024,,100,100,100
glance2023-24.pdf,104,NM,410-70-01-00,CHAIR,2021-2022|2022-2023|2022-2023|2023-2024,,100,100,100
glance2023-24.pdf,104,NM,410-70-02-00,TABLE,2021-2022|2022-2023|2022-2023|2023-2024,,100,100,100
glance2023-24.pdf,104,NM,410-70-03-00,BUREAUS &amp; RACKS,2021-2022|2022-2023|2022-2023|2023-2024,,100,100,100
glance2023-24.pdf,104,NM,410-80-00-00,OTHER FIXED ASSETS,2021-2022|2022-2023|2022-2023|2023-2024,,500,100,100
glance2023-24.pdf,105,NN,410-40-12-00,TREE CUTTING EQUIPMENTS,2021-2022|2022-2023|2022-2023|2023-2024,,100,100,0
glance2023-24.pdf,105,NN,410-40-22-00,PLASTIC SHREDDING MACHINE,2021-2022|2022-2023|2022-2023|2023-2024,,100,100,100
glance2023-24.pdf,105,NN,410-40-23-02,AMMA UNAVAGAM EQUIPMENTS,2021-2022|2022-2023|2022-2023|2023-2024,,500,100,100
glance2023-24.pdf,105,NN,410-60-09-00,AIR CONDITIONER,2021-2022|2022-2023|2022-2023|2023-2024,,100,100,100
glance2023-24.pdf,105,NN,410-70-01-00,CHAIR,2021-2022|2022-2023|2022-2023|2023-2024,,100,100,100
glance2023-24.pdf,105,NN,410-70-02-00,TABLE,2021-2022|2022-2023|2022-2023|2023-2024,,100,100,100
glance2023-24.pdf,105,NN,410-70-03-00,BUREAUS &amp; RACKS,2021-2022|2022-2023|2022-2023|2023-2024,,100,100,100
glance2023-24.pdf,105,NN,410-80-00-00,OTHER FIXED ASSETS,2021-2022|2022-2023|2022-2023|2023-2024,,1000,110,100
glance2023-24.pdf,106,NP,410-40-10-00,TECHNICAL LABORATORY EQUIPMENTS,2021-2022|2022-2023|2022-2023|2023-2024,,100,100,0
glance2023-24.pdf,106,NP,410-40-14-00,DEWATERING PUMPS,2021-2022|2022-2023|2022-2023|2023-2024,,100,100,100
glance2023-24.pdf,106,NP,410-40-15-00,GENERATORS,2021-2022|2022-2023|2022-2023|2023-2024,,100,100,100
glance2023-24.pdf,106,NP,410-40-22-00,PLASTIC SHREDDING MACHINE,2021-2022|2022-2023|2022-2023|2023-2024,,100,100,100
glance2023-24.pdf,106,NP,410-40-23-02,AMMA UNAVAGAM EQUIPMENTS,2021-2022|2022-2023|2022-2023|2023-2024,,100,100,100
glance2023-24.pdf,106,NP,410-70-01-00,CHAIR,2021-2022|2022-2023|2022-2023|2023-2024,84,100,100,100
glance2023-24.pdf,106,NP,410-70-02-00,TABLE,2021-2022|2022-2023|2022-2023|2023-2024,18,100,100,100
glance2023-24.pdf,106,NP,410-70-03-00,BUREAUS &amp; RACKS,2021-2022|2022-2023|2022-2023|2023-2024,80,100,100,100
glance2023-24.pdf,106,NP,410-80-00-00,OTHER FIXED ASSETS,2021-2022|2022-2023|2022-2023|2023-2024,,500,100,100
glance2023-24.pdf,107,NQ,410-40-10-00,TECHNICAL LABORATORY EQUIPMENTS,2021-2022|2022-2023|2022-2023|2023-2024,,100,100,0
glance2023-24.pdf,107,NQ,410-40-12-00,TREE CUTTING EQUIPMENTS,2021-2022|2022-2023|2022-2023|2023-2024,,100,100,0
glance2023-24.pdf,107,NQ,410-40-14-00,DEWATERING PUMPS,2021-2022|2022-2023|2022-2023|2023-2024,,100,100,100
glance2023-24.pdf,107,NQ,410-40-15-00,GENERATORS,2021-2022|2022-2023|2022-2023|2023-2024,,100,100,100
glance2023-24.pdf,107,NQ,410-40-22-00,PLASTIC SHREDDING MACHINE,2021-2022|2022-2023|2022-2023|2023-2024,,100,100,100
glance2023-24.pdf,107,NQ,410-40-23-02,AMMA UNAVAGAM EQUIPMENTS,2021-2022|2022-2023|2022-2023|2023-2024,,100,100,100
glance2023-24.pdf,107,NQ,410-70-01-00,CHAIR,2021-2022|2022-2023|2022-2023|2023-2024,,100,100,100
glance2023-24.pdf,107,NQ,410-70-02-00,TABLE,2021-2022|2022-2023|2022-2023|2023-2024,,100,100,100
glance2023-24.pdf,107,NQ,410-70-03-00,BUREAUS &amp; RACKS,2021-2022|2022-2023|2022-2023|2023-2024,,100,100,100
glance2023-24.pdf,107,NQ,410-80-00-00,OTHER FIXED ASSETS,2021-2022|2022-2023|2022-2023|2023-2024,368,1000,500,500
glance2024-25.pdf,57,NA,412-10-08-09,TURIF (2021-22),2022-2023|2023-2024|2023-2024|2024-2025,8249,0,21100,2000
glance2024-25.pdf,57,NA,412-10-08-10,TURIF (2022-23),2022-2023|2023-2024|2023-2024|2024-2025,,0,17700,5000
glance2024-25.pdf,57,NA,412-10-08-11,TURIF (2023-24),2022-2023|2023-2024|2023-2024|2024-2025,,0,17800,5000
glance2024-25.pdf,57,NA,412-10-15-01,URBAN HEALTH WELLNESS CENTRES,2022-2023|2023-2024|2023-2024|2024-2025,16617,12100,12100,0
glance2024-25.pdf,57,NA,412-10-16-04,CMCDM (2020-21),2022-2023|2023-2024|2023-2024|2024-2025,26101,0,1500,0
glance2024-25.pdf,57,NA,412-10-17-03,SBM 2.0-COMMUNITY TOILETS/URINALS,2022-2023|2023-2024|2023-2024|2024-2025,7304,13070,13100,10000
glance2024-25.pdf,57,NA,412-10-23-00,SINGARA CHENNAI 2.0,2022-2023|2023-2024|2023-2024|2024-2025,2585,0,50000,20000
glance2024-25.pdf,57,NA,412-10-23-03,NAKARPURA SALAIKAL MEMPATTU THITTAM (2023-24),2022-2023|2023-2024|2023-2024|2024-2025,,0,50000,20000
glance2024-25.pdf,57,NA,412-10-23-04,STATE FINANCE COMMISSION (2022-23),2022-2023|2023-2024|2023-2024|2024-2025,,0,20900,0
glance2024-25.pdf,57,NA,412-20-03-00,MAYOR SPECIAL DEVELOPMENT FUND WORKS,2022-2023|2023-2024|2023-2024|2024-2025,,1330,0,2000
glance2024-25.pdf,58,NA,412-20-04-00,COUNCILLOR WARD IMPROVEMENT WORKS,2022-2023|2023-2024|2023-2024|2024-2025,7862,88000,56000,63000
glance2024-25.pdf,58,NA,412-40-04-06,ANGANVADI CENTRES,2022-2023|2023-2024|2023-2024|2024-2025,,10000,5000,5000
glance2024-25.pdf,58,NA,412-40-05-12,CMBFS BUILDING,2022-2023|2023-2024|2023-2024|2024-2025,,100,100,100
glance2024-25.pdf,58,NA,412-40-07-07,SPECIAL ROAD PROGRAMME (2020-21),2022-2023|2023-2024|2023-2024|2024-2025,18012,0,5000,0
glance2024-25.pdf,58,NA,412-40-30-00,MISCELLANEOUS WORKS,2022-2023|2023-2024|2023-2024|2024-2025,14460,10000,15000,12000
glance2024-25.pdf,59,NB,412-10-08-09,TURIF (2021-22),2022-2023|2023-2024|2023-2024|2024-2025,40283,88400,124000,0
glance2024-25.pdf,59,NB,412-10-08-10,TURIF (2022-23),2022-2023|2023-2024|2023-2024|2024-2025,,0,22100,0
glance2024-25.pdf,59,NB,412-10-08-11,TURIF (2023-24),2022-2023|2023-2024|2023-2024|2024-2025,,0,19600,0
glance2024-25.pdf,59,NB,412-10-15-01,URBAN HEALTH WELLNESS CENTRES,2022-2023|2023-2024|2023-2024|2024-2025,11863,0,7647,0
glance2024-25.pdf,59,NB,412-10-16-04,CMCDM (2020-21),2022-2023|2023-2024|2023-2024|2024-2025,16616,15000,15000,0
glance2024-25.pdf,59,NB,412-10-17-03,SBM 2.0-COMMUNITY TOILETS/URINALS,2022-2023|2023-2024|2023-2024|2024-2025,29108,0,8000,5000
glance2024-25.pdf,59,NB,412-10-23-00,SINGARA CHENNAI 2.0,2022-2023|2023-2024|2023-2024|2024-2025,1587,0,92000,10000
glance2024-25.pdf,59,NB,412-10-23-03,NAKARPURA SALAIKAL MEMPATTU THITTAM (2023-24),2022-2023|2023-2024|2023-2024|2024-2025,,0,58000,10000
glance2024-25.pdf,59,NB,412-10-23-04,STATE FINANCE COMMISSION (2022-23),2022-2023|2023-2024|2023-2024|2024-2025,,0,88100,10000
glance2024-25.pdf,59,NB,412-10-23-05,STATE FINANCE COMMISSION (2023-24),2022-2023|2023-2024|2023-2024|2024-2025,,0,50000,6000
glance2024-25.pdf,59,NB,412-20-03-00,MAYOR SPECIAL DEVELOPMENT FUND WORKS,2022-2023|2023-2024|2023-2024|2024-2025,,1330,0,2000
glance2024-25.pdf,60,NB,412-20-04-00,COUNCILLOR WARD IMPROVEMENT WORKS,2022-2023|2023-2024|2023-2024|2024-2025,2381,41000,28000,31500
glance2024-25.pdf,60,NB,412-40-06-04,PUBLIC CONVENIENCE,2022-2023|2023-2024|2023-2024|2024-2025,4287,0,600,0
glance2024-25.pdf,60,NB,412-40-07-02,CONCRETE ROADS,2022-2023|2023-2024|2023-2024|2024-2025,2609,0,5300,1000
glance2024-25.pdf,60,NB,412-40-08-02,BLACK TOPPED ROADS,2022-2023|2023-2024|2023-2024|2024-2025,,0,8700,1000
glance2024-25.pdf,60,NB,412-40-30-00,MISCELLANEOUS WORKS,2022-2023|2023-2024|2023-2024|2024-2025,14968,10000,11000,12000
glance2024-25.pdf,61,NC,412-10-08-09,TURIF (2021-22),2022-2023|2023-2024|2023-2024|2024-2025,44859,15000,41900,0
glance2024-25.pdf,61,NC,412-10-08-10,TURIF (2022-23),2022-2023|2023-2024|2023-2024|2024-2025,,0,69400,0
glance2024-25.pdf,61,NC,412-10-08-11,TURIF (2023-24),2022-2023|2023-2024|2023-2024|2024-2025,,0,50000,38000
glance2024-25.pdf,61,NC,412-10-15-01,URBAN HEALTH WELLNESS CENTRES,2022-2023|2023-2024|2023-2024|2024-2025,18216,0,3020,0
glance2024-25.pdf,61,NC,412-10-16-04,CMCDM (2020-21),2022-2023|2023-2024|2023-2024|2024-2025,33679,25000,25300,0
glance2024-25.pdf,61,NC,412-10-17-03,SBM 2.0-COMMUNITY TOILETS/URINALS,2022-2023|2023-2024|2023-2024|2024-2025,38960,0,0,0
glance2024-25.pdf,61,NC,412-10-23-00,SINGARA CHENNAI 2.0,2022-2023|2023-2024|2023-2024|2024-2025,1797,0,0,0
glance2024-25.pdf,61,NC,412-10-23-03,NAKARPURA SALAIKAL MEMPATTU THITTAM (2023-24),2022-2023|2023-2024|2023-2024|2024-2025,,0,160000,123600
glance2024-25.pdf,61,NC,412-10-23-04,STATE FINANCE COMMISSION (2022-23),2022-2023|2023-2024|2023-2024|2024-2025,,0,50000,137600
glance2024-25.pdf,61,NC,412-10-23-05,STATE FINANCE COMMISSION (2023-24),2022-2023|2023-2024|2023-2024|2024-2025,,0,50000,130800
glance2024-25.pdf,61,NC,412-20-03-00,MAYOR SPECIAL DEVELOPMENT FUND WORKS,2022-2023|2023-2024|2023-2024|2024-2025,,1330,1330,2000
glance2024-25.pdf,62,NC,412-20-04-00,COUNCILLOR WARD IMPROVEMENT WORKS,2022-2023|2023-2024|2023-2024|2024-2025,2119,57000,48000,54000
glance2024-25.pdf,62,NC,412-40-04-06,ANGANVADI CENTRES,2022-2023|2023-2024|2023-2024|2024-2025,456,0,3000,1000
glance2024-25.pdf,62,NC,412-40-05-12,CMBFS BUILDING,2022-2023|2023-2024|2023-2024|2024-2025,,10,0,0
glance2024-25.pdf,62,NC,412-40-07-02,CONCRETE ROADS,2022-2023|2023-2024|2023-2024|2024-2025,7601,0,260,0
glance2024-25.pdf,62,NC,412-40-07-07,SPECIAL ROAD PROGRAMME (2020-21),2022-2023|2023-2024|2023-2024|2024-2025,39915,0,200,0
glance2024-25.pdf,62,NC,412-40-30-00,MISCELLANEOUS WORKS,2022-2023|2023-2024|2023-2024|2024-2025,15868,10000,13000,10000
glance2024-25.pdf,62,NC,412-40-30-04,HUDCO-CSR FUND,2022-2023|2023-2024|2023-2024|2024-2025,,0,6340,0
glance2024-25.pdf,63,ND,412-10-08-09,TURIF (2021-22),2022-2023|2023-2024|2023-2024|2024-2025,126159,0,13500,0
glance2024-25.pdf,63,ND,412-10-08-10,TURIF (2022-23),2022-2023|2023-2024|2023-2024|2024-2025,,0,73200,0
glance2024-25.pdf,63,ND,412-10-08-11,TURIF (2023-24),2022-2023|2023-2024|2023-2024|2024-2025,,0,80000,47900
glance2024-25.pdf,63,ND,412-10-15-01,URBAN HEALTH WELLNESS CENTRES,2022-2023|2023-2024|2023-2024|2024-2025,32045,0,0,0
glance2024-25.pdf,63,ND,412-10-17-01,SBM-SWM INFRASTRUCTURE,2022-2023|2023-2024|2023-2024|2024-2025,29790,0,0,0
glance2024-25.pdf,63,ND,412-10-17-03,SBM 2.0-COMMUNITY TOILETS/URINALS,2022-2023|2023-2024|2023-2024|2024-2025,13508,0,1200,1000
glance2024-25.pdf,63,ND,412-10-22-00,NIRBHYA SCHEME,2022-2023|2023-2024|2023-2024|2024-2025,7815,0,16520,0
glance2024-25.pdf,63,ND,412-10-23-00,SINGARA CHENNAI 2.0,2022-2023|2023-2024|2023-2024|2024-2025,5658,0,0,0
glance2024-25.pdf,63,ND,412-10-23-03,NAKARPURA SALAIKAL MEMPATTU THITTAM (2023-24),2022-2023|2023-2024|2023-2024|2024-2025,,0,120000,122000
glance2024-25.pdf,63,ND,412-10-23-05,STATE FINANCE COMMISSION (2023-24),2022-2023|2023-2024|2023-2024|2024-2025,,0,0,38700
glance2024-25.pdf,63,ND,412-10-24-00,T.N. URBAN EMPLOYMENT SCHEME,2022-2023|2023-2024|2023-2024|2024-2025,12576,0,16000,10000
glance2024-25.pdf,64,ND,412-20-03-00,MAYOR SPECIAL DEVELOPMENT FUND WORKS,2022-2023|2023-2024|2023-2024|2024-2025,,1330,1330,2000
glance2024-25.pdf,64,ND,412-20-04-00,COUNCILLOR WARD IMPROVEMENT WORKS,2022-2023|2023-2024|2023-2024|2024-2025,,105000,60000,67500
glance2024-25.pdf,64,ND,412-40-03-02,COMMUNICABLE DISEASE HOSPITAL BUILDING,2022-2023|2023-2024|2023-2024|2024-2025,7739,5000,5000,5000
glance2024-25.pdf,64,ND,412-40-05-12,CMBFS BUILDING,2022-2023|2023-2024|2023-2024|2024-2025,,100,0,0
glance2024-25.pdf,64,ND,412-40-06-09,BURIAL GROUND,2022-2023|2023-2024|2023-2024|2024-2025,,0,0,1200
glance2024-25.pdf,64,ND,412-40-07-07,SPECIAL ROAD PROGRAMME (2020-21),2022-2023|2023-2024|2023-2024|2024-2025,41650,0,0,0
glance2024-25.pdf,64,ND,412-40-08-02,BLACK TOPPED ROADS,2022-2023|2023-2024|2023-2024|2024-2025,11224,0,0,0
glance2024-25.pdf,64,ND,412-40-11-00,STORM WATER DRAIN,2022-2023|2023-2024|2023-2024|2024-2025,1921,0,0,0
glance2024-25.pdf,64,ND,412-40-30-00,MISCELLANEOUS WORKS,2022-2023|2023-2024|2023-2024|2024-2025,22890,20000,25000,25000
glance2024-25.pdf,65,NE,412-10-08-09,TURIF (2021-22),2022-2023|2023-2024|2023-2024|2024-2025,25695,0,19700,0
glance2024-25.pdf,65,NE,412-10-08-10,TURIF (2022-23),2022-2023|2023-2024|2023-2024|2024-2025,,0,57580,0
glance2024-25.pdf,65,NE,412-10-08-11,TURIF (2023-24),2022-2023|2023-2024|2023-2024|2024-2025,,0,40100,0
glance2024-25.pdf,65,NE,412-10-15-01,URBAN HEALTH WELLNESS CENTRES,2022-2023|2023-2024|2023-2024|2024-2025,2628,16880,16880,0
glance2024-25.pdf,65,NE,412-10-17-01,SBM-SWM INFRASTRUCTURE,2022-2023|2023-2024|2023-2024|2024-2025,8085,1000,0,0
glance2024-25.pdf,65,NE,412-10-17-03,SBM 2.0-COMMUNITY TOILETS/URINALS,2022-2023|2023-2024|2023-2024|2024-2025,7391,0,10000,5000
glance2024-25.pdf,65,NE,412-10-22-00,NIRBHYA SCHEME,2022-2023|2023-2024|2023-2024|2024-2025,12546,5000,16000,0
glance2024-25.pdf,65,NE,412-10-23-00,SINGARA CHENNAI 2.0,2022-2023|2023-2024|2023-2024|2024-2025,2073,0,27200,10000
glance2024-25.pdf,65,NE,412-10-23-01,NAKARPURA SALAIKAL MEMPATTU THITTAM (2022-23),2022-2023|2023-2024|2023-2024|2024-2025,,0,11000,25000
glance2024-25.pdf,65,NE,412-10-23-03,NAKARPURA SALAIKAL MEMPATTU THITTAM (2023-24),2022-2023|2023-2024|2023-2024|2024-2025,,0,59000,0
glance2024-25.pdf,65,NE,412-20-03-00,MAYOR SPECIAL DEVELOPMENT FUND WORKS,2022-2023|2023-2024|2023-2024|2024-2025,,1330,1330,2000
glance2024-25.pdf,66,NE,412-20-04-00,COUNCILLOR WARD IMPROVEMENT WORKS,2022-2023|2023-2024|2023-2024|2024-2025,,104000,60000,67500
glance2024-25.pdf,66,NE,412-40-05-12,CMBFS BUILDING,2022-2023|2023-2024|2023-2024|2024-2025,,50,0,0
glance2024-25.pdf,66,NE,412-40-07-07,SPECIAL ROAD PROGRAMME (2020-21),2022-2023|2023-2024|2023-2024|2024-2025,53287,0,9350,0
glance2024-25.pdf,66,NE,412-40-08-02,BLACK TOPPED ROADS,2022-2023|2023-2024|2023-2024|2024-2025,13672,0,0,0
glance2024-25.pdf,66,NE,412-40-11-00,STORM WATER DRAIN,2022-2023|2023-2024|2023-2024|2024-2025,13041,0,0,0
glance2024-25.pdf,66,NE,412-40-30-00,MISCELLANEOUS WORKS,2022-2023|2023-2024|2023-2024|2024-2025,33334,20000,20000,15000
glance2024-25.pdf,67,NF,412-10-08-06,TURIF (2018-19),2022-2023|2023-2024|2023-2024|2024-2025,,0,500,0
glance2024-25.pdf,67,NF,412-10-08-07,TURIF (2019-20),2022-2023|2023-2024|2023-2024|2024-2025,11182,0,500,0
glance2024-25.pdf,67,NF,412-10-08-08,TURIF (2020-21),2022-2023|2023-2024|2023-2024|2024-2025,1893,0,33200,0
glance2024-25.pdf,67,NF,412-10-08-09,TURIF (2021-22),2022-2023|2023-2024|2023-2024|2024-2025,66601,0,56700,0
glance2024-25.pdf,67,NF,412-10-08-10,TURIF (2022-23),2022-2023|2023-2024|2023-2024|2024-2025,,0,63600,0
glance2024-25.pdf,67,NF,412-10-15-01,URBAN HEALTH WELLNESS CENTRES,2022-2023|2023-2024|2023-2024|2024-2025,18134,7350,7350,0
glance2024-25.pdf,67,NF,412-10-17-01,SBM-SWM INFRASTRUCTURE,2022-2023|2023-2024|2023-2024|2024-2025,19560,10000,10000,0
glance2024-25.pdf,67,NF,412-10-17-03,SBM 2.0-COMMUNITY TOILETS/URINALS,2022-2023|2023-2024|2023-2024|2024-2025,5565,2000,0,0
glance2024-25.pdf,67,NF,412-10-22-00,NIRBHYA SCHEME,2022-2023|2023-2024|2023-2024|2024-2025,12655,11000,11615,0
glance2024-25.pdf,67,NF,412-10-23-00,SINGARA CHENNAI 2.0,2022-2023|2023-2024|2023-2024|2024-2025,9111,1900,4400,0
glance2024-25.pdf,67,NF,412-10-23-01,NAKARPURA SALAIKAL MEMPATTU THITTAM (2022-23),2022-2023|2023-2024|2023-2024|2024-2025,,0,411200,0
glance2024-25.pdf,68,NF,412-10-23-03,NAKARPURA SALAIKAL MEMPATTU THITTAM (2023-24),2022-2023|2023-2024|2023-2024|2024-2025,,0,206000,200000
glance2024-25.pdf,68,NF,412-10-24-00,T.N. URBAN EMPLOYMENT SCHEME,2022-2023|2023-2024|2023-2024|2024-2025,5301,6000,4000,4000
glance2024-25.pdf,68,NF,412-20-03-00,MAYOR SPECIAL DEVELOPMENT FUND WORKS,2022-2023|2023-2024|2023-2024|2024-2025,,1330,10000,2000
glance2024-25.pdf,68,NF,412-20-04-00,COUNCILLOR WARD IMPROVEMENT WORKS,2022-2023|2023-2024|2023-2024|2024-2025,,92000,60000,67500
glance2024-25.pdf,68,NF,412-40-01-00,PLAY GROUNDS,2022-2023|2023-2024|2023-2024|2024-2025,5263,0,0,9800
glance2024-25.pdf,68,NF,412-40-07-07,SPECIAL ROAD PROGRAMME (2020-21),2022-2023|2023-2024|2023-2024|2024-2025,16627,0,1600,0
glance2024-25.pdf,68,NF,412-40-08-02,BLACK TOPPED ROADS,2022-2023|2023-2024|2023-2024|2024-2025,68053,0,0,0
glance2024-25.pdf,68,NF,412-40-30-00,MISCELLANEOUS WORKS,2022-2023|2023-2024|2023-2024|2024-2025,35353,20000,30000,25000
glance2024-25.pdf,69,NG,412-10-08-09,TURIF (2021-22),2022-2023|2023-2024|2023-2024|2024-2025,51759,0,84960,0
glance2024-25.pdf,69,NG,412-10-08-10,TURIF (2022-23),2022-2023|2023-2024|2023-2024|2024-2025,,0,15770,0
glance2024-25.pdf,69,NG,412-10-08-11,TURIF (2023-24),2022-2023|2023-2024|2023-2024|2024-2025,,0,40000,24000
glance2024-25.pdf,69,NG,412-10-15-01,URBAN HEALTH WELLNESS CENTRES,2022-2023|2023-2024|2023-2024|2024-2025,9334,4300,25000,0
glance2024-25.pdf,69,NG,412-10-16-03,CMCDM (2019-20),2022-2023|2023-2024|2023-2024|2024-2025,579,0,0,0
glance2024-25.pdf,69,NG,412-10-16-04,CMCDM (2020-21),2022-2023|2023-2024|2023-2024|2024-2025,66437,0,0,0
glance2024-25.pdf,69,NG,412-10-17-01,SBM-SWM INFRASTRUCTURE,2022-2023|2023-2024|2023-2024|2024-2025,10247,0,0,0
glance2024-25.pdf,69,NG,412-10-17-03,SBM 2.0-COMMUNITY TOILETS/URINALS,2022-2023|2023-2024|2023-2024|2024-2025,34712,36000,36000,0
glance2024-25.pdf,69,NG,412-10-23-00,SINGARA CHENNAI 2.0,2022-2023|2023-2024|2023-2024|2024-2025,3799,0,0,0
glance2024-25.pdf,69,NG,412-10-23-03,NAKARPURA SALAIKAL MEMPATTU THITTAM (2023-24),2022-2023|2023-2024|2023-2024|2024-2025,,0,250000,290000
glance2024-25.pdf,69,NG,412-10-23-04,STATE FINANCE COMMISSION (2022-23),2022-2023|2023-2024|2023-2024|2024-2025,,0,48900,40000
glance2024-25.pdf,70,NG,412-10-23-05,STATE FINANCE COMMISSION (2023-24),2022-2023|2023-2024|2023-2024|2024-2025,,0,18600,0
glance2024-25.pdf,70,NG,412-20-03-00,MAYOR SPECIAL DEVELOPMENT FUND WORKS,2022-2023|2023-2024|2023-2024|2024-2025,,1330,1330,2000
glance2024-25.pdf,70,NG,412-20-04-00,COUNCILLOR WARD IMPROVEMENT WORKS,2022-2023|2023-2024|2023-2024|2024-2025,2735,66000,60000,67500
glance2024-25.pdf,70,NG,412-40-03-04,HEALTH POSTS,2022-2023|2023-2024|2023-2024|2024-2025,,0,2300,2000
glance2024-25.pdf,70,NG,412-40-05-04,WARD OFFICE BUILDINGS,2022-2023|2023-2024|2023-2024|2024-2025,,0,8900,5000
glance2024-25.pdf,70,NG,412-40-06-04,PUBLIC CONVENIENCE,2022-2023|2023-2024|2023-2024|2024-2025,,0,1000,1000
glance2024-25.pdf,70,NG,412-40-07-07,SPECIAL ROAD PROGRAMME (2020-21),2022-2023|2023-2024|2023-2024|2024-2025,36376,0,10000,0
glance2024-25.pdf,70,NG,412-40-30-00,MISCELLANEOUS WORKS,2022-2023|2023-2024|2023-2024|2024-2025,9430,10000,5000,10000
glance2024-25.pdf,71,NH,412-10-08-07,TURIF (2019-20),2022-2023|2023-2024|2023-2024|2024-2025,2749,0,5800,0
glance2024-25.pdf,71,NH,412-10-08-08,TURIF (2020-21),2022-2023|2023-2024|2023-2024|2024-2025,18002,0,4830,0
glance2024-25.pdf,71,NH,412-10-08-09,TURIF (2021-22),2022-2023|2023-2024|2023-2024|2024-2025,110660,0,24880,0
glance2024-25.pdf,71,NH,412-10-08-10,TURIF (2022-23),2022-2023|2023-2024|2023-2024|2024-2025,,0,74700,0
glance2024-25.pdf,71,NH,412-10-08-11,TURIF (2023-24),2022-2023|2023-2024|2023-2024|2024-2025,,0,55800,0
glance2024-25.pdf,71,NH,412-10-15-01,URBAN HEALTH WELLNESS CENTRES,2022-2023|2023-2024|2023-2024|2024-2025,28512,0,3500,2700
glance2024-25.pdf,71,NH,412-10-17-03,SBM 2.0-COMMUNITY TOILETS/URINALS,2022-2023|2023-2024|2023-2024|2024-2025,9029,20600,20600,10000
glance2024-25.pdf,71,NH,412-10-22-00,NIRBHYA SCHEME,2022-2023|2023-2024|2023-2024|2024-2025,11502,0,1570,0
glance2024-25.pdf,71,NH,412-10-23-00,SINGARA CHENNAI 2.0,2022-2023|2023-2024|2023-2024|2024-2025,20168,0,0,0
glance2024-25.pdf,71,NH,412-10-23-03,NAKARPURA SALAIKAL MEMPATTU THITTAM (2023-24),2022-2023|2023-2024|2023-2024|2024-2025,,0,362300,0
glance2024-25.pdf,71,NH,412-20-03-00,MAYOR SPECIAL DEVELOPMENT FUND WORKS,2022-2023|2023-2024|2023-2024|2024-2025,,1330,680,2000
glance2024-25.pdf,72,NH,412-20-04-00,COUNCILLOR WARD IMPROVEMENT WORKS,2022-2023|2023-2024|2023-2024|2024-2025,1689,90000,60000,67500
glance2024-25.pdf,72,NH,412-40-04-06,ANGANVADI CENTRES,2022-2023|2023-2024|2023-2024|2024-2025,332,0,0,0
glance2024-25.pdf,72,NH,412-40-06-04,PUBLIC CONVENIENCE,2022-2023|2023-2024|2023-2024|2024-2025,646,0,0,0
glance2024-25.pdf,72,NH,412-40-06-09,BURIAL GROUND,2022-2023|2023-2024|2023-2024|2024-2025,5256,0,0,0
glance2024-25.pdf,72,NH,412-40-07-02,CONCRETE ROADS,2022-2023|2023-2024|2023-2024|2024-2025,277,0,0,0
glance2024-25.pdf,72,NH,412-40-07-07,SPECIAL ROAD PROGRAMME (2020-21),2022-2023|2023-2024|2023-2024|2024-2025,39024,0,3550,0
glance2024-25.pdf,72,NH,412-40-11-00,STORM WATER DRAIN,2022-2023|2023-2024|2023-2024|2024-2025,1374,0,0,0
glance2024-25.pdf,72,NH,412-40-30-00,MISCELLANEOUS WORKS,2022-2023|2023-2024|2023-2024|2024-2025,16017,15000,15000,15000
glance2024-25.pdf,73,NJ,412-10-08-08,TURIF (2020-21),2022-2023|2023-2024|2023-2024|2024-2025,59247,0,4900,0
glance2024-25.pdf,73,NJ,412-10-08-09,TURIF (2021-22),2022-2023|2023-2024|2023-2024|2024-2025,37605,0,21820,0
glance2024-25.pdf,73,NJ,412-10-08-10,TURIF (2022-23),2022-2023|2023-2024|2023-2024|2024-2025,,0,52100,0
glance2024-25.pdf,73,NJ,412-10-08-11,TURIF (2023-24),2022-2023|2023-2024|2023-2024|2024-2025,,0,60000,51500
glance2024-25.pdf,73,NJ,412-10-15-01,URBAN HEALTH WELLNESS CENTRES,2022-2023|2023-2024|2023-2024|2024-2025,12921,3710,3710,0
glance2024-25.pdf,73,NJ,412-10-17-03,SBM 2.0-COMMUNITY TOILETS/URINALS,2022-2023|2023-2024|2023-2024|2024-2025,44466,129000,129000,0
glance2024-25.pdf,73,NJ,412-10-22-00,NIRBHYA SCHEME,2022-2023|2023-2024|2023-2024|2024-2025,25496,0,5960,0
glance2024-25.pdf,73,NJ,412-10-23-00,SINGARA CHENNAI 2.0,2022-2023|2023-2024|2023-2024|2024-2025,7754,0,0,0
glance2024-25.pdf,73,NJ,412-10-23-03,NAKARPURA SALAIKAL MEMPATTU THITTAM (2023-24),2022-2023|2023-2024|2023-2024|2024-2025,,0,190000,28600
glance2024-25.pdf,73,NJ,412-10-23-04,STATE FINANCE COMMISSION (2022-23),2022-2023|2023-2024|2023-2024|2024-2025,,0,0,0
glance2024-25.pdf,73,NJ,412-10-23-05,STATE FINANCE COMMISSION (2023-24),2022-2023|2023-2024|2023-2024|2024-2025,,0,2000,24600
glance2024-25.pdf,74,NJ,412-20-03-00,MAYOR SPECIAL DEVELOPMENT FUND WORKS,2022-2023|2023-2024|2023-2024|2024-2025,,1330,0,2000
glance2024-25.pdf,74,NJ,412-20-04-00,COUNCILLOR WARD IMPROVEMENT WORKS,2022-2023|2023-2024|2023-2024|2024-2025,,106000,72000,81000
glance2024-25.pdf,74,NJ,412-40-07-07,SPECIAL ROAD PROGRAMME (2020-21),2022-2023|2023-2024|2023-2024|2024-2025,14411,0,0,0
glance2024-25.pdf,74,NJ,412-40-08-02,BLACK TOPPED ROADS,2022-2023|2023-2024|2023-2024|2024-2025,22448,0,0,0
glance2024-25.pdf,74,NJ,412-40-11-00,STORM WATER DRAIN,2022-2023|2023-2024|2023-2024|2024-2025,4808,0,0,0
glance2024-25.pdf,74,NJ,412-40-30-00,MISCELLANEOUS WORKS,2022-2023|2023-2024|2023-2024|2024-2025,11093,10000,10000,10000
glance2024-25.pdf,74,NJ,412-40-30-04,HUDCO-CSR FUND,2022-2023|2023-2024|2023-2024|2024-2025,,0,0,3630
glance2024-25.pdf,75,NK,412-10-08-07,TURIF (2019-20),2022-2023|2023-2024|2023-2024|2024-2025,8530,0,600,0
glance2024-25.pdf,75,NK,412-10-08-08,TURIF (2020-21),2022-2023|2023-2024|2023-2024|2024-2025,11146,0,2200,0
glance2024-25.pdf,75,NK,412-10-08-09,TURIF (2021-22),2022-2023|2023-2024|2023-2024|2024-2025,17818,0,37820,0
glance2024-25.pdf,75,NK,412-10-08-10,TURIF (2022-23),2022-2023|2023-2024|2023-2024|2024-2025,,0,71300,0
glance2024-25.pdf,75,NK,412-10-08-11,TURIF (2023-24),2022-2023|2023-2024|2023-2024|2024-2025,,0,100000,29800
glance2024-25.pdf,75,NK,412-10-15-01,URBAN HEALTH WELLNESS CENTRES,2022-2023|2023-2024|2023-2024|2024-2025,23123,10000,10000,0
glance2024-25.pdf,75,NK,412-10-17-01,SBM-SWM INFRASTRUCTURE,2022-2023|2023-2024|2023-2024|2024-2025,1960,0,0,0
glance2024-25.pdf,75,NK,412-10-17-03,SBM 2.0-COMMUNITY TOILETS/URINALS,2022-2023|2023-2024|2023-2024|2024-2025,24466,24800,20000,20000
glance2024-25.pdf,75,NK,412-10-22-00,NIRBHYA SCHEME,2022-2023|2023-2024|2023-2024|2024-2025,3601,0,52590,0
glance2024-25.pdf,75,NK,412-10-23-00,SINGARA CHENNAI 2.0,2022-2023|2023-2024|2023-2024|2024-2025,12430,0,0,0
glance2024-25.pdf,75,NK,412-10-23-01,NAKARPURA SALAIKAL MEMPATTU THITTAM (2022-23),2022-2023|2023-2024|2023-2024|2024-2025,,0,166900,0
glance2024-25.pdf,76,NK,412-10-23-03,NAKARPURA SALAIKAL MEMPATTU THITTAM (2023-24),2022-2023|2023-2024|2023-2024|2024-2025,,0,76000,0
glance2024-25.pdf,76,NK,412-20-03-00,MAYOR SPECIAL DEVELOPMENT FUND WORKS,2022-2023|2023-2024|2023-2024|2024-2025,,1330,4000,2000
glance2024-25.pdf,76,NK,412-20-04-00,COUNCILLOR WARD IMPROVEMENT WORKS,2022-2023|2023-2024|2023-2024|2024-2025,4627,106000,64000,72000
glance2024-25.pdf,76,NK,412-40-07-02,CONCRETE ROADS,2022-2023|2023-2024|2023-2024|2024-2025,4312,0,0,0
glance2024-25.pdf,76,NK,412-40-07-07,SPECIAL ROAD PROGRAMME (2020-21),2022-2023|2023-2024|2023-2024|2024-2025,30735,0,450,0
glance2024-25.pdf,76,NK,412-40-08-02,BLACK TOPPED ROADS,2022-2023|2023-2024|2023-2024|2024-2025,10227,0,3400,0
glance2024-25.pdf,76,NK,412-40-11-00,STORM WATER DRAIN,2022-2023|2023-2024|2023-2024|2024-2025,2893,0,0,0
glance2024-25.pdf,76,NK,412-40-30-00,MISCELLANEOUS WORKS,2022-2023|2023-2024|2023-2024|2024-2025,19534,15000,25000,20000
glance2024-25.pdf,77,NL,412-10-08-09,TURIF (2021-22),2022-2023|2023-2024|2023-2024|2024-2025,30495,0,20000,0
glance2024-25.pdf,77,NL,412-10-08-10,TURIF (2022-23),2022-2023|2023-2024|2023-2024|2024-2025,,0,43600,0
glance2024-25.pdf,77,NL,412-10-08-11,TURIF (2023-24),2022-2023|2023-2024|2023-2024|2024-2025,,0,132900,0
glance2024-25.pdf,77,NL,412-10-15-01,URBAN HEALTH WELLNESS CENTRES,2022-2023|2023-2024|2023-2024|2024-2025,6195,0,12800,0
glance2024-25.pdf,77,NL,412-10-16-04,CMCDM (2020-21),2022-2023|2023-2024|2023-2024|2024-2025,15741,0,6000,0
glance2024-25.pdf,77,NL,412-10-17-03,SBM 2.0-COMMUNITY TOILETS/URINALS,2022-2023|2023-2024|2023-2024|2024-2025,4714,0,3300,2000
glance2024-25.pdf,77,NL,412-10-23-00,SINGARA CHENNAI 2.0,2022-2023|2023-2024|2023-2024|2024-2025,9658,0,29900,0
glance2024-25.pdf,77,NL,412-10-23-01,NAKARPURA SALAIKAL MEMPATTU THITTAM (2022-23),2022-2023|2023-2024|2023-2024|2024-2025,,0,516900,0
glance2024-25.pdf,77,NL,412-10-23-03,NAKARPURA SALAIKAL MEMPATTU THITTAM (2023-24),2022-2023|2023-2024|2023-2024|2024-2025,,0,400000,176300
glance2024-25.pdf,77,NL,412-10-23-04,STATE FINANCE COMMISSION (2022-23),2022-2023|2023-2024|2023-2024|2024-2025,,0,11000,0
glance2024-25.pdf,77,NL,412-20-03-00,MAYOR SPECIAL DEVELOPMENT FUND WORKS,2022-2023|2023-2024|2023-2024|2024-2025,,1330,0,2000
glance2024-25.pdf,78,NL,412-20-04-00,COUNCILLOR WARD IMPROVEMENT WORKS,2022-2023|2023-2024|2023-2024|2024-2025,3884,57000,52000,58500
glance2024-25.pdf,78,NL,412-40-07-07,SPECIAL ROAD PROGRAMME (2020-21),2022-2023|2023-2024|2023-2024|2024-2025,31928,0,0,0
glance2024-25.pdf,78,NL,412-40-08-02,BLACK TOPPED ROADS,2022-2023|2023-2024|2023-2024|2024-2025,,0,9000,5000
glance2024-25.pdf,78,NL,412-40-30-00,MISCELLANEOUS WORKS,2022-2023|2023-2024|2023-2024|2024-2025,15561,10000,16000,15000
glance2024-25.pdf,79,NM,412-10-08-09,TURIF (2021-22),2022-2023|2023-2024|2023-2024|2024-2025,16354,0,47400,0
glance2024-25.pdf,79,NM,412-10-08-10,TURIF (2022-23),2022-2023|2023-2024|2023-2024|2024-2025,,0,219600,0
glance2024-25.pdf,79,NM,412-10-08-11,TURIF (2023-24),2022-2023|2023-2024|2023-2024|2024-2025,,0,50000,32100
glance2024-25.pdf,79,NM,412-10-15-01,URBAN HEALTH WELLNESS CENTRES,2022-2023|2023-2024|2023-2024|2024-2025,5149,0,7670,0
glance2024-25.pdf,79,NM,412-10-16-03,CMCDM (2019-20),2022-2023|2023-2024|2023-2024|2024-2025,14960,0,0,0
glance2024-25.pdf,79,NM,412-10-16-04,CMCDM (2020-21),2022-2023|2023-2024|2023-2024|2024-2025,228,0,5300,0
glance2024-25.pdf,79,NM,412-10-17-01,SBM-SWM INFRASTRUCTURE,2022-2023|2023-2024|2023-2024|2024-2025,1451,0,0,0
glance2024-25.pdf,79,NM,412-10-17-03,SBM 2.0-COMMUNITY TOILETS/URINALS,2022-2023|2023-2024|2023-2024|2024-2025,7870,0,0,0
glance2024-25.pdf,79,NM,412-10-23-00,SINGARA CHENNAI 2.0,2022-2023|2023-2024|2023-2024|2024-2025,12355,0,300,0
glance2024-25.pdf,79,NM,412-10-23-01,NAKARPURA SALAIKAL MEMPATTU THITTAM (2022-23),2022-2023|2023-2024|2023-2024|2024-2025,,0,100000,130000
glance2024-25.pdf,79,NM,412-10-23-03,NAKARPURA SALAIKAL MEMPATTU THITTAM (2023-24),2022-2023|2023-2024|2023-2024|2024-2025,,0,55200,0
glance2024-25.pdf,80,NM,412-10-23-04,STATE FINANCE COMMISSION (2022-23),2022-2023|2023-2024|2023-2024|2024-2025,,0,18300,20000
glance2024-25.pdf,80,NM,412-20-03-00,MAYOR SPECIAL DEVELOPMENT FUND WORKS,2022-2023|2023-2024|2023-2024|2024-2025,,1330,0,2000
glance2024-25.pdf,80,NM,412-20-04-00,COUNCILLOR WARD IMPROVEMENT WORKS,2022-2023|2023-2024|2023-2024|2024-2025,2530,67000,48000,54000
glance2024-25.pdf,80,NM,412-40-07-07,SPECIAL ROAD PROGRAMME (2020-21),2022-2023|2023-2024|2023-2024|2024-2025,2520,0,0,0
glance2024-25.pdf,80,NM,412-40-30-00,MISCELLANEOUS WORKS,2022-2023|2023-2024|2023-2024|2024-2025,5118,10000,10000,10000
glance2024-25.pdf,81,NN,412-10-08-09,TURIF (2021-22),2022-2023|2023-2024|2023-2024|2024-2025,21365,0,22300,0
glance2024-25.pdf,81,NN,412-10-08-10,TURIF (2022-23),2022-2023|2023-2024|2023-2024|2024-2025,,0,43900,0
glance2024-25.pdf,81,NN,412-10-08-11,TURIF (2023-24),2022-2023|2023-2024|2023-2024|2024-2025,,0,157900,0
glance2024-25.pdf,81,NN,412-10-15-01,URBAN HEALTH WELLNESS CENTRES,2022-2023|2023-2024|2023-2024|2024-2025,16671,5940,5940,0
glance2024-25.pdf,81,NN,412-10-17-03,SBM 2.0-COMMUNITY TOILETS/URINALS,2022-2023|2023-2024|2023-2024|2024-2025,29768,51700,51700,0
glance2024-25.pdf,81,NN,412-10-22-00,NIRBHYA SCHEME,2022-2023|2023-2024|2023-2024|2024-2025,7221,0,20160,0
glance2024-25.pdf,81,NN,412-10-23-00,SINGARA CHENNAI 2.0,2022-2023|2023-2024|2023-2024|2024-2025,16224,0,41600,0
glance2024-25.pdf,81,NN,412-10-23-03,NAKARPURA SALAIKAL MEMPATTU THITTAM (2023-24),2022-2023|2023-2024|2023-2024|2024-2025,,0,200000,218800
glance2024-25.pdf,81,NN,412-10-23-04,STATE FINANCE COMMISSION (2022-23),2022-2023|2023-2024|2023-2024|2024-2025,,0,3200,0
glance2024-25.pdf,81,NN,412-10-23-05,STATE FINANCE COMMISSION (2023-24),2022-2023|2023-2024|2023-2024|2024-2025,,0,0,0
glance2024-25.pdf,81,NN,412-20-03-00,MAYOR SPECIAL DEVELOPMENT FUND WORKS,2022-2023|2023-2024|2023-2024|2024-2025,,1330,0,2000
glance2024-25.pdf,82,NN,412-20-04-00,COUNCILLOR WARD IMPROVEMENT WORKS,2022-2023|2023-2024|2023-2024|2024-2025,4993,73000,52000,58500
glance2024-25.pdf,82,NN,412-40-06-04,PUBLIC CONVENIENCE,2022-2023|2023-2024|2023-2024|2024-2025,3817,0,0,0
glance2024-25.pdf,82,NN,412-40-06-09,BURIAL GROUND,2022-2023|2023-2024|2023-2024|2024-2025,2553,0,0,0
glance2024-25.pdf,82,NN,412-40-07-02,CONCRETE ROADS,2022-2023|2023-2024|2023-2024|2024-2025,445,0,0,0
glance2024-25.pdf,82,NN,412-40-07-07,SPECIAL ROAD PROGRAMME (2020-21),2022-2023|2023-2024|2023-2024|2024-2025,39452,0,0,0
glance2024-25.pdf,82,NN,412-40-08-02,BLACK TOPPED ROADS,2022-2023|2023-2024|2023-2024|2024-2025,62556,0,0,0
glance2024-25.pdf,82,NN,412-40-30-00,MISCELLANEOUS WORKS,2022-2023|2023-2024|2023-2024|2024-2025,9642,10000,10000,10000
glance2024-25.pdf,83,NP,412-10-08-09,TURIF (2021-22),2022-2023|2023-2024|2023-2024|2024-2025,45064,0,26200,0
glance2024-25.pdf,83,NP,412-10-08-10,TURIF (2022-23),2022-2023|2023-2024|2023-2024|2024-2025,,0,36400,0
glance2024-25.pdf,83,NP,412-10-08-11,TURIF (2023-24),2022-2023|2023-2024|2023-2024|2024-2025,,0,20000,19300
glance2024-25.pdf,83,NP,412-10-15-01,URBAN HEALTH WELLNESS CENTRES,2022-2023|2023-2024|2023-2024|2024-2025,7651,3425,3425,0
glance2024-25.pdf,83,NP,412-10-16-04,CMCDM (2020-21),2022-2023|2023-2024|2023-2024|2024-2025,98292,0,8700,0
glance2024-25.pdf,83,NP,412-10-17-03,SBM 2.0-COMMUNITY TOILETS/URINALS,2022-2023|2023-2024|2023-2024|2024-2025,17382,0,7760,0
glance2024-25.pdf,83,NP,412-10-23-00,SINGARA CHENNAI 2.0,2022-2023|2023-2024|2023-2024|2024-2025,6852,0,128400,0
glance2024-25.pdf,83,NP,412-10-23-03,NAKARPURA SALAIKAL MEMPATTU THITTAM (2023-24),2022-2023|2023-2024|2023-2024|2024-2025,,0,150000,146000
glance2024-25.pdf,83,NP,412-10-23-04,STATE FINANCE COMMISSION (2022-23),2022-2023|2023-2024|2023-2024|2024-2025,,0,27500,0
glance2024-25.pdf,83,NP,412-10-23-05,STATE FINANCE COMMISSION (2023-24),2022-2023|2023-2024|2023-2024|2024-2025,,0,22700,20000
glance2024-25.pdf,83,NP,412-20-03-00,MAYOR SPECIAL DEVELOPMENT FUND WORKS,2022-2023|2023-2024|2023-2024|2024-2025,,1355,0,2000
glance2024-25.pdf,84,NP,412-20-04-00,COUNCILLOR WARD IMPROVEMENT WORKS,2022-2023|2023-2024|2023-2024|2024-2025,1934,67000,44000,49500
glance2024-25.pdf,84,NP,412-40-07-07,SPECIAL ROAD PROGRAMME (2020-21),2022-2023|2023-2024|2023-2024|2024-2025,79615,0,3500,0
glance2024-25.pdf,84,NP,412-40-08-02,BLACK TOPPED ROADS,2022-2023|2023-2024|2023-2024|2024-2025,,0,6000,3000
glance2024-25.pdf,84,NP,412-40-11-00,STORM WATER DRAIN,2022-2023|2023-2024|2023-2024|2024-2025,1172,0,6000,3000
glance2024-25.pdf,84,NP,412-40-30-00,MISCELLANEOUS WORKS,2022-2023|2023-2024|2023-2024|2024-2025,3817,10000,15000,10000
glance2024-25.pdf,85,NQ,412-10-08-09,TURIF (2021-22),2022-2023|2023-2024|2023-2024|2024-2025,23180,0,18800,0
glance2024-25.pdf,85,NQ,412-10-08-10,TURIF (2022-23),2022-2023|2023-2024|2023-2024|2024-2025,,0,111300,0
glance2024-25.pdf,85,NQ,412-10-08-11,TURIF (2023-24),2022-2023|2023-2024|2023-2024|2024-2025,,0,10000,37300
glance2024-25.pdf,85,NQ,412-10-15-01,URBAN HEALTH WELLNESS CENTRES,2022-2023|2023-2024|2023-2024|2024-2025,4852,5000,7500,0
glance2024-25.pdf,85,NQ,412-10-16-03,CMCDM (2019-20),2022-2023|2023-2024|2023-2024|2024-2025,12657,0,235,0
glance2024-25.pdf,85,NQ,412-10-16-04,CMCDM (2020-21),2022-2023|2023-2024|2023-2024|2024-2025,42762,0,3300,0
glance2024-25.pdf,85,NQ,412-10-17-03,SBM 2.0-COMMUNITY TOILETS/URINALS,2022-2023|2023-2024|2023-2024|2024-2025,7756,0,0,5000
glance2024-25.pdf,85,NQ,412-10-23-00,SINGARA CHENNAI 2.0,2022-2023|2023-2024|2023-2024|2024-2025,9786,0,1600,0
glance2024-25.pdf,85,NQ,412-10-23-01,NAKARPURA SALAIKAL MEMPATTU THITTAM (2022-23),2022-2023|2023-2024|2023-2024|2024-2025,,0,0,0
glance2024-25.pdf,85,NQ,412-10-23-03,NAKARPURA SALAIKAL MEMPATTU THITTAM (2023-24),2022-2023|2023-2024|2023-2024|2024-2025,,0,100000,168000
glance2024-25.pdf,85,NQ,412-10-23-04,STATE FINANCE COMMISSION (2022-23),2022-2023|2023-2024|2023-2024|2024-2025,,0,20000,76500
glance2024-25.pdf,86,NQ,412-10-23-05,STATE FINANCE COMMISSION (2023-24),2022-2023|2023-2024|2023-2024|2024-2025,,0,20000,152000
glance2024-25.pdf,86,NQ,412-20-03-00,MAYOR SPECIAL DEVELOPMENT FUND WORKS,2022-2023|2023-2024|2023-2024|2024-2025,,1355,0,2000
glance2024-25.pdf,86,NQ,412-20-04-00,COUNCILLOR WARD IMPROVEMENT WORKS,2022-2023|2023-2024|2023-2024|2024-2025,4558,48000,36000,40500
glance2024-25.pdf,86,NQ,412-40-06-04,PUBLIC CONVENIENCE,2022-2023|2023-2024|2023-2024|2024-2025,681,0,2860,3000
glance2024-25.pdf,86,NQ,412-40-06-08,GYM BUILDING,2022-2023|2023-2024|2023-2024|2024-2025,,0,550,500
glance2024-25.pdf,86,NQ,412-40-06-09,BURIAL GROUND,2022-2023|2023-2024|2023-2024|2024-2025,,0,4500,1000
glance2024-25.pdf,86,NQ,412-40-07-02,CONCRETE ROADS,2022-2023|2023-2024|2023-2024|2024-2025,,0,3220,1000
glance2024-25.pdf,86,NQ,412-40-07-07,SPECIAL ROAD PROGRAMME (2020-21),2022-2023|2023-2024|2023-2024|2024-2025,23705,0,2960,0
glance2024-25.pdf,86,NQ,412-40-08-02,BLACK TOPPED ROADS,2022-2023|2023-2024|2023-2024|2024-2025,2872,0,3600,3000
glance2024-25.pdf,86,NQ,412-40-11-00,STORM WATER DRAIN,2022-2023|2023-2024|2023-2024|2024-2025,145,0,4670,5000
glance2024-25.pdf,86,NQ,412-40-30-00,MISCELLANEOUS WORKS,2022-2023|2023-2024|2023-2024|2024-2025,3537,10000,15000,15000
glance2024-25.pdf,102,NA,410-40-14-00,DEWATERING PUMPS,2022-2023|2023-2024|2023-2024|2024-2025,,100,100,100
glance2024-25.pdf,102,NA,410-40-22-00,PLASTIC SHREDDING MACHINE,2022-2023|2023-2024|2023-2024|2024-2025,,100,100,100
glance2024-25.pdf,102,NA,410-40-23-02,AMMA UNAVAGAM EQUIPMENTS,2022-2023|2023-2024|2023-2024|2024-2025,,100,100,100
glance2024-25.pdf,102,NA,410-70-01-00,CHAIR,2022-2023|2023-2024|2023-2024|2024-2025,,100,100,100
glance2024-25.pdf,102,NA,410-70-02-00,TABLE,2022-2023|2023-2024|2023-2024|2024-2025,,100,100,100
glance2024-25.pdf,102,NA,410-70-03-00,BUREAUS &amp; RACKS,2022-2023|2023-2024|2023-2024|2024-2025,,100,100,100
glance2024-25.pdf,102,NA,410-80-00-00,OTHER FIXED ASSETS,2022-2023|2023-2024|2023-2024|2024-2025,,100,100,100
glance2024-25.pdf,103,NB,410-40-15-00,GENERATORS,2022-2023|2023-2024|2023-2024|2024-2025,,100,100,100
glance2024-25.pdf,103,NB,410-40-22-00,PLASTIC SHREDDING MACHINE,2022-2023|2023-2024|2023-2024|2024-2025,,100,100,100
glance2024-25.pdf,103,NB,410-40-23-02,AMMA UNAVAGAM EQUIPMENTS,2022-2023|2023-2024|2023-2024|2024-2025,,100,100,100
glance2024-25.pdf,103,NB,410-40-23-08,CMBFS PURCHASE,2022-2023|2023-2024|2023-2024|2024-2025,,0,1200,500
glance2024-25.pdf,103,NB,410-70-01-00,CHAIR,2022-2023|2023-2024|2023-2024|2024-2025,,100,100,100
glance2024-25.pdf,103,NB,410-70-02-00,TABLE,2022-2023|2023-2024|2023-2024|2024-2025,,100,100,100
glance2024-25.pdf,103,NB,410-70-03-00,BUREAUS &amp; RACKS,2022-2023|2023-2024|2023-2024|2024-2025,,100,100,100
glance2024-25.pdf,103,NB,410-80-00-00,OTHER FIXED ASSETS,2022-2023|2023-2024|2023-2024|2024-2025,,100,100,100
glance2024-25.pdf,104,NC,410-40-15-00,GENERATORS,2022-2023|2023-2024|2023-2024|2024-2025,,100,100,100
glance2024-25.pdf,104,NC,410-40-22-00,PLASTIC SHREDDING MACHINE,2022-2023|2023-2024|2023-2024|2024-2025,,100,100,100
glance2024-25.pdf,104,NC,410-40-23-02,AMMA UNAVAGAM EQUIPMENTS,2022-2023|2023-2024|2023-2024|2024-2025,,100,100,100
glance2024-25.pdf,104,NC,410-60-09-00,AIR CONDITIONER,2022-2023|2023-2024|2023-2024|2024-2025,,100,100,100
glance2024-25.pdf,104,NC,410-70-01-00,CHAIR,2022-2023|2023-2024|2023-2024|2024-2025,,100,100,100
glance2024-25.pdf,104,NC,410-70-02-00,TABLE,2022-2023|2023-2024|2023-2024|2024-2025,,100,100,100
glance2024-25.pdf,104,NC,410-70-03-00,BUREAUS &amp; RACKS,2022-2023|2023-2024|2023-2024|2024-2025,,100,100,100
glance2024-25.pdf,104,NC,410-80-00-00,OTHER FIXED ASSETS,2022-2023|2023-2024|2023-2024|2024-2025,,100,100,100
glance2024-25.pdf,105,ND,410-40-22-00,PLASTIC SHREDDING MACHINE,2022-2023|2023-2024|2023-2024|2024-2025,,100,100,100
glance2024-25.pdf,105,ND,410-40-23-02,AMMA UNAVAGAM EQUIPMENTS,2022-2023|2023-2024|2023-2024|2024-2025,,100,100,100
glance2024-25.pdf,105,ND,410-40-23-08,CMBFS PURCHASE,2022-2023|2023-2024|2023-2024|2024-2025,,0,1600,100
glance2024-25.pdf,105,ND,410-70-01-00,CHAIR,2022-2023|2023-2024|2023-2024|2024-2025,,100,100,100
glance2024-25.pdf,105,ND,410-70-02-00,TABLE,2022-2023|2023-2024|2023-2024|2024-2025,,100,100,100
glance2024-25.pdf,105,ND,410-70-03-00,BUREAUS &amp; RACKS,2022-2023|2023-2024|2023-2024|2024-2025,,100,100,100
glance2024-25.pdf,105,ND,410-80-00-00,OTHER FIXED ASSETS,2022-2023|2023-2024|2023-2024|2024-2025,,100,100,100
glance2024-25.pdf,106,NE,410-40-13-00,GYM EQUIPMENTS,2022-2023|2023-2024|2023-2024|2024-2025,,100,100,100
glance2024-25.pdf,106,NE,410-40-22-00,PLASTIC SHREDDING MACHINE,2022-2023|2023-2024|2023-2024|2024-2025,,100,100,100
glance2024-25.pdf,106,NE,410-40-23-02,AMMA UNAVAGAM EQUIPMENTS,2022-2023|2023-2024|2023-2024|2024-2025,,100,100,100
glance2024-25.pdf,106,NE,410-40-23-08,CMBFS PURCHASE,2022-2023|2023-2024|2023-2024|2024-2025,,0,1375,100
glance2024-25.pdf,106,NE,410-70-01-00,CHAIR,2022-2023|2023-2024|2023-2024|2024-2025,,100,100,100
glance2024-25.pdf,106,NE,410-70-02-00,TABLE,2022-2023|2023-2024|2023-2024|2024-2025,,100,100,100
glance2024-25.pdf,106,NE,410-70-03-00,BUREAUS &amp; RACKS,2022-2023|2023-2024|2023-2024|2024-2025,,100,100,100
glance2024-25.pdf,106,NE,410-80-00-00,OTHER FIXED ASSETS,2022-2023|2023-2024|2023-2024|2024-2025,,100,100,100
glance2024-25.pdf,107,NF,410-40-12-00,TREE CUTTING EQUIPMENTS,2022-2023|2023-2024|2023-2024|2024-2025,,0,200,200
glance2024-25.pdf,107,NF,410-40-13-00,GYM EQUIPMENTS,2022-2023|2023-2024|2023-2024|2024-2025,,100,100,100
glance2024-25.pdf,107,NF,410-40-22-00,PLASTIC SHREDDING MACHINE,2022-2023|2023-2024|2023-2024|2024-2025,,100,1200,500
glance2024-25.pdf,107,NF,410-40-23-02,AMMA UNAVAGAM EQUIPMENTS,2022-2023|2023-2024|2023-2024|2024-2025,,100,100,100
glance2024-25.pdf,107,NF,410-60-09-00,AIR CONDITIONER,2022-2023|2023-2024|2023-2024|2024-2025,,100,100,100
glance2024-25.pdf,107,NF,410-70-01-00,CHAIR,2022-2023|2023-2024|2023-2024|2024-2025,,100,100,100
glance2024-25.pdf,107,NF,410-70-02-00,TABLE,2022-2023|2023-2024|2023-2024|2024-2025,,100,100,100
glance2024-25.pdf,107,NF,410-70-03-00,BUREAUS &amp; RACKS,2022-2023|2023-2024|2023-2024|2024-2025,33,100,100,100
glance2024-25.pdf,107,NF,410-70-06-00,ELECTRICAL FITTINGS,2022-2023|2023-2024|2023-2024|2024-2025,,100,100,100
glance2024-25.pdf,107,NF,410-80-00-00,OTHER FIXED ASSETS,2022-2023|2023-2024|2023-2024|2024-2025,,100,100,100
glance2024-25.pdf,108,NG,410-40-22-00,PLASTIC SHREDDING MACHINE,2022-2023|2023-2024|2023-2024|2024-2025,,100,100,100
glance2024-25.pdf,108,NG,410-40-23-02,AMMA UNAVAGAM EQUIPMENTS,2022-2023|2023-2024|2023-2024|2024-2025,,100,100,100
glance2024-25.pdf,108,NG,410-40-23-08,CMBFS PURCHASE,2022-2023|2023-2024|2023-2024|2024-2025,,0,1480,500
glance2024-25.pdf,108,NG,410-70-01-00,CHAIR,2022-2023|2023-2024|2023-2024|2024-2025,,100,100,100
glance2024-25.pdf,108,NG,410-70-02-00,TABLE,2022-2023|2023-2024|2023-2024|2024-2025,,100,100,100
glance2024-25.pdf,108,NG,410-70-03-00,BUREAUS &amp; RACKS,2022-2023|2023-2024|2023-2024|2024-2025,,100,100,100
glance2024-25.pdf,108,NG,410-80-00-00,OTHER FIXED ASSETS,2022-2023|2023-2024|2023-2024|2024-2025,,100,100,100
glance2024-25.pdf,109,NH,410-40-22-00,PLASTIC SHREDDING MACHINE,2022-2023|2023-2024|2023-2024|2024-2025,,100,100,100
glance2024-25.pdf,109,NH,410-40-23-02,AMMA UNAVAGAM EQUIPMENTS,2022-2023|2023-2024|2023-2024|2024-2025,,100,100,100
glance2024-25.pdf,109,NH,410-40-23-08,CMBFS PURCHASE,2022-2023|2023-2024|2023-2024|2024-2025,,0,750,500
glance2024-25.pdf,109,NH,410-60-09-00,AIR CONDITIONER,2022-2023|2023-2024|2023-2024|2024-2025,,100,100,100
glance2024-25.pdf,109,NH,410-70-01-00,CHAIR,2022-2023|2023-2024|2023-2024|2024-2025,,100,100,100
glance2024-25.pdf,109,NH,410-70-02-00,TABLE,2022-2023|2023-2024|2023-2024|2024-2025,,100,100,100
glance2024-25.pdf,109,NH,410-70-03-00,BUREAUS &amp; RACKS,2022-2023|2023-2024|2023-2024|2024-2025,,100,100,100
glance2024-25.pdf,109,NH,410-70-08-00,INVERTORS,2022-2023|2023-2024|2023-2024|2024-2025,,100,100,100
glance2024-25.pdf,109,NH,410-80-00-00,OTHER FIXED ASSETS,2022-2023|2023-2024|2023-2024|2024-2025,,100,100,100
glance2024-25.pdf,110,NJ,410-40-14-00,DEWATERING PUMPS,2022-2023|2023-2024|2023-2024|2024-2025,,100,100,100
glance2024-25.pdf,110,NJ,410-40-22-00,PLASTIC SHREDDING MACHINE,2022-2023|2023-2024|2023-2024|2024-2025,,100,100,100
glance2024-25.pdf,110,NJ,410-40-23-02,AMMA UNAVAGAM EQUIPMENTS,2022-2023|2023-2024|2023-2024|2024-2025,,100,100,100
glance2024-25.pdf,110,NJ,410-70-01-00,CHAIR,2022-2023|2023-2024|2023-2024|2024-2025,,100,100,100
glance2024-25.pdf,110,NJ,410-70-02-00,TABLE,2022-2023|2023-2024|2023-2024|2024-2025,,100,100,100
glance2024-25.pdf,110,NJ,410-70-03-00,BUREAUS &amp; RACKS,2022-2023|2023-2024|2023-2024|2024-2025,,100,100,100
glance2024-25.pdf,110,NJ,410-80-00-00,OTHER FIXED ASSETS,2022-2023|2023-2024|2023-2024|2024-2025,,100,100,100
glance2024-25.pdf,111,NK,410-40-14-00,DEWATERING PUMPS,2022-2023|2023-2024|2023-2024|2024-2025,,100,100,100
glance2024-25.pdf,111,NK,410-40-22-00,PLASTIC SHREDDING MACHINE,2022-2023|2023-2024|2023-2024|2024-2025,,100,100,100
glance2024-25.pdf,111,NK,410-40-23-02,AMMA UNAVAGAM EQUIPMENTS,2022-2023|2023-2024|2023-2024|2024-2025,,100,1300,100
glance2024-25.pdf,111,NK,410-70-01-00,CHAIR,2022-2023|2023-2024|2023-2024|2024-2025,,100,100,100
glance2024-25.pdf,111,NK,410-70-02-00,TABLE,2022-2023|2023-2024|2023-2024|2024-2025,,100,100,100
glance2024-25.pdf,111,NK,410-70-03-00,BUREAUS &amp; RACKS,2022-2023|2023-2024|2023-2024|2024-2025,,100,100,100
glance2024-25.pdf,111,NK,410-70-08-00,INVERTORS,2022-2023|2023-2024|2023-2024|2024-2025,,100,100,100
glance2024-25.pdf,111,NK,410-80-00-00,OTHER FIXED ASSETS,2022-2023|2023-2024|2023-2024|2024-2025,,100,100,100
glance2024-25.pdf,112,NL,410-40-22-00,PLASTIC SHREDDING MACHINE,2022-2023|2023-2024|2023-2024|2024-2025,,100,100,100
glance2024-25.pdf,112,NL,410-40-23-02,AMMA UNAVAGAM EQUIPMENTS,2022-2023|2023-2024|2023-2024|2024-2025,,100,100,100
glance2024-25.pdf,112,NL,410-70-01-00,CHAIR,2022-2023|2023-2024|2023-2024|2024-2025,,100,100,100
glance2024-25.pdf,112,NL,410-70-02-00,TABLE,2022-2023|2023-2024|2023-2024|2024-2025,,100,100,100
glance2024-25.pdf,112,NL,410-70-03-00,BUREAUS &amp; RACKS,2022-2023|2023-2024|2023-2024|2024-2025,,100,100,100
glance2024-25.pdf,112,NL,410-80-00-00,OTHER FIXED ASSETS,2022-2023|2023-2024|2023-2024|2024-2025,,100,100,100
glance2024-25.pdf,113,NM,410-40-22-00,PLASTIC SHREDDING MACHINE,2022-2023|2023-2024|2023-2024|2024-2025,,100,100,100
glance2024-25.pdf,113,NM,410-40-23-02,AMMA UNAVAGAM EQUIPMENTS,2022-2023|2023-2024|2023-2024|2024-2025,,100,100,100
glance2024-25.pdf,113,NM,410-70-01-00,CHAIR,2022-2023|2023-2024|2023-2024|2024-2025,,100,100,100
glance2024-25.pdf,113,NM,410-70-02-00,TABLE,2022-2023|2023-2024|2023-2024|2024-2025,,100,100,100
glance2024-25.pdf,113,NM,410-70-03-00,BUREAUS &amp; RACKS,2022-2023|2023-2024|2023-2024|2024-2025,,100,100,100
glance2024-25.pdf,113,NM,410-80-00-00,OTHER FIXED ASSETS,2022-2023|2023-2024|2023-2024|2024-2025,,100,100,100
glance2024-25.pdf,114,NN,410-40-22-00,PLASTIC SHREDDING MACHINE,2022-2023|2023-2024|2023-2024|2024-2025,,100,100,100
glance2024-25.pdf,114,NN,410-40-23-02,AMMA UNAVAGAM EQUIPMENTS,2022-2023|2023-2024|2023-2024|2024-2025,,100,100,100
glance2024-25.pdf,114,NN,410-60-09-00,AIR CONDITIONER,2022-2023|2023-2024|2023-2024|2024-2025,,100,100,100
glance2024-25.pdf,114,NN,410-70-01-00,CHAIR,2022-2023|2023-2024|2023-2024|2024-2025,,100,100,100
glance2024-25.pdf,114,NN,410-70-02-00,TABLE,2022-2023|2023-2024|2023-2024|2024-2025,,100,100,100
glance2024-25.pdf,114,NN,410-70-03-00,BUREAUS &amp; RACKS,2022-2023|2023-2024|2023-2024|2024-2025,,100,100,100
glance2024-25.pdf,114,NN,410-80-00-00,OTHER FIXED ASSETS,2022-2023|2023-2024|2023-2024|2024-2025,108,100,100,100
glance2024-25.pdf,115,NP,410-40-14-00,DEWATERING PUMPS,2022-2023|2023-2024|2023-2024|2024-2025,,100,100,100
glance2024-25.pdf,115,NP,410-40-15-00,GENERATORS,2022-2023|2023-2024|2023-2024|2024-2025,,100,100,100
glance2024-25.pdf,115,NP,410-40-22-00,PLASTIC SHREDDING MACHINE,2022-2023|2023-2024|2023-2024|2024-2025,,100,100,100
glance2024-25.pdf,115,NP,410-40-23-02,AMMA UNAVAGAM EQUIPMENTS,2022-2023|2023-2024|2023-2024|2024-2025,,100,100,100
glance2024-25.pdf,115,NP,410-70-01-00,CHAIR,2022-2023|2023-2024|2023-2024|2024-2025,,100,100,100
glance2024-25.pdf,115,NP,410-70-02-00,TABLE,2022-2023|2023-2024|2023-2024|2024-2025,,100,100,100
glance2024-25.pdf,115,NP,410-70-03-00,BUREAUS &amp; RACKS,2022-2023|2023-2024|2023-2024|2024-2025,,100,100,100
glance2024-25.pdf,115,NP,410-80-00-00,OTHER FIXED ASSETS,2022-2023|2023-2024|2023-2024|2024-2025,,100,100,100
glance2024-25.pdf,116,NQ,410-40-14-00,DEWATERING PUMPS,2022-2023|2023-2024|2023-2024|2024-2025,,100,100,100
glance2024-25.pdf,116,NQ,410-40-15-00,GENERATORS,2022-2023|2023-2024|2023-2024|2024-2025,,100,100,100
glance2024-25.pdf,116,NQ,410-40-22-00,PLASTIC SHREDDING MACHINE,2022-2023|2023-2024|2023-2024|2024-2025,,100,100,100
glance2024-25.pdf,116,NQ,410-40-23-02,AMMA UNAVAGAM EQUIPMENTS,2022-2023|2023-2024|2023-2024|2024-2025,,100,100,100
glance2024-25.pdf,116,NQ,410-70-01-00,CHAIR,2022-2023|2023-2024|2023-2024|2024-2025,,100,100,100
glance2024-25.pdf,116,NQ,410-70-02-00,TABLE,2022-2023|2023-2024|2023-2024|2024-2025,,100,100,100
glance2024-25.pdf,116,NQ,410-70-03-00,BUREAUS &amp; RACKS,2022-2023|2023-2024|2023-2024|2024-2025,,100,120,100
glance2024-25.pdf,116,NQ,410-80-00-00,OTHER FIXED ASSETS,2022-2023|2023-2024|2023-2024|2024-2025,305,500,500,500
glance2025-26.pdf,66,NA,410-40-14-00,DEWATERING PUMPS,2023-2024|2024-2025|2024-2025|2025-2026,,100,100,100
glance2025-26.pdf,66,NA,410-40-22-00,PLASTIC SHREDDING MACHINE,2023-2024|2024-2025|2024-2025|2025-2026,,100,100,100
glance2025-26.pdf,66,NA,410-40-23-02,AMMA UNAVAGAM EQUIPMENTS,2023-2024|2024-2025|2024-2025|2025-2026,,100,100,100
glance2025-26.pdf,66,NA,410-40-23-08,CMBFS PURCHASE,2023-2024|2024-2025|2024-2025|2025-2026,,0,1210,100
glance2025-26.pdf,66,NA,410-70-01-00,CHAIR,2023-2024|2024-2025|2024-2025|2025-2026,,100,100,100
glance2025-26.pdf,66,NA,410-70-02-00,TABLE,2023-2024|2024-2025|2024-2025|2025-2026,,100,100,100
glance2025-26.pdf,66,NA,410-70-03-00,BUREAUS &amp; RACKS,2023-2024|2024-2025|2024-2025|2025-2026,,100,100,100
glance2025-26.pdf,66,NA,410-80-00-00,OTHER FIXED ASSETS,2023-2024|2024-2025|2024-2025|2025-2026,,100,100,100
glance2025-26.pdf,66,NA,412-10-08-09,TURIF (2021-22),2023-2024|2024-2025|2024-2025|2025-2026,15405,2000,0,0
glance2025-26.pdf,66,NA,412-10-08-10,TURIF (2022-23),2023-2024|2024-2025|2024-2025|2025-2026,16669,5000,500,0
glance2025-26.pdf,67,NA,412-10-08-11,TURIF (2023-24),2023-2024|2024-2025|2024-2025|2025-2026,9238,5000,13900,0
glance2025-26.pdf,67,NA,412-10-08-12,TURIF (2024-25),2023-2024|2024-2025|2024-2025|2025-2026,0,0,90540,0
glance2025-26.pdf,67,NA,412-10-15-01,URBAN HEALTH WELLNESS CENTRES,2023-2024|2024-2025|2024-2025|2025-2026,6853,0,4180,0
glance2025-26.pdf,67,NA,412-10-16-04,CMCDM (2020-21),2023-2024|2024-2025|2024-2025|2025-2026,227,0,0,0
glance2025-26.pdf,67,NA,412-10-17-03,SBM 2.0-COMMUNITY TOILETS/URINALS,2023-2024|2024-2025|2024-2025|2025-2026,11892,10000,0,0
glance2025-26.pdf,67,NA,412-10-20-00,NULM-NIGHT SHELTERS,2023-2024|2024-2025|2024-2025|2025-2026,0,0,10000,5000
glance2025-26.pdf,67,NA,412-10-23-00,SINGARA CHENNAI 2.0,2023-2024|2024-2025|2024-2025|2025-2026,46766,20000,23500,0
glance2025-26.pdf,67,NA,412-10-23-03,NAKARPURA SALAIKAL MEMPATTU THITTAM (2023-24),2023-2024|2024-2025|2024-2025|2025-2026,28553,20000,44200,0
glance2025-26.pdf,67,NA,412-10-23-04,STATE FINANCE COMMISSION (2022-23),2023-2024|2024-2025|2024-2025|2025-2026,0,0,44600,0
glance2025-26.pdf,67,NA,412-10-23-05,STATE FINANCE COMMISSION (2023-24),2023-2024|2024-2025|2024-2025|2025-2026,0,0,38580,0
glance2025-26.pdf,68,NA,412-10-23-07,NAKARPURA SALAIKAL MEMPATTU THITTAM (2024-25),2023-2024|2024-2025|2024-2025|2025-2026,0,0,35000,21200
glance2025-26.pdf,68,NA,412-20-03-00,MAYOR SPECIAL DEVELOPMENT FUND WORKS,2023-2024|2024-2025|2024-2025|2025-2026,0,2000,0,2000
glance2025-26.pdf,68,NA,412-20-04-00,COUNCILLOR WARD IMPROVEMENT WORKS,2023-2024|2024-2025|2024-2025|2025-2026,55992,70000,70000,70000
glance2025-26.pdf,68,NA,412-40-04-06,ANGANVADI CENTRES,2023-2024|2024-2025|2024-2025|2025-2026,65,5000,11350,5000
glance2025-26.pdf,68,NA,412-40-05-12,CMBFS BUILDING,2023-2024|2024-2025|2024-2025|2025-2026,0,100,100,100
glance2025-26.pdf,68,NA,412-40-07-07,SPECIAL ROAD PROGRAMME (2020-21),2023-2024|2024-2025|2024-2025|2025-2026,2444,0,0,0
glance2025-26.pdf,68,NA,412-40-30-00,MISCELLANEOUS WORKS,2023-2024|2024-2025|2024-2025|2025-2026,13015,12000,18000,15000
glance2025-26.pdf,69,NB,410-40-22-00,PLASTIC SHREDDING MACHINE,2023-2024|2024-2025|2024-2025|2025-2026,,100,100,100
glance2025-26.pdf,69,NB,410-40-23-02,AMMA UNAVAGAM EQUIPMENTS,2023-2024|2024-2025|2024-2025|2025-2026,,100,3300,100
glance2025-26.pdf,69,NB,410-40-23-08,CMBFS PURCHASE,2023-2024|2024-2025|2024-2025|2025-2026,,500,500,500
glance2025-26.pdf,69,NB,410-70-01-00,CHAIR,2023-2024|2024-2025|2024-2025|2025-2026,,100,100,100
glance2025-26.pdf,69,NB,410-70-02-00,TABLE,2023-2024|2024-2025|2024-2025|2025-2026,,100,100,100
glance2025-26.pdf,69,NB,410-70-03-00,BUREAUS &amp; RACKS,2023-2024|2024-2025|2024-2025|2025-2026,,100,100,100
glance2025-26.pdf,69,NB,410-80-00-00,OTHER FIXED ASSETS,2023-2024|2024-2025|2024-2025|2025-2026,,200,15000,100
glance2025-26.pdf,69,NB,412-10-08-09,TURIF (2021-22),2023-2024|2024-2025|2024-2025|2025-2026,78905,0,28000,0
glance2025-26.pdf,69,NB,412-10-08-10,TURIF (2022-23),2023-2024|2024-2025|2024-2025|2025-2026,15916,0,300,0
glance2025-26.pdf,69,NB,412-10-08-11,TURIF (2023-24),2023-2024|2024-2025|2024-2025|2025-2026,19583,0,2500,0
glance2025-26.pdf,70,NB,412-10-08-12,TURIF (2024-25),2023-2024|2024-2025|2024-2025|2025-2026,0,0,59510,0
glance2025-26.pdf,70,NB,412-10-15-01,URBAN HEALTH WELLNESS CENTRES,2023-2024|2024-2025|2024-2025|2025-2026,6294,0,0,0
glance2025-26.pdf,70,NB,412-10-16-04,CMCDM (2020-21),2023-2024|2024-2025|2024-2025|2025-2026,14186,0,1060,0
glance2025-26.pdf,70,NB,412-10-17-03,SBM 2.0-COMMUNITY TOILETS/URINALS,2023-2024|2024-2025|2024-2025|2025-2026,7157,5000,0,0
glance2025-26.pdf,70,NB,412-10-23-00,SINGARA CHENNAI 2.0,2023-2024|2024-2025|2024-2025|2025-2026,79954,10000,13500,0
glance2025-26.pdf,70,NB,412-10-23-03,NAKARPURA SALAIKAL MEMPATTU THITTAM (2023-24),2023-2024|2024-2025|2024-2025|2025-2026,35348,10000,24400,0
glance2025-26.pdf,70,NB,412-10-23-04,STATE FINANCE COMMISSION (2022-23),2023-2024|2024-2025|2024-2025|2025-2026,34965,10000,62000,0
glance2025-26.pdf,70,NB,412-10-23-05,STATE FINANCE COMMISSION (2023-24),2023-2024|2024-2025|2024-2025|2025-2026,5853,6000,44100,0
glance2025-26.pdf,70,NB,412-10-23-06,STATE FINANCE COMMISSION (2024-25),2023-2024|2024-2025|2024-2025|2025-2026,0,0,28720,0
glance2025-26.pdf,70,NB,412-10-23-07,NAKARPURA SALAIKAL MEMPATTU THITTAM (2024-25),2023-2024|2024-2025|2024-2025|2025-2026,0,0,21260,0
glance2025-26.pdf,70,NB,412-20-03-00,MAYOR SPECIAL DEVELOPMENT FUND WORKS,2023-2024|2024-2025|2024-2025|2025-2026,0,2000,0,2000
glance2025-26.pdf,71,NB,412-20-04-00,COUNCILLOR WARD IMPROVEMENT WORKS,2023-2024|2024-2025|2024-2025|2025-2026,27055,40000,40000,40000
glance2025-26.pdf,71,NB,412-40-06-04,PUBLIC CONVENIENCE,2023-2024|2024-2025|2024-2025|2025-2026,465,0,0,0
glance2025-26.pdf,71,NB,412-40-06-09,BURIAL GROUND,2023-2024|2024-2025|2024-2025|2025-2026,0,0,500,10000
glance2025-26.pdf,71,NB,412-40-07-02,CONCRETE ROADS,2023-2024|2024-2025|2024-2025|2025-2026,3999,1000,500,1000
glance2025-26.pdf,71,NB,412-40-08-02,BLACK TOPPED ROADS,2023-2024|2024-2025|2024-2025|2025-2026,4663,1000,3000,5000
glance2025-26.pdf,71,NB,412-40-30-00,MISCELLANEOUS WORKS,2023-2024|2024-2025|2024-2025|2025-2026,10383,12000,12000,15000
glance2025-26.pdf,72,NC,410-40-22-00,PLASTIC SHREDDING MACHINE,2023-2024|2024-2025|2024-2025|2025-2026,,100,100,100
glance2025-26.pdf,72,NC,410-40-23-02,AMMA UNAVAGAM EQUIPMENTS,2023-2024|2024-2025|2024-2025|2025-2026,,100,3100,100
glance2025-26.pdf,72,NC,410-40-23-08,CMBFS PURCHASE,2023-2024|2024-2025|2024-2025|2025-2026,,0,710,100
glance2025-26.pdf,72,NC,410-60-09-00,AIR CONDITIONER,2023-2024|2024-2025|2024-2025|2025-2026,,100,100,100
glance2025-26.pdf,72,NC,410-70-01-00,CHAIR,2023-2024|2024-2025|2024-2025|2025-2026,,100,100,100
glance2025-26.pdf,72,NC,410-70-02-00,TABLE,2023-2024|2024-2025|2024-2025|2025-2026,,100,100,100
glance2025-26.pdf,72,NC,410-70-03-00,BUREAUS &amp; RACKS,2023-2024|2024-2025|2024-2025|2025-2026,,100,100,100
glance2025-26.pdf,72,NC,410-80-00-00,OTHER FIXED ASSETS,2023-2024|2024-2025|2024-2025|2025-2026,,200,100,100
glance2025-26.pdf,72,NC,412-10-08-09,TURIF (2021-22),2023-2024|2024-2025|2024-2025|2025-2026,33216,0,6500,0
glance2025-26.pdf,72,NC,412-10-08-10,TURIF (2022-23),2023-2024|2024-2025|2024-2025|2025-2026,64374,0,12900,0
glance2025-26.pdf,73,NC,412-10-08-11,TURIF (2023-24),2023-2024|2024-2025|2024-2025|2025-2026,17463,38000,71000,0
glance2025-26.pdf,73,NC,412-10-08-12,TURIF (2024-25),2023-2024|2024-2025|2024-2025|2025-2026,0,0,62000,39000
glance2025-26.pdf,73,NC,412-10-15-01,URBAN HEALTH WELLNESS CENTRES,2023-2024|2024-2025|2024-2025|2025-2026,2764,0,0,0
glance2025-26.pdf,73,NC,412-10-16-04,CMCDM (2020-21),2023-2024|2024-2025|2024-2025|2025-2026,4416,0,0,0
glance2025-26.pdf,73,NC,412-10-23-03,NAKARPURA SALAIKAL MEMPATTU THITTAM (2023-24),2023-2024|2024-2025|2024-2025|2025-2026,155640,123600,129600,0
glance2025-26.pdf,73,NC,412-10-23-04,STATE FINANCE COMMISSION (2022-23),2023-2024|2024-2025|2024-2025|2025-2026,45049,137600,137600,0
glance2025-26.pdf,73,NC,412-10-23-05,STATE FINANCE COMMISSION (2023-24),2023-2024|2024-2025|2024-2025|2025-2026,40713,130800,130800,0
glance2025-26.pdf,73,NC,412-10-23-06,STATE FINANCE COMMISSION (2024-25),2023-2024|2024-2025|2024-2025|2025-2026,0,0,128650,0
glance2025-26.pdf,73,NC,412-10-23-07,NAKARPURA SALAIKAL MEMPATTU THITTAM (2024-25),2023-2024|2024-2025|2024-2025|2025-2026,0,0,57000,10000
glance2025-26.pdf,73,NC,412-20-03-00,MAYOR SPECIAL DEVELOPMENT FUND WORKS,2023-2024|2024-2025|2024-2025|2025-2026,0,2000,0,2000
glance2025-26.pdf,73,NC,412-20-04-00,COUNCILLOR WARD IMPROVEMENT WORKS,2023-2024|2024-2025|2024-2025|2025-2026,44194,55000,55000,55000
glance2025-26.pdf,74,NC,412-40-04-06,ANGANVADI CENTRES,2023-2024|2024-2025|2024-2025|2025-2026,2640,1000,1000,1000
glance2025-26.pdf,74,NC,412-40-06-04,PUBLIC CONVENIENCE,2023-2024|2024-2025|2024-2025|2025-2026,0,0,6700,0
glance2025-26.pdf,74,NC,412-40-30-00,MISCELLANEOUS WORKS,2023-2024|2024-2025|2024-2025|2025-2026,13178,10000,16000,15000
glance2025-26.pdf,74,NC,412-40-30-04,HUDCO-CSR FUND,2023-2024|2024-2025|2024-2025|2025-2026,0,0,6640,0
glance2025-26.pdf,74,NC,412-40-30-06,MADHAVARAM BUS TERMINAL,2023-2024|2024-2025|2024-2025|2025-2026,0,0,50000,331460
glance2025-26.pdf,75,ND,410-40-22-00,PLASTIC SHREDDING MACHINE,2023-2024|2024-2025|2024-2025|2025-2026,,100,100,100
glance2025-26.pdf,75,ND,410-40-23-02,AMMA UNAVAGAM EQUIPMENTS,2023-2024|2024-2025|2024-2025|2025-2026,,100,100,100
glance2025-26.pdf,75,ND,410-40-23-08,CMBFS PURCHASE,2023-2024|2024-2025|2024-2025|2025-2026,1562,100,100,100
glance2025-26.pdf,75,ND,410-70-01-00,CHAIR,2023-2024|2024-2025|2024-2025|2025-2026,,100,100,100
glance2025-26.pdf,75,ND,410-70-02-00,TABLE,2023-2024|2024-2025|2024-2025|2025-2026,,100,100,100
glance2025-26.pdf,75,ND,410-70-03-00,BUREAUS &amp; RACKS,2023-2024|2024-2025|2024-2025|2025-2026,,100,100,100
glance2025-26.pdf,75,ND,410-80-00-00,OTHER FIXED ASSETS,2023-2024|2024-2025|2024-2025|2025-2026,,100,100,100
glance2025-26.pdf,75,ND,412-10-08-09,TURIF (2021-22),2023-2024|2024-2025|2024-2025|2025-2026,12555,0,0,0
glance2025-26.pdf,75,ND,412-10-08-10,TURIF (2022-23),2023-2024|2024-2025|2024-2025|2025-2026,73897,0,0,0
glance2025-26.pdf,75,ND,412-10-08-11,TURIF (2023-24),2023-2024|2024-2025|2024-2025|2025-2026,60053,47900,68200,0
glance2025-26.pdf,76,ND,412-10-08-12,TURIF (2024-25),2023-2024|2024-2025|2024-2025|2025-2026,0,0,51700,10000
glance2025-26.pdf,76,ND,412-10-17-03,SBM 2.0-COMMUNITY TOILETS/URINALS,2023-2024|2024-2025|2024-2025|2025-2026,1163,1000,0,0
glance2025-26.pdf,76,ND,412-10-22-00,NIRBHYA SCHEME,2023-2024|2024-2025|2024-2025|2025-2026,14285,0,3020,0
glance2025-26.pdf,76,ND,412-10-23-03,NAKARPURA SALAIKAL MEMPATTU THITTAM (2023-24),2023-2024|2024-2025|2024-2025|2025-2026,103478,122000,129400,10000
glance2025-26.pdf,76,ND,412-10-23-05,STATE FINANCE COMMISSION (2023-24),2023-2024|2024-2025|2024-2025|2025-2026,0,38700,38700,0
glance2025-26.pdf,76,ND,412-10-23-06,STATE FINANCE COMMISSION (2024-25),2023-2024|2024-2025|2024-2025|2025-2026,0,0,142000,10000
glance2025-26.pdf,76,ND,412-10-23-07,NAKARPURA SALAIKAL MEMPATTU THITTAM (2024-25),2023-2024|2024-2025|2024-2025|2025-2026,0,0,28000,30000
glance2025-26.pdf,76,ND,412-10-24-00,T.N. URBAN EMPLOYMENT SCHEME,2023-2024|2024-2025|2024-2025|2025-2026,15118,10000,3780,0
glance2025-26.pdf,76,ND,412-20-03-00,MAYOR SPECIAL DEVELOPMENT FUND WORKS,2023-2024|2024-2025|2024-2025|2025-2026,0,2000,0,2000
glance2025-26.pdf,77,ND,412-20-04-00,COUNCILLOR WARD IMPROVEMENT WORKS,2023-2024|2024-2025|2024-2025|2025-2026,59969,75000,75000,75000
glance2025-26.pdf,77,ND,412-40-03-02,COMMUNICABLE DISEASE HOSPITAL BUILDING,2023-2024|2024-2025|2024-2025|2025-2026,2093,5000,1000,2000
glance2025-26.pdf,77,ND,412-40-06-09,BURIAL GROUND,2023-2024|2024-2025|2024-2025|2025-2026,0,1200,100,10000
glance2025-26.pdf,77,ND,412-40-30-00,MISCELLANEOUS WORKS,2023-2024|2024-2025|2024-2025|2025-2026,24814,25000,30000,30000
glance2025-26.pdf,78,NE,410-40-13-00,GYM EQUIPMENTS,2023-2024|2024-2025|2024-2025|2025-2026,,100,100,100
glance2025-26.pdf,78,NE,410-40-22-00,PLASTIC SHREDDING MACHINE,2023-2024|2024-2025|2024-2025|2025-2026,,100,100,100
glance2025-26.pdf,78,NE,410-40-23-02,AMMA UNAVAGAM EQUIPMENTS,2023-2024|2024-2025|2024-2025|2025-2026,,100,100,100
glance2025-26.pdf,78,NE,410-40-23-08,CMBFS PURCHASE,2023-2024|2024-2025|2024-2025|2025-2026,1274,100,100,100
glance2025-26.pdf,78,NE,410-70-01-00,CHAIR,2023-2024|2024-2025|2024-2025|2025-2026,,100,100,100
glance2025-26.pdf,78,NE,410-70-02-00,TABLE,2023-2024|2024-2025|2024-2025|2025-2026,,100,100,100
glance2025-26.pdf,78,NE,410-70-03-00,BUREAUS &amp; RACKS,2023-2024|2024-2025|2024-2025|2025-2026,,100,100,100
glance2025-26.pdf,78,NE,410-80-00-00,OTHER FIXED ASSETS,2023-2024|2024-2025|2024-2025|2025-2026,,100,175,100
glance2025-26.pdf,78,NE,412-10-08-09,TURIF (2021-22),2023-2024|2024-2025|2024-2025|2025-2026,14080,0,1000,0
glance2025-26.pdf,78,NE,412-10-08-10,TURIF (2022-23),2023-2024|2024-2025|2024-2025|2025-2026,46918,0,6500,0
glance2025-26.pdf,79,NE,412-10-08-11,TURIF (2023-24),2023-2024|2024-2025|2024-2025|2025-2026,31513,0,8700,0
glance2025-26.pdf,79,NE,412-10-08-12,TURIF (2024-25),2023-2024|2024-2025|2024-2025|2025-2026,0,0,20000,40000
glance2025-26.pdf,79,NE,412-10-15-01,URBAN HEALTH WELLNESS CENTRES,2023-2024|2024-2025|2024-2025|2025-2026,16452,0,0,0
glance2025-26.pdf,79,NE,412-10-17-01,SBM-SWM INFRASTRUCTURE,2023-2024|2024-2025|2024-2025|2025-2026,553,0,0,0
glance2025-26.pdf,79,NE,412-10-17-03,SBM 2.0-COMMUNITY TOILETS/URINALS,2023-2024|2024-2025|2024-2025|2025-2026,3937,5000,0,0
glance2025-26.pdf,79,NE,412-10-22-00,NIRBHYA SCHEME,2023-2024|2024-2025|2024-2025|2025-2026,10202,0,0,0
glance2025-26.pdf,79,NE,412-10-23-00,SINGARA CHENNAI 2.0,2023-2024|2024-2025|2024-2025|2025-2026,15410,10000,13560,0
glance2025-26.pdf,79,NE,412-10-23-01,NAKARPURA SALAIKAL MEMPATTU THITTAM (2022-23),2023-2024|2024-2025|2024-2025|2025-2026,9631,25000,20000,5900
glance2025-26.pdf,79,NE,412-10-23-03,NAKARPURA SALAIKAL MEMPATTU THITTAM (2023-24),2023-2024|2024-2025|2024-2025|2025-2026,52498,0,6900,0
glance2025-26.pdf,79,NE,412-10-23-06,STATE FINANCE COMMISSION (2024-25),2023-2024|2024-2025|2024-2025|2025-2026,0,0,109045,0
glance2025-26.pdf,80,NE,412-10-23-07,NAKARPURA SALAIKAL MEMPATTU THITTAM (2024-25),2023-2024|2024-2025|2024-2025|2025-2026,0,0,30000,6000
glance2025-26.pdf,80,NE,412-20-03-00,MAYOR SPECIAL DEVELOPMENT FUND WORKS,2023-2024|2024-2025|2024-2025|2025-2026,0,2000,0,2000
glance2025-26.pdf,80,NE,412-20-04-00,COUNCILLOR WARD IMPROVEMENT WORKS,2023-2024|2024-2025|2024-2025|2025-2026,40369,75000,75000,75000
glance2025-26.pdf,80,NE,412-40-07-07,SPECIAL ROAD PROGRAMME (2020-21),2023-2024|2024-2025|2024-2025|2025-2026,9276,0,0,0
glance2025-26.pdf,80,NE,412-40-30-00,MISCELLANEOUS WORKS,2023-2024|2024-2025|2024-2025|2025-2026,18814,15000,30000,25000
glance2025-26.pdf,81,NF,410-40-12-00,TREE CUTTING EQUIPMENTS,2023-2024|2024-2025|2024-2025|2025-2026,,200,100,100
glance2025-26.pdf,81,NF,410-40-13-00,GYM EQUIPMENTS,2023-2024|2024-2025|2024-2025|2025-2026,,100,100,100
glance2025-26.pdf,81,NF,410-40-22-00,PLASTIC SHREDDING MACHINE,2023-2024|2024-2025|2024-2025|2025-2026,1168,500,500,500
glance2025-26.pdf,81,NF,410-40-23-02,AMMA UNAVAGAM EQUIPMENTS,2023-2024|2024-2025|2024-2025|2025-2026,,100,4100,100
glance2025-26.pdf,81,NF,410-40-23-08,CMBFS PURCHASE,2023-2024|2024-2025|2024-2025|2025-2026,,0,2330,100
glance2025-26.pdf,81,NF,410-60-09-00,AIR CONDITIONER,2023-2024|2024-2025|2024-2025|2025-2026,,100,100,100
glance2025-26.pdf,81,NF,410-70-01-00,CHAIR,2023-2024|2024-2025|2024-2025|2025-2026,,100,100,100
glance2025-26.pdf,81,NF,410-70-02-00,TABLE,2023-2024|2024-2025|2024-2025|2025-2026,,100,100,100
glance2025-26.pdf,81,NF,410-70-03-00,BUREAUS &amp; RACKS,2023-2024|2024-2025|2024-2025|2025-2026,,100,100,100
glance2025-26.pdf,81,NF,410-70-06-00,ELECTRICAL FITTINGS,2023-2024|2024-2025|2024-2025|2025-2026,,100,100,100
glance2025-26.pdf,82,NF,410-80-00-00,OTHER FIXED ASSETS,2023-2024|2024-2025|2024-2025|2025-2026,,100,100,100
glance2025-26.pdf,82,NF,412-10-08-08,TURIF (2020-21),2023-2024|2024-2025|2024-2025|2025-2026,22078,0,0,0
glance2025-26.pdf,82,NF,412-10-08-09,TURIF (2021-22),2023-2024|2024-2025|2024-2025|2025-2026,36467,0,0,0
glance2025-26.pdf,82,NF,412-10-08-10,TURIF (2022-23),2023-2024|2024-2025|2024-2025|2025-2026,45538,0,14500,0
glance2025-26.pdf,82,NF,412-10-08-12,TURIF (2024-25),2023-2024|2024-2025|2024-2025|2025-2026,0,0,29000,30000
glance2025-26.pdf,82,NF,412-10-15-01,URBAN HEALTH WELLNESS CENTRES,2023-2024|2024-2025|2024-2025|2025-2026,6334,0,9110,0
glance2025-26.pdf,82,NF,412-10-17-01,SBM-SWM INFRASTRUCTURE,2023-2024|2024-2025|2024-2025|2025-2026,8255,0,0,0
glance2025-26.pdf,82,NF,412-10-22-00,NIRBHYA SCHEME,2023-2024|2024-2025|2024-2025|2025-2026,8639,0,0,0
glance2025-26.pdf,82,NF,412-10-23-00,SINGARA CHENNAI 2.0,2023-2024|2024-2025|2024-2025|2025-2026,3638,0,0,0
glance2025-26.pdf,82,NF,412-10-23-01,NAKARPURA SALAIKAL MEMPATTU THITTAM (2022-23),2023-2024|2024-2025|2024-2025|2025-2026,306266,0,105000,0
glance2025-26.pdf,82,NF,412-10-23-03,NAKARPURA SALAIKAL MEMPATTU THITTAM (2023-24),2023-2024|2024-2025|2024-2025|2025-2026,197488,200000,150000,50000
glance2025-26.pdf,83,NF,412-10-23-06,STATE FINANCE COMMISSION (2024-25),2023-2024|2024-2025|2024-2025|2025-2026,0,0,94840,0
glance2025-26.pdf,83,NF,412-10-23-07,NAKARPURA SALAIKAL MEMPATTU THITTAM (2024-25),2023-2024|2024-2025|2024-2025|2025-2026,0,0,40000,31000
glance2025-26.pdf,83,NF,412-10-24-00,T.N. URBAN EMPLOYMENT SCHEME,2023-2024|2024-2025|2024-2025|2025-2026,2107,4000,0,0
glance2025-26.pdf,83,NF,412-20-03-00,MAYOR SPECIAL DEVELOPMENT FUND WORKS,2023-2024|2024-2025|2024-2025|2025-2026,8249,2000,11300,2000
glance2025-26.pdf,83,NF,412-20-04-00,COUNCILLOR WARD IMPROVEMENT WORKS,2023-2024|2024-2025|2024-2025|2025-2026,36822,75000,75000,75000
glance2025-26.pdf,83,NF,412-40-01-00,PLAY GROUNDS,2023-2024|2024-2025|2024-2025|2025-2026,3070,9800,18000,15000
glance2025-26.pdf,83,NF,412-40-04-02,MIDDLE SCHOOL BUILDINGS,2023-2024|2024-2025|2024-2025|2025-2026,0,0,20000,76300
glance2025-26.pdf,83,NF,412-40-04-03,HIGH SCHOOL BUILDINGS,2023-2024|2024-2025|2024-2025|2025-2026,0,0,10000,27000
glance2025-26.pdf,83,NF,412-40-04-06,ANGANVADI CENTRES,2023-2024|2024-2025|2024-2025|2025-2026,0,0,6500,0
glance2025-26.pdf,83,NF,412-40-05-04,WARD OFFICE BUILDINGS,2023-2024|2024-2025|2024-2025|2025-2026,0,0,9300,0
glance2025-26.pdf,83,NF,412-40-05-05,SUBWAYS,2023-2024|2024-2025|2024-2025|2025-2026,0,0,2330,0
glance2025-26.pdf,83,NF,412-40-06-03,COMMUNITY CENTRES,2023-2024|2024-2025|2024-2025|2025-2026,0,0,14350,0
glance2025-26.pdf,84,NF,412-40-06-08,GYM BUILDING,2023-2024|2024-2025|2024-2025|2025-2026,0,0,1800,0
glance2025-26.pdf,84,NF,412-40-07-02,CONCRETE ROADS,2023-2024|2024-2025|2024-2025|2025-2026,0,0,9500,0
glance2025-26.pdf,84,NF,412-40-07-07,SPECIAL ROAD PROGRAMME (2020-21),2023-2024|2024-2025|2024-2025|2025-2026,1510,0,0,0
glance2025-26.pdf,84,NF,412-40-08-05,BUS SHELTERS,2023-2024|2024-2025|2024-2025|2025-2026,0,0,2000,4000
glance2025-26.pdf,84,NF,412-40-10-00,PAVEMENT,2023-2024|2024-2025|2024-2025|2025-2026,0,0,13100,10000
glance2025-26.pdf,84,NF,412-40-11-00,STORM WATER DRAIN,2023-2024|2024-2025|2024-2025|2025-2026,0,0,13000,10000
glance2025-26.pdf,84,NF,412-40-12-00,CHENNAI RIVER RESTORATION WORK,2023-2024|2024-2025|2024-2025|2025-2026,0,0,280,0
glance2025-26.pdf,84,NF,412-40-30-00,MISCELLANEOUS WORKS,2023-2024|2024-2025|2024-2025|2025-2026,21480,25000,35000,35000
glance2025-26.pdf,85,NG,410-40-22-00,PLASTIC SHREDDING MACHINE,2023-2024|2024-2025|2024-2025|2025-2026,,100,100,100
glance2025-26.pdf,85,NG,410-40-23-02,AMMA UNAVAGAM EQUIPMENTS,2023-2024|2024-2025|2024-2025|2025-2026,,100,5000,100
glance2025-26.pdf,85,NG,410-40-23-08,CMBFS PURCHASE,2023-2024|2024-2025|2024-2025|2025-2026,,500,800,100
glance2025-26.pdf,85,NG,410-70-01-00,CHAIR,2023-2024|2024-2025|2024-2025|2025-2026,,100,100,100
glance2025-26.pdf,85,NG,410-70-02-00,TABLE,2023-2024|2024-2025|2024-2025|2025-2026,,100,100,100
glance2025-26.pdf,85,NG,410-70-03-00,BUREAUS &amp; RACKS,2023-2024|2024-2025|2024-2025|2025-2026,,100,100,100
glance2025-26.pdf,85,NG,410-80-00-00,OTHER FIXED ASSETS,2023-2024|2024-2025|2024-2025|2025-2026,,100,130,100
glance2025-26.pdf,85,NG,412-10-08-09,TURIF (2021-22),2023-2024|2024-2025|2024-2025|2025-2026,43764,0,0,0
glance2025-26.pdf,85,NG,412-10-08-10,TURIF (2022-23),2023-2024|2024-2025|2024-2025|2025-2026,13298,0,2900,0
glance2025-26.pdf,85,NG,412-10-08-11,TURIF (2023-24),2023-2024|2024-2025|2024-2025|2025-2026,49955,24000,50000,16500
glance2025-26.pdf,86,NG,412-10-08-12,TURIF (2024-25),2023-2024|2024-2025|2024-2025|2025-2026,0,0,59000,0
glance2025-26.pdf,86,NG,412-10-15-01,URBAN HEALTH WELLNESS CENTRES,2023-2024|2024-2025|2024-2025|2025-2026,7936,0,8250,0
glance2025-26.pdf,86,NG,412-10-17-01,SBM-SWM INFRASTRUCTURE,2023-2024|2024-2025|2024-2025|2025-2026,0,0,3830,0
glance2025-26.pdf,86,NG,412-10-17-03,SBM 2.0-COMMUNITY TOILETS/URINALS,2023-2024|2024-2025|2024-2025|2025-2026,29620,0,0,0
glance2025-26.pdf,86,NG,412-10-23-03,NAKARPURA SALAIKAL MEMPATTU THITTAM (2023-24),2023-2024|2024-2025|2024-2025|2025-2026,276728,290000,200000,90000
glance2025-26.pdf,86,NG,412-10-23-04,STATE FINANCE COMMISSION (2022-23),2023-2024|2024-2025|2024-2025|2025-2026,22673,40000,68200,0
glance2025-26.pdf,86,NG,412-10-23-05,STATE FINANCE COMMISSION (2023-24),2023-2024|2024-2025|2024-2025|2025-2026,14382,0,4600,0
glance2025-26.pdf,86,NG,412-10-23-06,STATE FINANCE COMMISSION (2024-25),2023-2024|2024-2025|2024-2025|2025-2026,0,0,138860,0
glance2025-26.pdf,86,NG,412-10-23-07,NAKARPURA SALAIKAL MEMPATTU THITTAM (2024-25),2023-2024|2024-2025|2024-2025|2025-2026,0,0,60000,30300
glance2025-26.pdf,86,NG,412-20-03-00,MAYOR SPECIAL DEVELOPMENT FUND WORKS,2023-2024|2024-2025|2024-2025|2025-2026,0,2000,0,2000
glance2025-26.pdf,86,NG,412-20-04-00,COUNCILLOR WARD IMPROVEMENT WORKS,2023-2024|2024-2025|2024-2025|2025-2026,59673,75000,75000,75000
glance2025-26.pdf,87,NG,412-40-02-00,PARKS AND GARDENS,2023-2024|2024-2025|2024-2025|2025-2026,0,0,2000,0
glance2025-26.pdf,87,NG,412-40-03-04,HEALTH POSTS,2023-2024|2024-2025|2024-2025|2025-2026,0,2000,2000,0
glance2025-26.pdf,87,NG,412-40-05-04,WARD OFFICE BUILDINGS,2023-2024|2024-2025|2024-2025|2025-2026,8127,5000,5000,5000
glance2025-26.pdf,87,NG,412-40-06-04,PUBLIC CONVENIENCE,2023-2024|2024-2025|2024-2025|2025-2026,706,1000,3970,3000
glance2025-26.pdf,87,NG,412-40-06-09,BURIAL GROUND,2023-2024|2024-2025|2024-2025|2025-2026,0,0,20000,20000
glance2025-26.pdf,87,NG,412-40-07-07,SPECIAL ROAD PROGRAMME (2020-21),2023-2024|2024-2025|2024-2025|2025-2026,2667,0,0,0
glance2025-26.pdf,87,NG,412-40-30-00,MISCELLANEOUS WORKS,2023-2024|2024-2025|2024-2025|2025-2026,937,10000,2000,10000
glance2025-26.pdf,88,NH,410-40-22-00,PLASTIC SHREDDING MACHINE,2023-2024|2024-2025|2024-2025|2025-2026,,100,100,100
glance2025-26.pdf,88,NH,410-40-23-02,AMMA UNAVAGAM EQUIPMENTS,2023-2024|2024-2025|2024-2025|2025-2026,,100,5000,100
glance2025-26.pdf,88,NH,410-40-23-08,CMBFS PURCHASE,2023-2024|2024-2025|2024-2025|2025-2026,,500,500,500
glance2025-26.pdf,88,NH,410-60-09-00,AIR CONDITIONER,2023-2024|2024-2025|2024-2025|2025-2026,,100,100,100
glance2025-26.pdf,88,NH,410-70-01-00,CHAIR,2023-2024|2024-2025|2024-2025|2025-2026,,100,100,100
glance2025-26.pdf,88,NH,410-70-02-00,TABLE,2023-2024|2024-2025|2024-2025|2025-2026,,100,100,100
glance2025-26.pdf,88,NH,410-70-03-00,BUREAUS &amp; RACKS,2023-2024|2024-2025|2024-2025|2025-2026,,100,100,100
glance2025-26.pdf,88,NH,410-70-08-00,INVERTORS,2023-2024|2024-2025|2024-2025|2025-2026,,100,100,100
glance2025-26.pdf,88,NH,410-80-00-00,OTHER FIXED ASSETS,2023-2024|2024-2025|2024-2025|2025-2026,,100,100,100
glance2025-26.pdf,88,NH,412-10-08-08,TURIF (2020-21),2023-2024|2024-2025|2024-2025|2025-2026,0,0,8000,0
glance2025-26.pdf,89,NH,412-10-08-09,TURIF (2021-22),2023-2024|2024-2025|2024-2025|2025-2026,24608,0,2000,0
glance2025-26.pdf,89,NH,412-10-08-10,TURIF (2022-23),2023-2024|2024-2025|2024-2025|2025-2026,65135,0,10000,0
glance2025-26.pdf,89,NH,412-10-08-11,TURIF (2023-24),2023-2024|2024-2025|2024-2025|2025-2026,21384,0,91500,0
glance2025-26.pdf,89,NH,412-10-08-12,TURIF (2024-25),2023-2024|2024-2025|2024-2025|2025-2026,0,0,30000,31000
glance2025-26.pdf,89,NH,412-10-15-01,URBAN HEALTH WELLNESS CENTRES,2023-2024|2024-2025|2024-2025|2025-2026,2694,2700,2700,0
glance2025-26.pdf,89,NH,412-10-17-01,SBM-SWM INFRASTRUCTURE,2023-2024|2024-2025|2024-2025|2025-2026,0,0,3100,0
glance2025-26.pdf,89,NH,412-10-17-03,SBM 2.0-COMMUNITY TOILETS/URINALS,2023-2024|2024-2025|2024-2025|2025-2026,17998,10000,3500,0
glance2025-26.pdf,89,NH,412-10-22-00,NIRBHYA SCHEME,2023-2024|2024-2025|2024-2025|2025-2026,1221,0,0,0
glance2025-26.pdf,89,NH,412-10-23-03,NAKARPURA SALAIKAL MEMPATTU THITTAM (2023-24),2023-2024|2024-2025|2024-2025|2025-2026,219355,0,151100,0
glance2025-26.pdf,89,NH,412-10-23-06,STATE FINANCE COMMISSION (2024-25),2023-2024|2024-2025|2024-2025|2025-2026,0,0,138800,0
glance2025-26.pdf,89,NH,412-10-23-07,NAKARPURA SALAIKAL MEMPATTU THITTAM (2024-25),2023-2024|2024-2025|2024-2025|2025-2026,0,0,50000,16500
glance2025-26.pdf,90,NH,412-20-03-00,MAYOR SPECIAL DEVELOPMENT FUND WORKS,2023-2024|2024-2025|2024-2025|2025-2026,0,2000,0,2000
glance2025-26.pdf,90,NH,412-20-04-00,COUNCILLOR WARD IMPROVEMENT WORKS,2023-2024|2024-2025|2024-2025|2025-2026,59636,75000,75000,75000
glance2025-26.pdf,90,NH,412-40-04-07,MARKET,2023-2024|2024-2025|2024-2025|2025-2026,0,0,4480,0
glance2025-26.pdf,90,NH,412-40-06-04,PUBLIC CONVENIENCE,2023-2024|2024-2025|2024-2025|2025-2026,0,0,2300,0
glance2025-26.pdf,90,NH,412-40-07-07,SPECIAL ROAD PROGRAMME (2020-21),2023-2024|2024-2025|2024-2025|2025-2026,1242,0,0,0
glance2025-26.pdf,90,NH,412-40-30-00,MISCELLANEOUS WORKS,2023-2024|2024-2025|2024-2025|2025-2026,8918,15000,10000,15000
glance2025-26.pdf,91,NJ,410-40-14-00,DEWATERING PUMPS,2023-2024|2024-2025|2024-2025|2025-2026,,100,100,100
glance2025-26.pdf,91,NJ,410-40-22-00,PLASTIC SHREDDING MACHINE,2023-2024|2024-2025|2024-2025|2025-2026,,100,100,100
glance2025-26.pdf,91,NJ,410-40-23-02,AMMA UNAVAGAM EQUIPMENTS,2023-2024|2024-2025|2024-2025|2025-2026,,100,6600,100
glance2025-26.pdf,91,NJ,410-70-01-00,CHAIR,2023-2024|2024-2025|2024-2025|2025-2026,,100,100,100
glance2025-26.pdf,91,NJ,410-70-02-00,TABLE,2023-2024|2024-2025|2024-2025|2025-2026,,100,100,100
glance2025-26.pdf,91,NJ,410-70-03-00,BUREAUS &amp; RACKS,2023-2024|2024-2025|2024-2025|2025-2026,,100,100,100
glance2025-26.pdf,91,NJ,410-80-00-00,OTHER FIXED ASSETS,2023-2024|2024-2025|2024-2025|2025-2026,,100,100,100
glance2025-26.pdf,91,NJ,412-10-08-08,TURIF (2020-21),2023-2024|2024-2025|2024-2025|2025-2026,4866,0,1100,0
glance2025-26.pdf,91,NJ,412-10-08-09,TURIF (2021-22),2023-2024|2024-2025|2024-2025|2025-2026,21682,0,12800,0
glance2025-26.pdf,91,NJ,412-10-08-10,TURIF (2022-23),2023-2024|2024-2025|2024-2025|2025-2026,46792,0,5000,0
glance2025-26.pdf,91,NJ,412-10-08-11,TURIF (2023-24),2023-2024|2024-2025|2024-2025|2025-2026,59739,51500,51500,0
glance2025-26.pdf,91,NJ,412-10-08-12,TURIF (2024-25),2023-2024|2024-2025|2024-2025|2025-2026,0,0,20000,39800
glance2025-26.pdf,92,NJ,412-10-15-01,URBAN HEALTH WELLNESS CENTRES,2023-2024|2024-2025|2024-2025|2025-2026,1816,0,2490,0
glance2025-26.pdf,92,NJ,412-10-17-03,SBM 2.0-COMMUNITY TOILETS/URINALS,2023-2024|2024-2025|2024-2025|2025-2026,128931,0,32700,0
glance2025-26.pdf,92,NJ,412-10-22-00,NIRBHYA SCHEME,2023-2024|2024-2025|2024-2025|2025-2026,894,0,4755,0
glance2025-26.pdf,92,NJ,412-10-23-03,NAKARPURA SALAIKAL MEMPATTU THITTAM (2023-24),2023-2024|2024-2025|2024-2025|2025-2026,142110,28600,77300,0
glance2025-26.pdf,92,NJ,412-10-23-05,STATE FINANCE COMMISSION (2023-24),2023-2024|2024-2025|2024-2025|2025-2026,3222,24600,44200,0
glance2025-26.pdf,92,NJ,412-10-23-06,STATE FINANCE COMMISSION (2024-25),2023-2024|2024-2025|2024-2025|2025-2026,0,0,77380,0
glance2025-26.pdf,92,NJ,412-10-23-07,NAKARPURA SALAIKAL MEMPATTU THITTAM (2024-25),2023-2024|2024-2025|2024-2025|2025-2026,0,0,49000,0
glance2025-26.pdf,92,NJ,412-20-03-00,MAYOR SPECIAL DEVELOPMENT FUND WORKS,2023-2024|2024-2025|2024-2025|2025-2026,0,2000,0,2000
glance2025-26.pdf,92,NJ,412-20-04-00,COUNCILLOR WARD IMPROVEMENT WORKS,2023-2024|2024-2025|2024-2025|2025-2026,70992,90000,90000,90000
glance2025-26.pdf,93,NJ,412-40-02-00,PARKS AND GARDENS,2023-2024|2024-2025|2024-2025|2025-2026,0,0,2000,2800
glance2025-26.pdf,93,NJ,412-40-06-10,NIGHT SHELTER,2023-2024|2024-2025|2024-2025|2025-2026,0,0,3000,4000
glance2025-26.pdf,93,NJ,412-40-11-00,STORM WATER DRAIN,2023-2024|2024-2025|2024-2025|2025-2026,0,0,41500,10000
glance2025-26.pdf,93,NJ,412-40-30-00,MISCELLANEOUS WORKS,2023-2024|2024-2025|2024-2025|2025-2026,5995,10000,5000,10000
glance2025-26.pdf,93,NJ,412-40-30-04,HUDCO-CSR FUND,2023-2024|2024-2025|2024-2025|2025-2026,0,3630,825,0
glance2025-26.pdf,94,NK,410-40-14-00,DEWATERING PUMPS,2023-2024|2024-2025|2024-2025|2025-2026,,100,100,100
glance2025-26.pdf,94,NK,410-40-22-00,PLASTIC SHREDDING MACHINE,2023-2024|2024-2025|2024-2025|2025-2026,,100,100,100
glance2025-26.pdf,94,NK,410-40-23-02,AMMA UNAVAGAM EQUIPMENTS,2023-2024|2024-2025|2024-2025|2025-2026,1235,100,5400,100
glance2025-26.pdf,94,NK,410-70-01-00,CHAIR,2023-2024|2024-2025|2024-2025|2025-2026,,100,100,100
glance2025-26.pdf,94,NK,410-70-02-00,TABLE,2023-2024|2024-2025|2024-2025|2025-2026,,100,100,100
glance2025-26.pdf,94,NK,410-70-03-00,BUREAUS &amp; RACKS,2023-2024|2024-2025|2024-2025|2025-2026,,100,100,100
glance2025-26.pdf,94,NK,410-70-08-00,INVERTORS,2023-2024|2024-2025|2024-2025|2025-2026,,100,100,100
glance2025-26.pdf,94,NK,410-80-00-00,OTHER FIXED ASSETS,2023-2024|2024-2025|2024-2025|2025-2026,,100,100,100
glance2025-26.pdf,94,NK,412-10-08-08,TURIF (2020-21),2023-2024|2024-2025|2024-2025|2025-2026,1758,0,0,0
glance2025-26.pdf,94,NK,412-10-08-09,TURIF (2021-22),2023-2024|2024-2025|2024-2025|2025-2026,36848,0,2950,0
glance2025-26.pdf,95,NK,412-10-08-10,TURIF (2022-23),2023-2024|2024-2025|2024-2025|2025-2026,69371,0,1610,0
glance2025-26.pdf,95,NK,412-10-08-11,TURIF (2023-24),2023-2024|2024-2025|2024-2025|2025-2026,99228,29800,29800,0
glance2025-26.pdf,95,NK,412-10-08-12,TURIF (2024-25),2023-2024|2024-2025|2024-2025|2025-2026,0,0,30000,29630
glance2025-26.pdf,95,NK,412-10-15-01,URBAN HEALTH WELLNESS CENTRES,2023-2024|2024-2025|2024-2025|2025-2026,8865,0,3250,0
glance2025-26.pdf,95,NK,412-10-17-03,SBM 2.0-COMMUNITY TOILETS/URINALS,2023-2024|2024-2025|2024-2025|2025-2026,12325,20000,700,0
glance2025-26.pdf,95,NK,412-10-22-00,NIRBHYA SCHEME,2023-2024|2024-2025|2024-2025|2025-2026,34351,0,17000,0
glance2025-26.pdf,95,NK,412-10-23-01,NAKARPURA SALAIKAL MEMPATTU THITTAM (2022-23),2023-2024|2024-2025|2024-2025|2025-2026,136998,0,29900,0
glance2025-26.pdf,95,NK,412-10-23-03,NAKARPURA SALAIKAL MEMPATTU THITTAM (2023-24),2023-2024|2024-2025|2024-2025|2025-2026,53770,0,23200,0
glance2025-26.pdf,95,NK,412-10-23-06,STATE FINANCE COMMISSION (2024-25),2023-2024|2024-2025|2024-2025|2025-2026,0,0,106000,0
glance2025-26.pdf,95,NK,412-10-23-07,NAKARPURA SALAIKAL MEMPATTU THITTAM (2024-25),2023-2024|2024-2025|2024-2025|2025-2026,0,0,50000,34950
glance2025-26.pdf,96,NK,412-20-03-00,MAYOR SPECIAL DEVELOPMENT FUND WORKS,2023-2024|2024-2025|2024-2025|2025-2026,0,2000,5700,2000
glance2025-26.pdf,96,NK,412-20-04-00,COUNCILLOR WARD IMPROVEMENT WORKS,2023-2024|2024-2025|2024-2025|2025-2026,59106,80000,80000,80000
glance2025-26.pdf,96,NK,412-40-30-00,MISCELLANEOUS WORKS,2023-2024|2024-2025|2024-2025|2025-2026,17269,20000,10000,20000
glance2025-26.pdf,97,NL,410-40-22-00,PLASTIC SHREDDING MACHINE,2023-2024|2024-2025|2024-2025|2025-2026,,100,100,100
glance2025-26.pdf,97,NL,410-40-23-02,AMMA UNAVAGAM EQUIPMENTS,2023-2024|2024-2025|2024-2025|2025-2026,,100,5000,100
glance2025-26.pdf,97,NL,410-70-01-00,CHAIR,2023-2024|2024-2025|2024-2025|2025-2026,,100,100,100
glance2025-26.pdf,97,NL,410-70-02-00,TABLE,2023-2024|2024-2025|2024-2025|2025-2026,,100,100,100
glance2025-26.pdf,97,NL,410-70-03-00,BUREAUS &amp; RACKS,2023-2024|2024-2025|2024-2025|2025-2026,,100,100,100
glance2025-26.pdf,97,NL,410-80-00-00,OTHER FIXED ASSETS,2023-2024|2024-2025|2024-2025|2025-2026,,100,100,100
glance2025-26.pdf,97,NL,412-10-08-09,TURIF (2021-22),2023-2024|2024-2025|2024-2025|2025-2026,19786,0,1700,0
glance2025-26.pdf,97,NL,412-10-08-10,TURIF (2022-23),2023-2024|2024-2025|2024-2025|2025-2026,40481,0,9700,0
glance2025-26.pdf,97,NL,412-10-08-11,TURIF (2023-24),2023-2024|2024-2025|2024-2025|2025-2026,67781,0,65200,0
glance2025-26.pdf,97,NL,412-10-08-12,TURIF (2024-25),2023-2024|2024-2025|2024-2025|2025-2026,0,0,62700,0
glance2025-26.pdf,98,NL,412-10-15-01,URBAN HEALTH WELLNESS CENTRES,2023-2024|2024-2025|2024-2025|2025-2026,12767,0,10560,0
glance2025-26.pdf,98,NL,412-10-16-04,CMCDM (2020-21),2023-2024|2024-2025|2024-2025|2025-2026,5983,0,0,0
glance2025-26.pdf,98,NL,412-10-17-03,SBM 2.0-COMMUNITY TOILETS/URINALS,2023-2024|2024-2025|2024-2025|2025-2026,2202,2000,0,0
glance2025-26.pdf,98,NL,412-10-23-00,SINGARA CHENNAI 2.0,2023-2024|2024-2025|2024-2025|2025-2026,27597,0,4000,0
glance2025-26.pdf,98,NL,412-10-23-01,NAKARPURA SALAIKAL MEMPATTU THITTAM (2022-23),2023-2024|2024-2025|2024-2025|2025-2026,291004,0,234600,0
glance2025-26.pdf,98,NL,412-10-23-03,NAKARPURA SALAIKAL MEMPATTU THITTAM (2023-24),2023-2024|2024-2025|2024-2025|2025-2026,189304,176300,340300,0
glance2025-26.pdf,98,NL,412-10-23-04,STATE FINANCE COMMISSION (2022-23),2023-2024|2024-2025|2024-2025|2025-2026,0,0,14200,0
glance2025-26.pdf,98,NL,412-10-23-06,STATE FINANCE COMMISSION (2024-25),2023-2024|2024-2025|2024-2025|2025-2026,0,0,128580,0
glance2025-26.pdf,98,NL,412-10-23-07,NAKARPURA SALAIKAL MEMPATTU THITTAM (2024-25),2023-2024|2024-2025|2024-2025|2025-2026,0,0,70850,0
glance2025-26.pdf,98,NL,412-20-03-00,MAYOR SPECIAL DEVELOPMENT FUND WORKS,2023-2024|2024-2025|2024-2025|2025-2026,0,2000,10000,2000
glance2025-26.pdf,98,NL,412-20-04-00,COUNCILLOR WARD IMPROVEMENT WORKS,2023-2024|2024-2025|2024-2025|2025-2026,51871,65000,65000,65000
glance2025-26.pdf,99,NL,412-40-08-02,BLACK TOPPED ROADS,2023-2024|2024-2025|2024-2025|2025-2026,6075,5000,5000,5000
glance2025-26.pdf,99,NL,412-40-11-00,STORM WATER DRAIN,2023-2024|2024-2025|2024-2025|2025-2026,0,0,20000,29000
glance2025-26.pdf,99,NL,412-40-30-00,MISCELLANEOUS WORKS,2023-2024|2024-2025|2024-2025|2025-2026,21877,15000,20000,20000
glance2025-26.pdf,100,NM,410-40-22-00,PLASTIC SHREDDING MACHINE,2023-2024|2024-2025|2024-2025|2025-2026,,100,100,100
glance2025-26.pdf,100,NM,410-40-23-02,AMMA UNAVAGAM EQUIPMENTS,2023-2024|2024-2025|2024-2025|2025-2026,,100,100,100
glance2025-26.pdf,100,NM,410-70-01-00,CHAIR,2023-2024|2024-2025|2024-2025|2025-2026,,100,100,100
glance2025-26.pdf,100,NM,410-70-02-00,TABLE,2023-2024|2024-2025|2024-2025|2025-2026,,100,100,100
glance2025-26.pdf,100,NM,410-70-03-00,BUREAUS &amp; RACKS,2023-2024|2024-2025|2024-2025|2025-2026,,100,100,100
glance2025-26.pdf,100,NM,410-80-00-00,OTHER FIXED ASSETS,2023-2024|2024-2025|2024-2025|2025-2026,,100,100,100
glance2025-26.pdf,100,NM,412-10-08-09,TURIF (2021-22),2023-2024|2024-2025|2024-2025|2025-2026,19350,0,1880,0
glance2025-26.pdf,100,NM,412-10-08-10,TURIF (2022-23),2023-2024|2024-2025|2024-2025|2025-2026,170743,0,53200,0
glance2025-26.pdf,100,NM,412-10-08-11,TURIF (2023-24),2023-2024|2024-2025|2024-2025|2025-2026,49921,32100,34400,0
glance2025-26.pdf,100,NM,412-10-08-12,TURIF (2024-25),2023-2024|2024-2025|2024-2025|2025-2026,0,0,64500,0
glance2025-26.pdf,101,NM,412-10-15-01,URBAN HEALTH WELLNESS CENTRES,2023-2024|2024-2025|2024-2025|2025-2026,6836,0,6100,0
glance2025-26.pdf,101,NM,412-10-16-04,CMCDM (2020-21),2023-2024|2024-2025|2024-2025|2025-2026,658,0,0,0
glance2025-26.pdf,101,NM,412-10-23-00,SINGARA CHENNAI 2.0,2023-2024|2024-2025|2024-2025|2025-2026,230,0,500,0
glance2025-26.pdf,101,NM,412-10-23-01,NAKARPURA SALAIKAL MEMPATTU THITTAM (2022-23),2023-2024|2024-2025|2024-2025|2025-2026,92381,130000,139600,0
glance2025-26.pdf,101,NM,412-10-23-03,NAKARPURA SALAIKAL MEMPATTU THITTAM (2023-24),2023-2024|2024-2025|2024-2025|2025-2026,43213,0,12400,0
glance2025-26.pdf,101,NM,412-10-23-04,STATE FINANCE COMMISSION (2022-23),2023-2024|2024-2025|2024-2025|2025-2026,3722,20000,45900,0
glance2025-26.pdf,101,NM,412-10-23-06,STATE FINANCE COMMISSION (2024-25),2023-2024|2024-2025|2024-2025|2025-2026,0,0,65420,0
glance2025-26.pdf,101,NM,412-20-03-00,MAYOR SPECIAL DEVELOPMENT FUND WORKS,2023-2024|2024-2025|2024-2025|2025-2026,0,2000,0,2000
glance2025-26.pdf,101,NM,412-20-04-00,COUNCILLOR WARD IMPROVEMENT WORKS,2023-2024|2024-2025|2024-2025|2025-2026,46675,60000,60000,60000
glance2025-26.pdf,101,NM,412-40-02-00,PARKS AND GARDENS,2023-2024|2024-2025|2024-2025|2025-2026,0,0,6730,3000
glance2025-26.pdf,102,NM,412-40-06-08,GYM BUILDING,2023-2024|2024-2025|2024-2025|2025-2026,,0,13000,2000
glance2025-26.pdf,102,NM,412-40-08-02,BLACK TOPPED ROADS,2023-2024|2024-2025|2024-2025|2025-2026,0,0,17200,30000
glance2025-26.pdf,102,NM,412-40-11-00,STORM WATER DRAIN,2023-2024|2024-2025|2024-2025|2025-2026,0,0,25000,20000
glance2025-26.pdf,102,NM,412-40-30-00,MISCELLANEOUS WORKS,2023-2024|2024-2025|2024-2025|2025-2026,4314,10000,15000,15000
glance2025-26.pdf,103,NN,410-40-22-00,PLASTIC SHREDDING MACHINE,2023-2024|2024-2025|2024-2025|2025-2026,,100,100,100
glance2025-26.pdf,103,NN,410-40-23-02,AMMA UNAVAGAM EQUIPMENTS,2023-2024|2024-2025|2024-2025|2025-2026,,100,100,100
glance2025-26.pdf,103,NN,410-60-09-00,AIR CONDITIONER,2023-2024|2024-2025|2024-2025|2025-2026,,100,100,100
glance2025-26.pdf,103,NN,410-70-01-00,CHAIR,2023-2024|2024-2025|2024-2025|2025-2026,,100,100,100
glance2025-26.pdf,103,NN,410-70-02-00,TABLE,2023-2024|2024-2025|2024-2025|2025-2026,,100,100,100
glance2025-26.pdf,103,NN,410-70-03-00,BUREAUS &amp; RACKS,2023-2024|2024-2025|2024-2025|2025-2026,,100,100,100
glance2025-26.pdf,103,NN,410-80-00-00,OTHER FIXED ASSETS,2023-2024|2024-2025|2024-2025|2025-2026,,100,100,100
glance2025-26.pdf,103,NN,412-10-08-09,TURIF (2021-22),2023-2024|2024-2025|2024-2025|2025-2026,16688,0,1650,0
glance2025-26.pdf,103,NN,412-10-08-10,TURIF (2022-23),2023-2024|2024-2025|2024-2025|2025-2026,30285,0,5000,0
glance2025-26.pdf,103,NN,412-10-08-11,TURIF (2023-24),2023-2024|2024-2025|2024-2025|2025-2026,29216,0,115000,13680
glance2025-26.pdf,104,NN,412-10-08-12,TURIF (2024-25),2023-2024|2024-2025|2024-2025|2025-2026,0,0,10500,48500
glance2025-26.pdf,104,NN,412-10-15-01,URBAN HEALTH WELLNESS CENTRES,2023-2024|2024-2025|2024-2025|2025-2026,1991,0,0,0
glance2025-26.pdf,104,NN,412-10-17-03,SBM 2.0-COMMUNITY TOILETS/URINALS,2023-2024|2024-2025|2024-2025|2025-2026,23423,0,5300,0
glance2025-26.pdf,104,NN,412-10-23-00,SINGARA CHENNAI 2.0,2023-2024|2024-2025|2024-2025|2025-2026,37934,0,3700,0
glance2025-26.pdf,104,NN,412-10-23-03,NAKARPURA SALAIKAL MEMPATTU THITTAM (2023-24),2023-2024|2024-2025|2024-2025|2025-2026,92479,218800,226500,0
glance2025-26.pdf,104,NN,412-10-23-04,STATE FINANCE COMMISSION (2022-23),2023-2024|2024-2025|2024-2025|2025-2026,0,0,3200,0
glance2025-26.pdf,104,NN,412-10-23-05,STATE FINANCE COMMISSION (2023-24),2023-2024|2024-2025|2024-2025|2025-2026,0,0,29000,0
glance2025-26.pdf,104,NN,412-10-23-06,STATE FINANCE COMMISSION (2024-25),2023-2024|2024-2025|2024-2025|2025-2026,0,0,131000,0
glance2025-26.pdf,104,NN,412-10-23-07,NAKARPURA SALAIKAL MEMPATTU THITTAM (2024-25),2023-2024|2024-2025|2024-2025|2025-2026,0,0,30000,33700
glance2025-26.pdf,104,NN,412-20-03-00,MAYOR SPECIAL DEVELOPMENT FUND WORKS,2023-2024|2024-2025|2024-2025|2025-2026,0,2000,1600,2000
glance2025-26.pdf,105,NN,412-20-04-00,COUNCILLOR WARD IMPROVEMENT WORKS,2023-2024|2024-2025|2024-2025|2025-2026,37392,65000,65000,65000
glance2025-26.pdf,105,NN,412-40-08-02,BLACK TOPPED ROADS,2023-2024|2024-2025|2024-2025|2025-2026,0,0,20000,0
glance2025-26.pdf,105,NN,412-40-30-00,MISCELLANEOUS WORKS,2023-2024|2024-2025|2024-2025|2025-2026,9965,10000,14000,15000
glance2025-26.pdf,106,NP,410-40-14-00,DEWATERING PUMPS,2023-2024|2024-2025|2024-2025|2025-2026,,100,100,100
glance2025-26.pdf,106,NP,410-40-15-00,GENERATORS,2023-2024|2024-2025|2024-2025|2025-2026,,100,100,100
glance2025-26.pdf,106,NP,410-40-22-00,PLASTIC SHREDDING MACHINE,2023-2024|2024-2025|2024-2025|2025-2026,,100,100,100
glance2025-26.pdf,106,NP,410-40-23-02,AMMA UNAVAGAM EQUIPMENTS,2023-2024|2024-2025|2024-2025|2025-2026,,100,4300,100
glance2025-26.pdf,106,NP,410-70-01-00,CHAIR,2023-2024|2024-2025|2024-2025|2025-2026,46,100,100,100
glance2025-26.pdf,106,NP,410-70-02-00,TABLE,2023-2024|2024-2025|2024-2025|2025-2026,57,100,100,100
glance2025-26.pdf,106,NP,410-70-03-00,BUREAUS &amp; RACKS,2023-2024|2024-2025|2024-2025|2025-2026,,100,100,100
glance2025-26.pdf,106,NP,410-80-00-00,OTHER FIXED ASSETS,2023-2024|2024-2025|2024-2025|2025-2026,,100,100,100
glance2025-26.pdf,106,NP,412-10-08-09,TURIF (2021-22),2023-2024|2024-2025|2024-2025|2025-2026,23615,0,0,0
glance2025-26.pdf,106,NP,412-10-08-10,TURIF (2022-23),2023-2024|2024-2025|2024-2025|2025-2026,30501,0,4445,0
glance2025-26.pdf,106,NP,412-10-08-11,TURIF (2023-24),2023-2024|2024-2025|2024-2025|2025-2026,18730,19300,20600,0
glance2025-26.pdf,106,NP,412-10-08-12,TURIF (2024-25),2023-2024|2024-2025|2024-2025|2025-2026,0,0,40000,16110
glance2025-26.pdf,107,NP,412-10-15-01,URBAN HEALTH WELLNESS CENTRES,2023-2024|2024-2025|2024-2025|2025-2026,2801,0,7180,0
glance2025-26.pdf,107,NP,412-10-16-04,CMCDM (2020-21),2023-2024|2024-2025|2024-2025|2025-2026,793,0,0,0
glance2025-26.pdf,107,NP,412-10-17-03,SBM 2.0-COMMUNITY TOILETS/URINALS,2023-2024|2024-2025|2024-2025|2025-2026,6526,0,0,0
glance2025-26.pdf,107,NP,412-10-23-00,SINGARA CHENNAI 2.0,2023-2024|2024-2025|2024-2025|2025-2026,124642,0,12270,0
glance2025-26.pdf,107,NP,412-10-23-03,NAKARPURA SALAIKAL MEMPATTU THITTAM (2023-24),2023-2024|2024-2025|2024-2025|2025-2026,59215,146000,146000,0
glance2025-26.pdf,107,NP,412-10-23-04,STATE FINANCE COMMISSION (2022-23),2023-2024|2024-2025|2024-2025|2025-2026,0,0,30520,0
glance2025-26.pdf,107,NP,412-10-23-05,STATE FINANCE COMMISSION (2023-24),2023-2024|2024-2025|2024-2025|2025-2026,3330,20000,100000,20470
glance2025-26.pdf,107,NP,412-10-23-06,STATE FINANCE COMMISSION (2024-25),2023-2024|2024-2025|2024-2025|2025-2026,0,0,64000,16840
glance2025-26.pdf,107,NP,412-10-23-07,NAKARPURA SALAIKAL MEMPATTU THITTAM (2024-25),2023-2024|2024-2025|2024-2025|2025-2026,0,0,52440,0
glance2025-26.pdf,108,NP,412-20-03-00,MAYOR SPECIAL DEVELOPMENT FUND WORKS,2023-2024|2024-2025|2024-2025|2025-2026,0,2000,0,2000
glance2025-26.pdf,108,NP,412-20-04-00,COUNCILLOR WARD IMPROVEMENT WORKS,2023-2024|2024-2025|2024-2025|2025-2026,35754,55000,55000,55000
glance2025-26.pdf,108,NP,412-40-07-07,SPECIAL ROAD PROGRAMME (2020-21),2023-2024|2024-2025|2024-2025|2025-2026,1000,0,0,0
glance2025-26.pdf,108,NP,412-40-08-02,BLACK TOPPED ROADS,2023-2024|2024-2025|2024-2025|2025-2026,5947,3000,4700,0
glance2025-26.pdf,108,NP,412-40-11-00,STORM WATER DRAIN,2023-2024|2024-2025|2024-2025|2025-2026,5971,3000,3000,0
glance2025-26.pdf,108,NP,412-40-30-00,MISCELLANEOUS WORKS,2023-2024|2024-2025|2024-2025|2025-2026,14609,10000,10000,10000
glance2025-26.pdf,109,NQ,410-40-14-00,DEWATERING PUMPS,2023-2024|2024-2025|2024-2025|2025-2026,,100,100,100
glance2025-26.pdf,109,NQ,410-40-15-00,GENERATORS,2023-2024|2024-2025|2024-2025|2025-2026,,100,100,100
glance2025-26.pdf,109,NQ,410-40-22-00,PLASTIC SHREDDING MACHINE,2023-2024|2024-2025|2024-2025|2025-2026,,100,100,100
glance2025-26.pdf,109,NQ,410-40-23-02,AMMA UNAVAGAM EQUIPMENTS,2023-2024|2024-2025|2024-2025|2025-2026,,100,100,100
glance2025-26.pdf,109,NQ,410-40-23-08,CMBFS PURCHASE,2023-2024|2024-2025|2024-2025|2025-2026,,0,1680,100
glance2025-26.pdf,109,NQ,410-70-01-00,CHAIR,2023-2024|2024-2025|2024-2025|2025-2026,66,100,100,100
glance2025-26.pdf,109,NQ,410-70-02-00,TABLE,2023-2024|2024-2025|2024-2025|2025-2026,12,100,100,100
glance2025-26.pdf,109,NQ,410-70-03-00,BUREAUS &amp; RACKS,2023-2024|2024-2025|2024-2025|2025-2026,111,100,100,100
glance2025-26.pdf,109,NQ,410-80-00-00,OTHER FIXED ASSETS,2023-2024|2024-2025|2024-2025|2025-2026,360,500,700,500
glance2025-26.pdf,109,NQ,412-10-08-09,TURIF (2021-22),2023-2024|2024-2025|2024-2025|2025-2026,16922,0,0,0
glance2025-26.pdf,110,NQ,412-10-08-10,TURIF (2022-23),2023-2024|2024-2025|2024-2025|2025-2026,108280,0,3100,0
glance2025-26.pdf,110,NQ,412-10-08-11,TURIF (2023-24),2023-2024|2024-2025|2024-2025|2025-2026,9959,37300,37300,0
glance2025-26.pdf,110,NQ,412-10-08-12,TURIF (2024-25),2023-2024|2024-2025|2024-2025|2025-2026,0,0,31000,29360
glance2025-26.pdf,110,NQ,412-10-15-01,URBAN HEALTH WELLNESS CENTRES,2023-2024|2024-2025|2024-2025|2025-2026,6543,0,8420,0
glance2025-26.pdf,110,NQ,412-10-16-03,CMCDM (2019-20),2023-2024|2024-2025|2024-2025|2025-2026,232,0,0,0
glance2025-26.pdf,110,NQ,412-10-16-04,CMCDM (2020-21),2023-2024|2024-2025|2024-2025|2025-2026,2363,0,360,0
glance2025-26.pdf,110,NQ,412-10-17-03,SBM 2.0-COMMUNITY TOILETS/URINALS,2023-2024|2024-2025|2024-2025|2025-2026,0,5000,2300,0
glance2025-26.pdf,110,NQ,412-10-23-00,SINGARA CHENNAI 2.0,2023-2024|2024-2025|2024-2025|2025-2026,995,0,700,0
glance2025-26.pdf,110,NQ,412-10-23-03,NAKARPURA SALAIKAL MEMPATTU THITTAM (2023-24),2023-2024|2024-2025|2024-2025|2025-2026,95462,168000,148000,20000
glance2025-26.pdf,110,NQ,412-10-23-04,STATE FINANCE COMMISSION (2022-23),2023-2024|2024-2025|2024-2025|2025-2026,8704,76500,76500,0
glance2025-26.pdf,111,NQ,412-10-23-05,STATE FINANCE COMMISSION (2023-24),2023-2024|2024-2025|2024-2025|2025-2026,30611,152000,260400,0
glance2025-26.pdf,111,NQ,412-10-23-07,NAKARPURA SALAIKAL MEMPATTU THITTAM (2024-25),2023-2024|2024-2025|2024-2025|2025-2026,0,0,30000,34800
glance2025-26.pdf,111,NQ,412-20-03-00,MAYOR SPECIAL DEVELOPMENT FUND WORKS,2023-2024|2024-2025|2024-2025|2025-2026,0,2000,8000,2000
glance2025-26.pdf,111,NQ,412-20-04-00,COUNCILLOR WARD IMPROVEMENT WORKS,2023-2024|2024-2025|2024-2025|2025-2026,35560,45000,45000,45000
glance2025-26.pdf,111,NQ,412-40-05-04,WARD OFFICE BUILDINGS,2023-2024|2024-2025|2024-2025|2025-2026,0,0,7500,6500
glance2025-26.pdf,111,NQ,412-40-06-04,PUBLIC CONVENIENCE,2023-2024|2024-2025|2024-2025|2025-2026,2549,3000,2000,2000
glance2025-26.pdf,111,NQ,412-40-06-08,GYM BUILDING,2023-2024|2024-2025|2024-2025|2025-2026,487,500,5000,5000
glance2025-26.pdf,111,NQ,412-40-06-09,BURIAL GROUND,2023-2024|2024-2025|2024-2025|2025-2026,4477,1000,500,500
glance2025-26.pdf,112,NQ,412-40-07-02,CONCRETE ROADS,2023-2024|2024-2025|2024-2025|2025-2026,2339,1000,1000,1000
glance2025-26.pdf,112,NQ,412-40-07-07,SPECIAL ROAD PROGRAMME (2020-21),2023-2024|2024-2025|2024-2025|2025-2026,2956,0,0,0
glance2025-26.pdf,112,NQ,412-40-08-02,BLACK TOPPED ROADS,2023-2024|2024-2025|2024-2025|2025-2026,861,3000,17500,3000
glance2025-26.pdf,112,NQ,412-40-11-00,STORM WATER DRAIN,2023-2024|2024-2025|2024-2025|2025-2026,1068,5000,5000,2000
glance2025-26.pdf,112,NQ,412-40-30-00,MISCELLANEOUS WORKS,2023-2024|2024-2025|2024-2025|2025-2026,10657,15000,7500,15000
glance2026-27.pdf,54,NA,410-40-07-02,FOGGING MACHINES-PORTABLE,2024-2025|2025-2026|2025-2026|2026-2027,,0,300,100
glance2026-27.pdf,54,NA,410-40-14-00,DEWATERING PUMPS,2024-2025|2025-2026|2025-2026|2026-2027,,100,100,100
glance2026-27.pdf,54,NA,410-40-22-00,,2024-2025|2025-2026|2025-2026|2026-2027,,100,100,100
glance2026-27.pdf,54,NA,410-40-23-02,AMMA UNAVAGAM EQUIPMENTS,2024-2025|2025-2026|2025-2026|2026-2027,,100,100,100
glance2026-27.pdf,54,NA,410-40-23-08,CMBFS PURCHASE,2024-2025|2025-2026|2025-2026|2026-2027,,100,750,100
glance2026-27.pdf,54,NA,410-70-01-00,CHAIR,2024-2025|2025-2026|2025-2026|2026-2027,,100,100,100
glance2026-27.pdf,54,NA,410-70-02-00,TABLE,2024-2025|2025-2026|2025-2026|2026-2027,,100,100,100
glance2026-27.pdf,54,NA,410-70-03-00,BUREAUS &amp; RACKS,2024-2025|2025-2026|2025-2026|2026-2027,,100,100,100
glance2026-27.pdf,54,NA,410-80-00-00,OTHER FIXED ASSETS,2024-2025|2025-2026|2025-2026|2026-2027,,100,100,100
glance2026-27.pdf,54,NA,412-10-08-09,TURIF (2021-22),2024-2025|2025-2026|2025-2026|2026-2027,,0,600,0
glance2026-27.pdf,55,NA,412-10-08-10,TURIF (2022-23),2024-2025|2025-2026|2025-2026|2026-2027,469,0,300,0
glance2026-27.pdf,55,NA,412-10-08-11,TURIF (2023-24),2024-2025|2025-2026|2025-2026|2026-2027,12652,0,600,0
glance2026-27.pdf,55,NA,412-10-08-12,TURIF (2024-25),2024-2025|2025-2026|2025-2026|2026-2027,80743,0,25500,0
glance2026-27.pdf,55,NA,412-10-08-13,TURIF (2025-26),2024-2025|2025-2026|2025-2026|2026-2027,,0,111260,0
glance2026-27.pdf,55,NA,412-10-15-01,URBAN HEALTH WELLNESS CENTRES,2024-2025|2025-2026|2025-2026|2026-2027,1807,0,21430,0
glance2026-27.pdf,55,NA,412-10-20-00,NULM-NIGHT SHELTERS,2024-2025|2025-2026|2025-2026|2026-2027,5275,5000,8000,0
glance2026-27.pdf,55,NA,412-10-23-00,SINGARA CHENNAI 2.0,2024-2025|2025-2026|2025-2026|2026-2027,22187,0,3100,0
glance2026-27.pdf,55,NA,412-10-23-03,NAKARPURA SALAIKAL MEMPATTU THITTAM (2023-24),2024-2025|2025-2026|2025-2026|2026-2027,38210,0,4700,0
glance2026-27.pdf,55,NA,412-10-23-04,STATE FINANCE COMMISSION (2022-23),2024-2025|2025-2026|2025-2026|2026-2027,23078,0,1200,0
glance2026-27.pdf,55,NA,412-10-23-05,STATE FINANCE COMMISSION (2023-24),2024-2025|2025-2026|2025-2026|2026-2027,38497,0,1200,0
glance2026-27.pdf,55,NA,412-10-23-07,NAKARPURA SALAIKAL MEMPATTU THITTAM (2024-25),2024-2025|2025-2026|2025-2026|2026-2027,14745,21200,54280,0
glance2026-27.pdf,55,NA,412-10-23-10,NAKARPURA SALAIKAL MEMPATTU THITTAM (2025-26),2024-2025|2025-2026|2025-2026|2026-2027,,0,54526,0
glance2026-27.pdf,56,NA,412-20-03-00,MAYOR SPECIAL DEVELOPMENT FUND WORKS,2024-2025|2025-2026|2025-2026|2026-2027,,2000,0,2500
glance2026-27.pdf,56,NA,412-20-04-00,COUNCILLOR WARD IMPROVEMENT WORKS,2024-2025|2025-2026|2025-2026|2026-2027,69726,70000,84000,84000
glance2026-27.pdf,56,NA,412-40-04-01,PRIMARY SCHOOL BUILDINGS,2024-2025|2025-2026|2025-2026|2026-2027,,0,3500,0
glance2026-27.pdf,56,NA,412-40-04-06,ANGANWADI CENTER,2024-2025|2025-2026|2025-2026|2026-2027,9780,5000,5000,5000
glance2026-27.pdf,56,NA,412-40-05-12,CMBFS BUILDING,2024-2025|2025-2026|2025-2026|2026-2027,,100,100,100
glance2026-27.pdf,56,NA,412-40-08-02,BLACK TOPPED - INTERIOR ROADS,2024-2025|2025-2026|2025-2026|2026-2027,,0,8148,5000
glance2026-27.pdf,56,NA,412-40-30-00,MISCELLANEOUS WORKS,2024-2025|2025-2026|2025-2026|2026-2027,16970,15000,50000,50000
glance2026-27.pdf,56,NA,412-40-30-09,SPECIAL FUND ROAD WORKS (TNUIFSL),2024-2025|2025-2026|2025-2026|2026-2027,,0,129700,0
glance2026-27.pdf,56,NA,412-40-30-11,SPECIAL FUND ROAD WORKS (GCC),2024-2025|2025-2026|2025-2026|2026-2027,,0,4100,0
glance2026-27.pdf,57,NB,410-40-07-02,FOGGING MACHINES-PORTABLE,2024-2025|2025-2026|2025-2026|2026-2027,,0,200,200
glance2026-27.pdf,57,NB,410-40-22-00,PLASTIC SHREDDING MACHINE,2024-2025|2025-2026|2025-2026|2026-2027,,100,100,100
glance2026-27.pdf,57,NB,410-40-23-02,AMMA UNAVAGAM EQUIPMENTS,2024-2025|2025-2026|2025-2026|2026-2027,2228,100,100,100
glance2026-27.pdf,57,NB,410-40-23-08,CMBFS PURCHASE,2024-2025|2025-2026|2025-2026|2026-2027,,500,500,500
glance2026-27.pdf,57,NB,410-70-01-00,CHAIR,2024-2025|2025-2026|2025-2026|2026-2027,,100,100,100
glance2026-27.pdf,57,NB,410-70-02-00,TABLE,2024-2025|2025-2026|2025-2026|2026-2027,,100,100,100
glance2026-27.pdf,57,NB,410-70-03-00,BUREAUS &amp; RACKS,2024-2025|2025-2026|2025-2026|2026-2027,,100,100,100
glance2026-27.pdf,57,NB,410-80-00-00,OTHER FIXED ASSETS,2024-2025|2025-2026|2025-2026|2026-2027,4616,100,15000,100
glance2026-27.pdf,57,NB,412-10-08-09,TURIF (2021-22),2024-2025|2025-2026|2025-2026|2026-2027,17362,0,25850,0
glance2026-27.pdf,57,NB,412-10-08-12,TURIF (2024-25),2024-2025|2025-2026|2025-2026|2026-2027,39801,0,21150,0
glance2026-27.pdf,57,NB,412-10-08-13,TURIF (2025-26),2024-2025|2025-2026|2025-2026|2026-2027,,0,70004,0
glance2026-27.pdf,58,NB,412-10-23-00,SINGARA CHENNAI 2.0,2024-2025|2025-2026|2025-2026|2026-2027,10523,0,750,0
glance2026-27.pdf,58,NB,412-10-23-03,NAKARPURA SALAIKAL MEMPATTU THITTAM (2023-24),2024-2025|2025-2026|2025-2026|2026-2027,24200,0,0,0
glance2026-27.pdf,58,NB,412-10-23-04,STATE FINANCE COMMISSION (2022-23),2024-2025|2025-2026|2025-2026|2026-2027,60541,0,4500,0
glance2026-27.pdf,58,NB,412-10-23-05,STATE FINANCE COMMISSION (2023-24),2024-2025|2025-2026|2025-2026|2026-2027,37935,0,2850,0
glance2026-27.pdf,58,NB,412-10-23-06,STATE FINANCE COMMISSION (2024-25),2024-2025|2025-2026|2025-2026|2026-2027,27189,0,1530,0
glance2026-27.pdf,58,NB,412-10-23-07,NAKARPURA SALAIKAL MEMPATTU THITTAM (2024-25),2024-2025|2025-2026|2025-2026|2026-2027,13801,0,7460,0
glance2026-27.pdf,58,NB,412-10-23-10,NAKARPURA SALAIKAL MEMPATTU THITTAM (2025-26),2024-2025|2025-2026|2025-2026|2026-2027,,0,55635,0
glance2026-27.pdf,58,NB,412-20-04-00,COUNCILLOR WARD IMPROVEMENT WORKS,2024-2025|2025-2026|2025-2026|2026-2027,35845,40000,48000,48000
glance2026-27.pdf,58,NB,412-20-03-00,MAYOR SPECIAL DEVELOPMENT FUND WORKS,2024-2025|2025-2026|2025-2026|2026-2027,,2000,11000,2500
glance2026-27.pdf,58,NB,412-40-04-06,ANGANWADI CENTER,2024-2025|2025-2026|2025-2026|2026-2027,,0,6600,10000
glance2026-27.pdf,58,NB,412-40-06-09,BURIAL GROUND,2024-2025|2025-2026|2025-2026|2026-2027,359,10000,15000,20000
glance2026-27.pdf,58,NB,412-40-07-02,CONCRETE ROADS,2024-2025|2025-2026|2025-2026|2026-2027,,1000,1000,20000
glance2026-27.pdf,59,NB,412-40-08-02,BLACK TOPPED - INTERIOR ROADS,2024-2025|2025-2026|2025-2026|2026-2027,2800,5000,5000,5000
glance2026-27.pdf,59,NB,412-40-30-00,MISCELLANEOUS WORKS,2024-2025|2025-2026|2025-2026|2026-2027,6375,15000,35000,35000
glance2026-27.pdf,59,NB,412-40-30-09,SPECIAL FUND ROAD WORKS (TNUIFSL),2024-2025|2025-2026|2025-2026|2026-2027,,0,107500,0
glance2026-27.pdf,59,NB,412-40-30-11,SPECIAL FUND ROAD WORKS (GCC),2024-2025|2025-2026|2025-2026|2026-2027,,0,35100,0
glance2026-27.pdf,60,NC,410-40-07-02,FOGGING MACHINES-PORTABLE,2024-2025|2025-2026|2025-2026|2026-2027,,0,230,200
glance2026-27.pdf,60,NC,410-40-22-00,PLASTIC SHREDDING MACHINE,2024-2025|2025-2026|2025-2026|2026-2027,,100,100,100
glance2026-27.pdf,60,NC,410-40-23-02,AMMA UNAVAGAM EQUIPMENTS,2024-2025|2025-2026|2025-2026|2026-2027,2974,100,100,100
glance2026-27.pdf,60,NC,410-40-23-08,CMBFS PURCHASE,2024-2025|2025-2026|2025-2026|2026-2027,706,100,300,100
glance2026-27.pdf,60,NC,410-60-09-00,AIR CONDITIONER,2024-2025|2025-2026|2025-2026|2026-2027,,100,100,100
glance2026-27.pdf,60,NC,410-70-01-00,CHAIR,2024-2025|2025-2026|2025-2026|2026-2027,,100,100,100
glance2026-27.pdf,60,NC,410-70-02-00,TABLE,2024-2025|2025-2026|2025-2026|2026-2027,,100,100,100
glance2026-27.pdf,60,NC,410-70-03-00,BUREAUS &amp; RACKS,2024-2025|2025-2026|2025-2026|2026-2027,,100,100,100
glance2026-27.pdf,60,NC,410-80-00-00,OTHER FIXED ASSETS,2024-2025|2025-2026|2025-2026|2026-2027,,100,100,100
glance2026-27.pdf,60,NC,412-10-08-09,TURIF (2021-22),2024-2025|2025-2026|2025-2026|2026-2027,3713,0,0,0
glance2026-27.pdf,60,NC,412-10-08-10,TURIF (2022-23),2024-2025|2025-2026|2025-2026|2026-2027,3183,0,0,0
glance2026-27.pdf,61,NC,412-10-08-11,TURIF (2023-24),2024-2025|2025-2026|2025-2026|2026-2027,64121,0,2000,0
glance2026-27.pdf,61,NC,412-10-08-12,TURIF (2024-25),2024-2025|2025-2026|2025-2026|2026-2027,61812,39000,39000,0
glance2026-27.pdf,61,NC,412-10-08-13,TURIF (2025-26),2024-2025|2025-2026|2025-2026|2026-2027,,0,139000,0
glance2026-27.pdf,61,NC,412-10-23-03,NAKARPURA SALAIKAL MEMPATTU THITTAM (2023-24),2024-2025|2025-2026|2025-2026|2026-2027,129540,0,1350,0
glance2026-27.pdf,61,NC,412-10-23-04,STATE FINANCE COMMISSION (2022-23),2024-2025|2025-2026|2025-2026|2026-2027,136798,0,5700,0
glance2026-27.pdf,61,NC,412-10-23-05,STATE FINANCE COMMISSION (2023-24),2024-2025|2025-2026|2025-2026|2026-2027,114812,0,11500,0
glance2026-27.pdf,61,NC,412-10-23-06,STATE FINANCE COMMISSION (2024-25),2024-2025|2025-2026|2025-2026|2026-2027,120297,0,8350,0
glance2026-27.pdf,61,NC,412-10-23-07,NAKARPURA SALAIKAL MEMPATTU THITTAM (2024-25),2024-2025|2025-2026|2025-2026|2026-2027,56684,10000,10000,0
glance2026-27.pdf,61,NC,412-10-23-10,NAKARPURA SALAIKAL MEMPATTU THITTAM (2025-26),2024-2025|2025-2026|2025-2026|2026-2027,,0,67394,0
glance2026-27.pdf,61,NC,412-20-03-00,MAYOR SPECIAL DEVELOPMENT FUND WORKS,2024-2025|2025-2026|2025-2026|2026-2027,,2000,8700,2500
glance2026-27.pdf,61,NC,412-20-04-00,COUNCILLOR WARD IMPROVEMENT WORKS,2024-2025|2025-2026|2025-2026|2026-2027,50456,55000,66000,66000
glance2026-27.pdf,61,NC,412-40-04-06,ANGANWADI CENTER,2024-2025|2025-2026|2025-2026|2026-2027,945,1000,1000,1000
glance2026-27.pdf,62,NC,412-40-06-04,PUBLIC CONVENIENCE,2024-2025|2025-2026|2025-2026|2026-2027,5783,0,9600,0
glance2026-27.pdf,62,NC,412-40-08-02,BLACK TOPPED - INTERIOR ROADS,2024-2025|2025-2026|2025-2026|2026-2027,,0,24914,0
glance2026-27.pdf,62,NC,412-40-30-00,MISCELLANEOUS WORKS,2024-2025|2025-2026|2025-2026|2026-2027,8333,15000,50000,30000
glance2026-27.pdf,62,NC,412-40-30-04,HUDCO-CSR FUND,2024-2025|2025-2026|2025-2026|2026-2027,4764,0,0,0
glance2026-27.pdf,62,NC,412-40-30-06,MADHAVARAM BUS TERMINAL,2024-2025|2025-2026|2025-2026|2026-2027,,331460,331460,0
glance2026-27.pdf,62,NC,412-40-30-09,SPECIAL FUND ROAD WORKS (TNUIFSL),2024-2025|2025-2026|2025-2026|2026-2027,,0,151600,0
glance2026-27.pdf,62,NC,412-40-30-11,SPECIAL FUND ROAD WORKS (GCC),2024-2025|2025-2026|2025-2026|2026-2027,,0,25600,0
glance2026-27.pdf,63,ND,410-40-07-02,FOGGING MACHINES-PORTABLE,2024-2025|2025-2026|2025-2026|2026-2027,,0,670,500
glance2026-27.pdf,63,ND,410-40-22-00,PLASTIC SHREDDING MACHINE,2024-2025|2025-2026|2025-2026|2026-2027,,100,100,100
glance2026-27.pdf,63,ND,410-40-23-02,AMMA UNAVAGAM EQUIPMENTS,2024-2025|2025-2026|2025-2026|2026-2027,,100,100,100
glance2026-27.pdf,63,ND,410-40-23-08,CMBFS PURCHASE,2024-2025|2025-2026|2025-2026|2026-2027,,100,100,100
glance2026-27.pdf,63,ND,410-70-01-00,CHAIR,2024-2025|2025-2026|2025-2026|2026-2027,,100,100,100
glance2026-27.pdf,63,ND,410-70-02-00,TABLE,2024-2025|2025-2026|2025-2026|2026-2027,,100,100,100
glance2026-27.pdf,63,ND,410-70-03-00,BUREAUS &amp; RACKS,2024-2025|2025-2026|2025-2026|2026-2027,,100,100,100
glance2026-27.pdf,63,ND,410-80-00-00,OTHER FIXED ASSETS,2024-2025|2025-2026|2025-2026|2026-2027,,100,2000,100
glance2026-27.pdf,63,ND,412-10-08-11,TURIF (2023-24),2024-2025|2025-2026|2025-2026|2026-2027,59548,0,5000,0
glance2026-27.pdf,63,ND,412-10-08-12,TURIF (2024-25),2024-2025|2025-2026|2025-2026|2026-2027,48598,10000,24000,0
glance2026-27.pdf,63,ND,412-10-08-13,TURIF (2025-26),2024-2025|2025-2026|2025-2026|2026-2027,,0,120075,0
glance2026-27.pdf,64,ND,412-10-22-00,NIRBHYA SCHEME,2024-2025|2025-2026|2025-2026|2026-2027,1999,0,0,0
glance2026-27.pdf,64,ND,412-10-23-03,NAKARPURA SALAIKAL MEMPATTU THITTAM (2023-24),2024-2025|2025-2026|2025-2026|2026-2027,117748,10000,10000,0
glance2026-27.pdf,64,ND,412-10-23-05,STATE FINANCE COMMISSION (2023-24),2024-2025|2025-2026|2025-2026|2026-2027,34613,0,5000,0
glance2026-27.pdf,64,ND,412-10-23-06,STATE FINANCE COMMISSION (2024-25),2024-2025|2025-2026|2025-2026|2026-2027,129792,10000,15000,0
glance2026-27.pdf,64,ND,412-10-23-07,NAKARPURA SALAIKAL MEMPATTU THITTAM (2024-25),2024-2025|2025-2026|2025-2026|2026-2027,27198,30000,47000,0
glance2026-27.pdf,64,ND,412-10-23-10,NAKARPURA SALAIKAL MEMPATTU THITTAM (2025-26),2024-2025|2025-2026|2025-2026|2026-2027,,0,62008,0
glance2026-27.pdf,64,ND,412-10-24-00,T.N. URBAN EMPLOYMENT SCHEME,2024-2025|2025-2026|2025-2026|2026-2027,3775,0,0,0
glance2026-27.pdf,64,ND,412-20-03-00,MAYOR SPECIAL DEVELOPMENT FUND WORKS,2024-2025|2025-2026|2025-2026|2026-2027,,2000,0,2500
glance2026-27.pdf,64,ND,412-20-04-00,COUNCILLOR WARD IMPROVEMENT WORKS,2024-2025|2025-2026|2025-2026|2026-2027,60586,75000,90000,90000
glance2026-27.pdf,64,ND,412-40-03-02,COMMUNICABLE DISEASE HOSPITAL BUILDING,2024-2025|2025-2026|2025-2026|2026-2027,976,2000,6000,10000
glance2026-27.pdf,64,ND,412-40-06-09,BURIAL GROUND,2024-2025|2025-2026|2025-2026|2026-2027,,10000,10000,10000
glance2026-27.pdf,64,ND,412-40-07-02,CONCRETE ROADS,2024-2025|2025-2026|2025-2026|2026-2027,,0,8500,0
glance2026-27.pdf,65,ND,412-40-30-00,MISCELLANEOUS WORKS,2024-2025|2025-2026|2025-2026|2026-2027,29905,30000,60000,60000
glance2026-27.pdf,65,ND,412-40-30-09,SPECIAL FUND ROAD WORKS (TNUIFSL),2024-2025|2025-2026|2025-2026|2026-2027,,0,31300,0
glance2026-27.pdf,65,ND,412-40-30-10,SPECIAL FUND ROAD WORKS (TUFIDCO),2024-2025|2025-2026|2025-2026|2026-2027,,0,174100,0
glance2026-27.pdf,66,NE,410-40-07-02,FOGGING MACHINES-PORTABLE,2024-2025|2025-2026|2025-2026|2026-2027,,0,320,100
glance2026-27.pdf,66,NE,410-40-13-00,GYM EQUIPMENTS,2024-2025|2025-2026|2025-2026|2026-2027,,100,100,100
glance2026-27.pdf,66,NE,410-40-22-00,PLASTIC SHREDDING MACHINE,2024-2025|2025-2026|2025-2026|2026-2027,,100,100,100
glance2026-27.pdf,66,NE,410-40-23-02,AMMA UNAVAGAM EQUIPMENTS,2024-2025|2025-2026|2025-2026|2026-2027,,100,100,100
glance2026-27.pdf,66,NE,410-40-23-08,CMBFS PURCHASE,2024-2025|2025-2026|2025-2026|2026-2027,,100,12600,100
glance2026-27.pdf,66,NE,410-70-01-00,CHAIR,2024-2025|2025-2026|2025-2026|2026-2027,,100,100,100
glance2026-27.pdf,66,NE,410-70-02-00,TABLE,2024-2025|2025-2026|2025-2026|2026-2027,,100,100,100
glance2026-27.pdf,66,NE,410-70-03-00,BUREAUS &amp; RACKS,2024-2025|2025-2026|2025-2026|2026-2027,,100,100,100
glance2026-27.pdf,66,NE,410-80-00-00,OTHER FIXED ASSETS,2024-2025|2025-2026|2025-2026|2026-2027,173,100,21000,100
glance2026-27.pdf,66,NE,412-10-08-09,TURIF (2021-22),2024-2025|2025-2026|2025-2026|2026-2027,276,0,0,0
glance2026-27.pdf,66,NE,412-10-08-10,TURIF (2022-23),2024-2025|2025-2026|2025-2026|2026-2027,4921,0,1500,0
glance2026-27.pdf,67,NE,412-10-08-11,TURIF (2023-24),2024-2025|2025-2026|2025-2026|2026-2027,6880,0,850,0
glance2026-27.pdf,67,NE,412-10-08-12,TURIF (2024-25),2024-2025|2025-2026|2025-2026|2026-2027,19689,40000,40000,0
glance2026-27.pdf,67,NE,412-10-08-13,TURIF (2025-26),2024-2025|2025-2026|2025-2026|2026-2027,,0,88949,0
glance2026-27.pdf,67,NE,412-10-23-00,SINGARA CHENNAI 2.0,2024-2025|2025-2026|2025-2026|2026-2027,13560,0,0,0
glance2026-27.pdf,67,NE,412-10-23-01,NAKARPURA SALAIKAL MEMPATTU THITTAM (2022-23),2024-2025|2025-2026|2025-2026|2026-2027,14025,5900,5900,0
glance2026-27.pdf,67,NE,412-10-23-03,NAKARPURA SALAIKAL MEMPATTU THITTAM (2023-24),2024-2025|2025-2026|2025-2026|2026-2027,3228,0,0,0
glance2026-27.pdf,67,NE,412-10-23-06,STATE FINANCE COMMISSION (2024-25),2024-2025|2025-2026|2025-2026|2026-2027,90893,0,6250,0
glance2026-27.pdf,67,NE,412-10-23-07,NAKARPURA SALAIKAL MEMPATTU THITTAM (2024-25),2024-2025|2025-2026|2025-2026|2026-2027,2,6000,41400,0
glance2026-27.pdf,67,NE,412-10-23-10,NAKARPURA SALAIKAL MEMPATTU THITTAM (2025-26),2024-2025|2025-2026|2025-2026|2026-2027,,0,44921,0
glance2026-27.pdf,67,NE,412-20-03-00,MAYOR SPECIAL DEVELOPMENT FUND WORKS,2024-2025|2025-2026|2025-2026|2026-2027,,2000,3270,2500
glance2026-27.pdf,67,NE,412-20-04-00,COUNCILLOR WARD IMPROVEMENT WORKS,2024-2025|2025-2026|2025-2026|2026-2027,46406,75000,90000,90000
glance2026-27.pdf,67,NE,412-40-30-00,MISCELLANEOUS WORKS,2024-2025|2025-2026|2025-2026|2026-2027,26689,25000,50000,50000
glance2026-27.pdf,68,NE,412-40-30-09,SPECIAL FUND ROAD WORKS (TNUIFSL),2024-2025|2025-2026|2025-2026|2026-2027,,0,22100,0
glance2026-27.pdf,68,NE,412-40-30-10,SPECIAL FUND ROAD WORKS (TUFIDCO),2024-2025|2025-2026|2025-2026|2026-2027,,0,79900,0
glance2026-27.pdf,68,NE,412-40-30-11,SPECIAL FUND ROAD WORKS (GCC),2024-2025|2025-2026|2025-2026|2026-2027,,0,5700,0
glance2026-27.pdf,69,NF,410-40-12-00,TREE CUTTING EQUIPMENTS,2024-2025|2025-2026|2025-2026|2026-2027,,100,300,100
glance2026-27.pdf,69,NF,410-40-13-00,GYM EQUIPMENTS,2024-2025|2025-2026|2025-2026|2026-2027,,100,100,100
glance2026-27.pdf,69,NF,410-40-22-00,PLASTIC SHREDDING MACHINE,2024-2025|2025-2026|2025-2026|2026-2027,,500,500,500
glance2026-27.pdf,69,NF,410-40-23-02,AMMA UNAVAGAM EQUIPMENTS,2024-2025|2025-2026|2025-2026|2026-2027,,100,100,100
glance2026-27.pdf,69,NF,410-40-23-08,CMBFS PURCHASE,2024-2025|2025-2026|2025-2026|2026-2027,2330,100,1100,100
glance2026-27.pdf,69,NF,410-60-09-00,AIR CONDITIONER,2024-2025|2025-2026|2025-2026|2026-2027,,100,100,100
glance2026-27.pdf,69,NF,410-70-01-00,CHAIR,2024-2025|2025-2026|2025-2026|2026-2027,,100,7000,100
glance2026-27.pdf,69,NF,410-70-02-00,TABLE,2024-2025|2025-2026|2025-2026|2026-2027,,100,100,100
glance2026-27.pdf,69,NF,410-70-03-00,BUREAUS &amp; RACKS,2024-2025|2025-2026|2025-2026|2026-2027,,100,100,100
glance2026-27.pdf,69,NF,410-80-00-00,OTHER FIXED ASSETS,2024-2025|2025-2026|2025-2026|2026-2027,,200,5000,100
glance2026-27.pdf,69,NF,412-10-08-09,TURIF (2021-22),2024-2025|2025-2026|2025-2026|2026-2027,,0,35575,0
glance2026-27.pdf,70,NF,412-10-08-10,TURIF (2022-23),2024-2025|2025-2026|2025-2026|2026-2027,3826,0,19970,0
glance2026-27.pdf,70,NF,412-10-08-12,TURIF (2024-25),2024-2025|2025-2026|2025-2026|2026-2027,25395,30000,30000,0
glance2026-27.pdf,70,NF,412-10-08-13,TURIF (2025-26),2024-2025|2025-2026|2025-2026|2026-2027,,0,133056,0
glance2026-27.pdf,70,NF,412-10-15-01,URBAN HEALTH WELLNESS CENTRES,2024-2025|2025-2026|2025-2026|2026-2027,8233,0,0,5000
glance2026-27.pdf,70,NF,412-10-20-00,NULM-NIGHT SHELTERS,2024-2025|2025-2026|2025-2026|2026-2027,,0,7620,0
glance2026-27.pdf,70,NF,412-10-23-01,NAKARPURA SALAIKAL MEMPATTU THITTAM (2022-23),2024-2025|2025-2026|2025-2026|2026-2027,72900,0,117210,0
glance2026-27.pdf,70,NF,412-10-23-03,NAKARPURA SALAIKAL MEMPATTU THITTAM (2023-24),2024-2025|2025-2026|2025-2026|2026-2027,114597,50000,50000,0
glance2026-27.pdf,70,NF,412-10-23-06,STATE FINANCE COMMISSION (2024-25),2024-2025|2025-2026|2025-2026|2026-2027,80727,0,39900,0
glance2026-27.pdf,70,NF,412-10-23-07,NAKARPURA SALAIKAL MEMPATTU THITTAM (2024-25),2024-2025|2025-2026|2025-2026|2026-2027,38792,31000,42000,0
glance2026-27.pdf,70,NF,412-10-23-10,NAKARPURA SALAIKAL MEMPATTU THITTAM (2025-26),2024-2025|2025-2026|2025-2026|2026-2027,,0,35900,0
glance2026-27.pdf,70,NF,412-20-03-00,MAYOR SPECIAL DEVELOPMENT FUND WORKS,2024-2025|2025-2026|2025-2026|2026-2027,9069,2000,0,2500
glance2026-27.pdf,70,NF,412-20-04-00,COUNCILLOR WARD IMPROVEMENT WORKS,2024-2025|2025-2026|2025-2026|2026-2027,45130,75000,90000,90000
glance2026-27.pdf,71,NF,412-40-01-00,PLAY GROUNDS,2024-2025|2025-2026|2025-2026|2026-2027,17423,15000,25000,20000
glance2026-27.pdf,71,NF,412-40-02-00,PARKS AND GARDENS,2024-2025|2025-2026|2025-2026|2026-2027,,0,13750,15000
glance2026-27.pdf,71,NF,412-40-04-02,MIDDLE SCHOOL BUILDINGS,2024-2025|2025-2026|2025-2026|2026-2027,3227,76300,30000,50000
glance2026-27.pdf,71,NF,412-40-04-03,HIGH SCHOOL BUILDINGS,2024-2025|2025-2026|2025-2026|2026-2027,,27000,10000,20000
glance2026-27.pdf,71,NF,412-40-04-06,ANGANWADI CENTER,2024-2025|2025-2026|2025-2026|2026-2027,4813,0,0,0
glance2026-27.pdf,71,NF,412-40-05-04,WARD OFFICE BUILDINGS,2024-2025|2025-2026|2025-2026|2026-2027,1616,0,8900,0
glance2026-27.pdf,71,NF,412-40-05-05,SUBWAYS,2024-2025|2025-2026|2025-2026|2026-2027,2154,0,0,0
glance2026-27.pdf,71,NF,412-40-06-01,SHOPPING COMPLEX,2024-2025|2025-2026|2025-2026|2026-2027,,0,2400,0
glance2026-27.pdf,71,NF,412-40-06-03,COMMUNITY CENTRES,2024-2025|2025-2026|2025-2026|2026-2027,6016,0,20000,15000
glance2026-27.pdf,71,NF,412-40-06-08,GYM BUILDING,2024-2025|2025-2026|2025-2026|2026-2027,1433,0,9500,5000
glance2026-27.pdf,71,NF,412-40-06-10,NIGHT SHELTER,2024-2025|2025-2026|2025-2026|2026-2027,,0,3400,0
glance2026-27.pdf,71,NF,412-40-07-02,CONCRETE ROADS,2024-2025|2025-2026|2025-2026|2026-2027,2611,0,3000,0
glance2026-27.pdf,72,NF,412-40-08-02,BLACK TOPPED - INTERIOR ROADS,2024-2025|2025-2026|2025-2026|2026-2027,,0,30000,40000
glance2026-27.pdf,72,NF,412-40-08-05,BUS SHELTERS,2024-2025|2025-2026|2025-2026|2026-2027,,4000,0,0
glance2026-27.pdf,72,NF,412-40-10-00,PAVEMENT,2024-2025|2025-2026|2025-2026|2026-2027,9083,10000,16000,7000
glance2026-27.pdf,72,NF,412-40-11-00,STORM WATER DRAIN,2024-2025|2025-2026|2025-2026|2026-2027,11807,10000,20000,10000
glance2026-27.pdf,72,NF,412-40-30-00,MISCELLANEOUS WORKS,2024-2025|2025-2026|2025-2026|2026-2027,34699,35000,70000,60000
glance2026-27.pdf,72,NF,412-40-30-10,SPECIAL FUND ROAD WORKS (TUFIDCO),2024-2025|2025-2026|2025-2026|2026-2027,,0,115600,0
glance2026-27.pdf,72,NF,412-40-30-11,SPECIAL FUND ROAD WORKS (GCC),2024-2025|2025-2026|2025-2026|2026-2027,,0,20000,0
glance2026-27.pdf,73,NG,410-40-22-00,,2024-2025|2025-2026|2025-2026|2026-2027,,100,100,100
glance2026-27.pdf,73,NG,410-40-23-02,AMMA UNAVAGAM EQUIPMENTS,2024-2025|2025-2026|2025-2026|2026-2027,,100,5000,100
glance2026-27.pdf,73,NG,410-40-23-08,CMBFS PURCHASE,2024-2025|2025-2026|2025-2026|2026-2027,690,100,500,100
glance2026-27.pdf,73,NG,410-70-01-00,CHAIR,2024-2025|2025-2026|2025-2026|2026-2027,,100,2000,100
glance2026-27.pdf,73,NG,410-70-02-00,TABLE,2024-2025|2025-2026|2025-2026|2026-2027,,100,100,100
glance2026-27.pdf,73,NG,410-70-03-00,BUREAUS &amp; RACKS,2024-2025|2025-2026|2025-2026|2026-2027,,100,100,100
glance2026-27.pdf,73,NG,410-80-00-00,OTHER FIXED ASSETS,2024-2025|2025-2026|2025-2026|2026-2027,129,100,100,100
glance2026-27.pdf,73,NG,412-10-08-10,TURIF (2022-23),2024-2025|2025-2026|2025-2026|2026-2027,,0,350,0
glance2026-27.pdf,73,NG,412-10-08-11,TURIF (2023-24),2024-2025|2025-2026|2025-2026|2026-2027,9182,16500,16500,0
glance2026-27.pdf,73,NG,412-10-08-12,TURIF (2024-25),2024-2025|2025-2026|2025-2026|2026-2027,56202,0,4800,0
glance2026-27.pdf,73,NG,412-10-08-13,TURIF (2025-26),2024-2025|2025-2026|2025-2026|2026-2027,,0,157661,0
glance2026-27.pdf,74,NG,412-10-15-01,URBAN HEALTH WELLNESS CENTRES,2024-2025|2025-2026|2025-2026|2026-2027,6910,0,8440,0
glance2026-27.pdf,74,NG,412-10-17-01,SBM-SWM INFRASTRUCTURE,2024-2025|2025-2026|2025-2026|2026-2027,3054,0,0,0
glance2026-27.pdf,74,NG,412-10-23-03,NAKARPURA SALAIKAL MEMPATTU THITTAM (2023-24),2024-2025|2025-2026|2025-2026|2026-2027,196764,90000,90000,0
glance2026-27.pdf,74,NG,412-10-23-04,STATE FINANCE COMMISSION (2022-23),2024-2025|2025-2026|2025-2026|2026-2027,56079,0,11230,0
glance2026-27.pdf,74,NG,412-10-23-05,STATE FINANCE COMMISSION (2023-24),2024-2025|2025-2026|2025-2026|2026-2027,4374,0,400,0
glance2026-27.pdf,74,NG,412-10-23-06,STATE FINANCE COMMISSION (2024-25),2024-2025|2025-2026|2025-2026|2026-2027,124833,0,16800,0
glance2026-27.pdf,74,NG,412-10-23-07,NAKARPURA SALAIKAL MEMPATTU THITTAM (2024-25),2024-2025|2025-2026|2025-2026|2026-2027,53189,30300,69210,0
glance2026-27.pdf,74,NG,412-10-23-10,NAKARPURA SALAIKAL MEMPATTU THITTAM (2025-26),2024-2025|2025-2026|2025-2026|2026-2027,,0,122093,0
glance2026-27.pdf,74,NG,412-20-03-00,MAYOR SPECIAL DEVELOPMENT FUND WORKS,2024-2025|2025-2026|2025-2026|2026-2027,,2000,5000,2500
glance2026-27.pdf,74,NG,412-20-04-00,COUNCILLOR WARD IMPROVEMENT WORKS,2024-2025|2025-2026|2025-2026|2026-2027,58255,75000,90000,90000
glance2026-27.pdf,74,NG,412-40-02-00,PARKS AND GARDENS,2024-2025|2025-2026|2025-2026|2026-2027,,0,7000,0
glance2026-27.pdf,74,NG,412-40-05-04,WARD OFFICE BUILDINGS,2024-2025|2025-2026|2025-2026|2026-2027,,5000,5000,0
glance2026-27.pdf,75,NG,412-40-06-04,PUBLIC CONVENIENCE,2024-2025|2025-2026|2025-2026|2026-2027,,3000,3000,0
glance2026-27.pdf,75,NG,412-40-06-09,BURIAL GROUND,2024-2025|2025-2026|2025-2026|2026-2027,,20000,5000,10000
glance2026-27.pdf,75,NG,412-40-08-02,BLACK TOPPED - INTERIOR ROADS,2024-2025|2025-2026|2025-2026|2026-2027,,0,112784,5000
glance2026-27.pdf,75,NG,412-40-11-00,STORM WATER DRAIN,2024-2025|2025-2026|2025-2026|2026-2027,,0,8000,5000
glance2026-27.pdf,75,NG,412-40-30-00,MISCELLANEOUS WORKS,2024-2025|2025-2026|2025-2026|2026-2027,898,10000,15000,15000
glance2026-27.pdf,75,NG,412-40-30-09,SPECIAL FUND ROAD WORKS (TNUIFSL),2024-2025|2025-2026|2025-2026|2026-2027,,0,113800,0
glance2026-27.pdf,75,NG,412-40-30-11,SPECIAL FUND ROAD WORKS (GCC),2024-2025|2025-2026|2025-2026|2026-2027,,0,42800,0
glance2026-27.pdf,76,NH,410-40-22-00,PLASTIC SHREDDING MACHINE,2024-2025|2025-2026|2025-2026|2026-2027,,100,100,100
glance2026-27.pdf,76,NH,410-40-23-02,AMMA UNAVAGAM EQUIPMENTS,2024-2025|2025-2026|2025-2026|2026-2027,4763,100,100,100
glance2026-27.pdf,76,NH,410-40-23-08,CMBFS PURCHASE,2024-2025|2025-2026|2025-2026|2026-2027,,500,1300,500
glance2026-27.pdf,76,NH,410-60-09-00,AIR CONDITIONER,2024-2025|2025-2026|2025-2026|2026-2027,,100,100,100
glance2026-27.pdf,76,NH,410-70-01-00,CHAIR,2024-2025|2025-2026|2025-2026|2026-2027,,100,100,100
glance2026-27.pdf,76,NH,410-70-02-00,TABLE,2024-2025|2025-2026|2025-2026|2026-2027,,100,100,100
glance2026-27.pdf,76,NH,410-70-03-00,BUREAUS &amp; RACKS,2024-2025|2025-2026|2025-2026|2026-2027,,100,100,100
glance2026-27.pdf,76,NH,410-80-00-00,OTHER FIXED ASSETS,2024-2025|2025-2026|2025-2026|2026-2027,,200,100,100
glance2026-27.pdf,76,NH,412-10-08-09,TURIF (2021-22),2024-2025|2025-2026|2025-2026|2026-2027,1857,0,0,0
glance2026-27.pdf,76,NH,412-10-08-10,TURIF (2022-23),2024-2025|2025-2026|2025-2026|2026-2027,8289,0,0,0
glance2026-27.pdf,76,NH,412-10-08-11,TURIF (2023-24),2024-2025|2025-2026|2025-2026|2026-2027,21235,0,0,0
glance2026-27.pdf,76,NH,412-10-08-12,TURIF (2024-25),2024-2025|2025-2026|2025-2026|2026-2027,25371,31000,31000,0
glance2026-27.pdf,77,NH,412-10-08-13,TURIF (2025-26),2024-2025|2025-2026|2025-2026|2026-2027,,0,115331,0
glance2026-27.pdf,77,NH,412-10-14-02,STATE DISASTER MITIGATION FUND,2024-2025|2025-2026|2025-2026|2026-2027,,0,29300,0
glance2026-27.pdf,77,NH,412-10-17-01,SBM-SWM INFRASTRUCTURE,2024-2025|2025-2026|2025-2026|2026-2027,3035,0,0,0
glance2026-27.pdf,77,NH,412-10-17-03,SBM 2.0-COMMUNITY TOILETS/URINALS,2024-2025|2025-2026|2025-2026|2026-2027,3433,0,0,0
glance2026-27.pdf,77,NH,412-10-23-03,NAKARPURA SALAIKAL MEMPATTU THITTAM (2023-24),2024-2025|2025-2026|2025-2026|2026-2027,100711,0,5680,0
glance2026-27.pdf,77,NH,412-10-23-06,STATE FINANCE COMMISSION (2024-25),2024-2025|2025-2026|2025-2026|2026-2027,123641,0,3030,0
glance2026-27.pdf,77,NH,412-10-23-07,NAKARPURA SALAIKAL MEMPATTU THITTAM (2024-25),2024-2025|2025-2026|2025-2026|2026-2027,29643,16500,50800,0
glance2026-27.pdf,77,NH,412-10-23-10,NAKARPURA SALAIKAL MEMPATTU THITTAM (2025-26),2024-2025|2025-2026|2025-2026|2026-2027,,0,21900,0
glance2026-27.pdf,77,NH,412-20-03-00,MAYOR SPECIAL DEVELOPMENT FUND WORKS,2024-2025|2025-2026|2025-2026|2026-2027,,2000,0,2500
glance2026-27.pdf,77,NH,412-20-04-00,COUNCILLOR WARD IMPROVEMENT WORKS,2024-2025|2025-2026|2025-2026|2026-2027,53553,75000,90000,90000
glance2026-27.pdf,77,NH,412-40-02-00,PARKS AND GARDENS,2024-2025|2025-2026|2025-2026|2026-2027,,0,4300,1000
glance2026-27.pdf,77,NH,412-40-03-01,HEALTH DEPARTMENT BUILDINGS,2024-2025|2025-2026|2025-2026|2026-2027,,0,10000,7000
glance2026-27.pdf,78,NH,412-40-06-04,PUBLIC CONVENIENCE,2024-2025|2025-2026|2025-2026|2026-2027,,0,15800,5000
glance2026-27.pdf,78,NH,412-40-08-02,BLACK TOPPED - INTERIOR ROADS,2024-2025|2025-2026|2025-2026|2026-2027,,0,14000,5000
glance2026-27.pdf,78,NH,412-40-11-00,STORM WATER DRAIN,2024-2025|2025-2026|2025-2026|2026-2027,,0,38785,5000
glance2026-27.pdf,78,NH,412-40-30-00,MISCELLANEOUS WORKS,2024-2025|2025-2026|2025-2026|2026-2027,,15000,15000,15000
glance2026-27.pdf,78,NH,412-40-30-10,SPECIAL FUND ROAD WORKS (TUFIDCO),2024-2025|2025-2026|2025-2026|2026-2027,,0,84400,0
glance2026-27.pdf,78,NH,412-40-30-11,SPECIAL FUND ROAD WORKS (GCC),2024-2025|2025-2026|2025-2026|2026-2027,,0,24200,0
glance2026-27.pdf,79,NJ,410-40-14-00,DEWATERING PUMPS,2024-2025|2025-2026|2025-2026|2026-2027,,100,100,100
glance2026-27.pdf,79,NJ,410-40-22-00,PLASTIC SHREDDING MACHINE,2024-2025|2025-2026|2025-2026|2026-2027,,100,100,100
glance2026-27.pdf,79,NJ,410-40-23-02,AMMA UNAVAGAM EQUIPMENTS,2024-2025|2025-2026|2025-2026|2026-2027,6595,100,100,100
glance2026-27.pdf,79,NJ,410-40-23-08,CMBFS PURCHASE,2024-2025|2025-2026|2025-2026|2026-2027,,0,2100,0
glance2026-27.pdf,79,NJ,410-70-01-00,CHAIR,2024-2025|2025-2026|2025-2026|2026-2027,,100,4000,100
glance2026-27.pdf,79,NJ,410-70-02-00,TABLE,2024-2025|2025-2026|2025-2026|2026-2027,,100,100,100
glance2026-27.pdf,79,NJ,410-70-03-00,BUREAUS &amp; RACKS,2024-2025|2025-2026|2025-2026|2026-2027,,100,100,100
glance2026-27.pdf,79,NJ,410-80-00-00,OTHER FIXED ASSETS,2024-2025|2025-2026|2025-2026|2026-2027,,100,2800,100
glance2026-27.pdf,79,NJ,412-10-08-08,TURIF (2020-21),2024-2025|2025-2026|2025-2026|2026-2027,1038,0,0,0
glance2026-27.pdf,79,NJ,412-10-08-09,TURIF (2021-22),2024-2025|2025-2026|2025-2026|2026-2027,12794,0,3000,0
glance2026-27.pdf,79,NJ,412-10-08-10,TURIF (2022-23),2024-2025|2025-2026|2025-2026|2026-2027,4357,0,2000,0
glance2026-27.pdf,79,NJ,412-10-08-11,TURIF (2023-24),2024-2025|2025-2026|2025-2026|2026-2027,38367,0,7500,0
glance2026-27.pdf,80,NJ,412-10-08-12,TURIF (2024-25),2024-2025|2025-2026|2025-2026|2026-2027,19751,39800,39800,0
glance2026-27.pdf,80,NJ,412-10-08-13,TURIF (2025-26),2024-2025|2025-2026|2025-2026|2026-2027,,0,116790,0
glance2026-27.pdf,80,NJ,412-10-15-01,URBAN HEALTH WELLNESS CENTRES,2024-2025|2025-2026|2025-2026|2026-2027,,0,5150,0
glance2026-27.pdf,80,NJ,412-10-17-03,SBM 2.0-COMMUNITY TOILETS/URINALS,2024-2025|2025-2026|2025-2026|2026-2027,17364,0,0,0
glance2026-27.pdf,80,NJ,412-10-22-00,NIRBHYA SCHEME,2024-2025|2025-2026|2025-2026|2026-2027,4009,0,0,0
glance2026-27.pdf,80,NJ,412-10-23-01,NAKARPURA SALAIKAL MEMPATTU THITTAM (2022-23),2024-2025|2025-2026|2025-2026|2026-2027,,0,5000,0
glance2026-27.pdf,80,NJ,412-10-23-03,NAKARPURA SALAIKAL MEMPATTU THITTAM (2023-24),2024-2025|2025-2026|2025-2026|2026-2027,48770,0,30000,0
glance2026-27.pdf,80,NJ,412-10-23-05,STATE FINANCE COMMISSION (2023-24),2024-2025|2025-2026|2025-2026|2026-2027,34829,0,0,0
glance2026-27.pdf,80,NJ,412-10-23-06,STATE FINANCE COMMISSION (2024-25),2024-2025|2025-2026|2025-2026|2026-2027,68129,0,7000,0
glance2026-27.pdf,80,NJ,412-10-23-07,NAKARPURA SALAIKAL MEMPATTU THITTAM (2024-25),2024-2025|2025-2026|2025-2026|2026-2027,38027,0,11000,0
glance2026-27.pdf,80,NJ,412-10-23-10,NAKARPURA SALAIKAL MEMPATTU THITTAM (2025-26),2024-2025|2025-2026|2025-2026|2026-2027,,0,41100,0
glance2026-27.pdf,80,NJ,412-20-03-00,MAYOR SPECIAL DEVELOPMENT FUND WORKS,2024-2025|2025-2026|2025-2026|2026-2027,,2000,5000,2500
glance2026-27.pdf,81,NJ,412-20-04-00,COUNCILLOR WARD IMPROVEMENT WORKS,2024-2025|2025-2026|2025-2026|2026-2027,77234,90000,108000,108000
glance2026-27.pdf,81,NJ,412-40-02-00,PARKS AND GARDENS,2024-2025|2025-2026|2025-2026|2026-2027,,2800,10000,10000
glance2026-27.pdf,81,NJ,412-40-06-03,COMMUNITY CENTRES,2024-2025|2025-2026|2025-2026|2026-2027,,0,10000,20000
glance2026-27.pdf,81,NJ,412-40-06-04,PUBLIC CONVENIENCE,2024-2025|2025-2026|2025-2026|2026-2027,,0,4800,0
glance2026-27.pdf,81,NJ,412-40-06-08,GYM BUILDING,2024-2025|2025-2026|2025-2026|2026-2027,,0,5000,5000
glance2026-27.pdf,81,NJ,412-40-06-09,BURIAL GROUND,2024-2025|2025-2026|2025-2026|2026-2027,,0,13740,0
glance2026-27.pdf,81,NJ,412-40-06-10,NIGHT SHELTER,2024-2025|2025-2026|2025-2026|2026-2027,,4000,20000,0
glance2026-27.pdf,81,NJ,412-40-07-02,CONCRETE ROADS,2024-2025|2025-2026|2025-2026|2026-2027,,0,10000,10000
glance2026-27.pdf,81,NJ,412-40-08-02,BLACK TOPPED - INTERIOR ROADS,2024-2025|2025-2026|2025-2026|2026-2027,,0,37000,10000
glance2026-27.pdf,81,NJ,412-40-10-00,PAVEMENT,2024-2025|2025-2026|2025-2026|2026-2027,,0,5000,5000
glance2026-27.pdf,81,NJ,412-40-11-00,STORM WATER DRAIN,2024-2025|2025-2026|2025-2026|2026-2027,,10000,25000,20000
glance2026-27.pdf,81,NJ,412-40-30-00,MISCELLANEOUS WORKS,2024-2025|2025-2026|2025-2026|2026-2027,987,10000,38000,40000
glance2026-27.pdf,82,NJ,412-40-30-04,HUDCO-CSR FUND,2024-2025|2025-2026|2025-2026|2026-2027,823,0,3630,0
glance2026-27.pdf,82,NJ,412-40-30-08,BLUE FLAG BEACH,2024-2025|2025-2026|2025-2026|2026-2027,,0,25500,0
glance2026-27.pdf,82,NJ,412-40-30-09,SPECIAL FUND ROAD WORKS (TNUIFSL),2024-2025|2025-2026|2025-2026|2026-2027,,0,75400,0
glance2026-27.pdf,82,NJ,412-40-30-10,SPECIAL FUND ROAD WORKS (TUFIDCO),2024-2025|2025-2026|2025-2026|2026-2027,,0,104100,0
glance2026-27.pdf,82,NJ,412-40-30-11,SPECIAL FUND ROAD WORKS (GCC),2024-2025|2025-2026|2025-2026|2026-2027,,0,12800,0
glance2026-27.pdf,83,NK,410-40-13-00,GYM EQUIPMENTS,2024-2025|2025-2026|2025-2026|2026-2027,,0,65400,100
glance2026-27.pdf,83,NK,410-40-14-00,DEWATERING PUMPS,2024-2025|2025-2026|2025-2026|2026-2027,,100,100,100
glance2026-27.pdf,83,NK,410-40-22-00,PLASTIC SHREDDING MACHINE,2024-2025|2025-2026|2025-2026|2026-2027,,100,100,100
glance2026-27.pdf,83,NK,410-40-23-02,AMMA UNAVAGAM EQUIPMENTS,2024-2025|2025-2026|2025-2026|2026-2027,4789,100,500,100
glance2026-27.pdf,83,NK,410-40-23-08,CMBFS PURCHASE,2024-2025|2025-2026|2025-2026|2026-2027,,0,700,100
glance2026-27.pdf,83,NK,410-70-01-00,CHAIR,2024-2025|2025-2026|2025-2026|2026-2027,,100,100,100
glance2026-27.pdf,83,NK,410-70-02-00,TABLE,2024-2025|2025-2026|2025-2026|2026-2027,,100,100,100
glance2026-27.pdf,83,NK,410-70-03-00,BUREAUS &amp; RACKS,2024-2025|2025-2026|2025-2026|2026-2027,,100,100,100
glance2026-27.pdf,83,NK,410-80-00-00,OTHER FIXED ASSETS,2024-2025|2025-2026|2025-2026|2026-2027,,200,100,100
glance2026-27.pdf,83,NK,412-10-08-09,TURIF (2021-22),2024-2025|2025-2026|2025-2026|2026-2027,1912,0,0,0
glance2026-27.pdf,83,NK,412-10-08-10,TURIF (2022-23),2024-2025|2025-2026|2025-2026|2026-2027,556,0,600,0
glance2026-27.pdf,84,NK,412-10-08-11,TURIF (2023-24),2024-2025|2025-2026|2025-2026|2026-2027,29754,0,1160,0
glance2026-27.pdf,84,NK,412-10-08-12,TURIF (2024-25),2024-2025|2025-2026|2025-2026|2026-2027,29764,29630,31130,0
glance2026-27.pdf,84,NK,412-10-08-13,TURIF (2025-26),2024-2025|2025-2026|2025-2026|2026-2027,,0,135430,0
glance2026-27.pdf,84,NK,412-10-17-03,SBM 2.0-COMMUNITY TOILETS/URINALS,2024-2025|2025-2026|2025-2026|2026-2027,679,0,0,0
glance2026-27.pdf,84,NK,412-10-22-00,NIRBHYA SCHEME,2024-2025|2025-2026|2025-2026|2026-2027,16225,0,0,0
glance2026-27.pdf,84,NK,412-10-23-01,NAKARPURA SALAIKAL MEMPATTU THITTAM (2022-23),2024-2025|2025-2026|2025-2026|2026-2027,13411,0,3300,0
glance2026-27.pdf,84,NK,412-10-23-03,NAKARPURA SALAIKAL MEMPATTU THITTAM (2023-24),2024-2025|2025-2026|2025-2026|2026-2027,12624,0,210,0
glance2026-27.pdf,84,NK,412-10-23-06,STATE FINANCE COMMISSION (2024-25),2024-2025|2025-2026|2025-2026|2026-2027,92663,0,1600,0
glance2026-27.pdf,84,NK,412-10-23-07,NAKARPURA SALAIKAL MEMPATTU THITTAM (2024-25),2024-2025|2025-2026|2025-2026|2026-2027,49357,34950,34950,0
glance2026-27.pdf,84,NK,412-10-23-10,NAKARPURA SALAIKAL MEMPATTU THITTAM (2025-26),2024-2025|2025-2026|2025-2026|2026-2027,,0,125107,0
glance2026-27.pdf,84,NK,412-20-03-00,MAYOR SPECIAL DEVELOPMENT FUND WORKS,2024-2025|2025-2026|2025-2026|2026-2027,2412,2000,0,2500
glance2026-27.pdf,84,NK,412-20-04-00,COUNCILLOR WARD IMPROVEMENT WORKS,2024-2025|2025-2026|2025-2026|2026-2027,64088,80000,96000,96000
glance2026-27.pdf,85,NK,412-40-30-00,MISCELLANEOUS WORKS,2024-2025|2025-2026|2025-2026|2026-2027,2909,20000,25000,30000
glance2026-27.pdf,85,NK,412-40-30-10,SPECIAL FUND ROAD WORKS (TUFIDCO),2024-2025|2025-2026|2025-2026|2026-2027,,0,128900,0
glance2026-27.pdf,85,NK,412-40-30-11,SPECIAL FUND ROAD WORKS (GCC),2024-2025|2025-2026|2025-2026|2026-2027,,0,32100,0
glance2026-27.pdf,86,NL,410-40-22-00,PLASTIC SHREDDING MACHINE,2024-2025|2025-2026|2025-2026|2026-2027,,100,100,100
glance2026-27.pdf,86,NL,410-40-23-02,AMMA UNAVAGAM EQUIPMENTS,2024-2025|2025-2026|2025-2026|2026-2027,4925,100,100,100
glance2026-27.pdf,86,NL,410-40-23-08,CMBFS PURCHASE,2024-2025|2025-2026|2025-2026|2026-2027,,0,100,100
glance2026-27.pdf,86,NL,410-70-01-00,CHAIR,2024-2025|2025-2026|2025-2026|2026-2027,,100,100,100
glance2026-27.pdf,86,NL,410-70-02-00,TABLE,2024-2025|2025-2026|2025-2026|2026-2027,,100,100,100
glance2026-27.pdf,86,NL,410-70-03-00,BUREAUS &amp; RACKS,2024-2025|2025-2026|2025-2026|2026-2027,,100,100,100
glance2026-27.pdf,86,NL,410-80-00-00,OTHER FIXED ASSETS,2024-2025|2025-2026|2025-2026|2026-2027,,100,100,100
glance2026-27.pdf,86,NL,412-10-08-09,TURIF (2021-22),2024-2025|2025-2026|2025-2026|2026-2027,1693,0,150,0
glance2026-27.pdf,86,NL,412-10-08-10,TURIF (2022-23),2024-2025|2025-2026|2025-2026|2026-2027,1104,0,300,0
glance2026-27.pdf,86,NL,412-10-08-11,TURIF (2023-24),2024-2025|2025-2026|2025-2026|2026-2027,63164,0,5000,0
glance2026-27.pdf,86,NL,412-10-08-12,TURIF (2024-25),2024-2025|2025-2026|2025-2026|2026-2027,60331,0,2300,0
glance2026-27.pdf,87,NL,412-10-08-13,TURIF (2025-26),2024-2025|2025-2026|2025-2026|2026-2027,,0,111449,0
glance2026-27.pdf,87,NL,412-10-15-01,URBAN HEALTH WELLNESS CENTRES,2024-2025|2025-2026|2025-2026|2026-2027,2938,0,7500,0
glance2026-27.pdf,87,NL,412-10-23-00,SINGARA CHENNAI 2.0,2024-2025|2025-2026|2025-2026|2026-2027,3533,0,1000,0
glance2026-27.pdf,87,NL,412-10-23-01,NAKARPURA SALAIKAL MEMPATTU THITTAM (2022-23),2024-2025|2025-2026|2025-2026|2026-2027,167982,0,23500,0
glance2026-27.pdf,87,NL,412-10-23-03,NAKARPURA SALAIKAL MEMPATTU THITTAM (2023-24),2024-2025|2025-2026|2025-2026|2026-2027,339177,0,37500,0
glance2026-27.pdf,87,NL,412-10-23-04,STATE FINANCE COMMISSION (2022-23),2024-2025|2025-2026|2025-2026|2026-2027,10729,0,0,0
glance2026-27.pdf,87,NL,412-10-23-06,STATE FINANCE COMMISSION (2024-25),2024-2025|2025-2026|2025-2026|2026-2027,113140,0,12800,0
glance2026-27.pdf,87,NL,412-10-23-07,NAKARPURA SALAIKAL MEMPATTU THITTAM (2024-25),2024-2025|2025-2026|2025-2026|2026-2027,70318,0,4800,0
glance2026-27.pdf,87,NL,412-10-23-10,NAKARPURA SALAIKAL MEMPATTU THITTAM (2025-26),2024-2025|2025-2026|2025-2026|2026-2027,,0,59060,0
glance2026-27.pdf,87,NL,412-20-03-00,MAYOR SPECIAL DEVELOPMENT FUND WORKS,2024-2025|2025-2026|2025-2026|2026-2027,,2000,0,2500
glance2026-27.pdf,87,NL,412-20-04-00,COUNCILLOR WARD IMPROVEMENT WORKS,2024-2025|2025-2026|2025-2026|2026-2027,29612,65000,78000,78000
glance2026-27.pdf,87,NL,412-40-02-00,PARKS AND GARDENS,2024-2025|2025-2026|2025-2026|2026-2027,,0,3400,2000
glance2026-27.pdf,88,NL,412-40-08-02,BLACK TOPPED - INTERIOR ROADS,2024-2025|2025-2026|2025-2026|2026-2027,3815,5000,8228,5000
glance2026-27.pdf,88,NL,412-40-11-00,STORM WATER DRAIN,2024-2025|2025-2026|2025-2026|2026-2027,19564,29000,30000,30000
glance2026-27.pdf,88,NL,412-40-30-00,MISCELLANEOUS WORKS,2024-2025|2025-2026|2025-2026|2026-2027,19935,20000,25000,30000
glance2026-27.pdf,88,NL,412-40-30-09,SPECIAL FUND ROAD WORKS (TNUIFSL),2024-2025|2025-2026|2025-2026|2026-2027,,0,60900,0
glance2026-27.pdf,88,NL,412-40-30-11,SPECIAL FUND ROAD WORKS (GCC),2024-2025|2025-2026|2025-2026|2026-2027,,0,59400,0
glance2026-27.pdf,89,NM,410-40-22-00,,2024-2025|2025-2026|2025-2026|2026-2027,,100,100,100
glance2026-27.pdf,89,NM,410-40-23-02,AMMA UNAVAGAM EQUIPMENTS,2024-2025|2025-2026|2025-2026|2026-2027,,100,100,100
glance2026-27.pdf,89,NM,410-70-01-00,CHAIR,2024-2025|2025-2026|2025-2026|2026-2027,,100,100,100
glance2026-27.pdf,89,NM,410-70-02-00,TABLE,2024-2025|2025-2026|2025-2026|2026-2027,,100,100,100
glance2026-27.pdf,89,NM,410-70-03-00,BUREAUS &amp; RACKS,2024-2025|2025-2026|2025-2026|2026-2027,,100,100,100
glance2026-27.pdf,89,NM,410-80-00-00,OTHER FIXED ASSETS,2024-2025|2025-2026|2025-2026|2026-2027,,100,100,100
glance2026-27.pdf,89,NM,412-10-08-09,TURIF (2021-22),2024-2025|2025-2026|2025-2026|2026-2027,1667,0,0,0
glance2026-27.pdf,89,NM,412-10-08-10,TURIF (2022-23),2024-2025|2025-2026|2025-2026|2026-2027,24594,0,7000,3400
glance2026-27.pdf,89,NM,412-10-08-11,TURIF (2023-24),2024-2025|2025-2026|2025-2026|2026-2027,23238,0,5300,5700
glance2026-27.pdf,89,NM,412-10-08-12,TURIF (2024-25),2024-2025|2025-2026|2025-2026|2026-2027,42745,0,16400,5600
glance2026-27.pdf,89,NM,412-10-08-13,TURIF (2025-26),2024-2025|2025-2026|2025-2026|2026-2027,,0,65376,19200
glance2026-27.pdf,90,NM,412-10-15-01,URBAN HEALTH WELLNESS CENTRES,2024-2025|2025-2026|2025-2026|2026-2027,2036,0,3510,0
glance2026-27.pdf,90,NM,412-10-23-01,NAKARPURA SALAIKAL MEMPATTU THITTAM (2022-23),2024-2025|2025-2026|2025-2026|2026-2027,50959,0,8100,7000
glance2026-27.pdf,90,NM,412-10-23-03,NAKARPURA SALAIKAL MEMPATTU THITTAM (2023-24),2024-2025|2025-2026|2025-2026|2026-2027,6971,0,2600,3800
glance2026-27.pdf,90,NM,412-10-23-04,STATE FINANCE COMMISSION (2022-23),2024-2025|2025-2026|2025-2026|2026-2027,31701,0,100,0
glance2026-27.pdf,90,NM,412-10-23-06,STATE FINANCE COMMISSION (2024-25),2024-2025|2025-2026|2025-2026|2026-2027,57313,0,7700,4600
glance2026-27.pdf,90,NM,412-10-23-10,NAKARPURA SALAIKAL MEMPATTU THITTAM (2025-26),2024-2025|2025-2026|2025-2026|2026-2027,,0,7000,0
glance2026-27.pdf,90,NM,412-20-03-00,MAYOR SPECIAL DEVELOPMENT FUND WORKS,2024-2025|2025-2026|2025-2026|2026-2027,,2000,0,2500
glance2026-27.pdf,90,NM,412-20-04-00,COUNCILLOR WARD IMPROVEMENT WORKS,2024-2025|2025-2026|2025-2026|2026-2027,40734,60000,72000,72000
glance2026-27.pdf,90,NM,412-40-02-00,PARKS AND GARDENS,2024-2025|2025-2026|2025-2026|2026-2027,,3000,11000,15000
glance2026-27.pdf,90,NM,412-40-06-08,GYM BUILDING,2024-2025|2025-2026|2025-2026|2026-2027,,2000,23460,15000
glance2026-27.pdf,90,NM,412-40-08-02,BLACK TOPPED - INTERIOR ROADS,2024-2025|2025-2026|2025-2026|2026-2027,,30000,30000,30000
glance2026-27.pdf,90,NM,412-40-11-00,STORM WATER DRAIN,2024-2025|2025-2026|2025-2026|2026-2027,,20000,25000,25000
glance2026-27.pdf,91,NM,412-40-30-00,MISCELLANEOUS WORKS,2024-2025|2025-2026|2025-2026|2026-2027,7446,15000,15000,15000
glance2026-27.pdf,91,NM,412-40-30-09,SPECIAL FUND ROAD WORKS (TNUIFSL),2024-2025|2025-2026|2025-2026|2026-2027,,0,95200,0
glance2026-27.pdf,91,NM,412-40-30-11,SPECIAL FUND ROAD WORKS (GCC),2024-2025|2025-2026|2025-2026|2026-2027,,0,24000,0
glance2026-27.pdf,92,NN,410-40-22-00,,2024-2025|2025-2026|2025-2026|2026-2027,,100,100,100
glance2026-27.pdf,92,NN,410-40-23-02,AMMA UNAVAGAM EQUIPMENTS,2024-2025|2025-2026|2025-2026|2026-2027,,100,100,100
glance2026-27.pdf,92,NN,410-40-23-08,CMBFS PURCHASE,2024-2025|2025-2026|2025-2026|2026-2027,,0,920,100
glance2026-27.pdf,92,NN,410-60-09-00,AIR CONDITIONER,2024-2025|2025-2026|2025-2026|2026-2027,,100,100,100
glance2026-27.pdf,92,NN,410-70-01-00,CHAIR,2024-2025|2025-2026|2025-2026|2026-2027,,100,100,100
glance2026-27.pdf,92,NN,410-70-02-00,TABLE,2024-2025|2025-2026|2025-2026|2026-2027,,100,100,100
glance2026-27.pdf,92,NN,410-70-03-00,BUREAUS &amp; RACKS,2024-2025|2025-2026|2025-2026|2026-2027,,100,100,100
glance2026-27.pdf,92,NN,410-80-00-00,OTHER FIXED ASSETS,2024-2025|2025-2026|2025-2026|2026-2027,,100,100,100
glance2026-27.pdf,92,NN,412-10-08-09,TURIF (2021-22),2024-2025|2025-2026|2025-2026|2026-2027,1644,0,0,0
glance2026-27.pdf,92,NN,412-10-08-10,TURIF (2022-23),2024-2025|2025-2026|2025-2026|2026-2027,3527,0,5000,0
glance2026-27.pdf,92,NN,412-10-08-11,TURIF (2023-24),2024-2025|2025-2026|2025-2026|2026-2027,107004,13680,13680,0
glance2026-27.pdf,93,NN,412-10-08-12,TURIF (2024-25),2024-2025|2025-2026|2025-2026|2026-2027,10245,48500,48500,0
glance2026-27.pdf,93,NN,412-10-08-13,TURIF (2025-26),2024-2025|2025-2026|2025-2026|2026-2027,,0,124723,0
glance2026-27.pdf,93,NN,412-10-17-03,SBM 2.0-COMMUNITY TOILETS/URINALS,2024-2025|2025-2026|2025-2026|2026-2027,5282,0,0,0
glance2026-27.pdf,93,NN,412-10-22-00,NIRBHYA SCHEME,2024-2025|2025-2026|2025-2026|2026-2027,,0,530,0
glance2026-27.pdf,93,NN,412-10-23-00,SINGARA CHENNAI 2.0,2024-2025|2025-2026|2025-2026|2026-2027,3324,0,0,0
glance2026-27.pdf,93,NN,412-10-23-03,NAKARPURA SALAIKAL MEMPATTU THITTAM (2023-24),2024-2025|2025-2026|2025-2026|2026-2027,226102,0,68700,0
glance2026-27.pdf,93,NN,412-10-23-04,STATE FINANCE COMMISSION (2022-23),2024-2025|2025-2026|2025-2026|2026-2027,3194,0,0,0
glance2026-27.pdf,93,NN,412-10-23-05,STATE FINANCE COMMISSION (2023-24),2024-2025|2025-2026|2025-2026|2026-2027,25459,0,5200,0
glance2026-27.pdf,93,NN,412-10-23-06,STATE FINANCE COMMISSION (2024-25),2024-2025|2025-2026|2025-2026|2026-2027,104062,0,8500,0
glance2026-27.pdf,93,NN,412-10-23-07,NAKARPURA SALAIKAL MEMPATTU THITTAM (2024-25),2024-2025|2025-2026|2025-2026|2026-2027,29913,33700,33700,0
glance2026-27.pdf,93,NN,412-10-23-10,NAKARPURA SALAIKAL MEMPATTU THITTAM (2025-26),2024-2025|2025-2026|2025-2026|2026-2027,,0,39470,0
glance2026-27.pdf,93,NN,412-20-03-00,MAYOR SPECIAL DEVELOPMENT FUND WORKS,2024-2025|2025-2026|2025-2026|2026-2027,,2000,6000,2500
glance2026-27.pdf,94,NN,412-20-04-00,COUNCILLOR WARD IMPROVEMENT WORKS,2024-2025|2025-2026|2025-2026|2026-2027,41537,65000,78000,78000
glance2026-27.pdf,94,NN,412-40-02-00,PARKS AND GARDENS,2024-2025|2025-2026|2025-2026|2026-2027,,0,8000,0
glance2026-27.pdf,94,NN,412-40-08-02,BLACK TOPPED - INTERIOR ROADS,2024-2025|2025-2026|2025-2026|2026-2027,13409,0,0,0
glance2026-27.pdf,94,NN,412-40-30-00,MISCELLANEOUS WORKS,2024-2025|2025-2026|2025-2026|2026-2027,9717,15000,15000,15000
glance2026-27.pdf,94,NN,412-40-30-09,SPECIAL FUND ROAD WORKS (TNUIFSL),2024-2025|2025-2026|2025-2026|2026-2027,,0,5700,0
glance2026-27.pdf,94,NN,412-40-30-10,SPECIAL FUND ROAD WORKS (TUFIDCO),2024-2025|2025-2026|2025-2026|2026-2027,,0,113000,0
glance2026-27.pdf,94,NN,412-40-30-11,SPECIAL FUND ROAD WORKS (GCC),2024-2025|2025-2026|2025-2026|2026-2027,,0,10100,0
glance2026-27.pdf,95,NP,410-40-14-00,DEWATERING PUMPS,2024-2025|2025-2026|2025-2026|2026-2027,,100,100,100
glance2026-27.pdf,95,NP,410-40-15-00,GENERATORS,2024-2025|2025-2026|2025-2026|2026-2027,,100,100,100
glance2026-27.pdf,95,NP,410-40-22-00,PLASTIC SHREDDING MACHINE,2024-2025|2025-2026|2025-2026|2026-2027,,100,100,100
glance2026-27.pdf,95,NP,410-40-23-02,AMMA UNAVAGAM EQUIPMENTS,2024-2025|2025-2026|2025-2026|2026-2027,4200,100,100,100
glance2026-27.pdf,95,NP,410-70-01-00,CHAIR,2024-2025|2025-2026|2025-2026|2026-2027,29,100,100,100
glance2026-27.pdf,95,NP,410-70-02-00,TABLE,2024-2025|2025-2026|2025-2026|2026-2027,8,100,100,100
glance2026-27.pdf,95,NP,410-70-03-00,BUREAUS &amp; RACKS,2024-2025|2025-2026|2025-2026|2026-2027,56,100,100,100
glance2026-27.pdf,95,NP,410-80-00-00,OTHER FIXED ASSETS,2024-2025|2025-2026|2025-2026|2026-2027,,100,100,100
glance2026-27.pdf,95,NP,412-10-08-10,TURIF (2022-23),2024-2025|2025-2026|2025-2026|2026-2027,781,0,2500,0
glance2026-27.pdf,95,NP,412-10-08-11,TURIF (2023-24),2024-2025|2025-2026|2025-2026|2026-2027,20040,0,8500,0
glance2026-27.pdf,95,NP,412-10-08-12,TURIF (2024-25),2024-2025|2025-2026|2025-2026|2026-2027,36365,16110,16110,0
glance2026-27.pdf,95,NP,412-10-08-13,TURIF (2025-26),2024-2025|2025-2026|2025-2026|2026-2027,,0,172758,0
glance2026-27.pdf,96,NP,412-10-15-01,URBAN HEALTH WELLNESS CENTRES,2024-2025|2025-2026|2025-2026|2026-2027,6127,0,0,0
glance2026-27.pdf,96,NP,412-10-23-00,SINGARA CHENNAI 2.0,2024-2025|2025-2026|2025-2026|2026-2027,11351,0,1200,0
glance2026-27.pdf,96,NP,412-10-23-03,NAKARPURA SALAIKAL MEMPATTU THITTAM (2023-24),2024-2025|2025-2026|2025-2026|2026-2027,113289,0,35010,0
glance2026-27.pdf,96,NP,412-10-23-04,STATE FINANCE COMMISSION (2022-23),2024-2025|2025-2026|2025-2026|2026-2027,18948,0,13000,0
glance2026-27.pdf,96,NP,412-10-23-05,STATE FINANCE COMMISSION (2023-24),2024-2025|2025-2026|2025-2026|2026-2027,98159,20470,20470,0
glance2026-27.pdf,96,NP,412-10-23-06,STATE FINANCE COMMISSION (2024-25),2024-2025|2025-2026|2025-2026|2026-2027,63593,16840,16840,0
glance2026-27.pdf,96,NP,412-10-23-07,NAKARPURA SALAIKAL MEMPATTU THITTAM (2024-25),2024-2025|2025-2026|2025-2026|2026-2027,44991,0,7500,0
glance2026-27.pdf,96,NP,412-10-23-10,NAKARPURA SALAIKAL MEMPATTU THITTAM (2025-26),2024-2025|2025-2026|2025-2026|2026-2027,,0,96269,0
glance2026-27.pdf,96,NP,412-20-03-00,MAYOR SPECIAL DEVELOPMENT FUND WORKS,2024-2025|2025-2026|2025-2026|2026-2027,,2000,0,2500
glance2026-27.pdf,96,NP,412-20-04-00,COUNCILLOR WARD IMPROVEMENT WORKS,2024-2025|2025-2026|2025-2026|2026-2027,32729,55000,66000,66000
glance2026-27.pdf,96,NP,412-40-08-02,BLACK TOPPED - INTERIOR ROADS,2024-2025|2025-2026|2025-2026|2026-2027,4308,0,21791,0
glance2026-27.pdf,96,NP,412-40-11-00,STORM WATER DRAIN,2024-2025|2025-2026|2025-2026|2026-2027,948,0,0,0
glance2026-27.pdf,97,NP,412-40-30-00,MISCELLANEOUS WORKS,2024-2025|2025-2026|2025-2026|2026-2027,9369,10000,10000,10000
glance2026-27.pdf,97,NP,412-40-30-09,SPECIAL FUND ROAD WORKS (TNUIFSL),2024-2025|2025-2026|2025-2026|2026-2027,,0,117300,0
glance2026-27.pdf,97,NP,412-40-30-11,SPECIAL FUND ROAD WORKS (GCC),2024-2025|2025-2026|2025-2026|2026-2027,,0,34300,0
glance2026-27.pdf,98,NQ,410-40-14-00,DEWATERING PUMPS,2024-2025|2025-2026|2025-2026|2026-2027,,100,100,100
glance2026-27.pdf,98,NQ,410-40-15-00,GENERATORS,2024-2025|2025-2026|2025-2026|2026-2027,,100,100,100
glance2026-27.pdf,98,NQ,410-40-22-00,PLASTIC SHREDDING MACHINE,2024-2025|2025-2026|2025-2026|2026-2027,,100,100,100
glance2026-27.pdf,98,NQ,410-40-23-02,AMMA UNAVAGAM EQUIPMENTS,2024-2025|2025-2026|2025-2026|2026-2027,,100,100,100
glance2026-27.pdf,98,NQ,410-40-23-08,CMBFS PURCHASE,2024-2025|2025-2026|2025-2026|2026-2027,1677,100,400,100
glance2026-27.pdf,98,NQ,410-70-01-00,CHAIR,2024-2025|2025-2026|2025-2026|2026-2027,,100,100,100
glance2026-27.pdf,98,NQ,410-70-02-00,TABLE,2024-2025|2025-2026|2025-2026|2026-2027,,100,100,100
glance2026-27.pdf,98,NQ,410-70-03-00,BUREAUS &amp; RACKS,2024-2025|2025-2026|2025-2026|2026-2027,,100,100,100
glance2026-27.pdf,98,NQ,410-80-00-00,OTHER FIXED ASSETS,2024-2025|2025-2026|2025-2026|2026-2027,361,500,100,100
glance2026-27.pdf,98,NQ,412-10-08-10,TURIF (2022-23),2024-2025|2025-2026|2025-2026|2026-2027,2083,0,2000,0
glance2026-27.pdf,98,NQ,412-10-08-11,TURIF (2023-24),2024-2025|2025-2026|2025-2026|2026-2027,33172,0,5520,0
glance2026-27.pdf,99,NQ,412-10-08-12,TURIF (2024-25),2024-2025|2025-2026|2025-2026|2026-2027,30941,29360,20000,9430
glance2026-27.pdf,99,NQ,412-10-08-13,TURIF (2025-26),2024-2025|2025-2026|2025-2026|2026-2027,,0,111300,55000
glance2026-27.pdf,99,NQ,412-10-15-01,URBAN HEALTH WELLNESS CENTRES,2024-2025|2025-2026|2025-2026|2026-2027,7964,0,0,0
glance2026-27.pdf,99,NQ,412-10-16-04,CMCDM (2020-21),2024-2025|2025-2026|2025-2026|2026-2027,350,0,0,0
glance2026-27.pdf,99,NQ,412-10-17-03,SBM 2.0-COMMUNITY TOILETS/URINALS,2024-2025|2025-2026|2025-2026|2026-2027,2216,0,0,0
glance2026-27.pdf,99,NQ,412-10-23-00,SINGARA CHENNAI 2.0,2024-2025|2025-2026|2025-2026|2026-2027,682,0,0,0
glance2026-27.pdf,99,NQ,412-10-23-01,NAKARPURA SALAIKAL MEMPATTU THITTAM (2022-23),2024-2025|2025-2026|2025-2026|2026-2027,50959,0,8500,0
glance2026-27.pdf,99,NQ,412-10-23-03,NAKARPURA SALAIKAL MEMPATTU THITTAM (2023-24),2024-2025|2025-2026|2025-2026|2026-2027,142350,20000,20000,15000
glance2026-27.pdf,99,NQ,412-10-23-04,STATE FINANCE COMMISSION (2022-23),2024-2025|2025-2026|2025-2026|2026-2027,55082,0,20000,15470
glance2026-27.pdf,99,NQ,412-10-23-05,STATE FINANCE COMMISSION (2023-24),2024-2025|2025-2026|2025-2026|2026-2027,197351,0,40000,23200
glance2026-27.pdf,99,NQ,412-10-23-07,NAKARPURA SALAIKAL MEMPATTU THITTAM (2024-25),2024-2025|2025-2026|2025-2026|2026-2027,20798,34800,46000,0
glance2026-27.pdf,99,NQ,412-10-23-10,NAKARPURA SALAIKAL MEMPATTU THITTAM (2025-26),2024-2025|2025-2026|2025-2026|2026-2027,,0,23397,0
glance2026-27.pdf,100,NQ,412-20-03-00,MAYOR SPECIAL DEVELOPMENT FUND WORKS,2024-2025|2025-2026|2025-2026|2026-2027,3945,2000,5370,5000
glance2026-27.pdf,100,NQ,412-20-04-00,COUNCILLOR WARD IMPROVEMENT WORKS,2024-2025|2025-2026|2025-2026|2026-2027,27624,45000,54000,54000
glance2026-27.pdf,100,NQ,412-40-05-04,WARD OFFICE BUILDINGS,2024-2025|2025-2026|2025-2026|2026-2027,5633,6500,6730,0
glance2026-27.pdf,100,NQ,412-40-06-04,PUBLIC CONVENIENCE,2024-2025|2025-2026|2025-2026|2026-2027,,2000,0,5000
glance2026-27.pdf,100,NQ,412-40-06-08,GYM BUILDING,2024-2025|2025-2026|2025-2026|2026-2027,,5000,0,5000
glance2026-27.pdf,100,NQ,412-40-06-09,BURIAL GROUND,2024-2025|2025-2026|2025-2026|2026-2027,,500,2200,5000
glance2026-27.pdf,100,NQ,412-40-07-02,CONCRETE ROADS,2024-2025|2025-2026|2025-2026|2026-2027,823,1000,5000,10000
glance2026-27.pdf,100,NQ,412-40-08-02,BLACK TOPPED - INTERIOR ROADS,2024-2025|2025-2026|2025-2026|2026-2027,15962,3000,45341,150000
glance2026-27.pdf,100,NQ,412-40-11-00,STORM WATER DRAIN,2024-2025|2025-2026|2025-2026|2026-2027,414,2000,2000,5000
glance2026-27.pdf,100,NQ,412-40-30-00,MISCELLANEOUS WORKS,2024-2025|2025-2026|2025-2026|2026-2027,1862,15000,30000,30000
glance2026-27.pdf,100,NQ,412-40-30-09,SPECIAL FUND ROAD WORKS (TNUIFSL),2024-2025|2025-2026|2025-2026|2026-2027,,0,40000,50000
glance2026-27.pdf,100,NQ,412-40-30-11,SPECIAL FUND ROAD WORKS (GCC),2024-2025|2025-2026|2025-2026|2026-2027,,0,40000,16600
